pipeline,modelo,nome_remedio,nivel,pergunta,dificuldade,resposta_esperada,secoes_esperadas,resposta_gerada,resposta_crua,secoes_recuperadas,chunk_ids_recuperados,textos_recuperados,tempo_recuperacao_segundos,tempo_inferencia_segundos
agentic_rag,ollama:gemma4:e4b,AMOXIL,dificil,"Em um paciente que usa varfarina e apresenta insuficiência renal moderada, quais cuidados a bula orienta quanto ao anticoagulante e como a posologia de Amoxil deve ser ajustada? Explique a relação entre eliminação renal e necessidade de ajuste.",dificil,"A bula orienta informar o médico sobre o uso de anticoagulantes como varfarina; o médico fará monitoramento e, se necessário, poderá ajustar a dose dos anticoagulantes. Em insuficiência renal moderada, a dose máxima para adultos e crianças acima de 40 kg é 500 mg duas vezes ao dia, de 12 em 12 horas, porque na insuficiência renal a eliminação do antibiótico é mais lenta e a dose diária total pode precisar ser reduzida.",O QUE DEVO SABER ANTES DE USAR ESTE MEDICAMENTO? / COMO DEVO USAR ESTE MEDICAMENTO?,"De acordo com a bula do medicamento AMOXIL, consta a seguinte informação:

**Cuidados com Anticoagulantes e Insuficiência Renal:**

1.  **Anticoagulantes (Varfarina):** É fundamental que o paciente informe ao médico se está tomando medicamentos usados para prevenir coágulos sanguíneos, como varfarina. Nesses casos, o médico fará um monitoramento e poderá sugerir ajustes na dose dos anticoagulantes.
2.  **Ajuste de Posologia (Insuficiência Renal Moderada):** Para pacientes com insuficiência renal moderada, a posologia máxima indicada é de 500 mg duas vezes ao dia (de 12 em 12 horas).
3.  **Relação entre Eliminação e Ajuste:** A bula explica que na insuficiência renal, a eliminação do antibiótico é mais lenta. Por causa disso, o médico pode indicar uma redução da dose diária total de Amoxil conforme o grau dessa condição.

*Lembre-se sempre de seguir as orientações médicas sobre os horários, doses e duração do tratamento.*

---
*Esta resposta se baseia apenas nos trechos da bula recuperados e não substitui orientação médica ou farmacêutica. É recomendável consultar um profissional de saúde para orientação individualizada.*","De acordo com a bula do medicamento AMOXIL, consta a seguinte informação:

**Cuidados com Anticoagulantes e Insuficiência Renal:**

1.  **Anticoagulantes (Varfarina):** É fundamental que o paciente informe ao médico se está tomando medicamentos usados para prevenir coágulos sanguíneos, como varfarina. Nesses casos, o médico fará um monitoramento e poderá sugerir ajustes na dose dos anticoagulantes.
2.  **Ajuste de Posologia (Insuficiência Renal Moderada):** Para pacientes com insuficiência renal moderada, a posologia máxima indicada é de 500 mg duas vezes ao dia (de 12 em 12 horas).
3.  **Relação entre Eliminação e Ajuste:** A bula explica que na insuficiência renal, a eliminação do antibiótico é mais lenta. Por causa disso, o médico pode indicar uma redução da dose diária total de Amoxil conforme o grau dessa condição.

*Lembre-se sempre de seguir as orientações médicas sobre os horários, doses e duração do tratamento.*","O QUE DEVO SABER ANTES DE USAR ESTE MEDICAMENTO?, COMO DEVO USAR ESTE MEDICAMENTO?",,"[""  \n \nModelo de Texto de Bula – Pacientes \nAmoxil® Cápsulas \n \n4 \n \n \nPacientes que recebem diálise peritoneal  \nUsa-se a mesma posologia indicada para pacientes com insuficiência renal grave. A diálise peritoneal (processo de \nlimpeza das substâncias tóxicas do organismo através do peritônio, membrana que envolve o abdômen) não remove a \namoxicilina do corpo.  \n \nPacientes que recebem hemodiálise  \nUsa-se a mesma posologia indicada para pacientes com insuficiência renal grave.  \nA amoxicilina é removida do sangue por hemodiálise (processo que substitui os rins na filtragem sanguínea). Portanto, \numa dose adicional (500 mg para adultos  e crianças acima de 40kg ou 15 mg/kg para crianças abaixo de 40 kg) pode ser \nadministrada durante e no final de cada diálise.  \nSeu médico poderá indicar tratamento por via parenteral (feito com aplicação de injeções intravenosas, intramusculares \nou subcutâneas) nos casos em que a via oral for considerada inadequada (particularmente nos tratamentos urgentes de \ninfecções graves).  \nConforme o grau de insuficiência renal, talvez seu médico ache necessário reduzir a dose diária total.  \n \nSiga a orientação de seu médico, respeitando sempre os horários, as doses e a duração do tratamento.   \nNão interrompa o tratamento sem o conhecimento de seu médico.  \nEste medicamento não deve ser partido ou mastigado.  \n \n7. "", ""## **Pacientes que recebem hemodiálise** \n\nUsa-se a mesma posologia indicada para pacientes com insuficiência renal grave. \n\nA amoxicilina é removida do sangue por hemodiálise (processo que substitui os rins na filtragem sanguínea). Portanto, uma dose adicional (500 mg para adultos e crianças acima de 40kg ou 15 mg/kg para crianças abaixo de 40 kg) pode ser administrada durante e no final de cada diálise. \n\nSeu médico poderá indicar tratamento por via parenteral (feito com aplicação de injeções intravenosas, intramusculares ou subcutâneas) nos casos em que a via oral for considerada inadequada (particularmente nos tratamentos urgentes de infecções graves). \n\nConforme o grau de insuficiência renal, talvez seu médico ache necessário reduzir a dose diária total. \n\n**Siga a orientação de seu médico, respeitando sempre os horários, as doses e a duração do tratamento. Não interrompa o tratamento sem o conhecimento de seu médico. Este medicamento não deve ser partido ou mastigado.** \n\n## **"", ""## **Pacientes que recebem hemodiálise** \n\nUsa-se a mesma posologia indicada para pacientes com insuficiência renal grave. \n\nA amoxicilina é removida do sangue por hemodiálise (processo que substitui os rins na filtragem sanguínea). Portanto, uma dose adicional (500 mg para adultos e crianças acima de 40kg ou 15 mg/kg para crianças abaixo de 40 kg) pode ser administrada durante e no final de cada diálise. \n\nSeu médico poderá indicar tratamento por via parenteral (feito com aplicação de injeções intravenosas, intramusculares ou subcutâneas) nos casos em que a via oral for considerada inadequada (particularmente nos tratamentos urgentes de infecções graves). \n\nConforme o grau de insuficiência renal, talvez seu médico ache necessário reduzir a dose diária total. \n\n**Siga a orientação de seu médico, respeitando sempre os horários, as doses e a duração do tratamento. Não interrompa o tratamento sem o conhecimento de seu médico. Este medicamento não deve ser partido ou mastigado.** \n\n## **"", ""Modelo de Texto de Bula – Pacientes \nAmoxil® Pó para suspensão oral \n \n5 \n \nSiga a orientação de seu médico, respeitando sempre os horários, as doses e a duração do tratamento.  \nNão interrompa o tratamento sem o conhecimento de seu médico.  \n \n7."", ""## **- Tratamento de curta duração (gonorreia): dose única de 3 g.** \n\n**Erradicação de** _**Helicobacter pylori:**_ para combater o _Helicobacter_ (bactéria que ataca o estômago e o duodeno), recomenda-se o uso de Amoxil[®] no esquema de 1 g duas vezes ao dia (de 12 em 12 horas), em associação com um medicamento conhecido como inibidor da bomba de prótons (exemplo: omeprazol, lanzoprazol) e outro agente antimicrobiano (por exemplo claritromicina, metronidazol), por 7 dias. \n\n## **Pacientes com insuficiência renal (dos rins)** \n\nNa insuficiência renal, a eliminação do antibiótico é mais lenta. Conforme o grau dessa condição, seu médico pode indicar a redução da dose diária total de acordo com o esquema descrito a seguir. \n\nAdultos e crianças acima de 40 kg \n\n- insuficiência leve: nenhuma alteração de dose; \n\n- insuficiência moderada: máximo de 500 mg (uma cápsula) duas vezes ao dia (de 12 em 12 horas); \n\n- insuficiência grave: máximo de 500 mg (uma cápsula) ao dia. \n\n3 \n\n**==> picture [87 x 28] intentionally omitted <==**\n\n## Modelo de Texto de Bula – Pacientes Amoxil[®] Cápsulas \n\n## **Pacientes que recebem diálise peritoneal** \n\nUsa-se a mesma posologia indicada para pacientes com insuficiência renal grave. A diálise peritoneal (processo de limpeza das substâncias tóxicas do organismo através do peritônio, membrana que envolve o abdômen) não remove a amoxicilina do corpo. \n\n## **Pacientes que recebem hemodiálise** \n\nUsa-se a mesma posologia indicada para pacientes com insuficiência renal grave."", ""## **- Tratamento de curta duração (gonorreia): dose única de 3 g.** \n\n**Erradicação de** _**Helicobacter pylori:**_ para combater o _Helicobacter_ (bactéria que ataca o estômago e o duodeno), recomenda-se o uso de Amoxil[®] no esquema de 1 g duas vezes ao dia (de 12 em 12 horas), em associação com um medicamento conhecido como inibidor da bomba de prótons (exemplo: omeprazol, lanzoprazol) e outro agente antimicrobiano (por exemplo claritromicina, metronidazol), por 7 dias. \n\n## **Pacientes com insuficiência renal (dos rins)** \n\nNa insuficiência renal, a eliminação do antibiótico é mais lenta. Conforme o grau dessa condição, seu médico pode indicar a redução da dose diária total de acordo com o esquema descrito a seguir. \n\nAdultos e crianças acima de 40 kg \n\n- insuficiência leve: nenhuma alteração de dose; \n\n- insuficiência moderada: máximo de 500 mg (uma cápsula) duas vezes ao dia (de 12 em 12 horas); \n\n- insuficiência grave: máximo de 500 mg (uma cápsula) ao dia. \n\n3 \n\n**==> picture [87 x 28] intentionally omitted <==**\n\n## Modelo de Texto de Bula – Pacientes Amoxil[®] Cápsulas \n\n## **Pacientes que recebem diálise peritoneal** \n\nUsa-se a mesma posologia indicada para pacientes com insuficiência renal grave. A diálise peritoneal (processo de limpeza das substâncias tóxicas do organismo através do peritônio, membrana que envolve o abdômen) não remove a amoxicilina do corpo. \n\n## **Pacientes que recebem hemodiálise** \n\nUsa-se a mesma posologia indicada para pacientes com insuficiência renal grave."", ""  \n \nModelo de Texto de Bula – Pacientes \nAmoxil® Cápsulas \n \n2 \n \nO uso prolongado também pode resultar, ocasionalmente, em supercrescimento de microrganismos resistentes a \nAmoxil®. \n \nAmoxil® pode piorar algumas condições existentes ou causar efeitos colaterais graves, como reações alérgicas severas, \nreações cutâneas severas, dor no peito, vômitos repetitivos dentro de 1 a 4 horas após a administração de Amoxil® ou \ndiarreia grave (colite pseudomembranosa). Você deve estar atento a determinados sintomas enquanto estiver recebendo \nAmoxil® para ajudar a reduzir o risco de quaisquer problemas. \n \nEfeitos sobre a capacidade de dirigir veículos e de operar máquinas  \nNão se observaram efeitos adversos sobre a capacidade de dirigir veículos e de operar máquinas.  \n \nGravidez e amamentação  \nAmoxil® pode ser usado na gravidez desde que os benefícios potenciais sejam maiores que os riscos potenciais \nassociados ao tratamento. Informe seu médico se você estiver grávida ou suspeitar que está grávida. Você não deve \ntomar este medicamento se estiver grávida, exceto se seu médico recomendar.  \nVocê pode amamentar seu bebê enquanto estiver tomando Amoxil®, mas há excreção de quantidades mínimas de \namoxicilina no leite materno. Se você estiver amamentando, informe ao seu médico antes de iniciar o tratamento com \nAmoxil®.  \n \nEste medicamento não deve ser utilizado por mulheres grávidas sem orientação médica ou do cirurgião-dentista.  \n \nUso compatível com o aleitamento ou doação de leite humano. O uso desse medicamento não interfere no \naleitamento do bebê. \n \nUso em idosos, crianças e outros grupos de risco  \nAs recomendações especiais se referem às doses (ver Posologia, em Como Devo Usar Este Medicamento?).  \n \nInterações Medicamentosas  \nAlguns medicamentos podem causar efeitos indesejáveis se você os ingerir durante o tratamento com Amoxil®. Não \ndeixe de avisar seu médico caso você esteja tomando:  \n- medicamentos usados no tratamento de gota (probenecida ou alopurinol);  \n- outros antibióticos;  \n- pílulas anticoncepcionais (como acontece com outros antibióticos, talvez sejam necessárias precauções adicionais para \nevitar a gravidez);  \n- anticoagulantes; \n- metotrexato (usado para tratar doenças como câncer e psoríase grave).   \nA alimentação não interfere na ação de Amoxil®, que pode ser ingerido nas refeições.  \n \nInforme ao seu médico ou cirurgião-dentista se você está fazendo uso de algum outro medicamento.  \nNão use medicamento sem o conhecimento do seu médico. Pode ser perigoso para a sua saúde.   \n \nAtenção: Contém os corantes vermelho de eritrosina, azul de indigotina, dióxido de titânio  e óxido de ferro \namarelo que podem, eventualmente, causar reações alérgicas. \n \nÉ importante utilizar este medicamento durante todo o tempo prescrito pelo profissional de saúde habilitado, \nmesmo que os sinais e sintomas da infecção tenham desaparecido, pois isso não significa a cura. A interrupção do \ntratamento pode contribuir para o aparecimento de infecções mais graves.   \n \n5. "", ""O QUE DEVO SABER ANTES DE USAR ESTE MEDICAMENTO?  \nAntes de iniciar o tratamento com Amoxil, informe seu médico: \n- se você já apresentou reação alérgica a algum antibiótico. Isso pode incluir reações na pele ou inchaço na face ou \npescoço ou dores no peito. \n- se você apresenta febre glandular. \n- se você toma medicamentos usados para prevenir coágulos sanguíneos (anticoagulantes), tais como varfarina, o seu \nmédico fará um monitoramento e, se necessário, poderá sugerir ajustes na dose dos anticoagulantes. \n- se você apresenta problema nos rins. \n- se você não estiver urinando regularmente. \n- se você já teve diarreia durante ou após o uso de antibióticos."", ""  \n \nModelo de Texto de Bula – Pacientes \nAmoxil® Pó para suspensão oral \n \n4 \n \nPosologia  \n \nDose para adultos e crianças acima de 40 kg  \nDose padrão: 250 mg três vezes ao dia (de 8 em 8 horas), podendo ser aumentada para 500 mg três vezes ao dia (de 8 em \n8 horas) nas infecções mais graves.  \n \nTratamento com dosagem alta (máximo recomendável de 6 g ao dia em doses divididas)   \nRecomenda-se uma dose de 3g duas vezes ao dia (de 12 em 12 horas) nos casos que requerem tratamento de infecção \nrespiratória purulenta (com a presença de pus) grave ou recorrente.  \n \nTratamento de curta duração  \nGonorreia: dose única de 3 g. \n \nErradicação de Helicobacter pylori em úlcera péptica (no duodeno ou no estômago)  \nPara combater o Helicobacter (bactéria que ataca o estômago e o duodeno), recomenda -se o uso de Amoxil® no \nesquema de 750 mg a 1 g duas vezes ao dia, em associação com um inibidor da bomba de prótons (exemplo: omeprazol , \nlanzoprazol) e outro agente antimicrobiano (por exemplo claritromicina, metronidazol), por 7 dias.  \n \nDose para crianças abaixo de 40 kg  \nDose padrão para crianças: 20 a 50 mg/kg/dia em doses divididas (de 8 em 8 horas), até um máximo de 150 mg/kg/dia \nem doses divididas. \n \nPacientes com insuficiência renal (dos rins)  \nNa insuficiência renal, a eliminação do antibiótico é mais lenta. Conforme o grau dessa condição, seu médico pode \nindicar a redução da dose diária total de acordo com o esquema descrito a seguir.  \n \nAdultos e crianças acima de 40 kg  \n- insuficiência leve: nenhuma alteração de dose;  \n- insuficiência moderada: máximo de 500 mg duas vezes ao dia (de 12 em 12 horas);  \n- insuficiência grave: máximo de 500 mg uma vez ao dia.  \n \nCrianças abaixo de 40 kg  \n- insuficiência leve: nenhuma alteração de dose;  \n- insuficiência moderada: 15 mg/kg duas vezes ao dia (de 12/12 horas); (no máximo de 500mg duas vezes ao dia);  \n- insuficiência grave: 15 mg/kg uma vez ao dia. (no máximo de 500mg). \n \nPacientes que recebem diálise peritoneal  \nUsa-se a mesma posologia indicada para pacientes com insuficiência renal grave. A diálise peritoneal (processo de \nlimpeza das substâncias tóxicas do organismo através do peritônio, membrana que envolve o abdômen) não remove a \namoxicilina do corpo.  \n \nPacientes que recebem hemodiálise  \nUsa-se a mesma posologia indicada para pacientes com insuficiência renal grave.  \nA amoxicilina é removida do sangue por hemodiálise (processo que substitui os rins na filtragem sanguínea). Portanto, \numa dose adicional (500 mg para adultos  e crianças acima de 40kg ou 15 mg/kg para crianças abaixo de 40 kg) pode ser \nadministrada durante e no final de cada diálise.  \nSeu médico poderá indicar tratamento por via parenteral (feito com aplicação de injeções intravenosas, intramusculares \nou subcutâneas) nos casos em que a via oral for considerada inadequada (particularmente nos tratamentos urgentes de \ninfecções graves).  \nConforme o grau de insuficiência renal, talvez seu médico ache necessário reduzir a dose diária total.  \n "", ""COMO DEVO USAR ESTE MEDICAMENTO?  \nModo de usar  \nSiga as orientações de seu médico sobre a maneira e a hora correta de tomar o medicamento. Ele vai decidir a \nquantidade diária que você precisa e o tempo durante o qual você deve usar este medicamento.  \nLeia esta bula com cautela. Se você tiver alguma dúvida, fale com seu médico.  \nRecomenda-se ingerir o medicamento nas refeições, embora ele continue eficaz mesmo que você o tome em outros \nhorários.  \nContinue tomando este medicamento até o fim do tratamento prescrito pelo médico. Não pare somente porque se sente \nmelhor.  \nAs cápsulas devem ser ingeridas inteiras com água. Não as mastigue.   \n \nPosologia  \nAtenção! Para algumas doses indicadas abaixo (doses inferiores a 500 mg) é necessário o uso da suspensão oral, \nconverse com seu médico ou farmacêutico em caso de dúvida. \n \nDose para adultos e crianças acima de 40 kg  \n- Dose padrão: 500 mg (uma cápsula) três vezes ao dia (de 8 em 8 horas) nas infecções mais graves.  \n \n- Tratamento com dosagem alta (máximo recomendável de 6 g ao dia em doses divididas) : recomenda-se uma dose de 3 \ng (seis cápsulas) duas vezes ao dia (de 12 em 12 horas) em casos que requerem tratamento de infecção respiratória \npurulenta (com a presença de pus) grave ou recorrente.  \n \n- Tratamento de curta duração (gonorreia): dose única de 3 g.  \n \nErradicação de Helicobacter pylori: para combater o Helicobacter (bactéria que ataca o estômago e o duodeno), \nrecomenda-se o uso de Amoxil® no esquema de 1 g duas vezes ao dia (de 12 em 12 horas), em associação com um \nmedicamento conhecido como inibidor da bomba de prótons (exemplo: omeprazol , lanzoprazol ) e outro agente \nantimicrobiano (por exemplo claritromicina, metronidazol), por 7 dias.  \n \nPacientes com insuficiência renal (dos rins)  \nNa insuficiência renal, a eliminação do antibiótico é mais lenta. Conforme o grau dessa condição, seu médico pode \nindicar a redução da dose diária total de acordo com o esquema descrito a seguir.  \n \nAdultos e crianças acima de 40 kg  \n- insuficiência leve: nenhuma alteração de dose;  \n- insuficiência moderada: máximo de 500 mg (uma cápsula) duas vezes ao dia (de 12 em 12 horas);  \n- insuficiência grave: máximo de 500 mg (uma cápsula) ao dia.  "", ""6. COMO DEVO USAR ESTE MEDICAMENTO?** \n\n## **Modo de usar** \n\nSiga as orientações de seu médico sobre a maneira e a hora correta de tomar o medicamento. Ele vai decidir a quantidade diária que você precisa e o tempo durante o qual você deve usar este medicamento. Leia esta bula com cautela. Se você tiver alguma dúvida, fale com seu médico. \n\nRecomenda-se ingerir o medicamento nas refeições, embora ele continue eficaz mesmo que você o tome em outros horários. \n\nContinue tomando este medicamento até o fim do tratamento prescrito pelo médico. Não pare somente porque se sente melhor. \n\n**As cápsulas devem ser ingeridas inteiras com água. Não as mastigue.** \n\n## **Posologia** \n\nAtenção! Para algumas doses indicadas abaixo (doses inferiores a 500 mg) é necessário o uso da suspensão oral, converse com seu médico ou farmacêutico em caso de dúvida. \n\n## **Dose para adultos e crianças acima de 40 kg** \n\n- Dose padrão: 500 mg (uma cápsula) três vezes ao dia (de 8 em 8 horas) nas infecções mais graves. \n\n- Tratamento com dosagem alta (máximo recomendável de 6 g ao dia em doses divididas): recomenda-se uma dose de 3 g (seis cápsulas) duas vezes ao dia (de 12 em 12 horas) em casos que requerem tratamento de infecção respiratória purulenta (com a presença de pus) grave ou recorrente. \n\n## **- Tratamento de curta duração (gonorreia): dose única de 3 g.**"", ""6. COMO DEVO USAR ESTE MEDICAMENTO?** \n\n## **Modo de usar** \n\nSiga as orientações de seu médico sobre a maneira e a hora correta de tomar o medicamento. Ele vai decidir a quantidade diária que você precisa e o tempo durante o qual você deve usar este medicamento. Leia esta bula com cautela. Se você tiver alguma dúvida, fale com seu médico. \n\nRecomenda-se ingerir o medicamento nas refeições, embora ele continue eficaz mesmo que você o tome em outros horários. \n\nContinue tomando este medicamento até o fim do tratamento prescrito pelo médico. Não pare somente porque se sente melhor. \n\n**As cápsulas devem ser ingeridas inteiras com água. Não as mastigue.** \n\n## **Posologia** \n\nAtenção! Para algumas doses indicadas abaixo (doses inferiores a 500 mg) é necessário o uso da suspensão oral, converse com seu médico ou farmacêutico em caso de dúvida. \n\n## **Dose para adultos e crianças acima de 40 kg** \n\n- Dose padrão: 500 mg (uma cápsula) três vezes ao dia (de 8 em 8 horas) nas infecções mais graves. \n\n- Tratamento com dosagem alta (máximo recomendável de 6 g ao dia em doses divididas): recomenda-se uma dose de 3 g (seis cápsulas) duas vezes ao dia (de 12 em 12 horas) em casos que requerem tratamento de infecção respiratória purulenta (com a presença de pus) grave ou recorrente. \n\n## **- Tratamento de curta duração (gonorreia): dose única de 3 g.**"", ""COMO DEVO USAR ESTE MEDICAMENTO?  \nModo de usar  \nSiga as orientações de seu médico sobre a maneira e a hora correta de tomar o medicamento. Ele vai decidir a \nquantidade diária que você precisa e o tempo durante o qual você deve usar o medicamento.  \nLeia esta bula com cautela. Se você tiver alguma dúvida, fale com seu médico.  \nRecomenda-se ingerir o medicamento nas refeições, embora ele continue eficaz mesmo que você o tome em outros \nhorários.  \nContinue tomando este medicamento até o fim do tratamento prescrito pelo médico. Não pare somente porque se sente \nmelhor.  \n \nPreparo da suspensão  \n1. Verifique se o selo está intacto antes do uso do produto \n2. Para soltar o pó que fica no fundo do frasco, agite-o antes de abri-lo. Isso facilitará a reconstituição.  \n3. Ponha água filtrada no frasco até a marca indicada e agite-o bem para misturar totalmente o pó com a água.  \n4. Se a mistura não atingir a marca indicada, espere a espuma baixar e complete (lentamente) com água filtrada. Agite de \nnovo o frasco e espere a espuma baixar até que a solução atinja exatamente a marca indicada.  \nUtilize a colher dosadora para tomar o medicamento.  \nA suspensão oral, após a reconstituição, ficará estável por 14 dias se for conservada em geladeira (entre 2 oC e 8oC). \n \nAgite a suspensão oral antes de usá-la.  "", ""IDENTIFICAÇÃO DO MEDICAMENTO** \n\n**Amoxil**[] \n\namoxicilina \n\n## **APRESENTAÇÕES** \n\nCápsulas de 500 mg em embalagem com 15, 21 ou 30 unidades. \n\n## **USO ORAL** \n\n## **USO ADULTO E PEDIÁTRICO (ACIMA DE 40 KG)** \n\n## **COMPOSIÇÃO** \n\nCada cápsula contém: amoxicilina ................................................................................................................................................................ 500 mg (equivalentes a 575 mg de amoxicilina tri-hidratada) Excipiente[1] q.s.p. .................................................................................................................................................... 1 cápsula \n\n- 1Excipiente: estearato de magnésio. \n\nComposição da cápsula: gelatina, vermelho de eritrosina, azul de indigotina, dióxido de titânio, óxido de ferro amarelo. \n\n## **II) INFORMAÇÕES AO PACIENTE** \n\n## **"", ""IDENTIFICAÇÃO DO MEDICAMENTO** \n\n**Amoxil**[] \n\namoxicilina \n\n## **APRESENTAÇÕES** \n\nCápsulas de 500 mg em embalagem com 15, 21 ou 30 unidades. \n\n## **USO ORAL** \n\n## **USO ADULTO E PEDIÁTRICO (ACIMA DE 40 KG)** \n\n## **COMPOSIÇÃO** \n\nCada cápsula contém: amoxicilina ................................................................................................................................................................ 500 mg (equivalentes a 575 mg de amoxicilina tri-hidratada) Excipiente[1] q.s.p. .................................................................................................................................................... 1 cápsula \n\n- 1Excipiente: estearato de magnésio. \n\nComposição da cápsula: gelatina, vermelho de eritrosina, azul de indigotina, dióxido de titânio, óxido de ferro amarelo. \n\n## **II) INFORMAÇÕES AO PACIENTE** \n\n## **"", ""IDENTIFICAÇÃO DO MEDICAMENTO  \nAmoxil  \namoxicilina  \n \nAPRESENTAÇÕES  \nCápsulas de 500 mg em embalagem com 15, 21 ou 30 unidades.  \n \nUSO ORAL  \nUSO ADULTO E PEDIÁTRICO (ACIMA DE 40 KG) \n \nCOMPOSIÇÃO \nCada cápsula contém:  \namoxicilina ................................................................................................................................................................ 500 mg  \n(equivalentes a 575 mg de amoxicilina tri-hidratada)  \nExcipiente1 q.s.p. .................................................................................................................................................... 1 cápsula \n \n1Excipiente: estearato de magnésio.  \n \nComposição da cápsula: gelatina, vermelho de eritrosina, azul de indigotina, dióxido de titânio, óxido de ferro amarelo .  \n \nII) INFORMAÇÕES AO PACIENTE  \n \n1."", ""IDENTIFICAÇÃO DO MEDICAMENTO   \nAmoxil  \namoxicilina  \n \nAPRESENTAÇÕES  \nAmoxil pó para s uspensão oral é apresentado em  embalagem com frasco de 150 mL (250 mg/5 mL e 500 mg/5 mL) \nacompanhado de colher dosadora.  \n \nUSO ORAL  \nUSO ADULTO E PEDIÁTRICO  \n \nCOMPOSIÇÃO  \n \nCada dose de 5 mL de suspensão oral com 250 mg/5 mL contém:  \namoxicilina...................................................................................................................................................................250mg  \n(equivalentes a 287 mg de amoxicilina tri-hidratada)  \nveículo* q.s.p. .................................................................................................................................................................5 mL  \n \nCada dose de 5 mL de suspensão oral com 500 mg/5 mL contém:  \namoxicilina..................................................................................................................................................................500 mg  \n(equivalentes a 574 mg de amoxicilina tri-hidratada)  \nveículo* q.s.p. .................................................................................................................................................................5 mL  \n*Veículo: crospovidona, goma xantana, carmelose sódica, benzoato de sódio, sílica coloidal, estearato de magnésio, \nsabor de limão-pêssego-morango e aspartamo.  \n \nII) INFORMAÇÕES AO PACIENTE   \n \n1. ""]",35.458,51.945
agentic_rag,ollama:gemma4:e4b,AMOXIL,dificil,"Em pacientes com insuficiência renal grave submetidos a diálise peritoneal ou hemodiálise, como a bula diferencia o manejo posológico de Amoxil e qual é a justificativa relacionada à remoção da amoxicilina?",dificil,"Para diálise peritoneal, usa-se a mesma posologia indicada para insuficiência renal grave, e a bula informa que a diálise peritoneal não remove a amoxicilina do corpo. Para hemodiálise, também se usa a posologia de insuficiência renal grave, mas a amoxicilina é removida do sangue por hemodiálise; por isso, uma dose adicional de 500 mg para adultos e crianças acima de 40 kg, ou 15 mg/kg para crianças abaixo de 40 kg, pode ser administrada durante e ao final de cada diálise.",COMO DEVO USAR ESTE MEDICAMENTO?,"De acordo com a bula do medicamento AMOXIL, consta a seguinte informação: Em pacientes com insuficiência renal grave submetidos à diálise peritoneal ou hemodiálise, o manejo posológico é diferente em relação ao tipo de diálise. Para pacientes que recebem diálise peritoneal, usa-se a mesma posologia indicada para pacientes com insuficiência renal grave, pois este processo não remove a amoxicilina do corpo. Já para pacientes que recebem hemodiálise, utiliza-se a mesma posologia indicada para pacientes com insuficiência renal grave, mas é necessária uma dose adicional (500 mg para adultos e crianças acima de 40kg ou 15 mg/kg para crianças abaixo de 40 kg) administrada durante e no final de cada diálise. A justificativa para o ajuste na hemodiálise é que a amoxicilina é removida do sangue por este processo de filtragem sanguínea.

---
*Esta resposta se baseia apenas nos trechos da bula recuperados e não substitui orientação médica ou farmacêutica. É recomendável consultar um profissional de saúde para orientação individualizada.*","De acordo com a bula do medicamento AMOXIL, consta a seguinte informação: Em pacientes com insuficiência renal grave submetidos à diálise peritoneal ou hemodiálise, o manejo posológico é diferente em relação ao tipo de diálise. Para pacientes que recebem diálise peritoneal, usa-se a mesma posologia indicada para pacientes com insuficiência renal grave, pois este processo não remove a amoxicilina do corpo. Já para pacientes que recebem hemodiálise, utiliza-se a mesma posologia indicada para pacientes com insuficiência renal grave, mas é necessária uma dose adicional (500 mg para adultos e crianças acima de 40kg ou 15 mg/kg para crianças abaixo de 40 kg) administrada durante e no final de cada diálise. A justificativa para o ajuste na hemodiálise é que a amoxicilina é removida do sangue por este processo de filtragem sanguínea.",COMO DEVO USAR ESTE MEDICAMENTO?,,"[""  \n \nModelo de Texto de Bula – Pacientes \nAmoxil® Cápsulas \n \n4 \n \n \nPacientes que recebem diálise peritoneal  \nUsa-se a mesma posologia indicada para pacientes com insuficiência renal grave. A diálise peritoneal (processo de \nlimpeza das substâncias tóxicas do organismo através do peritônio, membrana que envolve o abdômen) não remove a \namoxicilina do corpo.  \n \nPacientes que recebem hemodiálise  \nUsa-se a mesma posologia indicada para pacientes com insuficiência renal grave.  \nA amoxicilina é removida do sangue por hemodiálise (processo que substitui os rins na filtragem sanguínea). Portanto, \numa dose adicional (500 mg para adultos  e crianças acima de 40kg ou 15 mg/kg para crianças abaixo de 40 kg) pode ser \nadministrada durante e no final de cada diálise.  \nSeu médico poderá indicar tratamento por via parenteral (feito com aplicação de injeções intravenosas, intramusculares \nou subcutâneas) nos casos em que a via oral for considerada inadequada (particularmente nos tratamentos urgentes de \ninfecções graves).  \nConforme o grau de insuficiência renal, talvez seu médico ache necessário reduzir a dose diária total.  \n \nSiga a orientação de seu médico, respeitando sempre os horários, as doses e a duração do tratamento.   \nNão interrompa o tratamento sem o conhecimento de seu médico.  \nEste medicamento não deve ser partido ou mastigado.  \n \n7. "", ""## **Pacientes que recebem hemodiálise** \n\nUsa-se a mesma posologia indicada para pacientes com insuficiência renal grave. \n\nA amoxicilina é removida do sangue por hemodiálise (processo que substitui os rins na filtragem sanguínea). Portanto, uma dose adicional (500 mg para adultos e crianças acima de 40kg ou 15 mg/kg para crianças abaixo de 40 kg) pode ser administrada durante e no final de cada diálise. \n\nSeu médico poderá indicar tratamento por via parenteral (feito com aplicação de injeções intravenosas, intramusculares ou subcutâneas) nos casos em que a via oral for considerada inadequada (particularmente nos tratamentos urgentes de infecções graves). \n\nConforme o grau de insuficiência renal, talvez seu médico ache necessário reduzir a dose diária total. \n\n**Siga a orientação de seu médico, respeitando sempre os horários, as doses e a duração do tratamento. Não interrompa o tratamento sem o conhecimento de seu médico. Este medicamento não deve ser partido ou mastigado.** \n\n## **"", ""## **Pacientes que recebem hemodiálise** \n\nUsa-se a mesma posologia indicada para pacientes com insuficiência renal grave. \n\nA amoxicilina é removida do sangue por hemodiálise (processo que substitui os rins na filtragem sanguínea). Portanto, uma dose adicional (500 mg para adultos e crianças acima de 40kg ou 15 mg/kg para crianças abaixo de 40 kg) pode ser administrada durante e no final de cada diálise. \n\nSeu médico poderá indicar tratamento por via parenteral (feito com aplicação de injeções intravenosas, intramusculares ou subcutâneas) nos casos em que a via oral for considerada inadequada (particularmente nos tratamentos urgentes de infecções graves). \n\nConforme o grau de insuficiência renal, talvez seu médico ache necessário reduzir a dose diária total. \n\n**Siga a orientação de seu médico, respeitando sempre os horários, as doses e a duração do tratamento. Não interrompa o tratamento sem o conhecimento de seu médico. Este medicamento não deve ser partido ou mastigado.** \n\n## **"", ""Modelo de Texto de Bula – Pacientes \nAmoxil® Pó para suspensão oral \n \n5 \n \nSiga a orientação de seu médico, respeitando sempre os horários, as doses e a duração do tratamento.  \nNão interrompa o tratamento sem o conhecimento de seu médico.  \n \n7."", ""## **- Tratamento de curta duração (gonorreia): dose única de 3 g.** \n\n**Erradicação de** _**Helicobacter pylori:**_ para combater o _Helicobacter_ (bactéria que ataca o estômago e o duodeno), recomenda-se o uso de Amoxil[®] no esquema de 1 g duas vezes ao dia (de 12 em 12 horas), em associação com um medicamento conhecido como inibidor da bomba de prótons (exemplo: omeprazol, lanzoprazol) e outro agente antimicrobiano (por exemplo claritromicina, metronidazol), por 7 dias. \n\n## **Pacientes com insuficiência renal (dos rins)** \n\nNa insuficiência renal, a eliminação do antibiótico é mais lenta. Conforme o grau dessa condição, seu médico pode indicar a redução da dose diária total de acordo com o esquema descrito a seguir. \n\nAdultos e crianças acima de 40 kg \n\n- insuficiência leve: nenhuma alteração de dose; \n\n- insuficiência moderada: máximo de 500 mg (uma cápsula) duas vezes ao dia (de 12 em 12 horas); \n\n- insuficiência grave: máximo de 500 mg (uma cápsula) ao dia. \n\n3 \n\n**==> picture [87 x 28] intentionally omitted <==**\n\n## Modelo de Texto de Bula – Pacientes Amoxil[®] Cápsulas \n\n## **Pacientes que recebem diálise peritoneal** \n\nUsa-se a mesma posologia indicada para pacientes com insuficiência renal grave. A diálise peritoneal (processo de limpeza das substâncias tóxicas do organismo através do peritônio, membrana que envolve o abdômen) não remove a amoxicilina do corpo. \n\n## **Pacientes que recebem hemodiálise** \n\nUsa-se a mesma posologia indicada para pacientes com insuficiência renal grave."", ""## **- Tratamento de curta duração (gonorreia): dose única de 3 g.** \n\n**Erradicação de** _**Helicobacter pylori:**_ para combater o _Helicobacter_ (bactéria que ataca o estômago e o duodeno), recomenda-se o uso de Amoxil[®] no esquema de 1 g duas vezes ao dia (de 12 em 12 horas), em associação com um medicamento conhecido como inibidor da bomba de prótons (exemplo: omeprazol, lanzoprazol) e outro agente antimicrobiano (por exemplo claritromicina, metronidazol), por 7 dias. \n\n## **Pacientes com insuficiência renal (dos rins)** \n\nNa insuficiência renal, a eliminação do antibiótico é mais lenta. Conforme o grau dessa condição, seu médico pode indicar a redução da dose diária total de acordo com o esquema descrito a seguir. \n\nAdultos e crianças acima de 40 kg \n\n- insuficiência leve: nenhuma alteração de dose; \n\n- insuficiência moderada: máximo de 500 mg (uma cápsula) duas vezes ao dia (de 12 em 12 horas); \n\n- insuficiência grave: máximo de 500 mg (uma cápsula) ao dia. \n\n3 \n\n**==> picture [87 x 28] intentionally omitted <==**\n\n## Modelo de Texto de Bula – Pacientes Amoxil[®] Cápsulas \n\n## **Pacientes que recebem diálise peritoneal** \n\nUsa-se a mesma posologia indicada para pacientes com insuficiência renal grave. A diálise peritoneal (processo de limpeza das substâncias tóxicas do organismo através do peritônio, membrana que envolve o abdômen) não remove a amoxicilina do corpo. \n\n## **Pacientes que recebem hemodiálise** \n\nUsa-se a mesma posologia indicada para pacientes com insuficiência renal grave."", ""  \n \nModelo de Texto de Bula – Pacientes \nAmoxil® Pó para suspensão oral \n \n4 \n \nPosologia  \n \nDose para adultos e crianças acima de 40 kg  \nDose padrão: 250 mg três vezes ao dia (de 8 em 8 horas), podendo ser aumentada para 500 mg três vezes ao dia (de 8 em \n8 horas) nas infecções mais graves.  \n \nTratamento com dosagem alta (máximo recomendável de 6 g ao dia em doses divididas)   \nRecomenda-se uma dose de 3g duas vezes ao dia (de 12 em 12 horas) nos casos que requerem tratamento de infecção \nrespiratória purulenta (com a presença de pus) grave ou recorrente.  \n \nTratamento de curta duração  \nGonorreia: dose única de 3 g. \n \nErradicação de Helicobacter pylori em úlcera péptica (no duodeno ou no estômago)  \nPara combater o Helicobacter (bactéria que ataca o estômago e o duodeno), recomenda -se o uso de Amoxil® no \nesquema de 750 mg a 1 g duas vezes ao dia, em associação com um inibidor da bomba de prótons (exemplo: omeprazol , \nlanzoprazol) e outro agente antimicrobiano (por exemplo claritromicina, metronidazol), por 7 dias.  \n \nDose para crianças abaixo de 40 kg  \nDose padrão para crianças: 20 a 50 mg/kg/dia em doses divididas (de 8 em 8 horas), até um máximo de 150 mg/kg/dia \nem doses divididas. \n \nPacientes com insuficiência renal (dos rins)  \nNa insuficiência renal, a eliminação do antibiótico é mais lenta. Conforme o grau dessa condição, seu médico pode \nindicar a redução da dose diária total de acordo com o esquema descrito a seguir.  \n \nAdultos e crianças acima de 40 kg  \n- insuficiência leve: nenhuma alteração de dose;  \n- insuficiência moderada: máximo de 500 mg duas vezes ao dia (de 12 em 12 horas);  \n- insuficiência grave: máximo de 500 mg uma vez ao dia.  \n \nCrianças abaixo de 40 kg  \n- insuficiência leve: nenhuma alteração de dose;  \n- insuficiência moderada: 15 mg/kg duas vezes ao dia (de 12/12 horas); (no máximo de 500mg duas vezes ao dia);  \n- insuficiência grave: 15 mg/kg uma vez ao dia. (no máximo de 500mg). \n \nPacientes que recebem diálise peritoneal  \nUsa-se a mesma posologia indicada para pacientes com insuficiência renal grave. A diálise peritoneal (processo de \nlimpeza das substâncias tóxicas do organismo através do peritônio, membrana que envolve o abdômen) não remove a \namoxicilina do corpo.  \n \nPacientes que recebem hemodiálise  \nUsa-se a mesma posologia indicada para pacientes com insuficiência renal grave.  \nA amoxicilina é removida do sangue por hemodiálise (processo que substitui os rins na filtragem sanguínea). Portanto, \numa dose adicional (500 mg para adultos  e crianças acima de 40kg ou 15 mg/kg para crianças abaixo de 40 kg) pode ser \nadministrada durante e no final de cada diálise.  \nSeu médico poderá indicar tratamento por via parenteral (feito com aplicação de injeções intravenosas, intramusculares \nou subcutâneas) nos casos em que a via oral for considerada inadequada (particularmente nos tratamentos urgentes de \ninfecções graves).  \nConforme o grau de insuficiência renal, talvez seu médico ache necessário reduzir a dose diária total.  \n "", ""COMO DEVO USAR ESTE MEDICAMENTO?  \nModo de usar  \nSiga as orientações de seu médico sobre a maneira e a hora correta de tomar o medicamento. Ele vai decidir a \nquantidade diária que você precisa e o tempo durante o qual você deve usar este medicamento.  \nLeia esta bula com cautela. Se você tiver alguma dúvida, fale com seu médico.  \nRecomenda-se ingerir o medicamento nas refeições, embora ele continue eficaz mesmo que você o tome em outros \nhorários.  \nContinue tomando este medicamento até o fim do tratamento prescrito pelo médico. Não pare somente porque se sente \nmelhor.  \nAs cápsulas devem ser ingeridas inteiras com água. Não as mastigue.   \n \nPosologia  \nAtenção! Para algumas doses indicadas abaixo (doses inferiores a 500 mg) é necessário o uso da suspensão oral, \nconverse com seu médico ou farmacêutico em caso de dúvida. \n \nDose para adultos e crianças acima de 40 kg  \n- Dose padrão: 500 mg (uma cápsula) três vezes ao dia (de 8 em 8 horas) nas infecções mais graves.  \n \n- Tratamento com dosagem alta (máximo recomendável de 6 g ao dia em doses divididas) : recomenda-se uma dose de 3 \ng (seis cápsulas) duas vezes ao dia (de 12 em 12 horas) em casos que requerem tratamento de infecção respiratória \npurulenta (com a presença de pus) grave ou recorrente.  \n \n- Tratamento de curta duração (gonorreia): dose única de 3 g.  \n \nErradicação de Helicobacter pylori: para combater o Helicobacter (bactéria que ataca o estômago e o duodeno), \nrecomenda-se o uso de Amoxil® no esquema de 1 g duas vezes ao dia (de 12 em 12 horas), em associação com um \nmedicamento conhecido como inibidor da bomba de prótons (exemplo: omeprazol , lanzoprazol ) e outro agente \nantimicrobiano (por exemplo claritromicina, metronidazol), por 7 dias.  \n \nPacientes com insuficiência renal (dos rins)  \nNa insuficiência renal, a eliminação do antibiótico é mais lenta. Conforme o grau dessa condição, seu médico pode \nindicar a redução da dose diária total de acordo com o esquema descrito a seguir.  \n \nAdultos e crianças acima de 40 kg  \n- insuficiência leve: nenhuma alteração de dose;  \n- insuficiência moderada: máximo de 500 mg (uma cápsula) duas vezes ao dia (de 12 em 12 horas);  \n- insuficiência grave: máximo de 500 mg (uma cápsula) ao dia.  "", ""6. COMO DEVO USAR ESTE MEDICAMENTO?** \n\n## **Modo de usar** \n\nSiga as orientações de seu médico sobre a maneira e a hora correta de tomar o medicamento. Ele vai decidir a quantidade diária que você precisa e o tempo durante o qual você deve usar este medicamento. Leia esta bula com cautela. Se você tiver alguma dúvida, fale com seu médico. \n\nRecomenda-se ingerir o medicamento nas refeições, embora ele continue eficaz mesmo que você o tome em outros horários. \n\nContinue tomando este medicamento até o fim do tratamento prescrito pelo médico. Não pare somente porque se sente melhor. \n\n**As cápsulas devem ser ingeridas inteiras com água. Não as mastigue.** \n\n## **Posologia** \n\nAtenção! Para algumas doses indicadas abaixo (doses inferiores a 500 mg) é necessário o uso da suspensão oral, converse com seu médico ou farmacêutico em caso de dúvida. \n\n## **Dose para adultos e crianças acima de 40 kg** \n\n- Dose padrão: 500 mg (uma cápsula) três vezes ao dia (de 8 em 8 horas) nas infecções mais graves. \n\n- Tratamento com dosagem alta (máximo recomendável de 6 g ao dia em doses divididas): recomenda-se uma dose de 3 g (seis cápsulas) duas vezes ao dia (de 12 em 12 horas) em casos que requerem tratamento de infecção respiratória purulenta (com a presença de pus) grave ou recorrente. \n\n## **- Tratamento de curta duração (gonorreia): dose única de 3 g.**"", ""6. COMO DEVO USAR ESTE MEDICAMENTO?** \n\n## **Modo de usar** \n\nSiga as orientações de seu médico sobre a maneira e a hora correta de tomar o medicamento. Ele vai decidir a quantidade diária que você precisa e o tempo durante o qual você deve usar este medicamento. Leia esta bula com cautela. Se você tiver alguma dúvida, fale com seu médico. \n\nRecomenda-se ingerir o medicamento nas refeições, embora ele continue eficaz mesmo que você o tome em outros horários. \n\nContinue tomando este medicamento até o fim do tratamento prescrito pelo médico. Não pare somente porque se sente melhor. \n\n**As cápsulas devem ser ingeridas inteiras com água. Não as mastigue.** \n\n## **Posologia** \n\nAtenção! Para algumas doses indicadas abaixo (doses inferiores a 500 mg) é necessário o uso da suspensão oral, converse com seu médico ou farmacêutico em caso de dúvida. \n\n## **Dose para adultos e crianças acima de 40 kg** \n\n- Dose padrão: 500 mg (uma cápsula) três vezes ao dia (de 8 em 8 horas) nas infecções mais graves. \n\n- Tratamento com dosagem alta (máximo recomendável de 6 g ao dia em doses divididas): recomenda-se uma dose de 3 g (seis cápsulas) duas vezes ao dia (de 12 em 12 horas) em casos que requerem tratamento de infecção respiratória purulenta (com a presença de pus) grave ou recorrente. \n\n## **- Tratamento de curta duração (gonorreia): dose única de 3 g.**"", ""COMO DEVO USAR ESTE MEDICAMENTO?  \nModo de usar  \nSiga as orientações de seu médico sobre a maneira e a hora correta de tomar o medicamento. Ele vai decidir a \nquantidade diária que você precisa e o tempo durante o qual você deve usar o medicamento.  \nLeia esta bula com cautela. Se você tiver alguma dúvida, fale com seu médico.  \nRecomenda-se ingerir o medicamento nas refeições, embora ele continue eficaz mesmo que você o tome em outros \nhorários.  \nContinue tomando este medicamento até o fim do tratamento prescrito pelo médico. Não pare somente porque se sente \nmelhor.  \n \nPreparo da suspensão  \n1. Verifique se o selo está intacto antes do uso do produto \n2. Para soltar o pó que fica no fundo do frasco, agite-o antes de abri-lo. Isso facilitará a reconstituição.  \n3. Ponha água filtrada no frasco até a marca indicada e agite-o bem para misturar totalmente o pó com a água.  \n4. Se a mistura não atingir a marca indicada, espere a espuma baixar e complete (lentamente) com água filtrada. Agite de \nnovo o frasco e espere a espuma baixar até que a solução atinja exatamente a marca indicada.  \nUtilize a colher dosadora para tomar o medicamento.  \nA suspensão oral, após a reconstituição, ficará estável por 14 dias se for conservada em geladeira (entre 2 oC e 8oC). \n \nAgite a suspensão oral antes de usá-la.  "", ""IDENTIFICAÇÃO DO MEDICAMENTO** \n\n**Amoxil**[] \n\namoxicilina \n\n## **APRESENTAÇÕES** \n\nCápsulas de 500 mg em embalagem com 15, 21 ou 30 unidades. \n\n## **USO ORAL** \n\n## **USO ADULTO E PEDIÁTRICO (ACIMA DE 40 KG)** \n\n## **COMPOSIÇÃO** \n\nCada cápsula contém: amoxicilina ................................................................................................................................................................ 500 mg (equivalentes a 575 mg de amoxicilina tri-hidratada) Excipiente[1] q.s.p. .................................................................................................................................................... 1 cápsula \n\n- 1Excipiente: estearato de magnésio. \n\nComposição da cápsula: gelatina, vermelho de eritrosina, azul de indigotina, dióxido de titânio, óxido de ferro amarelo. \n\n## **II) INFORMAÇÕES AO PACIENTE** \n\n## **"", ""IDENTIFICAÇÃO DO MEDICAMENTO** \n\n**Amoxil**[] \n\namoxicilina \n\n## **APRESENTAÇÕES** \n\nCápsulas de 500 mg em embalagem com 15, 21 ou 30 unidades. \n\n## **USO ORAL** \n\n## **USO ADULTO E PEDIÁTRICO (ACIMA DE 40 KG)** \n\n## **COMPOSIÇÃO** \n\nCada cápsula contém: amoxicilina ................................................................................................................................................................ 500 mg (equivalentes a 575 mg de amoxicilina tri-hidratada) Excipiente[1] q.s.p. .................................................................................................................................................... 1 cápsula \n\n- 1Excipiente: estearato de magnésio. \n\nComposição da cápsula: gelatina, vermelho de eritrosina, azul de indigotina, dióxido de titânio, óxido de ferro amarelo. \n\n## **II) INFORMAÇÕES AO PACIENTE** \n\n## **"", ""IDENTIFICAÇÃO DO MEDICAMENTO  \nAmoxil  \namoxicilina  \n \nAPRESENTAÇÕES  \nCápsulas de 500 mg em embalagem com 15, 21 ou 30 unidades.  \n \nUSO ORAL  \nUSO ADULTO E PEDIÁTRICO (ACIMA DE 40 KG) \n \nCOMPOSIÇÃO \nCada cápsula contém:  \namoxicilina ................................................................................................................................................................ 500 mg  \n(equivalentes a 575 mg de amoxicilina tri-hidratada)  \nExcipiente1 q.s.p. .................................................................................................................................................... 1 cápsula \n \n1Excipiente: estearato de magnésio.  \n \nComposição da cápsula: gelatina, vermelho de eritrosina, azul de indigotina, dióxido de titânio, óxido de ferro amarelo .  \n \nII) INFORMAÇÕES AO PACIENTE  \n \n1."", ""IDENTIFICAÇÃO DO MEDICAMENTO   \nAmoxil  \namoxicilina  \n \nAPRESENTAÇÕES  \nAmoxil pó para s uspensão oral é apresentado em  embalagem com frasco de 150 mL (250 mg/5 mL e 500 mg/5 mL) \nacompanhado de colher dosadora.  \n \nUSO ORAL  \nUSO ADULTO E PEDIÁTRICO  \n \nCOMPOSIÇÃO  \n \nCada dose de 5 mL de suspensão oral com 250 mg/5 mL contém:  \namoxicilina...................................................................................................................................................................250mg  \n(equivalentes a 287 mg de amoxicilina tri-hidratada)  \nveículo* q.s.p. .................................................................................................................................................................5 mL  \n \nCada dose de 5 mL de suspensão oral com 500 mg/5 mL contém:  \namoxicilina..................................................................................................................................................................500 mg  \n(equivalentes a 574 mg de amoxicilina tri-hidratada)  \nveículo* q.s.p. .................................................................................................................................................................5 mL  \n*Veículo: crospovidona, goma xantana, carmelose sódica, benzoato de sódio, sílica coloidal, estearato de magnésio, \nsabor de limão-pêssego-morango e aspartamo.  \n \nII) INFORMAÇÕES AO PACIENTE   \n \n1. ""]",35.004,31.625
agentic_rag,ollama:gemma4:e4b,AMOXIL,dificil,"Ao escolher entre cápsulas e suspensão oral de Amoxil para um paciente com fenilcetonúria e histórico de reações alérgicas, quais componentes da formulação exigem cautela e como esses alertas diferem entre as apresentações?",dificil,"Na suspensão oral, a bula informa que há aspartamo, fonte de fenilalanina, devendo ser usado com cautela em pacientes com fenilcetonúria; também informa que contém benzoato de sódio, que pode causar reações alérgicas, como asma, especialmente em pessoas alérgicas ao ácido acetilsalicílico. Nas cápsulas, a bula alerta para corantes como vermelho de eritrosina, azul de indigotina, dióxido de titânio e óxido de ferro amarelo, que podem eventualmente causar reações alérgicas. Assim, a avaliação depende da apresentação e do tipo de risco do paciente.",IDENTIFICAÇÃO DO MEDICAMENTO / COMPOSIÇÃO / O QUE DEVO SABER ANTES DE USAR ESTE MEDICAMENTO?,"De acordo com a bula do medicamento AMOXIL, consta a seguinte informação: Para um paciente com fenilcetonúria, o componente que exige cautela é o aspartamo, pois ele está presente na suspensão oral e é uma fonte de fenilalanina. Quanto às diferenças nos alertas de componentes para reações alérgicas ou outras preocupações, as cápsulas contêm gelatina, vermelho de eritrosina, azul de indigotina, dióxido de titânio e óxido de ferro amarelo; já a suspensão oral contém benzoato de sódio, sílica coloidal, estearato de magnésio, sabor de limão-pêssego-morango e aspartamo. Além disso, o contexto alerta que tanto as cápsulas quanto a suspensão podem causar reações alérgicas severas ou outras condições graves, como diarreia grave (colite pseudomembranosa) e reações cutâneas diversas.

---
*Esta resposta se baseia apenas nos trechos da bula recuperados e não substitui orientação médica ou farmacêutica.*","De acordo com a bula do medicamento AMOXIL, consta a seguinte informação: Para um paciente com fenilcetonúria, o componente que exige cautela é o aspartamo, pois ele está presente na suspensão oral e é uma fonte de fenilalanina. Quanto às diferenças nos alertas de componentes para reações alérgicas ou outras preocupações, as cápsulas contêm gelatina, vermelho de eritrosina, azul de indigotina, dióxido de titânio e óxido de ferro amarelo; já a suspensão oral contém benzoato de sódio, sílica coloidal, estearato de magnésio, sabor de limão-pêssego-morango e aspartamo. Além disso, o contexto alerta que tanto as cápsulas quanto a suspensão podem causar reações alérgicas severas ou outras condições graves, como diarreia grave (colite pseudomembranosa) e reações cutâneas diversas.","QUANDO NÃO DEVO USAR ESTE MEDICAMENTO?, O QUE DEVO SABER ANTES DE USAR ESTE MEDICAMENTO?, QUAIS OS MALES QUE ESTE MEDICAMENTO PODE ME CAUSAR?",,"[""Modelo de Texto de Bula – Pacientes \nAmoxil® Pó para suspensão oral \n \n1 \n \nLEIA ESTA BULA ATENTAMENTE ANTES DE INICIAR O TRATAMENTO.  \n \nI)"", ""  \n \nModelo de Texto de Bula – Pacientes \nAmoxil® Cápsulas \n \n2 \n \nO uso prolongado também pode resultar, ocasionalmente, em supercrescimento de microrganismos resistentes a \nAmoxil®. \n \nAmoxil® pode piorar algumas condições existentes ou causar efeitos colaterais graves, como reações alérgicas severas, \nreações cutâneas severas, dor no peito, vômitos repetitivos dentro de 1 a 4 horas após a administração de Amoxil® ou \ndiarreia grave (colite pseudomembranosa). Você deve estar atento a determinados sintomas enquanto estiver recebendo \nAmoxil® para ajudar a reduzir o risco de quaisquer problemas. \n \nEfeitos sobre a capacidade de dirigir veículos e de operar máquinas  \nNão se observaram efeitos adversos sobre a capacidade de dirigir veículos e de operar máquinas.  \n \nGravidez e amamentação  \nAmoxil® pode ser usado na gravidez desde que os benefícios potenciais sejam maiores que os riscos potenciais \nassociados ao tratamento. Informe seu médico se você estiver grávida ou suspeitar que está grávida. Você não deve \ntomar este medicamento se estiver grávida, exceto se seu médico recomendar.  \nVocê pode amamentar seu bebê enquanto estiver tomando Amoxil®, mas há excreção de quantidades mínimas de \namoxicilina no leite materno. Se você estiver amamentando, informe ao seu médico antes de iniciar o tratamento com \nAmoxil®.  \n \nEste medicamento não deve ser utilizado por mulheres grávidas sem orientação médica ou do cirurgião-dentista.  \n \nUso compatível com o aleitamento ou doação de leite humano. O uso desse medicamento não interfere no \naleitamento do bebê. \n \nUso em idosos, crianças e outros grupos de risco  \nAs recomendações especiais se referem às doses (ver Posologia, em Como Devo Usar Este Medicamento?).  \n \nInterações Medicamentosas  \nAlguns medicamentos podem causar efeitos indesejáveis se você os ingerir durante o tratamento com Amoxil®. Não \ndeixe de avisar seu médico caso você esteja tomando:  \n- medicamentos usados no tratamento de gota (probenecida ou alopurinol);  \n- outros antibióticos;  \n- pílulas anticoncepcionais (como acontece com outros antibióticos, talvez sejam necessárias precauções adicionais para \nevitar a gravidez);  \n- anticoagulantes; \n- metotrexato (usado para tratar doenças como câncer e psoríase grave).   \nA alimentação não interfere na ação de Amoxil®, que pode ser ingerido nas refeições.  \n \nInforme ao seu médico ou cirurgião-dentista se você está fazendo uso de algum outro medicamento.  \nNão use medicamento sem o conhecimento do seu médico. Pode ser perigoso para a sua saúde.   \n \nAtenção: Contém os corantes vermelho de eritrosina, azul de indigotina, dióxido de titânio  e óxido de ferro \namarelo que podem, eventualmente, causar reações alérgicas. \n \nÉ importante utilizar este medicamento durante todo o tempo prescrito pelo profissional de saúde habilitado, \nmesmo que os sinais e sintomas da infecção tenham desaparecido, pois isso não significa a cura. A interrupção do \ntratamento pode contribuir para o aparecimento de infecções mais graves.   \n \n5. "", ""Modelo de Texto de Bula – Pacientes \nAmoxil® Cápsulas \n \n6 \n \nImportado e Registrado por: GlaxoSmithKline Brasil Ltda.  \nEstrada dos Bandeirantes, 8464 - Rio de Janeiro - RJ  \nCNPJ: 33.247.743/0001-10  \n \nVENDA SOB PRESCRIÇÃO COM RETENÇÃO DA RECEITA  \n \nL1991_amoxil_cap_gel_dura_GDS35_IPI16"", ""  \n \nModelo de Texto de Bula – Pacientes \nAmoxil® Pó para suspensão oral \n \n2 \n \n- se você apresenta febre glandular. \n- se você toma medicamentos usados para prevenir coágulos sanguíneos (anticoagulantes), tais como varfarina,  o seu \nmédico fará um monitoramento e, se necessário, poderá sugerir ajustes na dose dos anticoagulantes. \n- se você apresenta problema nos rins. \n- se você não estiver urinando regularmente. \n- se você já teve diarreia durante ou após o uso de antibióticos. \n \nO uso prolongado também pode resultar, ocasionalmente, em supercrescimento de microrganismos resistentes a \nAmoxil®. \n \nAmoxil® pode piorar algumas condições existentes ou causar efeitos colaterais graves, como reações alérgicas severas, \nreações cutâneas severas, dor no peito, vômitos repetitivos dentro de 1 a 4 horas após a administração de Amoxil® ou \ndiarreia grave (colite pseudomembranosa). Você deve estar atento a determinados sintomas enquanto estiver recebendo \nAmoxil® para ajudar a reduzir o risco de quaisquer problemas. \n \nEfeitos sobre a capacidade de dirigir veículos e de operar máquinas  \nNão se observaram efeitos adversos sobre a capacidade de dirigir veículos e de operar máquinas.  \n \nGravidez e amamentação  \nAmoxil® pode ser usado na gravidez desde que os benefícios potenciais sejam maiores que os riscos potenciais \nassociados ao tratamento. Informe seu médico se você estiver grávida ou suspeitar que está grávida. Você não deve \ntomar este medicamento se estiver grávida, exceto se seu médico recomendar.  \nVocê pode amamentar seu bebê enquanto estiver tomando Amoxil®, mas há excreção de quantidades mínimas de \namoxicilina no leite materno. Se você estiver amamentando, informe ao seu médico antes de iniciar o tratamento com \nAmoxil®. \n \nEste medicamento não deve ser utilizado por mulheres grávidas sem orientação médica ou do cirurgião-dentista.  \n \nUso compatível com o aleitamento ou doação de leite humano. O uso desse medicamento não interfere no \naleitamento do bebê. \n \nAtenção: Contém fenilalanina. \n \nEste produto contém benzoato de sódio, que pode causar reações alérgicas, como asma, especialmente em pessoas \nalérgicas ao ácido acetilsalicílico. \n \nUso em idosos, crianças e outros grupos de risco  \nAs recomendações especiais se referem às dosagens (ver Posologia, em Como Devo Usar Este Medicamento?).  \nNão há contraindicação relativa a faixas etárias.  \n \nInterações medicamentosas  \nAlguns medicamentos podem causar efeitos indesejáveis se você os ingerir durante o tratamento com Amoxil®. Não \ndeixe de avisar seu médico caso você esteja tomando:  \n- medicamentos usados no tratamento de gota (probenecida ou alopurinol);  \n- outros antibióticos;  \n- pílulas anticoncepcionais (como acontece com outros antibióticos, talvez sejam necessárias precauções adicionais para \nevitar a gravidez);  \n- anticoagulantes; \n- metotrexato (usado para tratar doenças como câncer e psoríase grave). \nA alimentação não interfere na ação de Amoxil®, que pode ser ingerido nas refeições.  \n "", ""- Destruição de glóbulos vermelhos e consequentemente anemia (anemia hemolítica), que pode resultar em cansaço, dores de cabeça e falta de ar causada pela prática de exercícios físicos, vertigem, palidez e amarelamento da pele e/ou dos olhos; \n\n- Sinais repentinos de alergia, como erupções da pele, prurido (coceira) ou urticária, inchaço da face, dos lábios, da língua ou de outras partes do corpo, falta de ar, respiração ofegante ou problemas para respirar; se esses sintomas ocorrerem, pare de usar **Amoxil[®]** e procure socorro médico o mais rápido possível; \n\n4 \n\n**==> picture [87 x 28] intentionally omitted <==**\n\n## Modelo de Texto de Bula – Pacientes Amoxil[®] Cápsulas \n\n- Dor no peito, que pode ser um sinal de uma reação alérgica potencialmente grave chamada síndrome de Kounis; \n\n- Vômitos repetitivos (1 a 4 horas após a administração de **Amoxil[®]** ), dores no estômago, sonolência anormal, diarreia e pressão baixa, que podem ser um sinal de uma reação alérgica grave denominada síndrome de enterocolite induzida por medicamentos; \n\n- Convulsões (ataques) podem ocorrer em pacientes com função renal prejudicada ou que estejam recebendo doses altas do medicamento; \n\n- Hipercinesia (presença de movimentos exacerbados e incontrolados), tontura; \n\n- Candidíase mucocutânea, infecção micótica (causada por fungos) que normalmente afeta as partes íntimas ou a boca; na área genital, pode provocar coceira e queimação (com a presença de uma fina camada de secreção branca), e na boca ou na língua podem surgir pintas brancas dolorosas;"", ""- Destruição de glóbulos vermelhos e consequentemente anemia (anemia hemolítica), que pode resultar em cansaço, dores de cabeça e falta de ar causada pela prática de exercícios físicos, vertigem, palidez e amarelamento da pele e/ou dos olhos; \n\n- Sinais repentinos de alergia, como erupções da pele, prurido (coceira) ou urticária, inchaço da face, dos lábios, da língua ou de outras partes do corpo, falta de ar, respiração ofegante ou problemas para respirar; se esses sintomas ocorrerem, pare de usar **Amoxil[®]** e procure socorro médico o mais rápido possível; \n\n4 \n\n**==> picture [87 x 28] intentionally omitted <==**\n\n## Modelo de Texto de Bula – Pacientes Amoxil[®] Cápsulas \n\n- Dor no peito, que pode ser um sinal de uma reação alérgica potencialmente grave chamada síndrome de Kounis; \n\n- Vômitos repetitivos (1 a 4 horas após a administração de **Amoxil[®]** ), dores no estômago, sonolência anormal, diarreia e pressão baixa, que podem ser um sinal de uma reação alérgica grave denominada síndrome de enterocolite induzida por medicamentos; \n\n- Convulsões (ataques) podem ocorrer em pacientes com função renal prejudicada ou que estejam recebendo doses altas do medicamento; \n\n- Hipercinesia (presença de movimentos exacerbados e incontrolados), tontura; \n\n- Candidíase mucocutânea, infecção micótica (causada por fungos) que normalmente afeta as partes íntimas ou a boca; na área genital, pode provocar coceira e queimação (com a presença de uma fina camada de secreção branca), e na boca ou na língua podem surgir pintas brancas dolorosas;"", ""1 \n\n**==> picture [87 x 28] intentionally omitted <==**\n\n## Modelo de Texto de Bula – Pacientes Amoxil[®] Cápsulas \n\nO uso prolongado também pode resultar, ocasionalmente, em supercrescimento de microrganismos resistentes a **Amoxil[®]** . \n\n**Amoxil[®]** pode piorar algumas condições existentes ou causar efeitos colaterais graves, como reações alérgicas severas, reações cutâneas severas, dor no peito, vômitos repetitivos dentro de 1 a 4 horas após a administração de **Amoxil[®]** ou diarreia grave (colite pseudomembranosa). Você deve estar atento a determinados sintomas enquanto estiver recebendo **Amoxil[®]** para ajudar a reduzir o risco de quaisquer problemas. \n\n## **Efeitos sobre a capacidade de dirigir veículos e de operar máquinas** \n\nNão se observaram efeitos adversos sobre a capacidade de dirigir veículos e de operar máquinas. \n\n## **Gravidez e amamentação** \n\n**Amoxil[®]** pode ser usado na gravidez desde que os benefícios potenciais sejam maiores que os riscos potenciais associados ao tratamento. Informe seu médico se você estiver grávida ou suspeitar que está grávida. Você não deve tomar este medicamento se estiver grávida, exceto se seu médico recomendar. \n\nVocê pode amamentar seu bebê enquanto estiver tomando **Amoxil[®]** , mas há excreção de quantidades mínimas de amoxicilina no leite materno. Se você estiver amamentando, informe ao seu médico antes de iniciar o tratamento com **Amoxil[®]** . \n\n## **Este medicamento não deve ser utilizado por mulheres grávidas sem orientação médica ou do cirurgião-dentista.**"", ""1 \n\n**==> picture [87 x 28] intentionally omitted <==**\n\n## Modelo de Texto de Bula – Pacientes Amoxil[®] Cápsulas \n\nO uso prolongado também pode resultar, ocasionalmente, em supercrescimento de microrganismos resistentes a **Amoxil[®]** . \n\n**Amoxil[®]** pode piorar algumas condições existentes ou causar efeitos colaterais graves, como reações alérgicas severas, reações cutâneas severas, dor no peito, vômitos repetitivos dentro de 1 a 4 horas após a administração de **Amoxil[®]** ou diarreia grave (colite pseudomembranosa). Você deve estar atento a determinados sintomas enquanto estiver recebendo **Amoxil[®]** para ajudar a reduzir o risco de quaisquer problemas. \n\n## **Efeitos sobre a capacidade de dirigir veículos e de operar máquinas** \n\nNão se observaram efeitos adversos sobre a capacidade de dirigir veículos e de operar máquinas. \n\n## **Gravidez e amamentação** \n\n**Amoxil[®]** pode ser usado na gravidez desde que os benefícios potenciais sejam maiores que os riscos potenciais associados ao tratamento. Informe seu médico se você estiver grávida ou suspeitar que está grávida. Você não deve tomar este medicamento se estiver grávida, exceto se seu médico recomendar. \n\nVocê pode amamentar seu bebê enquanto estiver tomando **Amoxil[®]** , mas há excreção de quantidades mínimas de amoxicilina no leite materno. Se você estiver amamentando, informe ao seu médico antes de iniciar o tratamento com **Amoxil[®]** . \n\n## **Este medicamento não deve ser utilizado por mulheres grávidas sem orientação médica ou do cirurgião-dentista.**"", ""  \n \nModelo de Texto de Bula – Pacientes \nAmoxil® Cápsulas \n \n5 \n \n- Dor no peito, que pode ser um sinal de uma reação alérgica potencialmente grave chamada síndrome de Kounis;  \n- Vômitos repetitivos (1 a 4 horas após a administração de Amoxil®), dores no estômago, sonolência anormal, diarreia e \npressão baixa, que podem ser um sinal de uma reação alérgica grave denominada síndrome de enterocolite induzida por \nmedicamentos; \n- Convulsões (ataques) podem ocorrer em pacientes com função renal prejudicada ou que estejam recebendo doses altas \ndo medicamento; \n- Hipercinesia (presença de movimentos exacerbados e incontrolados), tontura ;  \n- Candidíase mucocutânea, infecção micótica (causada por fungos) que normalmente afeta as partes íntimas ou a boca; \nna área genital, pode provocar coceira e queimação (com a presença de uma fina camada de secreção branca), e na boca \nou na língua podem surgir pintas brancas dolorosas; \n- Colite associada a antibióticos (inflamação no cólon (intestino grosso), causando diarreia grave, que também pode \nconter sangue e ser acompanhada de cólicas abdominais; \n- Sua língua pode mudar de cor, ficando amarela, marrom ou preta, e dar a impressão de ter pelos (língua pilosa negra) ; \n- Inflamação da membrana que reveste o cérebro (meningite asséptica); \n- Erupção cutânea com bolhas dispostas em círculo com crosta central ou como um colar de pérolas (doença IgA linear) ; \n- Efeitos relacionados ao fígado; esses sintomas podem manifestar -se como enjoo, vômito, perda de apetite, sensação \ngeral de mal -estar, febre, coceira, amarelamento da pele e dos olhos e escurecimento da urina e aumento de algumas \nsubstâncias (enzimas) produzidas pelo fígado; \n- Reações cutâneas graves: erupção cutânea (eritema multiforme), que pode formar bolhas (com pequenas manchas \nescuras centrais rodeadas por uma área pálida, com um anel escuro ao redor da borda); erupção cutânea generalizada \ncom bolhas e descamação da pele na maior parte da superfície corporal (necrólise epidérmica tóxica); erupções na pele \ncom bolhas e descamação, especialmente ao redor da boca, nariz, olhos e genitais (síndrome de Stevens -Johnson); \nerupções na pele com bolhas contendo pus (dermatite esfoliativa bolhosa); erupções escamosas na pele, com bolhas e \ninchaços sob a pele (exantema pustuloso);  \n- Doença renal (problemas para urinar, possivelmente com dor e presença de sangue ou cristais na urina ); \n- Sintomas semelhantes aos da gripe com erupção cutânea, febre, glândulas inchadas e resultados anormais de exames de \nsangue (incluindo o aumento dos glóbulos brancos (eosinofilia) e enzimas hepáticas) (Reação do medicamento com \neosinofilia e sintomas sistêmicos (DRESS)); \n- uma erupção cutânea vermelha comumente observada em ambos os lados das nádegas, parte interna superior das \ncoxas, axilas, pescoço (Exantema Intertriginoso e Flexural Simétrico Relacionado a Medicamentos (SDRIFE)).   \n \nSe qualquer desconforto incomum se manifestar enquanto você estiver tomando o medicamento, informe seu \nmédico o mais breve possível.  \n \nInforme ao seu médico, cirurgião -dentista ou farmacêutico o aparecimento de reações indesejáveis pelo uso do \nmedicamento. Informe também à empresa através do seu serviço de atendimento.   \n \n9. O QUE FAZER SE ALGUÉM USAR UMA QUANTIDADE MAIOR QUE A INDICADA DESTE \nMEDICAMENTO?  \nÉ pouco provável que ocorram problemas graves em caso de superdosagem de amoxicilina. As reações mais comuns são \nenjoo, vômito e diarreia. Procure seu médico para que os sintomas sejam tratados.  \n \nEm caso de uso de grande quantidade deste medicamento, procure rapidamente socorro médico e leve a \nembalagem ou bula do medicamento se possível. Ligue para 0800 722 6001, se você precisar de mais orientações.  \n \nIII) DIZERES LEGAIS  \nRegistro: 1.0107.0003  \n \nProduzido por: Glaxo Wellcome Production  \nZone Industrielle de la Peyennière, 53100, Mayenne – França.  \n "", ""Modelo de Texto de Bula – Pacientes \nAmoxil® Pó para suspensão oral \n \n3 \n \nInforme seu médico ou cirurgião-dentista se você está fazendo uso de algum outro medicamento.  \nNão use medicamento sem o conhecimento de seu médico. Pode ser perigoso para sua saúde.   \n \nÉ importante utilizar este medicamento durante todo o tempo prescrito pelo profissional de saúde habilitado, \nmesmo que os sinais e sintomas da infecção tenham desaparecido, pois isso não significa a cura. A interrupção do \ntratamento pode contribuir para o aparecimento de infecções mais graves.  \n \n5."", ""QUANDO NÃO DEVO USAR ESTE MEDICAMENTO?  \nEste medicamento não pode ser usado por pessoas alérgicas à amoxicilina, a outros antibióticos penicilínicos ou \nantibióticos similares, chamados cefalosporinas. Se você já teve uma reação alérgica (como erupções da pele) ao tomar \num antibiótico, deve conversar com seu médico antes de usar Amoxil®.  \n \n4. O QUE DEVO SABER ANTES DE USAR ESTE MEDICAMENTO?  \nAmoxil suspensão cont ém aspartamo, que é fonte de fenilalanina e deve ser usado com cautela em pacientes com \nfenilcetonúria. Informe seu médico caso você tenha uma doença chamada fenilcetonúria. \nAntes de iniciar o tratamento com Amoxil, informe seu médico: \n- se você já apresentou reação alérgica a algum antibiótico. Isso pode incluir reações na pele ou inchaço na face ou \npescoço ou dores no peito."", ""  \n \nModelo de Texto de Bula – Pacientes \nAmoxil® Pó para suspensão oral \n \n6 \n \n- Efeitos relacionados ao fígado; esses sintomas podem manifestar -se como enj oo, vômito, perda de apetite, sensação \ngeral de mal -estar, febre, coceira, amarelamento da pele e dos olhos e escurecimento da urina e aumento de algumas \nsubstâncias (enzimas) produzidas pelo fígado;  \n- Reações cutâneas graves: erupção cutânea (eritema multiforme), que pode formar bolhas (com pequenas manchas \nescuras centrais rodeadas por uma área pálida, com um anel escuro ao redor da borda); erupção cutânea generalizada \ncom bolhas e descamação da pele na maior parte da superfície corporal (necrólise epidérmica tóxica); erupções na pele \ncom bolhas e descamação, especialmente ao redor da boca, nariz, olhos e genitais (síndrome de Stevens -Johnson); \nerupções na pele com bolhas contendo pus (dermatite esfoliativa bolhosa); erupções escamosas na pele, com bolhas e \ninchaços sob a pele (exantema pustuloso);  \n- Doença renal (problemas para urinar, possivelmente com dor e presença de sangue ou cristais na urina) ;  \n- Sintomas semelhantes aos da gripe com erupção cutânea, febre, glândulas inchadas e resultados anormais de exames de \nsangue (incluindo o aumento dos glóbulos brancos (eosinofilia) e enzimas hep áticas) (Reações do medicamento com \neosinofilia e sintomas sistêmicos (DRESS)); \n- Erupção cutânea vermelha comumente observada em ambos os lados das nádegas, parte interna superior das  coxas, \naxilas, pescoço (Exantema Intertriginoso e Flexural Simétrico Relacionado a Medicamentos (SDRIFE)).  \n \nSe qualquer desconforto incomum se manifestar enquanto você estiver tomando o medicamento, informe seu \nmédico o mais breve possível.  \n \nInforme ao seu médico, cirurgião -dentista ou farmacêutico o aparecimento de reações indesejáveis pelo uso do \nmedicamento. Informe também à empresa através do seu serviço de atendimento.   \n \n9. O QUE FAZER SE ALGUÉM USAR UMA QUANTIDADE MAIOR QUE A INDICADA DESTE \nMEDICAMENTO?  \nÉ pouco provável que ocorram problemas graves em caso de superdosagem de amoxicilina. As reações mais comuns são \nenjoo, vômito e diarreia. Procure seu médico para que os sintomas sejam tratados.  \n \nEm caso de uso de grande quantidade deste medicamento, procure rapidamente socorro médico e leve a \nembalagem ou bula do medicamento, se possível. Ligue para 0800 722 6001, se você precisar de mais orientações. \n \nIII) DIZERES LEGAIS   \nRegistro: 1.0107.0003  \n \nProduzido por: Glaxo Wellcome Production.  \nZone Industrielle de la Peyennière, 53100, Mayenne, França \n \nImportado e Registrado por: GlaxoSmithKline Brasil Ltda.  \nEstrada dos Bandeirantes, 8464 - Rio de Janeiro - RJ  \nCNPJ: 33.247.743/0001-10  \n \nVENDA SOB PRESCRIÇÃO COM RETENÇÃO DA RECEITA  \n \nL1992_amoxil_po_sus_GDS35_IPI16 \n \n \n \n \n \n"", ""**Informe ao seu médico, cirurgião-dentista ou farmacêutico o aparecimento de reações indesejáveis pelo uso do medicamento. Informe também à empresa através do seu serviço de atendimento.** \n\n## **9. O QUE FAZER SE ALGUÉM USAR UMA QUANTIDADE MAIOR QUE A INDICADA DESTE MEDICAMENTO?** \n\nÉ pouco provável que ocorram problemas graves em caso de superdosagem de amoxicilina. As reações mais comuns são enjoo, vômito e diarreia. Procure seu médico para que os sintomas sejam tratados. \n\n**Em caso de uso de grande quantidade deste medicamento, procure rapidamente socorro médico e leve a embalagem ou bula do medicamento se possível. Ligue para 0800 722 6001, se você precisar de mais orientações.** \n\n## **III) DIZERES LEGAIS** \n\nRegistro: 1.0107.0003 \n\nProduzido por: Glaxo Wellcome Production Zone Industrielle de la Peyennière, 53100, Mayenne – França. \n\n5 \n\n**==> picture [87 x 28] intentionally omitted <==**\n\n## Modelo de Texto de Bula – Pacientes Amoxil[®] Cápsulas \n\nImportado e Registrado por: **GlaxoSmithKline Brasil Ltda.** Estrada dos Bandeirantes, 8464 - Rio de Janeiro - RJ CNPJ: 33.247.743/0001-10 \n\n## **VENDA SOB PRESCRIÇÃO COM RETENÇÃO DA RECEITA** \n\nL1991_amoxil_cap_gel_dura_GDS35_IPI16 \n\n**==> picture [43 x 43] intentionally omitted <==**\n\n**==> picture [50 x 41] intentionally omitted <==**\n\n6 \n\n## **"", ""**Informe ao seu médico, cirurgião-dentista ou farmacêutico o aparecimento de reações indesejáveis pelo uso do medicamento. Informe também à empresa através do seu serviço de atendimento.** \n\n## **9. O QUE FAZER SE ALGUÉM USAR UMA QUANTIDADE MAIOR QUE A INDICADA DESTE MEDICAMENTO?** \n\nÉ pouco provável que ocorram problemas graves em caso de superdosagem de amoxicilina. As reações mais comuns são enjoo, vômito e diarreia. Procure seu médico para que os sintomas sejam tratados. \n\n**Em caso de uso de grande quantidade deste medicamento, procure rapidamente socorro médico e leve a embalagem ou bula do medicamento se possível. Ligue para 0800 722 6001, se você precisar de mais orientações.** \n\n## **III) DIZERES LEGAIS** \n\nRegistro: 1.0107.0003 \n\nProduzido por: Glaxo Wellcome Production Zone Industrielle de la Peyennière, 53100, Mayenne – França. \n\n5 \n\n**==> picture [87 x 28] intentionally omitted <==**\n\n## Modelo de Texto de Bula – Pacientes Amoxil[®] Cápsulas \n\nImportado e Registrado por: **GlaxoSmithKline Brasil Ltda.** Estrada dos Bandeirantes, 8464 - Rio de Janeiro - RJ CNPJ: 33.247.743/0001-10 \n\n## **VENDA SOB PRESCRIÇÃO COM RETENÇÃO DA RECEITA** \n\nL1991_amoxil_cap_gel_dura_GDS35_IPI16 \n\n**==> picture [43 x 43] intentionally omitted <==**\n\n**==> picture [50 x 41] intentionally omitted <==**\n\n6 \n\n## **"", ""QUANDO NÃO DEVO USAR ESTE MEDICAMENTO?  \nEste medicamento não pode ser administrado nem ingerido por pessoas  alérgicas à amoxicilina, a outros antibióticos \npenicilínicos ou antibióticos similares, chamados cefalosporinas. Se você já teve uma reação alérgica (como erupções da \npele) ao tomar um antibiótico, deve conversar com seu médico antes de usar Amoxil®.  \n \n4."", ""IDENTIFICAÇÃO DO MEDICAMENTO** \n\n**Amoxil**[] \n\namoxicilina \n\n## **APRESENTAÇÕES** \n\nCápsulas de 500 mg em embalagem com 15, 21 ou 30 unidades. \n\n## **USO ORAL** \n\n## **USO ADULTO E PEDIÁTRICO (ACIMA DE 40 KG)** \n\n## **COMPOSIÇÃO** \n\nCada cápsula contém: amoxicilina ................................................................................................................................................................ 500 mg (equivalentes a 575 mg de amoxicilina tri-hidratada) Excipiente[1] q.s.p. .................................................................................................................................................... 1 cápsula \n\n- 1Excipiente: estearato de magnésio. \n\nComposição da cápsula: gelatina, vermelho de eritrosina, azul de indigotina, dióxido de titânio, óxido de ferro amarelo. \n\n## **II) INFORMAÇÕES AO PACIENTE** \n\n## **"", ""IDENTIFICAÇÃO DO MEDICAMENTO** \n\n**Amoxil**[] \n\namoxicilina \n\n## **APRESENTAÇÕES** \n\nCápsulas de 500 mg em embalagem com 15, 21 ou 30 unidades. \n\n## **USO ORAL** \n\n## **USO ADULTO E PEDIÁTRICO (ACIMA DE 40 KG)** \n\n## **COMPOSIÇÃO** \n\nCada cápsula contém: amoxicilina ................................................................................................................................................................ 500 mg (equivalentes a 575 mg de amoxicilina tri-hidratada) Excipiente[1] q.s.p. .................................................................................................................................................... 1 cápsula \n\n- 1Excipiente: estearato de magnésio. \n\nComposição da cápsula: gelatina, vermelho de eritrosina, azul de indigotina, dióxido de titânio, óxido de ferro amarelo. \n\n## **II) INFORMAÇÕES AO PACIENTE** \n\n## **"", ""IDENTIFICAÇÃO DO MEDICAMENTO  \nAmoxil  \namoxicilina  \n \nAPRESENTAÇÕES  \nCápsulas de 500 mg em embalagem com 15, 21 ou 30 unidades.  \n \nUSO ORAL  \nUSO ADULTO E PEDIÁTRICO (ACIMA DE 40 KG) \n \nCOMPOSIÇÃO \nCada cápsula contém:  \namoxicilina ................................................................................................................................................................ 500 mg  \n(equivalentes a 575 mg de amoxicilina tri-hidratada)  \nExcipiente1 q.s.p. .................................................................................................................................................... 1 cápsula \n \n1Excipiente: estearato de magnésio.  \n \nComposição da cápsula: gelatina, vermelho de eritrosina, azul de indigotina, dióxido de titânio, óxido de ferro amarelo .  \n \nII) INFORMAÇÕES AO PACIENTE  \n \n1."", ""IDENTIFICAÇÃO DO MEDICAMENTO   \nAmoxil  \namoxicilina  \n \nAPRESENTAÇÕES  \nAmoxil pó para s uspensão oral é apresentado em  embalagem com frasco de 150 mL (250 mg/5 mL e 500 mg/5 mL) \nacompanhado de colher dosadora.  \n \nUSO ORAL  \nUSO ADULTO E PEDIÁTRICO  \n \nCOMPOSIÇÃO  \n \nCada dose de 5 mL de suspensão oral com 250 mg/5 mL contém:  \namoxicilina...................................................................................................................................................................250mg  \n(equivalentes a 287 mg de amoxicilina tri-hidratada)  \nveículo* q.s.p. .................................................................................................................................................................5 mL  \n \nCada dose de 5 mL de suspensão oral com 500 mg/5 mL contém:  \namoxicilina..................................................................................................................................................................500 mg  \n(equivalentes a 574 mg de amoxicilina tri-hidratada)  \nveículo* q.s.p. .................................................................................................................................................................5 mL  \n*Veículo: crospovidona, goma xantana, carmelose sódica, benzoato de sódio, sílica coloidal, estearato de magnésio, \nsabor de limão-pêssego-morango e aspartamo.  \n \nII) INFORMAÇÕES AO PACIENTE   \n \n1. ""]",27.176,33.928
agentic_rag,ollama:gemma4:e4b,AMOXIL,dificil,"Durante o uso de Amoxil, um paciente apresenta diarreia grave com sangue e cólicas abdominais, além de erupção cutânea com bolhas. Que eventos graves descritos na bula devem ser considerados e qual conduta a bula orienta diante de sinais alérgicos importantes?",dificil,"A diarreia grave, possivelmente com sangue e acompanhada de cólicas, é compatível com colite associada a antibióticos descrita na bula. A erupção cutânea com bolhas pode corresponder a reações cutâneas graves, como eritema multiforme, necrólise epidérmica tóxica, síndrome de Stevens-Johnson, dermatite esfoliativa bolhosa, exantema pustuloso, doença IgA linear, DRESS ou SDRIFE. A bula alerta que Amoxil pode causar reações alérgicas severas e reações cutâneas severas; diante de sinais repentinos de alergia, como erupção, coceira, urticária, inchaço da face/lábios/língua, falta de ar ou problemas para respirar, o paciente deve parar de usar Amoxil e procurar socorro médico o mais rápido possível.",O QUE DEVO SABER ANTES DE USAR ESTE MEDICAMENTO? / QUAIS OS MALES QUE ESTE MEDICAMENTO PODE ME CAUSAR?,"De acordo com a bula do medicamento AMOXIL, consta a seguinte informação: Os eventos graves que devem ser considerados são a Colite associada a antibióticos (que causa diarreia grave, podendo conter sangue e acompanhada de cólicas abdominais) e diversas Reações cutâneas graves, como eritema multiforme, síndrome de Stevens-Johnson ou dermatite esfoliativa bolhosa. Quanto aos sinais alérgicos importantes, a bula orienta que, se ocorrerem sinais repentinos de alergia (como erupções da pele, prurido/coceira ou urticária, inchaço da face, dos lábios, da língua ou outras partes do corpo, falta de ar, respiração ofegante ou problemas para respirar), o paciente deve parar de usar Amoxil® e procurar socorro médico o mais rápido possível. Além disso, é recomendado informar ao médico o aparecimento de qualquer desconforto incomum durante o tratamento com o medicamento.

---
*Esta resposta se baseia apenas nos trechos da bula recuperados e não substitui orientação médica ou farmacêutica.*","De acordo com a bula do medicamento AMOXIL, consta a seguinte informação: Os eventos graves que devem ser considerados são a Colite associada a antibióticos (que causa diarreia grave, podendo conter sangue e acompanhada de cólicas abdominais) e diversas Reações cutâneas graves, como eritema multiforme, síndrome de Stevens-Johnson ou dermatite esfoliativa bolhosa. Quanto aos sinais alérgicos importantes, a bula orienta que, se ocorrerem sinais repentinos de alergia (como erupções da pele, prurido/coceira ou urticária, inchaço da face, dos lábios, da língua ou outras partes do corpo, falta de ar, respiração ofegante ou problemas para respirar), o paciente deve parar de usar Amoxil® e procurar socorro médico o mais rápido possível. Além disso, é recomendado informar ao médico o aparecimento de qualquer desconforto incomum durante o tratamento com o medicamento.","QUAIS OS MALES QUE ESTE MEDICAMENTO PODE ME CAUSAR?, O QUE DEVO SABER ANTES DE USAR ESTE MEDICAMENTO?",,"[""  \n \nModelo de Texto de Bula – Pacientes \nAmoxil® Cápsulas \n \n2 \n \nO uso prolongado também pode resultar, ocasionalmente, em supercrescimento de microrganismos resistentes a \nAmoxil®. \n \nAmoxil® pode piorar algumas condições existentes ou causar efeitos colaterais graves, como reações alérgicas severas, \nreações cutâneas severas, dor no peito, vômitos repetitivos dentro de 1 a 4 horas após a administração de Amoxil® ou \ndiarreia grave (colite pseudomembranosa). Você deve estar atento a determinados sintomas enquanto estiver recebendo \nAmoxil® para ajudar a reduzir o risco de quaisquer problemas. \n \nEfeitos sobre a capacidade de dirigir veículos e de operar máquinas  \nNão se observaram efeitos adversos sobre a capacidade de dirigir veículos e de operar máquinas.  \n \nGravidez e amamentação  \nAmoxil® pode ser usado na gravidez desde que os benefícios potenciais sejam maiores que os riscos potenciais \nassociados ao tratamento. Informe seu médico se você estiver grávida ou suspeitar que está grávida. Você não deve \ntomar este medicamento se estiver grávida, exceto se seu médico recomendar.  \nVocê pode amamentar seu bebê enquanto estiver tomando Amoxil®, mas há excreção de quantidades mínimas de \namoxicilina no leite materno. Se você estiver amamentando, informe ao seu médico antes de iniciar o tratamento com \nAmoxil®.  \n \nEste medicamento não deve ser utilizado por mulheres grávidas sem orientação médica ou do cirurgião-dentista.  \n \nUso compatível com o aleitamento ou doação de leite humano. O uso desse medicamento não interfere no \naleitamento do bebê. \n \nUso em idosos, crianças e outros grupos de risco  \nAs recomendações especiais se referem às doses (ver Posologia, em Como Devo Usar Este Medicamento?).  \n \nInterações Medicamentosas  \nAlguns medicamentos podem causar efeitos indesejáveis se você os ingerir durante o tratamento com Amoxil®. Não \ndeixe de avisar seu médico caso você esteja tomando:  \n- medicamentos usados no tratamento de gota (probenecida ou alopurinol);  \n- outros antibióticos;  \n- pílulas anticoncepcionais (como acontece com outros antibióticos, talvez sejam necessárias precauções adicionais para \nevitar a gravidez);  \n- anticoagulantes; \n- metotrexato (usado para tratar doenças como câncer e psoríase grave).   \nA alimentação não interfere na ação de Amoxil®, que pode ser ingerido nas refeições.  \n \nInforme ao seu médico ou cirurgião-dentista se você está fazendo uso de algum outro medicamento.  \nNão use medicamento sem o conhecimento do seu médico. Pode ser perigoso para a sua saúde.   \n \nAtenção: Contém os corantes vermelho de eritrosina, azul de indigotina, dióxido de titânio  e óxido de ferro \namarelo que podem, eventualmente, causar reações alérgicas. \n \nÉ importante utilizar este medicamento durante todo o tempo prescrito pelo profissional de saúde habilitado, \nmesmo que os sinais e sintomas da infecção tenham desaparecido, pois isso não significa a cura. A interrupção do \ntratamento pode contribuir para o aparecimento de infecções mais graves.   \n \n5. "", ""QUAIS OS MALES QUE ESTE MEDICAMENTO PODE ME CAUSAR?   \nAvise seu médico o mais cedo possível se você não se sentir bem durante o tratamento com Amoxil®.  \nAssim como todo medicamento, Amoxil® pode provocar reações adversas, porém isso não ocorre com todas as pessoas. \nOs efeitos colaterais deste medicamento geralmente são leves.  \n \nReações comuns (ocorrem entre 1% e 10% dos pacientes que utilizam este medicamento) : \n- Diarreia (várias evacuações amolecidas por dia) e enjoo; quando isso acontece, os sintomas normalmente são leves e \ncom frequência podem ser evitados tomando -se o medicamento no início das refeições. Se continuarem ou se tornarem \ngraves, consulte o médico; \n- Erupções da pele.  \n \nReações incomuns (ocorrem entre 0,1% e 1% dos pacientes que utilizam este medicamento) : \n- Vômito, urticária e coceira.  \n \nReações muito raras (ocorrem em menos de 0,01% dos pacientes que utilizam este medicamento) :  \n- Diminuição de glóbulos brancos (leucopenia reversível), que pode resultar em infecções frequentes, como febre, \ncalafrios, inflamação da garganta ou úlceras na boca;  \n- Baixa contagem de plaquetas (trombocitopenia reversível), que pode resultar em sangramento ou hematomas (manchas \nroxas que surgem com mais facilidade que o normal); \n- Destruição de glóbulos vermelhos e consequentemente anemia (anemia hemolítica), que pode resultar em cansaço, \ndores de cabeça e falta de ar causada pela prática de exercícios físicos, vertigem, palidez e amarelamento da pele e/ou \ndos olhos;  \n- Sinais repentinos de alergia, tais como erupções da pele, prurido (coceira) ou urticária, inchaço da face, dos lábios, da \nlíngua ou de outras partes do corpo, falta de ar, respiração ofegante ou problemas para respirar; se esses sintomas \nocorrerem, pare de usar o medicamento e procure socorro médico o mais rápido possível ;  \n- Dor no peito, que pode ser um sinal de uma reação alérgica potencialmente grave chamada síndrome de Kounis;  \n- Vômitos repetitivos (1 a 4 horas após a administração de Amoxil®), dores no estômago, sonolência anormal, diarreia e \npressão baixa, que podem ser um sinal de uma reação alérgica grave denominada síndrome de enterocolite induzida por \nmedicamentos; \n- Convulsões podem ocorrer em pacientes com função renal prejudicada ou que estejam recebendo doses altas do \nmedicamento;  \n- Hipercinesia (presença de movimentos exacerbados e incontroláveis), tontura ;  \n- Candidíase mucocutânea, infecção micótica (causada por fungos) que normalmente afeta as partes íntimas ou a boca; \nna área genital, pode provocar coceira e queimação (com a presença de uma fina camada de secreção branca), e na boca \nou na língua podem surgir pintas brancas dolorosas;  \n- Colite associada a antibióticos (inflamação no cólon (intestino grosso), causando diarreia grave, que também pode \nconter sangue e ser acompanhada de cólicas abdominais; \n- Sua língua pode mudar de cor, ficando amarela, marrom ou preta, e dar a impressão de ter pelos (língua pilosa negra );  \n- Houve relatos de descoloração superficial dos dentes em crianças. Uma boa higiene oral ajuda a prevenir esse efeito \nporque o produto pode, em geral, ser removido com a escovação (apenas Amoxil® em suspensão oral); \n- Inflamação da membrana que reveste o cérebro (meningite asséptica); \n- Erupção cutânea com bolhas dispostas em círculo com crosta central ou como um colar de pérolas (doença IgA linear) ; "", ""**Informe ao seu médico, cirurgião-dentista ou farmacêutico o aparecimento de reações indesejáveis pelo uso do medicamento. Informe também à empresa através do seu serviço de atendimento.** \n\n## **9. O QUE FAZER SE ALGUÉM USAR UMA QUANTIDADE MAIOR QUE A INDICADA DESTE MEDICAMENTO?** \n\nÉ pouco provável que ocorram problemas graves em caso de superdosagem de amoxicilina. As reações mais comuns são enjoo, vômito e diarreia. Procure seu médico para que os sintomas sejam tratados. \n\n**Em caso de uso de grande quantidade deste medicamento, procure rapidamente socorro médico e leve a embalagem ou bula do medicamento se possível. Ligue para 0800 722 6001, se você precisar de mais orientações.** \n\n## **III) DIZERES LEGAIS** \n\nRegistro: 1.0107.0003 \n\nProduzido por: Glaxo Wellcome Production Zone Industrielle de la Peyennière, 53100, Mayenne – França. \n\n5 \n\n**==> picture [87 x 28] intentionally omitted <==**\n\n## Modelo de Texto de Bula – Pacientes Amoxil[®] Cápsulas \n\nImportado e Registrado por: **GlaxoSmithKline Brasil Ltda.** Estrada dos Bandeirantes, 8464 - Rio de Janeiro - RJ CNPJ: 33.247.743/0001-10 \n\n## **VENDA SOB PRESCRIÇÃO COM RETENÇÃO DA RECEITA** \n\nL1991_amoxil_cap_gel_dura_GDS35_IPI16 \n\n**==> picture [43 x 43] intentionally omitted <==**\n\n**==> picture [50 x 41] intentionally omitted <==**\n\n6 \n\n## **"", ""**Informe ao seu médico, cirurgião-dentista ou farmacêutico o aparecimento de reações indesejáveis pelo uso do medicamento. Informe também à empresa através do seu serviço de atendimento.** \n\n## **9. O QUE FAZER SE ALGUÉM USAR UMA QUANTIDADE MAIOR QUE A INDICADA DESTE MEDICAMENTO?** \n\nÉ pouco provável que ocorram problemas graves em caso de superdosagem de amoxicilina. As reações mais comuns são enjoo, vômito e diarreia. Procure seu médico para que os sintomas sejam tratados. \n\n**Em caso de uso de grande quantidade deste medicamento, procure rapidamente socorro médico e leve a embalagem ou bula do medicamento se possível. Ligue para 0800 722 6001, se você precisar de mais orientações.** \n\n## **III) DIZERES LEGAIS** \n\nRegistro: 1.0107.0003 \n\nProduzido por: Glaxo Wellcome Production Zone Industrielle de la Peyennière, 53100, Mayenne – França. \n\n5 \n\n**==> picture [87 x 28] intentionally omitted <==**\n\n## Modelo de Texto de Bula – Pacientes Amoxil[®] Cápsulas \n\nImportado e Registrado por: **GlaxoSmithKline Brasil Ltda.** Estrada dos Bandeirantes, 8464 - Rio de Janeiro - RJ CNPJ: 33.247.743/0001-10 \n\n## **VENDA SOB PRESCRIÇÃO COM RETENÇÃO DA RECEITA** \n\nL1991_amoxil_cap_gel_dura_GDS35_IPI16 \n\n**==> picture [43 x 43] intentionally omitted <==**\n\n**==> picture [50 x 41] intentionally omitted <==**\n\n6 \n\n## **"", ""QUAIS OS MALES QUE ESTE MEDICAMENTO PODE ME CAUSAR?   \nAvise seu médico o mais cedo possível se você não se sentir bem durante o tratamento com Amoxil®.  \nAssim como todo medicamento, Amoxil® pode provocar reações adversas, porém isso não ocorre com todas as pessoas. \nOs efeitos colaterais deste medicamento geralmente são leves.  \n \nReações comuns (ocorrem entre 1% e 10% dos pacientes que utilizam este medicamento):  \n- Diarreia (várias evacuações amolecidas por dia) e enjoo; quando isso acontece, os sintomas normalmente são leves e \ncom frequência podem ser evitados tomando -se o medicamento no início das refeições. Se continuarem ou se tornarem \ngraves, consulte o médico.  \n- Erupções da pele.  \n \nReações incomuns (ocorrem entre 0,1% e 1% dos pacientes que utilizam este medicamento):  \n- Vômito, urticária e coceira.  \n \nReações muito raras (ocorrem em menos de 0,01% dos pacientes que utilizam este medicamento):  \n- Diminuição de glóbulos brancos (leucopenia reversível), que pode resultar em infecções frequentes, como febre, \ncalafrios, inflamação da garganta ou úlceras na boca;  \n- Baixa contagem de plaquetas (trombocitopenia reversível), que pode resultar em sangramento ou hematomas (manchas \nroxas) que surgem com mais facilidade que o normal;  \n- Destruição de glóbulos vermelhos e consequentemente anemia (anemia hemolítica), que pode resultar em cansaço, \ndores de cabeça e falta de ar causada pela prática de exercícios físicos, vertigem, palidez e amarelamento da pele e/ou \ndos olhos;  \n- Sinais repentinos de alergia, como erupções da pele, prurido (coceira) ou urticária, inchaço da face, dos lábios, da \nlíngua ou de outras partes do corpo, falta de ar, respiração ofegante ou problemas para respirar; se esses sintomas \nocorrerem, pare de usar Amoxil® e procure socorro médico o mais rápido possível;  "", ""  \n \nModelo de Texto de Bula – Pacientes \nAmoxil® Pó para suspensão oral \n \n6 \n \n- Efeitos relacionados ao fígado; esses sintomas podem manifestar -se como enj oo, vômito, perda de apetite, sensação \ngeral de mal -estar, febre, coceira, amarelamento da pele e dos olhos e escurecimento da urina e aumento de algumas \nsubstâncias (enzimas) produzidas pelo fígado;  \n- Reações cutâneas graves: erupção cutânea (eritema multiforme), que pode formar bolhas (com pequenas manchas \nescuras centrais rodeadas por uma área pálida, com um anel escuro ao redor da borda); erupção cutânea generalizada \ncom bolhas e descamação da pele na maior parte da superfície corporal (necrólise epidérmica tóxica); erupções na pele \ncom bolhas e descamação, especialmente ao redor da boca, nariz, olhos e genitais (síndrome de Stevens -Johnson); \nerupções na pele com bolhas contendo pus (dermatite esfoliativa bolhosa); erupções escamosas na pele, com bolhas e \ninchaços sob a pele (exantema pustuloso);  \n- Doença renal (problemas para urinar, possivelmente com dor e presença de sangue ou cristais na urina) ;  \n- Sintomas semelhantes aos da gripe com erupção cutânea, febre, glândulas inchadas e resultados anormais de exames de \nsangue (incluindo o aumento dos glóbulos brancos (eosinofilia) e enzimas hep áticas) (Reações do medicamento com \neosinofilia e sintomas sistêmicos (DRESS)); \n- Erupção cutânea vermelha comumente observada em ambos os lados das nádegas, parte interna superior das  coxas, \naxilas, pescoço (Exantema Intertriginoso e Flexural Simétrico Relacionado a Medicamentos (SDRIFE)).  \n \nSe qualquer desconforto incomum se manifestar enquanto você estiver tomando o medicamento, informe seu \nmédico o mais breve possível.  \n \nInforme ao seu médico, cirurgião -dentista ou farmacêutico o aparecimento de reações indesejáveis pelo uso do \nmedicamento. Informe também à empresa através do seu serviço de atendimento.   \n \n9. O QUE FAZER SE ALGUÉM USAR UMA QUANTIDADE MAIOR QUE A INDICADA DESTE \nMEDICAMENTO?  \nÉ pouco provável que ocorram problemas graves em caso de superdosagem de amoxicilina. As reações mais comuns são \nenjoo, vômito e diarreia. Procure seu médico para que os sintomas sejam tratados.  \n \nEm caso de uso de grande quantidade deste medicamento, procure rapidamente socorro médico e leve a \nembalagem ou bula do medicamento, se possível. Ligue para 0800 722 6001, se você precisar de mais orientações. \n \nIII) DIZERES LEGAIS   \nRegistro: 1.0107.0003  \n \nProduzido por: Glaxo Wellcome Production.  \nZone Industrielle de la Peyennière, 53100, Mayenne, França \n \nImportado e Registrado por: GlaxoSmithKline Brasil Ltda.  \nEstrada dos Bandeirantes, 8464 - Rio de Janeiro - RJ  \nCNPJ: 33.247.743/0001-10  \n \nVENDA SOB PRESCRIÇÃO COM RETENÇÃO DA RECEITA  \n \nL1992_amoxil_po_sus_GDS35_IPI16 \n \n \n \n \n \n"", ""Modelo de Texto de Bula – Pacientes \nAmoxil® Pó para suspensão oral \n \n1 \n \nLEIA ESTA BULA ATENTAMENTE ANTES DE INICIAR O TRATAMENTO.  \n \nI)"", ""8. QUAIS OS MALES QUE ESTE MEDICAMENTO PODE ME CAUSAR?** \n\nAvise seu médico o mais cedo possível se você não se sentir bem durante o tratamento com **Amoxil[®]** . Assim como todo medicamento, **Amoxil[®]** pode provocar reações adversas, porém isso não ocorre com todas as pessoas. Os efeitos colaterais deste medicamento geralmente são leves. \n\n## **Reações comuns (ocorrem entre 1% e 10% dos pacientes que utilizam este medicamento):** \n\n- Diarreia (várias evacuações amolecidas por dia) e enjoo; quando isso acontece, os sintomas normalmente são leves e com frequência podem ser evitados tomando-se o medicamento no início das refeições. Se continuarem ou se tornarem graves, consulte o médico. \n\n- Erupções da pele. \n\n## **Reações incomuns (ocorrem entre 0,1% e 1% dos pacientes que utilizam este medicamento):** \n\n- Vômito, urticária e coceira. \n\n## **Reações muito raras (ocorrem em menos de 0,01% dos pacientes que utilizam este medicamento):** \n\n- Diminuição de glóbulos brancos (leucopenia reversível), que pode resultar em infecções frequentes, como febre, calafrios, inflamação da garganta ou úlceras na boca; \n\n- Baixa contagem de plaquetas (trombocitopenia reversível), que pode resultar em sangramento ou hematomas (manchas roxas) que surgem com mais facilidade que o normal; \n\n- Destruição de glóbulos vermelhos e consequentemente anemia (anemia hemolítica), que pode resultar em cansaço, dores de cabeça e falta de ar causada pela prática de exercícios físicos, vertigem, palidez e amarelamento da pele e/ou dos olhos;"", ""8. QUAIS OS MALES QUE ESTE MEDICAMENTO PODE ME CAUSAR?** \n\nAvise seu médico o mais cedo possível se você não se sentir bem durante o tratamento com **Amoxil[®]** . Assim como todo medicamento, **Amoxil[®]** pode provocar reações adversas, porém isso não ocorre com todas as pessoas. Os efeitos colaterais deste medicamento geralmente são leves. \n\n## **Reações comuns (ocorrem entre 1% e 10% dos pacientes que utilizam este medicamento):** \n\n- Diarreia (várias evacuações amolecidas por dia) e enjoo; quando isso acontece, os sintomas normalmente são leves e com frequência podem ser evitados tomando-se o medicamento no início das refeições. Se continuarem ou se tornarem graves, consulte o médico. \n\n- Erupções da pele. \n\n## **Reações incomuns (ocorrem entre 0,1% e 1% dos pacientes que utilizam este medicamento):** \n\n- Vômito, urticária e coceira. \n\n## **Reações muito raras (ocorrem em menos de 0,01% dos pacientes que utilizam este medicamento):** \n\n- Diminuição de glóbulos brancos (leucopenia reversível), que pode resultar em infecções frequentes, como febre, calafrios, inflamação da garganta ou úlceras na boca; \n\n- Baixa contagem de plaquetas (trombocitopenia reversível), que pode resultar em sangramento ou hematomas (manchas roxas) que surgem com mais facilidade que o normal; \n\n- Destruição de glóbulos vermelhos e consequentemente anemia (anemia hemolítica), que pode resultar em cansaço, dores de cabeça e falta de ar causada pela prática de exercícios físicos, vertigem, palidez e amarelamento da pele e/ou dos olhos;"", ""- Destruição de glóbulos vermelhos e consequentemente anemia (anemia hemolítica), que pode resultar em cansaço, dores de cabeça e falta de ar causada pela prática de exercícios físicos, vertigem, palidez e amarelamento da pele e/ou dos olhos; \n\n- Sinais repentinos de alergia, como erupções da pele, prurido (coceira) ou urticária, inchaço da face, dos lábios, da língua ou de outras partes do corpo, falta de ar, respiração ofegante ou problemas para respirar; se esses sintomas ocorrerem, pare de usar **Amoxil[®]** e procure socorro médico o mais rápido possível; \n\n4 \n\n**==> picture [87 x 28] intentionally omitted <==**\n\n## Modelo de Texto de Bula – Pacientes Amoxil[®] Cápsulas \n\n- Dor no peito, que pode ser um sinal de uma reação alérgica potencialmente grave chamada síndrome de Kounis; \n\n- Vômitos repetitivos (1 a 4 horas após a administração de **Amoxil[®]** ), dores no estômago, sonolência anormal, diarreia e pressão baixa, que podem ser um sinal de uma reação alérgica grave denominada síndrome de enterocolite induzida por medicamentos; \n\n- Convulsões (ataques) podem ocorrer em pacientes com função renal prejudicada ou que estejam recebendo doses altas do medicamento; \n\n- Hipercinesia (presença de movimentos exacerbados e incontrolados), tontura; \n\n- Candidíase mucocutânea, infecção micótica (causada por fungos) que normalmente afeta as partes íntimas ou a boca; na área genital, pode provocar coceira e queimação (com a presença de uma fina camada de secreção branca), e na boca ou na língua podem surgir pintas brancas dolorosas;"", ""- Destruição de glóbulos vermelhos e consequentemente anemia (anemia hemolítica), que pode resultar em cansaço, dores de cabeça e falta de ar causada pela prática de exercícios físicos, vertigem, palidez e amarelamento da pele e/ou dos olhos; \n\n- Sinais repentinos de alergia, como erupções da pele, prurido (coceira) ou urticária, inchaço da face, dos lábios, da língua ou de outras partes do corpo, falta de ar, respiração ofegante ou problemas para respirar; se esses sintomas ocorrerem, pare de usar **Amoxil[®]** e procure socorro médico o mais rápido possível; \n\n4 \n\n**==> picture [87 x 28] intentionally omitted <==**\n\n## Modelo de Texto de Bula – Pacientes Amoxil[®] Cápsulas \n\n- Dor no peito, que pode ser um sinal de uma reação alérgica potencialmente grave chamada síndrome de Kounis; \n\n- Vômitos repetitivos (1 a 4 horas após a administração de **Amoxil[®]** ), dores no estômago, sonolência anormal, diarreia e pressão baixa, que podem ser um sinal de uma reação alérgica grave denominada síndrome de enterocolite induzida por medicamentos; \n\n- Convulsões (ataques) podem ocorrer em pacientes com função renal prejudicada ou que estejam recebendo doses altas do medicamento; \n\n- Hipercinesia (presença de movimentos exacerbados e incontrolados), tontura; \n\n- Candidíase mucocutânea, infecção micótica (causada por fungos) que normalmente afeta as partes íntimas ou a boca; na área genital, pode provocar coceira e queimação (com a presença de uma fina camada de secreção branca), e na boca ou na língua podem surgir pintas brancas dolorosas;"", ""  \n \nModelo de Texto de Bula – Pacientes \nAmoxil® Cápsulas \n \n5 \n \n- Dor no peito, que pode ser um sinal de uma reação alérgica potencialmente grave chamada síndrome de Kounis;  \n- Vômitos repetitivos (1 a 4 horas após a administração de Amoxil®), dores no estômago, sonolência anormal, diarreia e \npressão baixa, que podem ser um sinal de uma reação alérgica grave denominada síndrome de enterocolite induzida por \nmedicamentos; \n- Convulsões (ataques) podem ocorrer em pacientes com função renal prejudicada ou que estejam recebendo doses altas \ndo medicamento; \n- Hipercinesia (presença de movimentos exacerbados e incontrolados), tontura ;  \n- Candidíase mucocutânea, infecção micótica (causada por fungos) que normalmente afeta as partes íntimas ou a boca; \nna área genital, pode provocar coceira e queimação (com a presença de uma fina camada de secreção branca), e na boca \nou na língua podem surgir pintas brancas dolorosas; \n- Colite associada a antibióticos (inflamação no cólon (intestino grosso), causando diarreia grave, que também pode \nconter sangue e ser acompanhada de cólicas abdominais; \n- Sua língua pode mudar de cor, ficando amarela, marrom ou preta, e dar a impressão de ter pelos (língua pilosa negra) ; \n- Inflamação da membrana que reveste o cérebro (meningite asséptica); \n- Erupção cutânea com bolhas dispostas em círculo com crosta central ou como um colar de pérolas (doença IgA linear) ; \n- Efeitos relacionados ao fígado; esses sintomas podem manifestar -se como enjoo, vômito, perda de apetite, sensação \ngeral de mal -estar, febre, coceira, amarelamento da pele e dos olhos e escurecimento da urina e aumento de algumas \nsubstâncias (enzimas) produzidas pelo fígado; \n- Reações cutâneas graves: erupção cutânea (eritema multiforme), que pode formar bolhas (com pequenas manchas \nescuras centrais rodeadas por uma área pálida, com um anel escuro ao redor da borda); erupção cutânea generalizada \ncom bolhas e descamação da pele na maior parte da superfície corporal (necrólise epidérmica tóxica); erupções na pele \ncom bolhas e descamação, especialmente ao redor da boca, nariz, olhos e genitais (síndrome de Stevens -Johnson); \nerupções na pele com bolhas contendo pus (dermatite esfoliativa bolhosa); erupções escamosas na pele, com bolhas e \ninchaços sob a pele (exantema pustuloso);  \n- Doença renal (problemas para urinar, possivelmente com dor e presença de sangue ou cristais na urina ); \n- Sintomas semelhantes aos da gripe com erupção cutânea, febre, glândulas inchadas e resultados anormais de exames de \nsangue (incluindo o aumento dos glóbulos brancos (eosinofilia) e enzimas hepáticas) (Reação do medicamento com \neosinofilia e sintomas sistêmicos (DRESS)); \n- uma erupção cutânea vermelha comumente observada em ambos os lados das nádegas, parte interna superior das \ncoxas, axilas, pescoço (Exantema Intertriginoso e Flexural Simétrico Relacionado a Medicamentos (SDRIFE)).   \n \nSe qualquer desconforto incomum se manifestar enquanto você estiver tomando o medicamento, informe seu \nmédico o mais breve possível.  \n \nInforme ao seu médico, cirurgião -dentista ou farmacêutico o aparecimento de reações indesejáveis pelo uso do \nmedicamento. Informe também à empresa através do seu serviço de atendimento.   \n \n9. O QUE FAZER SE ALGUÉM USAR UMA QUANTIDADE MAIOR QUE A INDICADA DESTE \nMEDICAMENTO?  \nÉ pouco provável que ocorram problemas graves em caso de superdosagem de amoxicilina. As reações mais comuns são \nenjoo, vômito e diarreia. Procure seu médico para que os sintomas sejam tratados.  \n \nEm caso de uso de grande quantidade deste medicamento, procure rapidamente socorro médico e leve a \nembalagem ou bula do medicamento se possível. Ligue para 0800 722 6001, se você precisar de mais orientações.  \n \nIII) DIZERES LEGAIS  \nRegistro: 1.0107.0003  \n \nProduzido por: Glaxo Wellcome Production  \nZone Industrielle de la Peyennière, 53100, Mayenne – França.  \n "", ""- Candidíase mucocutânea, infecção micótica (causada por fungos) que normalmente afeta as partes íntimas ou a boca; na área genital, pode provocar coceira e queimação (com a presença de uma fina camada de secreção branca), e na boca ou na língua podem surgir pintas brancas dolorosas; \n\n- Colite associada a antibióticos (inflamação no cólon (intestino grosso), causando diarreia grave, que também pode conter sangue e ser acompanhada de cólicas abdominais; \n\n- Sua língua pode mudar de cor, ficando amarela, marrom ou preta, e dar a impressão de ter pelos (língua pilosa negra); \n\n- Inflamação da membrana que reveste o cérebro (meningite asséptica); \n\n- Erupção cutânea com bolhas dispostas em círculo com crosta central ou como um colar de pérolas (doença IgA linear); - Efeitos relacionados ao fígado; esses sintomas podem manifestar-se como enjoo, vômito, perda de apetite, sensação geral de mal-estar, febre, coceira, amarelamento da pele e dos olhos e escurecimento da urina e aumento de algumas substâncias (enzimas) produzidas pelo fígado;"", ""- Candidíase mucocutânea, infecção micótica (causada por fungos) que normalmente afeta as partes íntimas ou a boca; na área genital, pode provocar coceira e queimação (com a presença de uma fina camada de secreção branca), e na boca ou na língua podem surgir pintas brancas dolorosas; \n\n- Colite associada a antibióticos (inflamação no cólon (intestino grosso), causando diarreia grave, que também pode conter sangue e ser acompanhada de cólicas abdominais; \n\n- Sua língua pode mudar de cor, ficando amarela, marrom ou preta, e dar a impressão de ter pelos (língua pilosa negra); \n\n- Inflamação da membrana que reveste o cérebro (meningite asséptica); \n\n- Erupção cutânea com bolhas dispostas em círculo com crosta central ou como um colar de pérolas (doença IgA linear); - Efeitos relacionados ao fígado; esses sintomas podem manifestar-se como enjoo, vômito, perda de apetite, sensação geral de mal-estar, febre, coceira, amarelamento da pele e dos olhos e escurecimento da urina e aumento de algumas substâncias (enzimas) produzidas pelo fígado;"", ""- Reações cutâneas graves: erupção cutânea (eritema multiforme), que pode formar bolhas (com pequenas manchas escuras centrais rodeadas por uma área pálida, com um anel escuro ao redor da borda); erupção cutânea generalizada com bolhas e descamação da pele na maior parte da superfície corporal (necrólise epidérmica tóxica); erupções na pele com bolhas e descamação, especialmente ao redor da boca, nariz, olhos e genitais (síndrome de Stevens-Johnson); erupções na pele com bolhas contendo pus (dermatite esfoliativa bolhosa); erupções escamosas na pele, com bolhas e inchaços sob a pele (exantema pustuloso); \n\n- Doença renal (problemas para urinar, possivelmente com dor e presença de sangue ou cristais na urina); \n\n- Sintomas semelhantes aos da gripe com erupção cutânea, febre, glândulas inchadas e resultados anormais de exames de sangue (incluindo o aumento dos glóbulos brancos (eosinofilia) e enzimas hepáticas) (Reação do medicamento com eosinofilia e sintomas sistêmicos (DRESS)); \n\n- uma erupção cutânea vermelha comumente observada em ambos os lados das nádegas, parte interna superior das coxas, axilas, pescoço (Exantema Intertriginoso e Flexural Simétrico Relacionado a Medicamentos (SDRIFE)). \n\n**Se qualquer desconforto incomum se manifestar enquanto você estiver tomando o medicamento, informe seu médico o mais breve possível.** \n\n**Informe ao seu médico, cirurgião-dentista ou farmacêutico o aparecimento de reações indesejáveis pelo uso do medicamento. Informe também à empresa através do seu serviço de atendimento.**"", ""IDENTIFICAÇÃO DO MEDICAMENTO** \n\n**Amoxil**[] \n\namoxicilina \n\n## **APRESENTAÇÕES** \n\nCápsulas de 500 mg em embalagem com 15, 21 ou 30 unidades. \n\n## **USO ORAL** \n\n## **USO ADULTO E PEDIÁTRICO (ACIMA DE 40 KG)** \n\n## **COMPOSIÇÃO** \n\nCada cápsula contém: amoxicilina ................................................................................................................................................................ 500 mg (equivalentes a 575 mg de amoxicilina tri-hidratada) Excipiente[1] q.s.p. .................................................................................................................................................... 1 cápsula \n\n- 1Excipiente: estearato de magnésio. \n\nComposição da cápsula: gelatina, vermelho de eritrosina, azul de indigotina, dióxido de titânio, óxido de ferro amarelo. \n\n## **II) INFORMAÇÕES AO PACIENTE** \n\n## **"", ""IDENTIFICAÇÃO DO MEDICAMENTO** \n\n**Amoxil**[] \n\namoxicilina \n\n## **APRESENTAÇÕES** \n\nCápsulas de 500 mg em embalagem com 15, 21 ou 30 unidades. \n\n## **USO ORAL** \n\n## **USO ADULTO E PEDIÁTRICO (ACIMA DE 40 KG)** \n\n## **COMPOSIÇÃO** \n\nCada cápsula contém: amoxicilina ................................................................................................................................................................ 500 mg (equivalentes a 575 mg de amoxicilina tri-hidratada) Excipiente[1] q.s.p. .................................................................................................................................................... 1 cápsula \n\n- 1Excipiente: estearato de magnésio. \n\nComposição da cápsula: gelatina, vermelho de eritrosina, azul de indigotina, dióxido de titânio, óxido de ferro amarelo. \n\n## **II) INFORMAÇÕES AO PACIENTE** \n\n## **"", ""IDENTIFICAÇÃO DO MEDICAMENTO  \nAmoxil  \namoxicilina  \n \nAPRESENTAÇÕES  \nCápsulas de 500 mg em embalagem com 15, 21 ou 30 unidades.  \n \nUSO ORAL  \nUSO ADULTO E PEDIÁTRICO (ACIMA DE 40 KG) \n \nCOMPOSIÇÃO \nCada cápsula contém:  \namoxicilina ................................................................................................................................................................ 500 mg  \n(equivalentes a 575 mg de amoxicilina tri-hidratada)  \nExcipiente1 q.s.p. .................................................................................................................................................... 1 cápsula \n \n1Excipiente: estearato de magnésio.  \n \nComposição da cápsula: gelatina, vermelho de eritrosina, azul de indigotina, dióxido de titânio, óxido de ferro amarelo .  \n \nII) INFORMAÇÕES AO PACIENTE  \n \n1."", ""IDENTIFICAÇÃO DO MEDICAMENTO   \nAmoxil  \namoxicilina  \n \nAPRESENTAÇÕES  \nAmoxil pó para s uspensão oral é apresentado em  embalagem com frasco de 150 mL (250 mg/5 mL e 500 mg/5 mL) \nacompanhado de colher dosadora.  \n \nUSO ORAL  \nUSO ADULTO E PEDIÁTRICO  \n \nCOMPOSIÇÃO  \n \nCada dose de 5 mL de suspensão oral com 250 mg/5 mL contém:  \namoxicilina...................................................................................................................................................................250mg  \n(equivalentes a 287 mg de amoxicilina tri-hidratada)  \nveículo* q.s.p. .................................................................................................................................................................5 mL  \n \nCada dose de 5 mL de suspensão oral com 500 mg/5 mL contém:  \namoxicilina..................................................................................................................................................................500 mg  \n(equivalentes a 574 mg de amoxicilina tri-hidratada)  \nveículo* q.s.p. .................................................................................................................................................................5 mL  \n*Veículo: crospovidona, goma xantana, carmelose sódica, benzoato de sódio, sílica coloidal, estearato de magnésio, \nsabor de limão-pêssego-morango e aspartamo.  \n \nII) INFORMAÇÕES AO PACIENTE   \n \n1. ""]",34.131,31.677
agentic_rag,ollama:gemma4:e4b,AMOXIL,dificil,"Compare os esquemas de Amoxil para infecção grave em adultos, infecção respiratória purulenta grave ou recorrente, gonorreia e erradicação de Helicobacter pylori, destacando quando a bula exige associação com outros medicamentos.",dificil,"Para adultos e crianças acima de 40 kg, a dose padrão em infecções mais graves é 500 mg três vezes ao dia, de 8 em 8 horas. Para infecção respiratória purulenta grave ou recorrente, a bula recomenda dose alta de 3 g duas vezes ao dia, de 12 em 12 horas, respeitando o máximo recomendável de 6 g ao dia em doses divididas. Para gonorreia, a bula descreve dose única de 3 g. Para erradicação de Helicobacter pylori, Amoxil deve ser usado em associação com um inibidor da bomba de prótons, como omeprazol ou lanzoprazol, e outro antimicrobiano, como claritromicina ou metronidazol, por 7 dias.",COMO DEVO USAR ESTE MEDICAMENTO?,"De acordo com a bula do medicamento AMOXIL, consta a seguinte informação:
O tratamento de Amoxil para as diferentes condições em adultos segue os seguintes esquemas posológicos e requisitos de associação medicamentosa:

1.  **Infecções Bacterianas Graves (Dose Padrão):**
    *   A dose recomendada é de 500 mg, três vezes ao dia (de 8 em 8 horas).

2.  **Infecção Respiratória Purulenta Grave ou Recorrente:**
    *   O esquema recomendado é uma dose de 3g duas vezes ao dia (de 12 em 12 horas).

3.  **Gonorreia (Tratamento de Curta Duração):**
    *   A posologia indicada é uma dose única de 3g.

4.  ***Helicobacter pylori*:**
    *   O esquema recomendado é o uso de Amoxil® no esquema de 1 g duas vezes ao dia (de 12 em 12 horas). **Neste caso, a bula exige obrigatoriamente a associação com outros medicamentos**, sendo necessário um inibidor da bomba de prótons (exemplo: omeprazol ou lanzoprazol) e outro agente antimicrobiano (por exemplo claritromicina ou metronidazol), por um período total de 7 dias.

Em resumo, o tratamento para erradicação de *Helicobacter pylori* é o único que exige a associação com múltiplos medicamentos além do Amoxil®.

---
*Esta resposta se baseia apenas nos trechos da bula recuperados e não substitui orientação médica ou farmacêutica.*","De acordo com a bula do medicamento AMOXIL, consta a seguinte informação:
O tratamento de Amoxil para as diferentes condições em adultos segue os seguintes esquemas posológicos e requisitos de associação medicamentosa:

1.  **Infecções Bacterianas Graves (Dose Padrão):**
    *   A dose recomendada é de 500 mg, três vezes ao dia (de 8 em 8 horas).

2.  **Infecção Respiratória Purulenta Grave ou Recorrente:**
    *   O esquema recomendado é uma dose de 3g duas vezes ao dia (de 12 em 12 horas).

3.  **Gonorreia (Tratamento de Curta Duração):**
    *   A posologia indicada é uma dose única de 3g.

4.  ***Helicobacter pylori*:**
    *   O esquema recomendado é o uso de Amoxil® no esquema de 1 g duas vezes ao dia (de 12 em 12 horas). **Neste caso, a bula exige obrigatoriamente a associação com outros medicamentos**, sendo necessário um inibidor da bomba de prótons (exemplo: omeprazol ou lanzoprazol) e outro agente antimicrobiano (por exemplo claritromicina ou metronidazol), por um período total de 7 dias.

Em resumo, o tratamento para erradicação de *Helicobacter pylori* é o único que exige a associação com múltiplos medicamentos além do Amoxil®.","PARA QUE ESTE MEDICAMENTO É INDICADO?, COMO DEVO USAR ESTE MEDICAMENTO?",,"[""  \n \nModelo de Texto de Bula – Pacientes \nAmoxil® Pó para suspensão oral \n \n4 \n \nPosologia  \n \nDose para adultos e crianças acima de 40 kg  \nDose padrão: 250 mg três vezes ao dia (de 8 em 8 horas), podendo ser aumentada para 500 mg três vezes ao dia (de 8 em \n8 horas) nas infecções mais graves.  \n \nTratamento com dosagem alta (máximo recomendável de 6 g ao dia em doses divididas)   \nRecomenda-se uma dose de 3g duas vezes ao dia (de 12 em 12 horas) nos casos que requerem tratamento de infecção \nrespiratória purulenta (com a presença de pus) grave ou recorrente.  \n \nTratamento de curta duração  \nGonorreia: dose única de 3 g. \n \nErradicação de Helicobacter pylori em úlcera péptica (no duodeno ou no estômago)  \nPara combater o Helicobacter (bactéria que ataca o estômago e o duodeno), recomenda -se o uso de Amoxil® no \nesquema de 750 mg a 1 g duas vezes ao dia, em associação com um inibidor da bomba de prótons (exemplo: omeprazol , \nlanzoprazol) e outro agente antimicrobiano (por exemplo claritromicina, metronidazol), por 7 dias.  \n \nDose para crianças abaixo de 40 kg  \nDose padrão para crianças: 20 a 50 mg/kg/dia em doses divididas (de 8 em 8 horas), até um máximo de 150 mg/kg/dia \nem doses divididas. \n \nPacientes com insuficiência renal (dos rins)  \nNa insuficiência renal, a eliminação do antibiótico é mais lenta. Conforme o grau dessa condição, seu médico pode \nindicar a redução da dose diária total de acordo com o esquema descrito a seguir.  \n \nAdultos e crianças acima de 40 kg  \n- insuficiência leve: nenhuma alteração de dose;  \n- insuficiência moderada: máximo de 500 mg duas vezes ao dia (de 12 em 12 horas);  \n- insuficiência grave: máximo de 500 mg uma vez ao dia.  \n \nCrianças abaixo de 40 kg  \n- insuficiência leve: nenhuma alteração de dose;  \n- insuficiência moderada: 15 mg/kg duas vezes ao dia (de 12/12 horas); (no máximo de 500mg duas vezes ao dia);  \n- insuficiência grave: 15 mg/kg uma vez ao dia. (no máximo de 500mg). \n \nPacientes que recebem diálise peritoneal  \nUsa-se a mesma posologia indicada para pacientes com insuficiência renal grave. A diálise peritoneal (processo de \nlimpeza das substâncias tóxicas do organismo através do peritônio, membrana que envolve o abdômen) não remove a \namoxicilina do corpo.  \n \nPacientes que recebem hemodiálise  \nUsa-se a mesma posologia indicada para pacientes com insuficiência renal grave.  \nA amoxicilina é removida do sangue por hemodiálise (processo que substitui os rins na filtragem sanguínea). Portanto, \numa dose adicional (500 mg para adultos  e crianças acima de 40kg ou 15 mg/kg para crianças abaixo de 40 kg) pode ser \nadministrada durante e no final de cada diálise.  \nSeu médico poderá indicar tratamento por via parenteral (feito com aplicação de injeções intravenosas, intramusculares \nou subcutâneas) nos casos em que a via oral for considerada inadequada (particularmente nos tratamentos urgentes de \ninfecções graves).  \nConforme o grau de insuficiência renal, talvez seu médico ache necessário reduzir a dose diária total.  \n "", ""PARA QUE ESTE MEDICAMENTO É INDICADO?   \nAmoxil®, um antibiótico eficaz contra grande variedade de bactérias, é indicado para tratamento de infecções \nbacterianas causadas por germes sensíveis à ação da amoxicilina. Entretanto, seu médico pode receitar este medicamento \npara outro uso. Se desejar mais informações, pergunte ao seu médico.  \n \n2."", ""PARA QUE ESTE MEDICAMENTO É INDICADO?  \nAmoxil®, antibiótico eficaz contra grande variedade de bactérias, é indicado para tratamento de infecções bacterianas \ncausadas por germes sensíveis à ação da amoxicilina. Entretanto, seu médico pode receitar este medicamento para outro \nuso. Se desejar mais informações, pergunte ao seu médico.  \n \n2."", ""1. PARA QUE ESTE MEDICAMENTO É INDICADO?** \n\n**Amoxil[®]** , antibiótico eficaz contra grande variedade de bactérias, é indicado para tratamento de infecções bacterianas causadas por germes sensíveis à ação da amoxicilina. Entretanto, seu médico pode receitar este medicamento para outro uso. Se desejar mais informações, pergunte ao seu médico. \n\n## **"", ""1. PARA QUE ESTE MEDICAMENTO É INDICADO?** \n\n**Amoxil[®]** , antibiótico eficaz contra grande variedade de bactérias, é indicado para tratamento de infecções bacterianas causadas por germes sensíveis à ação da amoxicilina. Entretanto, seu médico pode receitar este medicamento para outro uso. Se desejar mais informações, pergunte ao seu médico. \n\n## **"", ""Modelo de Texto de Bula – Pacientes \nAmoxil® Pó para suspensão oral \n \n5 \n \nSiga a orientação de seu médico, respeitando sempre os horários, as doses e a duração do tratamento.  \nNão interrompa o tratamento sem o conhecimento de seu médico.  \n \n7."", ""## **- Tratamento de curta duração (gonorreia): dose única de 3 g.** \n\n**Erradicação de** _**Helicobacter pylori:**_ para combater o _Helicobacter_ (bactéria que ataca o estômago e o duodeno), recomenda-se o uso de Amoxil[®] no esquema de 1 g duas vezes ao dia (de 12 em 12 horas), em associação com um medicamento conhecido como inibidor da bomba de prótons (exemplo: omeprazol, lanzoprazol) e outro agente antimicrobiano (por exemplo claritromicina, metronidazol), por 7 dias. \n\n## **Pacientes com insuficiência renal (dos rins)** \n\nNa insuficiência renal, a eliminação do antibiótico é mais lenta. Conforme o grau dessa condição, seu médico pode indicar a redução da dose diária total de acordo com o esquema descrito a seguir. \n\nAdultos e crianças acima de 40 kg \n\n- insuficiência leve: nenhuma alteração de dose; \n\n- insuficiência moderada: máximo de 500 mg (uma cápsula) duas vezes ao dia (de 12 em 12 horas); \n\n- insuficiência grave: máximo de 500 mg (uma cápsula) ao dia. \n\n3 \n\n**==> picture [87 x 28] intentionally omitted <==**\n\n## Modelo de Texto de Bula – Pacientes Amoxil[®] Cápsulas \n\n## **Pacientes que recebem diálise peritoneal** \n\nUsa-se a mesma posologia indicada para pacientes com insuficiência renal grave. A diálise peritoneal (processo de limpeza das substâncias tóxicas do organismo através do peritônio, membrana que envolve o abdômen) não remove a amoxicilina do corpo. \n\n## **Pacientes que recebem hemodiálise** \n\nUsa-se a mesma posologia indicada para pacientes com insuficiência renal grave."", ""## **- Tratamento de curta duração (gonorreia): dose única de 3 g.** \n\n**Erradicação de** _**Helicobacter pylori:**_ para combater o _Helicobacter_ (bactéria que ataca o estômago e o duodeno), recomenda-se o uso de Amoxil[®] no esquema de 1 g duas vezes ao dia (de 12 em 12 horas), em associação com um medicamento conhecido como inibidor da bomba de prótons (exemplo: omeprazol, lanzoprazol) e outro agente antimicrobiano (por exemplo claritromicina, metronidazol), por 7 dias. \n\n## **Pacientes com insuficiência renal (dos rins)** \n\nNa insuficiência renal, a eliminação do antibiótico é mais lenta. Conforme o grau dessa condição, seu médico pode indicar a redução da dose diária total de acordo com o esquema descrito a seguir. \n\nAdultos e crianças acima de 40 kg \n\n- insuficiência leve: nenhuma alteração de dose; \n\n- insuficiência moderada: máximo de 500 mg (uma cápsula) duas vezes ao dia (de 12 em 12 horas); \n\n- insuficiência grave: máximo de 500 mg (uma cápsula) ao dia. \n\n3 \n\n**==> picture [87 x 28] intentionally omitted <==**\n\n## Modelo de Texto de Bula – Pacientes Amoxil[®] Cápsulas \n\n## **Pacientes que recebem diálise peritoneal** \n\nUsa-se a mesma posologia indicada para pacientes com insuficiência renal grave. A diálise peritoneal (processo de limpeza das substâncias tóxicas do organismo através do peritônio, membrana que envolve o abdômen) não remove a amoxicilina do corpo. \n\n## **Pacientes que recebem hemodiálise** \n\nUsa-se a mesma posologia indicada para pacientes com insuficiência renal grave."", ""  \n \nModelo de Texto de Bula – Pacientes \nAmoxil® Cápsulas \n \n4 \n \n \nPacientes que recebem diálise peritoneal  \nUsa-se a mesma posologia indicada para pacientes com insuficiência renal grave. A diálise peritoneal (processo de \nlimpeza das substâncias tóxicas do organismo através do peritônio, membrana que envolve o abdômen) não remove a \namoxicilina do corpo.  \n \nPacientes que recebem hemodiálise  \nUsa-se a mesma posologia indicada para pacientes com insuficiência renal grave.  \nA amoxicilina é removida do sangue por hemodiálise (processo que substitui os rins na filtragem sanguínea). Portanto, \numa dose adicional (500 mg para adultos  e crianças acima de 40kg ou 15 mg/kg para crianças abaixo de 40 kg) pode ser \nadministrada durante e no final de cada diálise.  \nSeu médico poderá indicar tratamento por via parenteral (feito com aplicação de injeções intravenosas, intramusculares \nou subcutâneas) nos casos em que a via oral for considerada inadequada (particularmente nos tratamentos urgentes de \ninfecções graves).  \nConforme o grau de insuficiência renal, talvez seu médico ache necessário reduzir a dose diária total.  \n \nSiga a orientação de seu médico, respeitando sempre os horários, as doses e a duração do tratamento.   \nNão interrompa o tratamento sem o conhecimento de seu médico.  \nEste medicamento não deve ser partido ou mastigado.  \n \n7. "", ""## **Pacientes que recebem hemodiálise** \n\nUsa-se a mesma posologia indicada para pacientes com insuficiência renal grave. \n\nA amoxicilina é removida do sangue por hemodiálise (processo que substitui os rins na filtragem sanguínea). Portanto, uma dose adicional (500 mg para adultos e crianças acima de 40kg ou 15 mg/kg para crianças abaixo de 40 kg) pode ser administrada durante e no final de cada diálise. \n\nSeu médico poderá indicar tratamento por via parenteral (feito com aplicação de injeções intravenosas, intramusculares ou subcutâneas) nos casos em que a via oral for considerada inadequada (particularmente nos tratamentos urgentes de infecções graves). \n\nConforme o grau de insuficiência renal, talvez seu médico ache necessário reduzir a dose diária total. \n\n**Siga a orientação de seu médico, respeitando sempre os horários, as doses e a duração do tratamento. Não interrompa o tratamento sem o conhecimento de seu médico. Este medicamento não deve ser partido ou mastigado.** \n\n## **"", ""## **Pacientes que recebem hemodiálise** \n\nUsa-se a mesma posologia indicada para pacientes com insuficiência renal grave. \n\nA amoxicilina é removida do sangue por hemodiálise (processo que substitui os rins na filtragem sanguínea). Portanto, uma dose adicional (500 mg para adultos e crianças acima de 40kg ou 15 mg/kg para crianças abaixo de 40 kg) pode ser administrada durante e no final de cada diálise. \n\nSeu médico poderá indicar tratamento por via parenteral (feito com aplicação de injeções intravenosas, intramusculares ou subcutâneas) nos casos em que a via oral for considerada inadequada (particularmente nos tratamentos urgentes de infecções graves). \n\nConforme o grau de insuficiência renal, talvez seu médico ache necessário reduzir a dose diária total. \n\n**Siga a orientação de seu médico, respeitando sempre os horários, as doses e a duração do tratamento. Não interrompa o tratamento sem o conhecimento de seu médico. Este medicamento não deve ser partido ou mastigado.** \n\n## **"", ""COMO DEVO USAR ESTE MEDICAMENTO?  \nModo de usar  \nSiga as orientações de seu médico sobre a maneira e a hora correta de tomar o medicamento. Ele vai decidir a \nquantidade diária que você precisa e o tempo durante o qual você deve usar este medicamento.  \nLeia esta bula com cautela. Se você tiver alguma dúvida, fale com seu médico.  \nRecomenda-se ingerir o medicamento nas refeições, embora ele continue eficaz mesmo que você o tome em outros \nhorários.  \nContinue tomando este medicamento até o fim do tratamento prescrito pelo médico. Não pare somente porque se sente \nmelhor.  \nAs cápsulas devem ser ingeridas inteiras com água. Não as mastigue.   \n \nPosologia  \nAtenção! Para algumas doses indicadas abaixo (doses inferiores a 500 mg) é necessário o uso da suspensão oral, \nconverse com seu médico ou farmacêutico em caso de dúvida. \n \nDose para adultos e crianças acima de 40 kg  \n- Dose padrão: 500 mg (uma cápsula) três vezes ao dia (de 8 em 8 horas) nas infecções mais graves.  \n \n- Tratamento com dosagem alta (máximo recomendável de 6 g ao dia em doses divididas) : recomenda-se uma dose de 3 \ng (seis cápsulas) duas vezes ao dia (de 12 em 12 horas) em casos que requerem tratamento de infecção respiratória \npurulenta (com a presença de pus) grave ou recorrente.  \n \n- Tratamento de curta duração (gonorreia): dose única de 3 g.  \n \nErradicação de Helicobacter pylori: para combater o Helicobacter (bactéria que ataca o estômago e o duodeno), \nrecomenda-se o uso de Amoxil® no esquema de 1 g duas vezes ao dia (de 12 em 12 horas), em associação com um \nmedicamento conhecido como inibidor da bomba de prótons (exemplo: omeprazol , lanzoprazol ) e outro agente \nantimicrobiano (por exemplo claritromicina, metronidazol), por 7 dias.  \n \nPacientes com insuficiência renal (dos rins)  \nNa insuficiência renal, a eliminação do antibiótico é mais lenta. Conforme o grau dessa condição, seu médico pode \nindicar a redução da dose diária total de acordo com o esquema descrito a seguir.  \n \nAdultos e crianças acima de 40 kg  \n- insuficiência leve: nenhuma alteração de dose;  \n- insuficiência moderada: máximo de 500 mg (uma cápsula) duas vezes ao dia (de 12 em 12 horas);  \n- insuficiência grave: máximo de 500 mg (uma cápsula) ao dia.  "", ""6. COMO DEVO USAR ESTE MEDICAMENTO?** \n\n## **Modo de usar** \n\nSiga as orientações de seu médico sobre a maneira e a hora correta de tomar o medicamento. Ele vai decidir a quantidade diária que você precisa e o tempo durante o qual você deve usar este medicamento. Leia esta bula com cautela. Se você tiver alguma dúvida, fale com seu médico. \n\nRecomenda-se ingerir o medicamento nas refeições, embora ele continue eficaz mesmo que você o tome em outros horários. \n\nContinue tomando este medicamento até o fim do tratamento prescrito pelo médico. Não pare somente porque se sente melhor. \n\n**As cápsulas devem ser ingeridas inteiras com água. Não as mastigue.** \n\n## **Posologia** \n\nAtenção! Para algumas doses indicadas abaixo (doses inferiores a 500 mg) é necessário o uso da suspensão oral, converse com seu médico ou farmacêutico em caso de dúvida. \n\n## **Dose para adultos e crianças acima de 40 kg** \n\n- Dose padrão: 500 mg (uma cápsula) três vezes ao dia (de 8 em 8 horas) nas infecções mais graves. \n\n- Tratamento com dosagem alta (máximo recomendável de 6 g ao dia em doses divididas): recomenda-se uma dose de 3 g (seis cápsulas) duas vezes ao dia (de 12 em 12 horas) em casos que requerem tratamento de infecção respiratória purulenta (com a presença de pus) grave ou recorrente. \n\n## **- Tratamento de curta duração (gonorreia): dose única de 3 g.**"", ""6. COMO DEVO USAR ESTE MEDICAMENTO?** \n\n## **Modo de usar** \n\nSiga as orientações de seu médico sobre a maneira e a hora correta de tomar o medicamento. Ele vai decidir a quantidade diária que você precisa e o tempo durante o qual você deve usar este medicamento. Leia esta bula com cautela. Se você tiver alguma dúvida, fale com seu médico. \n\nRecomenda-se ingerir o medicamento nas refeições, embora ele continue eficaz mesmo que você o tome em outros horários. \n\nContinue tomando este medicamento até o fim do tratamento prescrito pelo médico. Não pare somente porque se sente melhor. \n\n**As cápsulas devem ser ingeridas inteiras com água. Não as mastigue.** \n\n## **Posologia** \n\nAtenção! Para algumas doses indicadas abaixo (doses inferiores a 500 mg) é necessário o uso da suspensão oral, converse com seu médico ou farmacêutico em caso de dúvida. \n\n## **Dose para adultos e crianças acima de 40 kg** \n\n- Dose padrão: 500 mg (uma cápsula) três vezes ao dia (de 8 em 8 horas) nas infecções mais graves. \n\n- Tratamento com dosagem alta (máximo recomendável de 6 g ao dia em doses divididas): recomenda-se uma dose de 3 g (seis cápsulas) duas vezes ao dia (de 12 em 12 horas) em casos que requerem tratamento de infecção respiratória purulenta (com a presença de pus) grave ou recorrente. \n\n## **- Tratamento de curta duração (gonorreia): dose única de 3 g.**"", ""COMO DEVO USAR ESTE MEDICAMENTO?  \nModo de usar  \nSiga as orientações de seu médico sobre a maneira e a hora correta de tomar o medicamento. Ele vai decidir a \nquantidade diária que você precisa e o tempo durante o qual você deve usar o medicamento.  \nLeia esta bula com cautela. Se você tiver alguma dúvida, fale com seu médico.  \nRecomenda-se ingerir o medicamento nas refeições, embora ele continue eficaz mesmo que você o tome em outros \nhorários.  \nContinue tomando este medicamento até o fim do tratamento prescrito pelo médico. Não pare somente porque se sente \nmelhor.  \n \nPreparo da suspensão  \n1. Verifique se o selo está intacto antes do uso do produto \n2. Para soltar o pó que fica no fundo do frasco, agite-o antes de abri-lo. Isso facilitará a reconstituição.  \n3. Ponha água filtrada no frasco até a marca indicada e agite-o bem para misturar totalmente o pó com a água.  \n4. Se a mistura não atingir a marca indicada, espere a espuma baixar e complete (lentamente) com água filtrada. Agite de \nnovo o frasco e espere a espuma baixar até que a solução atinja exatamente a marca indicada.  \nUtilize a colher dosadora para tomar o medicamento.  \nA suspensão oral, após a reconstituição, ficará estável por 14 dias se for conservada em geladeira (entre 2 oC e 8oC). \n \nAgite a suspensão oral antes de usá-la.  "", ""IDENTIFICAÇÃO DO MEDICAMENTO** \n\n**Amoxil**[] \n\namoxicilina \n\n## **APRESENTAÇÕES** \n\nCápsulas de 500 mg em embalagem com 15, 21 ou 30 unidades. \n\n## **USO ORAL** \n\n## **USO ADULTO E PEDIÁTRICO (ACIMA DE 40 KG)** \n\n## **COMPOSIÇÃO** \n\nCada cápsula contém: amoxicilina ................................................................................................................................................................ 500 mg (equivalentes a 575 mg de amoxicilina tri-hidratada) Excipiente[1] q.s.p. .................................................................................................................................................... 1 cápsula \n\n- 1Excipiente: estearato de magnésio. \n\nComposição da cápsula: gelatina, vermelho de eritrosina, azul de indigotina, dióxido de titânio, óxido de ferro amarelo. \n\n## **II) INFORMAÇÕES AO PACIENTE** \n\n## **"", ""IDENTIFICAÇÃO DO MEDICAMENTO** \n\n**Amoxil**[] \n\namoxicilina \n\n## **APRESENTAÇÕES** \n\nCápsulas de 500 mg em embalagem com 15, 21 ou 30 unidades. \n\n## **USO ORAL** \n\n## **USO ADULTO E PEDIÁTRICO (ACIMA DE 40 KG)** \n\n## **COMPOSIÇÃO** \n\nCada cápsula contém: amoxicilina ................................................................................................................................................................ 500 mg (equivalentes a 575 mg de amoxicilina tri-hidratada) Excipiente[1] q.s.p. .................................................................................................................................................... 1 cápsula \n\n- 1Excipiente: estearato de magnésio. \n\nComposição da cápsula: gelatina, vermelho de eritrosina, azul de indigotina, dióxido de titânio, óxido de ferro amarelo. \n\n## **II) INFORMAÇÕES AO PACIENTE** \n\n## **"", ""IDENTIFICAÇÃO DO MEDICAMENTO  \nAmoxil  \namoxicilina  \n \nAPRESENTAÇÕES  \nCápsulas de 500 mg em embalagem com 15, 21 ou 30 unidades.  \n \nUSO ORAL  \nUSO ADULTO E PEDIÁTRICO (ACIMA DE 40 KG) \n \nCOMPOSIÇÃO \nCada cápsula contém:  \namoxicilina ................................................................................................................................................................ 500 mg  \n(equivalentes a 575 mg de amoxicilina tri-hidratada)  \nExcipiente1 q.s.p. .................................................................................................................................................... 1 cápsula \n \n1Excipiente: estearato de magnésio.  \n \nComposição da cápsula: gelatina, vermelho de eritrosina, azul de indigotina, dióxido de titânio, óxido de ferro amarelo .  \n \nII) INFORMAÇÕES AO PACIENTE  \n \n1."", ""IDENTIFICAÇÃO DO MEDICAMENTO   \nAmoxil  \namoxicilina  \n \nAPRESENTAÇÕES  \nAmoxil pó para s uspensão oral é apresentado em  embalagem com frasco de 150 mL (250 mg/5 mL e 500 mg/5 mL) \nacompanhado de colher dosadora.  \n \nUSO ORAL  \nUSO ADULTO E PEDIÁTRICO  \n \nCOMPOSIÇÃO  \n \nCada dose de 5 mL de suspensão oral com 250 mg/5 mL contém:  \namoxicilina...................................................................................................................................................................250mg  \n(equivalentes a 287 mg de amoxicilina tri-hidratada)  \nveículo* q.s.p. .................................................................................................................................................................5 mL  \n \nCada dose de 5 mL de suspensão oral com 500 mg/5 mL contém:  \namoxicilina..................................................................................................................................................................500 mg  \n(equivalentes a 574 mg de amoxicilina tri-hidratada)  \nveículo* q.s.p. .................................................................................................................................................................5 mL  \n*Veículo: crospovidona, goma xantana, carmelose sódica, benzoato de sódio, sílica coloidal, estearato de magnésio, \nsabor de limão-pêssego-morango e aspartamo.  \n \nII) INFORMAÇÕES AO PACIENTE   \n \n1. ""]",27.238,37.724
agentic_rag,ollama:gemma4:e4b,RIVOTRIL,dificil,"Em um paciente idoso com comprometimento hepático leve a moderado que também usa depressores do sistema nervoso central, quais riscos e ajustes a bula exige considerar antes de iniciar Rivotril?",dificil,"A bula informa que os efeitos dos benzodiazepínicos parecem ser maiores em idosos, mesmo em concentrações plasmáticas similares, e que nesses pacientes deve ser usada a menor dose possível, com cuidado especial durante alterações de dose. Para comprometimento hepático leve a moderado, a bula também recomenda a menor dose possível; em comprometimento hepático grave, Rivotril não deve ser usado. Além disso, não se deve tomar Rivotril com álcool e/ou depressores do sistema nervoso central, pois a combinação pode aumentar seus efeitos, com potencial sedação grave que pode resultar em coma ou morte, depressão cardiovascular e/ou respiratória.",QUANDO NÃO DEVO USAR ESTE MEDICAMENTO? / O QUE DEVO SABER ANTES DE USAR ESTE MEDICAMENTO? / COMO DEVO USAR ESTE MEDICAMENTO?,"De acordo com a bula do medicamento RIVOTRIL, consta a seguinte informação: Em pacientes idosos, os efeitos dos benzodiazepínicos parecem ser maiores do que em pacientes mais jovens, mesmo em concentrações plasmáticas similares, sendo recomendado o uso da dose mais baixa possível e especial cuidado durante as alterações na dose. Para pacientes com comprometimento hepático leve a moderado, deve-se receber a dose mais baixa possível. Além disso, é crucial não tomar Rivotril® com álcool e/ou depressores do sistema nervoso central, pois essa combinação pode aumentar os efeitos de Rivotril®, resultando em potencial sedação grave que pode levar a coma ou morte, depressão cardiovascular e/ou respiratória.

---
*Esta resposta se baseia apenas nos trechos da bula recuperados e não substitui orientação médica ou farmacêutica. É recomendável consultar um profissional de saúde para orientação individualizada.*","De acordo com a bula do medicamento RIVOTRIL, consta a seguinte informação: Em pacientes idosos, os efeitos dos benzodiazepínicos parecem ser maiores do que em pacientes mais jovens, mesmo em concentrações plasmáticas similares, sendo recomendado o uso da dose mais baixa possível e especial cuidado durante as alterações na dose. Para pacientes com comprometimento hepático leve a moderado, deve-se receber a dose mais baixa possível. Além disso, é crucial não tomar Rivotril® com álcool e/ou depressores do sistema nervoso central, pois essa combinação pode aumentar os efeitos de Rivotril®, resultando em potencial sedação grave que pode levar a coma ou morte, depressão cardiovascular e/ou respiratória.","O QUE DEVO SABER ANTES DE USAR ESTE MEDICAMENTO?, QUANDO NÃO DEVO USAR ESTE MEDICAMENTO?, QUAIS OS MALES QUE ESTE MEDICAMENTO PODE ME CAUSAR?",,"[""**Distúrbios do sistema nervoso** : diminuição da concentração, sonolência, lentificação, hipotonia muscular, tonturas, ataxia são frequentes e geralmente transitórias. Dor de cabeça (raro). Distúrbios reversíveis: dificuldade para articular a fala, incoordenação de movimentos e da marcha, movimento anormal dos olhos. Pode haver esquecimento de fatos recentes, associado a alteração de comportamento. Pode haver aumento das crises convulsivas em determinadas formas de epilepsia. Perda da voz, movimentos grosseiros e descoordenados de braços e pernas, coma, tremor, perda de força de um lado do corpo, sensação de cabeça leve, falta de energia e formigamento e alteração da sensibilidade nas extremidades. \n\n**Distúrbios oculares** : visão dupla reversível, aparência de “olho vítreo”. \n\n**Distúrbios cardiovasculares** : palpitações, dor torácica, insuficiência cardíaca (incluindo parada  cardíaca). \n\n**Distúrbios respiratórios** : congestão pulmonar, congestão nasal, hipersecreção, tosse, falta de ar, bronquite, rinite, faringite. Pode ocorrer depressão respiratória. **Rivotril[® ]** pode aumentar a produção de saliva ou de secreção brônquica (secreção nas vias aéreas) em lactentes e crianças. \n\n**Distúrbios gastrintestinais** : perda do apetite, língua saburrosa, constipação, diarreia, boca seca, incontinência fecal (perda do controle da evacuação), gastrite, aumento do fígado, apetite aumentado, gengivas doloridas, dor abdominal, inflamação gastrintestinal, dor de dente. Náuseas e sintomas epigástricos (raro) (sintomas na região do estômago). \n\n5"", ""8. QUAIS OS MALES QUE ESTE MEDICAMENTO PODE ME   CAUSAR?** Algumas reações são transitórias e desaparecem espontaneamente no decorrer do tratamento ou com redução da dose. As reações que ocorreram em ≥ 5% dos pacientes em estudos clínicos foram: sonolência, dor de cabeça, infecção das vias aéreas superiores, cansaço, gripe, depressão, vertigem, irritabilidade, insônia, perda da coordenação de movimentos e da marcha, perda do equilíbrio, náusea, sensação de cabeça leve, sinusite e concentração prejudicada. \n\n## **Pós-comercialização:** \n\n**Distúrbios do sistema imunológico** : reações alérgicas e muito poucos casos de anafilaxia (reação alérgica grave). \n\n**Distúrbios endócrinos** : casos isolados, reversíveis, de puberdade precoce incompleta em crianças. \n\n**Distúrbios psiquiátricos** : amnésia, alucinações, histeria, psicose, tentativa de suicídio, despersonalização, distúrbio de memória, desinibição orgânica, ideias suicidas, lamentações, distúrbios emocionais e de humor, estado confusional e desorientação. Depressão pode estar associada à doença de base. Reações paradoxais: inquietação, agitação, irritabilidade, agressividade, nervosismo, hostilidade, ansiedade, distúrbios do sono, delírio, raiva, pesadelos, sonhos anormais, alucinações, psicose, hiperatividade, comportamento inapropriado e outros efeitos comportamentais. Alterações da libido (casos raros). Dependência e retirada, vide item “Abuso e dependência do medicamento”."", ""4) ataxia cerebelar ou espinhal (descoordenação dos movimentos por problema do cerebelo ou medula); \n\n> 5) uso regular ou intoxicação aguda por álcool ou drogas. \n\nPode ocorrer perda de efeito durante o tratamento com clonazepam. \n\nNão tome **Rivotril[® ]** com álcool e/ou depressores do sistema nervoso central, essa combinação pode aumentar os efeitos de **Rivotril[®]** , com potencial sedação grave que pode resultar em coma ou morte, depressão cardiovascular e/ou respiratória. Caso ocorram reações paradoxais ** durante o tratamento, fale com seu médico, pois o uso do medicamento deve ser descontinuado. Pode ocorrer amnésia anterógrada (perda da habilidade de criar novas memórias e absorver novas informações), com o uso de benzodiazepínicos em doses terapêuticas. \n\n**Rivotril[® ]** pode precipitar o estado de mal epiléptico (crises epilépticas em sequência rápida). Fale com seu médico antes de aumentar a dose ou interromper abruptamente esta medicação. \n\n## **Abuso e dependência do medicamento**"", ""5 \n \n \nInstruções especiais de administração  \nRivotril® pode ser usado com outros antiepilépticos. Nesse caso, seu médico ajustará a dose de cada medicamento \npara atingir o efeito ideal. \nNão pare de tomar Rivotril® subitamente, você pode ter novas crises epilépticas. Somente seu médico poderá orientar \na interrupção do tratamento reduzindo gradualmente a dose utilizada. \n \nSiga a orientação de seu médico, respeitando sempre os horários, as doses e a duração do tratamento. Não \ninterrompa o tratamento sem o conhecimento do seu médico.  \n \n7. O QUE DEVO FAZER QUANDO EU ME ESQU ECER DE USAR ESTE MEDICAMENTO? Nunca \ndobre a dose na próxima tomada. Apenas continue com a próxima dose no tempo determinado.    \nEm caso de dúvidas, procure orientação do farmacêutico, de seu médico ou   cirurgião-dentista.  \n \n8. QUAIS OS MALES QUE ESTE MEDICAMENTO PODE ME   CAUSAR?  \nAlgumas reações são transitórias e desaparecem espontaneamente no decorrer do tratamento ou com redução da dose. \nAs reações que ocorreram em ≥ 5% dos pacientes em estudos clínicos foram: sonolência, dor de cabeça, infecção das \nvias aéreas superiores, cansaço, gripe, depressão, vertigem, irritabilidade, insônia, perda da coordenação de \nmovimentos e da marcha, perda do equilíbrio, náusea, sensação de cabeça leve, sinusite e concentração prejudicada. \n \nPós-comercialização: \n \nDistúrbios do sistema imunológico: reações alérgicas e muito poucos casos de anafilaxia (reação alérgica grave). \n \nDistúrbios endócrinos: casos isolados, reversíveis, de puberdade precoce incompleta em crianças. \n \nDistúrbios psiquiátricos: amnésia, alucinações, histeria, psicose, tentativa de suicídio, despersonalização, distúrbio \nde memória, desinibição orgânica, ideias suicidas, lamentações, distúrbios emocionais e de humor, estado confusional \ne desorientação. Depressão pode estar associada à doença de base. Reações paradoxais: inquietação, agitação, \nirritabilidade, agressividade, nervosismo, hostilidade, ansiedade,  distúrbios do sono, delírio, raiva, pesadelos, sonhos \nanormais, alucinações, psicose, hiperatividade, comp ortamento inapropriado e outros efeitos comportamentais. \nAlterações da libido (casos raros). Dependência e retirada, vide item “Abuso e dependência do medicamento”.  \n \nDistúrbios do sistema nervoso: diminuição da concentração, sonolência, lentificação, hipotonia muscular, tonturas, \nataxia são frequentes e geralmente transitórias. Dor de cabeça (raro). Distúrbios reversíveis: dificuldade para articular \na fala, incoordenação de movimentos e da marcha, movimento anormal dos olhos. Pode haver esquecimento de fatos \nrecentes, associado a alteração de comp ortamento. Pode haver au mento das crises convul sivas em determinadas \nformas de epilepsia. Perda da voz, movimentos grosseiros e descoordenados de braços e pernas, coma, tremor, perda \nde força de um lado do corpo, sensação de cabeça leve, falta de energia e formigamento e alteração da sensibilidade \nnas extremidades. \n \nDistúrbios oculares: visão dupla reversível, aparência de “olho vítreo”.  \n \nDistúrbios cardiovasculares: palpitações, dor torácica, insuficiência cardíaca (incluindo parada  cardíaca). \n \nDistúrbios respiratórios : congestão pulmonar, congestão nasal, hipersecreção, tosse, falta de ar, bronquite, rinite, \nfaringite. Pode ocorrer depressão respiratória. Rivotril® pode aumentar a produção de saliva ou de secreção \nbrônquica (secreção nas vias aéreas) em lactentes e crianças. \nDistúrbios gastrintestinais: perda do apetite, língua saburrosa, constipação, diarreia, boca seca, incontinência fecal \n(perda do controle da evacuação), gastrite, aumento do fígado, apetite aumentado, gengivas doloridas, dor abdominal, \ninflamação gastrintestinal, dor de dente. Náuseas e sintomas epigástricos (raro) (sintomas na região do estômago). "", ""Informe seu médico se estiver amamentando. Se você realmente precisar tomar **Rivotril[®]** , a amamentação deve ser descontinuada. \n\n## **Uso em crianças** \n\nAvaliar o risco / benefício do uso de **Rivotril[® ]** a longo prazo em pacientes pediátricos com distúrbios epilépticos. **Rivotril[® ]** pode aumentar a salivação e as secreções brônquicas em lactentes e crianças pequenas. Atenção:  manter as vias aéreas livres. \n\nNão há dados de eficácia / segurança de **Rivotril[® ]** em menores de 18 anos com distúrbio do pânico. \n\n## **Uso em idosos** \n\nOs efeitos dos benzodiazepínicos parecem ser maiores em pacientes idosos do que em pacientes mais jovens, mesmo em concentrações plasmáticas similares. \n\n## **Principais interações medicamentosas** \n\nInforme seu médico se estiver tomando outros medicamentos, incluindo as substâncias a seguir, pois elas podem interagir com **Rivotril[®]** : \n\n– Depressores do sistema nervoso central e álcool; \n\n– Medicamentos que agem no sistema nervoso: antidepressivos, medicamentos para dormir, alguns analgésicos, antipsicóticos, ansiolíticos, anticonvulsivantes; \n\n– Medicamentos para o estômago. \n\n## **Interações fármaco-alimento** \n\nInterações com alimentos não foram estabelecidas. O suco de toranja pode aumentar o efeito de **Rivotril**[®] . \n\n## **Interações fármaco-laboratório** \n\nInterações com testes laboratoriais não foram estabelecidas. \n\n**Informe ao seu médico ou cirurgião-dentista se você está fazendo uso de algum outro medicamento. Não use medicamento sem o conhecimento do seu médico. Pode ser perigoso para a sua   saúde.**"", ""Informe seu médico se estiver amamentando. Se você realmente precisar tomar **Rivotril[®]** , a amamentação deve ser descontinuada. \n\n## **Uso em crianças** \n\nAvaliar o risco / benefício do uso de **Rivotril[® ]** a longo prazo em pacientes pediátricos com distúrbios epilépticos. **Rivotril[® ]** pode aumentar a salivação e as secreções brônquicas em lactentes e crianças pequenas. Atenção:  manter as vias aéreas livres. \n\nNão há dados de eficácia / segurança de **Rivotril[® ]** em menores de 18 anos com distúrbio do pânico. \n\n## **Uso em idosos** \n\nOs efeitos dos benzodiazepínicos parecem ser maiores em pacientes idosos do que em pacientes mais jovens, mesmo em concentrações plasmáticas similares. \n\n## **Principais interações medicamentosas** \n\nInforme seu médico se estiver tomando outros medicamentos, incluindo as substâncias a seguir, pois elas podem interagir com **Rivotril[®]** : \n\n– Depressores do sistema nervoso central e álcool; \n\n– Medicamentos que agem no sistema nervoso: antidepressivos, medicamentos para dormir, alguns analgésicos, antipsicóticos, ansiolíticos, anticonvulsivantes; \n\n– Medicamentos para o estômago. \n\n## **Interações fármaco-alimento** \n\nInterações com alimentos não foram estabelecidas. O suco de toranja pode aumentar o efeito de **Rivotril**[®] . \n\n## **Interações fármaco-laboratório** \n\nInterações com testes laboratoriais não foram estabelecidas. \n\n**Informe ao seu médico ou cirurgião-dentista se você está fazendo uso de algum outro medicamento. Não use medicamento sem o conhecimento do seu médico. Pode ser perigoso para a sua   saúde.**"", ""3 \n \n \nEste medicamento não deve ser utilizado por mulheres grávidas sem orientação médica ou do cirurgião- \ndentista. \nRivotril® só deve ser administrado a gestantes se houver indicação absoluta e se os benefícios  potenciais \nsuperarem os riscos para o feto. Rivotril® pode prejudicar seu bebê. Informe seu médico se estiver grávida ou se está \ntentando engravidar. O uso de altas dos es no último trimestre da gestação ou no trabalho de pa rto pode  causar \nirregularidades no batimen to cardíaco do f eto e baixa tempera tura corpórea, f alta de tônus musc ular, depressão \nrespiratória e dificuldade de sucção no bebê. Tanto a gestação quanto a suspensão de Rivotril® podem exacerbar a \nepilepsia. \nInforme seu médico se estiver amamentando. Se você realmente precisar tomar Rivotril®, a amamentação deve ser \ndescontinuada. \n \nUso em crianças \nAvaliar o risco / benefício do uso de Rivotril® a longo prazo em pacientes pediátr icos com distúrbios epilépticos. \nRivotril® pode aumentar a salivação e as secreções brônquicas em lactentes e crianças pequenas. Atenção:  manter \nas vias aéreas livres. \nNão há dados de eficácia / segurança de Rivotril® em menores de 18 anos com distúrbio do pânico. \n \nUso em idosos \nOs efeitos dos benzodiazepínicos parecem ser maiores em pacientes idosos do que em pacientes mais jovens, mesmo \nem concentrações plasmáticas similares.  \n \nPrincipais interações medicamentosas  \nInforme seu médico se esti ver tomando outros medica mentos, incluindo as substâncias  a seguir, pois elas podem \ninteragir com Rivotril®: \n– Depressores do sistema nervoso central e álcool;  \n– Medicamentos que agem no sistema nervoso: antidepressivos, medicamento s para dormir, alguns analgésicos, \nantipsicóticos, ansiolíticos, anticonvulsivantes; \n– Medicamentos para o estômago.  \n \nInterações fármaco-alimento \nInterações com alimentos não foram estabelecidas. O suco de toranja pode aumentar o efeito de  Rivotril®. \n \nInterações fármaco-laboratório \nInterações com testes laboratoriais não foram estabelecidas. \n \nInforme ao seu médico ou cirurgião-dentista se você está fazendo uso de algum outro medicamento.  \nNão use medicamento sem o conhecimento do seu médico. Pode ser perigoso para a sua   saúde. \n \n5. ONDE, COMO E POR QUANTO TEMPO POSSO GUARDAR ESTE   MEDICAMENTO?  \nRivotril®  comprimidos de 0,5 mg e 2,0 mg devem ser armazenados em temperatura ambiente (entre 15 e 30   ºC). \n \nNúmero de lote e datas de fabricação e validade: vide  embalagem.  \nNão use medicamento com o prazo de validade vencido. Guarde-o em sua embalagem  original.  \n \nAspecto físico \nOs comprimidos de 0,5 mg de Rivotril® apresentam formato cilíndrico biplano com presença de ranhura e cor laranja \npálido. \nOs comprimidos de 2,0 mg de Rivotril® apresentam formato cilíndrico biplano com presença de ranhura e cor branca \na levemente amarelada. \n \nCaracterísticas organolépticas \nRivotril® comprimidos de 0,5 mg e 2,0 mg não apresenta características marcantes que o diferenciem de outros \ncomprimidos. \nAntes de usar, observe o aspecto do medicamento. Caso ele esteja no prazo de validade e você observe alguma \nmudança no aspecto, consulte o farmacêu tico para saber se poderá  utilizá-lo.  "", ""**Rivotril[® ]** pode precipitar o estado de mal epiléptico (crises epilépticas em sequência rápida). Fale com seu médico antes de aumentar a dose ou interromper abruptamente esta medicação. \n\n## **Abuso e dependência do medicamento** \n\nO uso de benzodiazepínicos pode levar ao desenvolvimento de dependência física e psicológica. O risco de dependência aumenta com a dose, tratamentos prolongados e em pacientes com história de abuso de álcool ou drogas. Em caso de dependência, especialmente com doses elevadas, a descontinuação brusca do tratamento será acompanhada por sintomas de abstinência: psicoses, distúrbio comportamental, tremor, sudorese, agitação, distúrbios do sono e ansiedade, dor de cabeça, diarreia, dores musculares, câimbras, ansiedade extrema, tensão, cansaço, inquietação, alteração de humor, confusão, irritabilidade e convulsões epiléticas que podem ser associadas à doença de base. Em casos graves, desrealização (sentimentos de estranhamento ou distanciamento em relação ao ambiente), despersonalização (processo psíquico, em que se tem a impressão de que se é estranho a si mesmo), hipersensibilidade ao som, à luz, a ruídos e ao contato físico, sensações anormais, formigamentos, alucinações. O risco dos sintomas de abstinência é maior após descontinuação súbita do tratamento, portanto a retirada brusca do medicamento deve ser evitada. O tratamento (mesmo de curta duração) deve ser interrompido pela redução gradativa da dose diária. \n\n## **Efeitos sobre a capacidade de dirigir e operar  máquinas**"", ""**Rivotril[® ]** pode precipitar o estado de mal epiléptico (crises epilépticas em sequência rápida). Fale com seu médico antes de aumentar a dose ou interromper abruptamente esta medicação. \n\n## **Abuso e dependência do medicamento** \n\nO uso de benzodiazepínicos pode levar ao desenvolvimento de dependência física e psicológica. O risco de dependência aumenta com a dose, tratamentos prolongados e em pacientes com história de abuso de álcool ou drogas. Em caso de dependência, especialmente com doses elevadas, a descontinuação brusca do tratamento será acompanhada por sintomas de abstinência: psicoses, distúrbio comportamental, tremor, sudorese, agitação, distúrbios do sono e ansiedade, dor de cabeça, diarreia, dores musculares, câimbras, ansiedade extrema, tensão, cansaço, inquietação, alteração de humor, confusão, irritabilidade e convulsões epiléticas que podem ser associadas à doença de base. Em casos graves, desrealização (sentimentos de estranhamento ou distanciamento em relação ao ambiente), despersonalização (processo psíquico, em que se tem a impressão de que se é estranho a si mesmo), hipersensibilidade ao som, à luz, a ruídos e ao contato físico, sensações anormais, formigamentos, alucinações. O risco dos sintomas de abstinência é maior após descontinuação súbita do tratamento, portanto a retirada brusca do medicamento deve ser evitada. O tratamento (mesmo de curta duração) deve ser interrompido pela redução gradativa da dose diária. \n\n## **Efeitos sobre a capacidade de dirigir e operar  máquinas**"", ""QUANDO NÃO DEVO USAR ESTE MEDICAMENTO?  \nRivotril® é contraindicado a pacientes com hipersensibilidade conhecida a clonazepam ou a qualquer dos excipientes \ndo medicamento, em pacientes com insuficiência respiratória grave ou comprometimento do fígado grave, pois os \nbenzodiazepínicos podem lev ar à ocorrência de comprome timento do sistema nervoso,  secundário ao problema no \nfígado. \nRivotril® comprimidos e Rivotril® gotas são contraindicados para o tratamento de transtornos do pânico em \npacientes com histórico médico de apneia do sono. \nRivotril® é contraindicado a pacientes com glaucoma agudo de ângulo fechado. Rivotril® pode ser usado por \npacientes com glaucoma de ângulo aberto, desde que estejam recebendo terapia  apropriada. \n \n4. O QUE DEVO SABER ANTES DE USAR ESTE   MEDICAMENTO?  \nAntes de tomar Rivotril®, informe seu médico se você tem ou teve: \n1) outros problemas de saúde, como doenças nos rins ou fígado (por exemplo: cirrose hepática), distúrbio \nneuromuscular ou respiratório, porfiria (doença em que ocorre deficiência de enzimas específicas na via da biossíntese \ndo heme); \n2) sinais ou sintomas de depressão e/ou tentativa de suicídio; \n3) intolerância à galactose (açúcar) ou deficiência de lactase (enzima que quebra a lactose); \n4) ataxia cerebelar ou espinhal (descoordenação dos movimentos por problema do cerebelo ou medula); \n5) uso regular ou intoxicação aguda por álcool ou drogas.  \n \nPode ocorrer perda de efeito durante o tratamento com clonazepam. \nNão tome Rivotril® com álcool e/ou depressores do sistema nervoso ce ntral, essa combinação pode aumentar os efeitos \nde Rivotril®, com potencial sedação grave que pode resultar em coma ou morte, depressão cardiovascular e/ou respiratória. \nCaso ocorram reações paradoxais (vide item “QUAIS OS MALES QUE ESTE MEDICAMENTO PODE ME \nCAUSAR?”) durante o tratamento, fale com seu médico, pois o uso do medicamento deve ser descontinuado. \nPode ocorrer amnésia anterógrada (perda da habilidade de criar novas memórias e absorver novas informações), com o uso \nde benzodiazepínicos em doses terapêuticas. \nRivotril® pode precipitar o estado de mal epiléptico (crises epilépticas em sequência rápida). Fale com seu médico \nantes de aumentar a dose ou interromper abruptamente esta medicação. \n \nAbuso e dependência do medicamento  \nO uso de benzodiazepínicos pode lev ar ao desenvolvime nto de dependê ncia física e psic ológica. O risco de \ndependência aumenta com a dose, tratamentos prolongados e em pacientes com história de abuso de álcool ou drogas. \nEm caso de dependência, especialmente com doses elevadas, a descontinuação brusca do tratamento será \nacompanhada por sintomas de abstinência: psicoses, distúrbio comportamental, tremor, sudorese, agitação, distúrbios \ndo sono e ansiedade, dor de cabeça, diarreia, dores musculares, câimbras, ansiedade extrema, tensão, cansaço, \ninquietação, alteração de humor, confusão, irritabilidade e convulsões epiléticas que podem ser associadas à doença \nde base. Em casos graves, desrealização (sentimentos de estranhamento ou distanciamento em relação ao ambiente), \ndespersonalização (processo psíquico, em que se tem a impressão de que se é estranho a si mesmo), hipersensibilidade \nao som, à luz, a ruídos e ao contato físico, sensações anormais, formigamentos, alucinações. O risco dos sintomas de \nabstinência é maior após descontinuação súbita do tratamento, portanto a retirada brusca do medicamento deve ser \nevitada. O tratamento (mesmo de curta duração) deve ser interrompido pela redução gradativa da dose diária.  \n \nEfeitos sobre a capacidade de dirigir e operar  máquinas \nClonazepam pode lentificar as reações, efeito agravado com o uso de álcool. \nDurante o tratamento, o paciente não deve dirigir veíc ulos ou operar máquinas, pois sua habilidade e atenção \npodem estar prejudicadas. \n \nAté o momento, não há informações de que Rivotril®  cause doping. Em caso de dúvidas, consulte o seu  médico. \n \n \nGravidez e amamentação "", ""## **Efeitos sobre a capacidade de dirigir e operar  máquinas** \n\nClonazepam pode lentificar as reações, efeito agravado com o uso de álcool. \n\n**Durante o tratamento, o paciente não deve dirigir veículos ou operar máquinas, pois sua habilidade e atenção podem estar prejudicadas.** \n\nAté o momento, não há informações de que **Rivotril[®  ]** cause _doping_ . Em caso de dúvidas, consulte o seu  médico. \n\n## **Gravidez e amamentação** \n\n2 \n\n**==> picture [109 x 35] intentionally omitted <==**\n\n## **Este medicamento não deve ser utilizado por mulheres grávidas sem orientação médica ou do cirurgiãodentista.** \n\n**Rivotril[® ]** só deve ser administrado a gestantes se houver indicação absoluta e se os benefícios  potenciais \n\nsuperarem os riscos para o feto. **Rivotril[® ]** pode prejudicar seu bebê. Informe seu médico se estiver grávida ou se está tentando engravidar. O uso de altas doses no último trimestre da gestação ou no trabalho de parto pode  causar irregularidades no batimento cardíaco do feto e baixa temperatura corpórea, falta de tônus muscular, depressão respiratória e dificuldade de sucção no bebê. Tanto a gestação quanto a suspensão de **Rivotril**[® ] podem exacerbar a epilepsia. \n\nInforme seu médico se estiver amamentando. Se você realmente precisar tomar **Rivotril[®]** , a amamentação deve ser descontinuada. \n\n## **Uso em crianças**"", ""## **Efeitos sobre a capacidade de dirigir e operar  máquinas** \n\nClonazepam pode lentificar as reações, efeito agravado com o uso de álcool. \n\n**Durante o tratamento, o paciente não deve dirigir veículos ou operar máquinas, pois sua habilidade e atenção podem estar prejudicadas.** \n\nAté o momento, não há informações de que **Rivotril[®  ]** cause _doping_ . Em caso de dúvidas, consulte o seu  médico. \n\n## **Gravidez e amamentação** \n\n2 \n\n**==> picture [109 x 35] intentionally omitted <==**\n\n## **Este medicamento não deve ser utilizado por mulheres grávidas sem orientação médica ou do cirurgiãodentista.** \n\n**Rivotril[® ]** só deve ser administrado a gestantes se houver indicação absoluta e se os benefícios  potenciais \n\nsuperarem os riscos para o feto. **Rivotril[® ]** pode prejudicar seu bebê. Informe seu médico se estiver grávida ou se está tentando engravidar. O uso de altas doses no último trimestre da gestação ou no trabalho de parto pode  causar irregularidades no batimento cardíaco do feto e baixa temperatura corpórea, falta de tônus muscular, depressão respiratória e dificuldade de sucção no bebê. Tanto a gestação quanto a suspensão de **Rivotril**[® ] podem exacerbar a epilepsia. \n\nInforme seu médico se estiver amamentando. Se você realmente precisar tomar **Rivotril[®]** , a amamentação deve ser descontinuada. \n\n## **Uso em crianças**"", ""4. O QUE DEVO SABER ANTES DE USAR ESTE   MEDICAMENTO?** \n\nAntes de tomar **Rivotril**[®] , informe seu médico se você tem ou teve: \n\n- 1) outros problemas de saúde, como doenças nos rins ou fígado (por exemplo: cirrose hepática), distúrbio neuromuscular ou respiratório, porfiria (doença em que ocorre deficiência de enzimas específicas na via da biossíntese do heme); \n\n- 2) sinais ou sintomas de depressão e/ou tentativa de suicídio; \n\n- 3) intolerância à galactose (açúcar) ou deficiência de lactase (enzima que quebra a lactose); \n\n4) ataxia cerebelar ou espinhal (descoordenação dos movimentos por problema do cerebelo ou medula); \n\n> 5) uso regular ou intoxicação aguda por álcool ou drogas. \n\nPode ocorrer perda de efeito durante o tratamento com clonazepam. \n\nNão tome **Rivotril[® ]** com álcool e/ou depressores do sistema nervoso central, essa combinação pode aumentar os efeitos de **Rivotril[®]** , com potencial sedação grave que pode resultar em coma ou morte, depressão cardiovascular e/ou respiratória. Caso ocorram reações paradoxais ** durante o tratamento, fale com seu médico, pois o uso do medicamento deve ser descontinuado. Pode ocorrer amnésia anterógrada (perda da habilidade de criar novas memórias e absorver novas informações), com o uso de benzodiazepínicos em doses terapêuticas. \n\n**Rivotril[® ]** pode precipitar o estado de mal epiléptico (crises epilépticas em sequência rápida). Fale com seu médico antes de aumentar a dose ou interromper abruptamente esta medicação. \n\n## **Abuso e dependência do medicamento**"", ""## **Interações fármaco-laboratório** \n\nInterações com testes laboratoriais não foram estabelecidas. \n\n**Informe ao seu médico ou cirurgião-dentista se você está fazendo uso de algum outro medicamento. Não use medicamento sem o conhecimento do seu médico. Pode ser perigoso para a sua   saúde.** \n\n## **"", ""**Síndrome da boca ardente:** 0,25 a 6,0 mg/dia. Dose recomendada: 1,0 a 2,0 mg/dia. \n\n**Uso em idosos:** a dose mais baixa possível deve ser utilizada em idosos. Deve-se ter especial cuidado durante as alterações na dose. \n\n**Comprometimento do fígado:** pacientes com comprometimento do fígado grave não devem ser tratados com clonazepam e pacientes com comprometimento hepático leve a moderado devem receber a dose mais baixa possível. \n\n4 \n\n**==> picture [109 x 35] intentionally omitted <==**\n\n## **Instruções especiais de administração** \n\n**Rivotril[® ]** pode ser usado com outros antiepilépticos. Nesse caso, seu médico ajustará a dose de cada medicamento para atingir o efeito ideal. \n\nNão pare de tomar **Rivotril[® ]** subitamente, você pode ter novas crises epilépticas. Somente seu médico poderá orientar a interrupção do tratamento reduzindo gradualmente a dose utilizada. \n\n**Siga a orientação de seu médico, respeitando sempre os horários, as doses e a duração do tratamento. Não interrompa o tratamento sem o conhecimento do seu médico.** \n\n**"", ""IDENTIFICAÇÃO DO MEDICAMENTO  \n \nRivotril® \nclonazepam  \n \nAnticonvulsivante/Ansiolítico \n \nAPRESENTAÇÕES \n \nComprimidos de 0,5 mg ou 2 mg. Caixa com 20 ou 30 comprimidos.  \n \nVIA ORAL \n \nUSO ADULTO E PEDIÁTRICO  \n \n \nCOMPOSIÇÃO \nComprimidos de 0,5 mg \nPrincípio ativo: clonazepam...............................................................................................................................0,5 mg. \nExcipientes: lactose, amido de milho, amido pré-gelatinizado, óxido de ferro amarelo, óxido férrico, talco, estearato \nde magnésio. \n \nComprimidos de 2,0 mg \nPrincípio ativo: clonazepam...............................................................................................................................2,0 mg. \nExcipientes: lactose, amido pré-gelatinizado, estearato de magnésio, celulose  microcristalina. \n \nINFORMAÇÕES AO PACIENTE \nLeia com atenção as informações a seguir. Se tiver dúvidas, informe seu  médico. \n \n1."", ""IDENTIFICAÇÃO DO MEDICAMENTO** \n\n## **Rivotril[®]** \n\nclonazepam \n\n**Anticonvulsivante/Ansiolítico** \n\n**APRESENTAÇÕES** \n\n**Comprimidos de 0,5 mg ou 2 mg. Caixa com 20 ou 30 comprimidos.** \n\n**VIA ORAL** \n\n## **USO ADULTO E PEDIÁTRICO** \n\n## **COMPOSIÇÃO** \n\n## **Comprimidos de 0,5 mg** \n\n**Princípio ativo:** clonazepam...............................................................................................................................0,5 mg. **Excipientes:** lactose, amido de milho, amido pré-gelatinizado, óxido de ferro amarelo, óxido férrico, talco, estearato de magnésio. \n\n## **Comprimidos de 2,0 mg** \n\n**Princípio ativo:** clonazepam...............................................................................................................................2,0 mg. **Excipientes:** lactose, amido pré-gelatinizado, estearato de magnésio, celulose  microcristalina. \n\n## **INFORMAÇÕES AO PACIENTE** \n\nLeia com atenção as informações a seguir. Se tiver dúvidas, informe seu  médico. \n\n## **"", ""IDENTIFICAÇÃO DO MEDICAMENTO** \n\n## **Rivotril[®]** \n\nclonazepam \n\n**Anticonvulsivante/Ansiolítico** \n\n**APRESENTAÇÕES** \n\n**Comprimidos de 0,5 mg ou 2 mg. Caixa com 20 ou 30 comprimidos.** \n\n**VIA ORAL** \n\n## **USO ADULTO E PEDIÁTRICO** \n\n## **COMPOSIÇÃO** \n\n## **Comprimidos de 0,5 mg** \n\n**Princípio ativo:** clonazepam...............................................................................................................................0,5 mg. **Excipientes:** lactose, amido de milho, amido pré-gelatinizado, óxido de ferro amarelo, óxido férrico, talco, estearato de magnésio. \n\n## **Comprimidos de 2,0 mg** \n\n**Princípio ativo:** clonazepam...............................................................................................................................2,0 mg. **Excipientes:** lactose, amido pré-gelatinizado, estearato de magnésio, celulose  microcristalina. \n\n## **INFORMAÇÕES AO PACIENTE** \n\nLeia com atenção as informações a seguir. Se tiver dúvidas, informe seu  médico. \n\n## **"", ""IDENTIFICAÇÃO DO MEDICAMENTO  \n \nRivotril® \nclonazepam  \n \nAnticonvulsivante/Ansiolítico \n \nAPRESENTAÇÕES \nSolução oral de 2,5 mg/mL. Frasco com 20 mL.  \n \nVIA ORAL \n \nUSO ADULTO E PEDIÁTRICO  \n \n \nCOMPOSIÇÃO \nSolução oral de 2,5 mg/mL (1 gota = 0,1 mg)  \nPrincípio ativo: clonazepam.........................................................................................................................2,5 mg/mL \nExcipientes: sacarina sódica, ácido acético, propilenoglicol, essência de pêssego. Cada 1 mL de Rivotril® solução \noral equivale a cerca de 25 gotas. \n \nINFORMAÇÕES AO PACIENTE \nLeia com atenção as informações a seguir. Se tiver dúvidas, informe seu  médico. \n \n1.""]",23.663,25.048
agentic_rag,ollama:gemma4:e4b,RIVOTRIL,dificil,"Um paciente com epilepsia em uso de Rivotril deseja interromper o tratamento subitamente. Quais riscos a bula descreve envolvendo estado de mal epiléptico, dependência e abstinência, e qual deve ser a estratégia de retirada?",dificil,"A bula alerta que Rivotril pode precipitar estado de mal epiléptico e orienta falar com o médico antes de aumentar a dose ou interromper abruptamente a medicação. O uso de benzodiazepínicos pode levar à dependência física e psicológica, com risco maior em doses altas, tratamentos prolongados e história de abuso de álcool ou drogas. A descontinuação brusca pode causar sintomas de abstinência, incluindo psicoses, alterações comportamentais, tremor, sudorese, agitação, distúrbios do sono, ansiedade e convulsões epilépticas. Portanto, a retirada brusca deve ser evitada e o tratamento deve ser interrompido por redução gradativa da dose diária, sob orientação médica.",O QUE DEVO SABER ANTES DE USAR ESTE MEDICAMENTO? / COMO DEVO USAR ESTE MEDICAMENTO?,"De acordo com a bula do medicamento RIVOTRIL, consta a seguinte informação: O uso de benzodiazepínicos pode levar ao desenvolvimento de dependência física e psicológica, sendo que o risco dos sintomas de abstinência é maior após descontinuação súbita do tratamento.

**Riscos associados à interrupção abrupta:**
1.  **Estado Epiléptico:** Rivotril® pode precipitar o estado de mal epiléptico (crises epilépticas em sequência rápida). Além disso, não se deve parar de tomar o medicamento subitamente, pois isso pode resultar em novas crises epilépticas.
2.  **Sintomas de Abstinência:** A descontinuação brusca do tratamento será acompanhada por sintomas de abstinência que incluem: psicoses, distúrbio comportamental, tremor, sudorese, agitação, distúrbios do sono e ansiedade, dor de cabeça, diarreia, dores musculares, câimbras, ansiedade extrema, tensão, cansaço, inquietação, alteração de humor, confusão, irritabilidade e convulsões epiléticas. Em casos graves, podem ocorrer desrealização (sentimentos de estranhamento ou distanciamento em relação ao ambiente), despersonalização, hipersensibilidade a estímulos sensoriais, formigamentos e alucinações.

**Estratégia de Retirada:**
É fundamental que o tratamento seja interrompido pela redução gradativa da dose diária. Somente um médico pode orientar essa interrupção, pois a retirada brusca do medicamento deve ser evitada.

---
*Esta resposta se baseia apenas nos trechos da bula recuperados e não substitui orientação médica ou farmacêutica.*","De acordo com a bula do medicamento RIVOTRIL, consta a seguinte informação: O uso de benzodiazepínicos pode levar ao desenvolvimento de dependência física e psicológica, sendo que o risco dos sintomas de abstinência é maior após descontinuação súbita do tratamento.

**Riscos associados à interrupção abrupta:**
1.  **Estado Epiléptico:** Rivotril® pode precipitar o estado de mal epiléptico (crises epilépticas em sequência rápida). Além disso, não se deve parar de tomar o medicamento subitamente, pois isso pode resultar em novas crises epilépticas.
2.  **Sintomas de Abstinência:** A descontinuação brusca do tratamento será acompanhada por sintomas de abstinência que incluem: psicoses, distúrbio comportamental, tremor, sudorese, agitação, distúrbios do sono e ansiedade, dor de cabeça, diarreia, dores musculares, câimbras, ansiedade extrema, tensão, cansaço, inquietação, alteração de humor, confusão, irritabilidade e convulsões epiléticas. Em casos graves, podem ocorrer desrealização (sentimentos de estranhamento ou distanciamento em relação ao ambiente), despersonalização, hipersensibilidade a estímulos sensoriais, formigamentos e alucinações.

**Estratégia de Retirada:**
É fundamental que o tratamento seja interrompido pela redução gradativa da dose diária. Somente um médico pode orientar essa interrupção, pois a retirada brusca do medicamento deve ser evitada.","QUAIS OS MALES QUE ESTE MEDICAMENTO PODE ME CAUSAR?, QUANDO NÃO DEVO USAR ESTE MEDICAMENTO?",,"[""3 \n \n \nEste medicamento não deve ser utilizado por mulheres grávidas sem orientação médica ou do cirurgião- \ndentista. \nRivotril® só deve ser administrado a gestantes se houver indicação absoluta e se os benefícios  potenciais \nsuperarem os riscos para o feto. Rivotril® pode prejudicar seu bebê. Informe seu médico se estiver grávida ou se está \ntentando engravidar. O uso de altas dos es no último trimestre da gestação ou no trabalho de pa rto pode  causar \nirregularidades no batimen to cardíaco do f eto e baixa tempera tura corpórea, f alta de tônus musc ular, depressão \nrespiratória e dificuldade de sucção no bebê. Tanto a gestação quanto a suspensão de Rivotril® podem exacerbar a \nepilepsia. \nInforme seu médico se estiver amamentando. Se você realmente precisar tomar Rivotril®, a amamentação deve ser \ndescontinuada. \n \nUso em crianças \nAvaliar o risco / benefício do uso de Rivotril® a longo prazo em pacientes pediátr icos com distúrbios epilépticos. \nRivotril® pode aumentar a salivação e as secreções brônquicas em lactentes e crianças pequenas. Atenção:  manter \nas vias aéreas livres. \nNão há dados de eficácia / segurança de Rivotril® em menores de 18 anos com distúrbio do pânico. \n \nUso em idosos \nOs efeitos dos benzodiazepínicos parecem ser maiores em pacientes idosos do que em pacientes mais jovens, mesmo \nem concentrações plasmáticas similares.  \n \nPrincipais interações medicamentosas  \nInforme seu médico se esti ver tomando outros medica mentos, incluindo as substâncias  a seguir, pois elas podem \ninteragir com Rivotril®: \n– Depressores do sistema nervoso central e álcool;  \n– Medicamentos que agem no sistema nervoso: antidepressivos, medicamento s para dormir, alguns analgésicos, \nantipsicóticos, ansiolíticos, anticonvulsivantes; \n– Medicamentos para o estômago.  \n \nInterações fármaco-alimento \nInterações com alimentos não foram estabelecidas. O suco de toranja pode aumentar o efeito de  Rivotril®. \n \nInterações fármaco-laboratório \nInterações com testes laboratoriais não foram estabelecidas. \n \nInforme ao seu médico ou cirurgião-dentista se você está fazendo uso de algum outro medicamento.  \nNão use medicamento sem o conhecimento do seu médico. Pode ser perigoso para a sua   saúde. \n \n5. ONDE, COMO E POR QUANTO TEMPO POSSO GUARDAR ESTE   MEDICAMENTO?  \nRivotril®  comprimidos de 0,5 mg e 2,0 mg devem ser armazenados em temperatura ambiente (entre 15 e 30   ºC). \n \nNúmero de lote e datas de fabricação e validade: vide  embalagem.  \nNão use medicamento com o prazo de validade vencido. Guarde-o em sua embalagem  original.  \n \nAspecto físico \nOs comprimidos de 0,5 mg de Rivotril® apresentam formato cilíndrico biplano com presença de ranhura e cor laranja \npálido. \nOs comprimidos de 2,0 mg de Rivotril® apresentam formato cilíndrico biplano com presença de ranhura e cor branca \na levemente amarelada. \n \nCaracterísticas organolépticas \nRivotril® comprimidos de 0,5 mg e 2,0 mg não apresenta características marcantes que o diferenciem de outros \ncomprimidos. \nAntes de usar, observe o aspecto do medicamento. Caso ele esteja no prazo de validade e você observe alguma \nmudança no aspecto, consulte o farmacêu tico para saber se poderá  utilizá-lo.  "", ""**Rivotril[® ]** pode precipitar o estado de mal epiléptico (crises epilépticas em sequência rápida). Fale com seu médico antes de aumentar a dose ou interromper abruptamente esta medicação. \n\n## **Abuso e dependência do medicamento** \n\nO uso de benzodiazepínicos pode levar ao desenvolvimento de dependência física e psicológica. O risco de dependência aumenta com a dose, tratamentos prolongados e em pacientes com história de abuso de álcool ou drogas. Em caso de dependência, especialmente com doses elevadas, a descontinuação brusca do tratamento será acompanhada por sintomas de abstinência: psicoses, distúrbio comportamental, tremor, sudorese, agitação, distúrbios do sono e ansiedade, dor de cabeça, diarreia, dores musculares, câimbras, ansiedade extrema, tensão, cansaço, inquietação, alteração de humor, confusão, irritabilidade e convulsões epiléticas que podem ser associadas à doença de base. Em casos graves, desrealização (sentimentos de estranhamento ou distanciamento em relação ao ambiente), despersonalização (processo psíquico, em que se tem a impressão de que se é estranho a si mesmo), hipersensibilidade ao som, à luz, a ruídos e ao contato físico, sensações anormais, formigamentos, alucinações. O risco dos sintomas de abstinência é maior após descontinuação súbita do tratamento, portanto a retirada brusca do medicamento deve ser evitada. O tratamento (mesmo de curta duração) deve ser interrompido pela redução gradativa da dose diária. \n\n## **Efeitos sobre a capacidade de dirigir e operar  máquinas**"", ""5 \n \n \nInstruções especiais de administração  \nRivotril® pode ser usado com outros antiepilépticos. Nesse caso, seu médico ajustará a dose de cada medicamento \npara atingir o efeito ideal. \nNão pare de tomar Rivotril® subitamente, você pode ter novas crises epilépticas. Somente seu médico poderá orientar \na interrupção do tratamento reduzindo gradualmente a dose utilizada. \n \nSiga a orientação de seu médico, respeitando sempre os horários, as doses e a duração do tratamento. Não \ninterrompa o tratamento sem o conhecimento do seu médico.  \n \n7. O QUE DEVO FAZER QUANDO EU ME ESQU ECER DE USAR ESTE MEDICAMENTO? Nunca \ndobre a dose na próxima tomada. Apenas continue com a próxima dose no tempo determinado.    \nEm caso de dúvidas, procure orientação do farmacêutico, de seu médico ou   cirurgião-dentista.  \n \n8. QUAIS OS MALES QUE ESTE MEDICAMENTO PODE ME   CAUSAR?  \nAlgumas reações são transitórias e desaparecem espontaneamente no decorrer do tratamento ou com redução da dose. \nAs reações que ocorreram em ≥ 5% dos pacientes em estudos clínicos foram: sonolência, dor de cabeça, infecção das \nvias aéreas superiores, cansaço, gripe, depressão, vertigem, irritabilidade, insônia, perda da coordenação de \nmovimentos e da marcha, perda do equilíbrio, náusea, sensação de cabeça leve, sinusite e concentração prejudicada. \n \nPós-comercialização: \n \nDistúrbios do sistema imunológico: reações alérgicas e muito poucos casos de anafilaxia (reação alérgica grave). \n \nDistúrbios endócrinos: casos isolados, reversíveis, de puberdade precoce incompleta em crianças. \n \nDistúrbios psiquiátricos: amnésia, alucinações, histeria, psicose, tentativa de suicídio, despersonalização, distúrbio \nde memória, desinibição orgânica, ideias suicidas, lamentações, distúrbios emocionais e de humor, estado confusional \ne desorientação. Depressão pode estar associada à doença de base. Reações paradoxais: inquietação, agitação, \nirritabilidade, agressividade, nervosismo, hostilidade, ansiedade,  distúrbios do sono, delírio, raiva, pesadelos, sonhos \nanormais, alucinações, psicose, hiperatividade, comp ortamento inapropriado e outros efeitos comportamentais. \nAlterações da libido (casos raros). Dependência e retirada, vide item “Abuso e dependência do medicamento”.  \n \nDistúrbios do sistema nervoso: diminuição da concentração, sonolência, lentificação, hipotonia muscular, tonturas, \nataxia são frequentes e geralmente transitórias. Dor de cabeça (raro). Distúrbios reversíveis: dificuldade para articular \na fala, incoordenação de movimentos e da marcha, movimento anormal dos olhos. Pode haver esquecimento de fatos \nrecentes, associado a alteração de comp ortamento. Pode haver au mento das crises convul sivas em determinadas \nformas de epilepsia. Perda da voz, movimentos grosseiros e descoordenados de braços e pernas, coma, tremor, perda \nde força de um lado do corpo, sensação de cabeça leve, falta de energia e formigamento e alteração da sensibilidade \nnas extremidades. \n \nDistúrbios oculares: visão dupla reversível, aparência de “olho vítreo”.  \n \nDistúrbios cardiovasculares: palpitações, dor torácica, insuficiência cardíaca (incluindo parada  cardíaca). \n \nDistúrbios respiratórios : congestão pulmonar, congestão nasal, hipersecreção, tosse, falta de ar, bronquite, rinite, \nfaringite. Pode ocorrer depressão respiratória. Rivotril® pode aumentar a produção de saliva ou de secreção \nbrônquica (secreção nas vias aéreas) em lactentes e crianças. \nDistúrbios gastrintestinais: perda do apetite, língua saburrosa, constipação, diarreia, boca seca, incontinência fecal \n(perda do controle da evacuação), gastrite, aumento do fígado, apetite aumentado, gengivas doloridas, dor abdominal, \ninflamação gastrintestinal, dor de dente. Náuseas e sintomas epigástricos (raro) (sintomas na região do estômago). "", ""**Distúrbios do sistema nervoso** : diminuição da concentração, sonolência, lentificação, hipotonia muscular, tonturas, ataxia são frequentes e geralmente transitórias. Dor de cabeça (raro). Distúrbios reversíveis: dificuldade para articular a fala, incoordenação de movimentos e da marcha, movimento anormal dos olhos. Pode haver esquecimento de fatos recentes, associado a alteração de comportamento. Pode haver aumento das crises convulsivas em determinadas formas de epilepsia. Perda da voz, movimentos grosseiros e descoordenados de braços e pernas, coma, tremor, perda de força de um lado do corpo, sensação de cabeça leve, falta de energia e formigamento e alteração da sensibilidade nas extremidades. \n\n**Distúrbios oculares** : visão dupla reversível, aparência de “olho vítreo”. \n\n**Distúrbios cardiovasculares** : palpitações, dor torácica, insuficiência cardíaca (incluindo parada  cardíaca). \n\n**Distúrbios respiratórios** : congestão pulmonar, congestão nasal, hipersecreção, tosse, falta de ar, bronquite, rinite, faringite. Pode ocorrer depressão respiratória. **Rivotril[® ]** pode aumentar a produção de saliva ou de secreção brônquica (secreção nas vias aéreas) em lactentes e crianças. \n\n**Distúrbios gastrintestinais** : perda do apetite, língua saburrosa, constipação, diarreia, boca seca, incontinência fecal (perda do controle da evacuação), gastrite, aumento do fígado, apetite aumentado, gengivas doloridas, dor abdominal, inflamação gastrintestinal, dor de dente. Náuseas e sintomas epigástricos (raro) (sintomas na região do estômago). \n\n5"", ""**Síndrome da boca ardente:** 0,25 a 6,0 mg/dia. Dose recomendada: 1,0 a 2,0 mg/dia. \n\n**Uso em idosos:** a dose mais baixa possível deve ser utilizada em idosos. Deve-se ter especial cuidado durante as alterações na dose. \n\n**Comprometimento do fígado:** pacientes com comprometimento do fígado grave não devem ser tratados com clonazepam e pacientes com comprometimento hepático leve a moderado devem receber a dose mais baixa possível. \n\n4 \n\n**==> picture [109 x 35] intentionally omitted <==**\n\n## **Instruções especiais de administração** \n\n**Rivotril[® ]** pode ser usado com outros antiepilépticos. Nesse caso, seu médico ajustará a dose de cada medicamento para atingir o efeito ideal. \n\nNão pare de tomar **Rivotril[® ]** subitamente, você pode ter novas crises epilépticas. Somente seu médico poderá orientar a interrupção do tratamento reduzindo gradualmente a dose utilizada. \n\n**Siga a orientação de seu médico, respeitando sempre os horários, as doses e a duração do tratamento. Não interrompa o tratamento sem o conhecimento do seu médico.** \n\n**"", ""Informe seu médico se estiver amamentando. Se você realmente precisar tomar **Rivotril[®]** , a amamentação deve ser descontinuada. \n\n## **Uso em crianças** \n\nAvaliar o risco / benefício do uso de **Rivotril[® ]** a longo prazo em pacientes pediátricos com distúrbios epilépticos. **Rivotril[® ]** pode aumentar a salivação e as secreções brônquicas em lactentes e crianças pequenas. Atenção:  manter as vias aéreas livres. \n\nNão há dados de eficácia / segurança de **Rivotril[® ]** em menores de 18 anos com distúrbio do pânico. \n\n## **Uso em idosos** \n\nOs efeitos dos benzodiazepínicos parecem ser maiores em pacientes idosos do que em pacientes mais jovens, mesmo em concentrações plasmáticas similares. \n\n## **Principais interações medicamentosas** \n\nInforme seu médico se estiver tomando outros medicamentos, incluindo as substâncias a seguir, pois elas podem interagir com **Rivotril[®]** : \n\n– Depressores do sistema nervoso central e álcool; \n\n– Medicamentos que agem no sistema nervoso: antidepressivos, medicamentos para dormir, alguns analgésicos, antipsicóticos, ansiolíticos, anticonvulsivantes; \n\n– Medicamentos para o estômago. \n\n## **Interações fármaco-alimento** \n\nInterações com alimentos não foram estabelecidas. O suco de toranja pode aumentar o efeito de **Rivotril**[®] . \n\n## **Interações fármaco-laboratório** \n\nInterações com testes laboratoriais não foram estabelecidas. \n\n**Informe ao seu médico ou cirurgião-dentista se você está fazendo uso de algum outro medicamento. Não use medicamento sem o conhecimento do seu médico. Pode ser perigoso para a sua   saúde.**"", ""4) ataxia cerebelar ou espinhal (descoordenação dos movimentos por problema do cerebelo ou medula); \n\n> 5) uso regular ou intoxicação aguda por álcool ou drogas. \n\nPode ocorrer perda de efeito durante o tratamento com clonazepam. \n\nNão tome **Rivotril[® ]** com álcool e/ou depressores do sistema nervoso central, essa combinação pode aumentar os efeitos de **Rivotril[®]** , com potencial sedação grave que pode resultar em coma ou morte, depressão cardiovascular e/ou respiratória. Caso ocorram reações paradoxais ** durante o tratamento, fale com seu médico, pois o uso do medicamento deve ser descontinuado. Pode ocorrer amnésia anterógrada (perda da habilidade de criar novas memórias e absorver novas informações), com o uso de benzodiazepínicos em doses terapêuticas. \n\n**Rivotril[® ]** pode precipitar o estado de mal epiléptico (crises epilépticas em sequência rápida). Fale com seu médico antes de aumentar a dose ou interromper abruptamente esta medicação. \n\n## **Abuso e dependência do medicamento**"", ""4 \n \n \n \nTodo medicamento deve ser mantid o fora do alcance das  crianças. \n \n6. COMO DEVO USAR ESTE  MEDICAMENTO?  \nTome os comprimidos por via oral com pouca quantidade de líquido não alcoólico. A dose de Rivotril® depende da \ndoença, da resposta clínica, idade e tolerabilidade. \nRecomenda-se que o tratamento inicie com doses mais baixas, que podem ser aumentadas se necessário. Siga a \norientação médica. \n \nDistúrbios epilépticos \nAdultos \nDose inicial: não exceder 1,5 mg/dia, dividida em 3 doses. Aumentar a critério médico. Dose de manutenção: será \ndefinida pelo seu médico, de acordo com sua resposta. \nDose diária máxima recomendada: 20 mg. \nSe você já usa outro anticonvulsivante, avise seu médico. \n \nRecém-nascidos e crianças até 10 anos de idade ou 30 kg de peso  \nDose inicial média: 0,01 a 0,03 mg/kg/dia. Não exceder 0,05 mg/kg/dia, dividido em 2 ou 3 doses  diárias. \n \nCrianças entre 10 e 16 anos de idade: Dose inicial: 1 a 1,5 mg/dia, dividido em 2 a 3 doses. A dose pode ser aumentada, \na critério médico, até atingir a dose de manutenção individual, usualmente de 3 a 6  mg/dia. \nSempre que possível, dividir a dose diária em 3 doses iguais. Caso não seja possível, a maior dose deve ser tomada \nantes de deitar. \n \nTranstornos de ansiedade \n Distúrbio do pânico: Adultos: - Dose inicial: 0,5 mg/dia, dividida em 2 doses. Pode-se aumentar a dose a critério \nmédico. - Dose de manutenção: critério médico, de acordo com sua resposta. A dose tomada ao deitar reduz a \ninconveniência da sonolência e pode ser desejável no in ício do tratamento. A retirada deve ser gradual, até que \no medicamento seja totalmente suspenso.  \n Como ansiolítico em geral: 0,25 mg a 4,0 mg/dia. Dose recomendada: 0,5 a 1,5 mg/dia (dividida em 3x/dia). \n Fobia social: 0,25 mg/dia até 6,0 mg/dia (2,0 mg, 3x/dia). Dose recomendada: 1,0 a 2,5 mg/dia. \n \nTranstornos do humor \n Transtorno afetivo bipolar (tratamento da mania): 1,5 mg a 8 mg/dia. Dose recomendada: 2,0 a 4,0 mg/dia. \n Depressão maior (associado a antidepressivos): 0,5 a 6,0 mg/dia. Dose recomendada: 2,0 a 4,0 mg/dia. \n \nSíndromes psicóticas \n Acatisia: 0,5 mg a 4,5 mg/dia. Dose recomendada: 0,5 a 3,0 mg/dia.  \n \nSíndrome das pernas inquietas: 0,5 mg a 2,0 mg/dia. \n \nVertigem e distúrbios do equilíbrio : 0,5 mg a 1,0 mg ao dia (2x/dia). Doses diárias superiores a 1,0 mg não são \nrecomendáveis. \n \nSíndrome da boca ardente: 0,25 a 6,0 mg/dia. Dose recomendada: 1,0 a 2,0 mg/dia. \n \nUso em idosos: a dose mais baixa possível deve ser utilizada em idosos. Deve-se ter especial cuidado durante as \nalterações na dose. \n \nComprometimento do fígado: pacientes com comprometimento do fígado grave não devem ser tratados com \nclonazepam e pacientes com comprometimento hepático leve a moderado devem receber a dose mais baixa possível. "", ""QUANDO NÃO DEVO USAR ESTE MEDICAMENTO?  \nRivotril® é contraindicado a pacientes com hipersensibilidade conhecida a clonazepam ou a qualquer dos excipientes \ndo medicamento, em pacientes com insuficiência respiratória grave ou comprometimento do fígado grave, pois os \nbenzodiazepínicos podem lev ar à ocorrência de comprome timento do sistema nervoso,  secundário ao problema no \nfígado. \nRivotril® comprimidos e Rivotril® gotas são contraindicados para o tratamento de transtornos do pânico em \npacientes com histórico médico de apneia do sono. \nRivotril® é contraindicado a pacientes com glaucoma agudo de ângulo fechado. Rivotril® pode ser usado por \npacientes com glaucoma de ângulo aberto, desde que estejam recebendo terapia  apropriada. \n \n4. O QUE DEVO SABER ANTES DE USAR ESTE   MEDICAMENTO?  \nAntes de tomar Rivotril®, informe seu médico se você tem ou teve: \n1) outros problemas de saúde, como doenças nos rins ou fígado (por exemplo: cirrose hepática), distúrbio \nneuromuscular ou respiratório, porfiria (doença em que ocorre deficiência de enzimas específicas na via da biossíntese \ndo heme); \n2) sinais ou sintomas de depressão e/ou tentativa de suicídio; \n3) intolerância à galactose (açúcar) ou deficiência de lactase (enzima que quebra a lactose); \n4) ataxia cerebelar ou espinhal (descoordenação dos movimentos por problema do cerebelo ou medula); \n5) uso regular ou intoxicação aguda por álcool ou drogas.  \n \nPode ocorrer perda de efeito durante o tratamento com clonazepam. \nNão tome Rivotril® com álcool e/ou depressores do sistema nervoso ce ntral, essa combinação pode aumentar os efeitos \nde Rivotril®, com potencial sedação grave que pode resultar em coma ou morte, depressão cardiovascular e/ou respiratória. \nCaso ocorram reações paradoxais (vide item “QUAIS OS MALES QUE ESTE MEDICAMENTO PODE ME \nCAUSAR?”) durante o tratamento, fale com seu médico, pois o uso do medicamento deve ser descontinuado. \nPode ocorrer amnésia anterógrada (perda da habilidade de criar novas memórias e absorver novas informações), com o uso \nde benzodiazepínicos em doses terapêuticas. \nRivotril® pode precipitar o estado de mal epiléptico (crises epilépticas em sequência rápida). Fale com seu médico \nantes de aumentar a dose ou interromper abruptamente esta medicação. \n \nAbuso e dependência do medicamento  \nO uso de benzodiazepínicos pode lev ar ao desenvolvime nto de dependê ncia física e psic ológica. O risco de \ndependência aumenta com a dose, tratamentos prolongados e em pacientes com história de abuso de álcool ou drogas. \nEm caso de dependência, especialmente com doses elevadas, a descontinuação brusca do tratamento será \nacompanhada por sintomas de abstinência: psicoses, distúrbio comportamental, tremor, sudorese, agitação, distúrbios \ndo sono e ansiedade, dor de cabeça, diarreia, dores musculares, câimbras, ansiedade extrema, tensão, cansaço, \ninquietação, alteração de humor, confusão, irritabilidade e convulsões epiléticas que podem ser associadas à doença \nde base. Em casos graves, desrealização (sentimentos de estranhamento ou distanciamento em relação ao ambiente), \ndespersonalização (processo psíquico, em que se tem a impressão de que se é estranho a si mesmo), hipersensibilidade \nao som, à luz, a ruídos e ao contato físico, sensações anormais, formigamentos, alucinações. O risco dos sintomas de \nabstinência é maior após descontinuação súbita do tratamento, portanto a retirada brusca do medicamento deve ser \nevitada. O tratamento (mesmo de curta duração) deve ser interrompido pela redução gradativa da dose diária.  \n \nEfeitos sobre a capacidade de dirigir e operar  máquinas \nClonazepam pode lentificar as reações, efeito agravado com o uso de álcool. \nDurante o tratamento, o paciente não deve dirigir veíc ulos ou operar máquinas, pois sua habilidade e atenção \npodem estar prejudicadas. \n \nAté o momento, não há informações de que Rivotril®  cause doping. Em caso de dúvidas, consulte o seu  médico. \n \n \nGravidez e amamentação "", ""## **Efeitos sobre a capacidade de dirigir e operar  máquinas** \n\nClonazepam pode lentificar as reações, efeito agravado com o uso de álcool. \n\n**Durante o tratamento, o paciente não deve dirigir veículos ou operar máquinas, pois sua habilidade e atenção podem estar prejudicadas.** \n\nAté o momento, não há informações de que **Rivotril[®  ]** cause _doping_ . Em caso de dúvidas, consulte o seu  médico. \n\n## **Gravidez e amamentação** \n\n2 \n\n**==> picture [109 x 35] intentionally omitted <==**\n\n## **Este medicamento não deve ser utilizado por mulheres grávidas sem orientação médica ou do cirurgiãodentista.** \n\n**Rivotril[® ]** só deve ser administrado a gestantes se houver indicação absoluta e se os benefícios  potenciais \n\nsuperarem os riscos para o feto. **Rivotril[® ]** pode prejudicar seu bebê. Informe seu médico se estiver grávida ou se está tentando engravidar. O uso de altas doses no último trimestre da gestação ou no trabalho de parto pode  causar irregularidades no batimento cardíaco do feto e baixa temperatura corpórea, falta de tônus muscular, depressão respiratória e dificuldade de sucção no bebê. Tanto a gestação quanto a suspensão de **Rivotril**[® ] podem exacerbar a epilepsia. \n\nInforme seu médico se estiver amamentando. Se você realmente precisar tomar **Rivotril[®]** , a amamentação deve ser descontinuada. \n\n## **Uso em crianças**"", ""3 \n\n**==> picture [109 x 35] intentionally omitted <==**\n\n## **Todo medicamento deve ser mantido fora do alcance das  crianças.** \n\n## **6. COMO DEVO USAR ESTE  MEDICAMENTO?** \n\nTome os comprimidos por via oral com pouca quantidade de líquido não alcoólico. A dose de **Rivotril[® ]** depende da doença, da resposta clínica, idade e tolerabilidade. \n\nRecomenda-se que o tratamento inicie com doses mais baixas, que podem ser aumentadas se necessário. Siga a orientação médica. \n\n## **Distúrbios epilépticos** \n\n## Adultos \n\nDose inicial: não exceder 1,5 mg/dia, dividida em 3 doses. Aumentar a critério médico. Dose de manutenção: será definida pelo seu médico, de acordo com sua resposta. \n\nDose diária máxima recomendada: 20 mg. \n\nSe você já usa outro anticonvulsivante, avise seu médico. \n\nRecém-nascidos e crianças até 10 anos de idade ou 30 kg de peso \n\nDose inicial média: 0,01 a 0,03 mg/kg/dia. Não exceder 0,05 mg/kg/dia, dividido em 2 ou 3 doses  diárias. \n\nCrianças entre 10 e 16 anos de idade: Dose inicial: 1 a 1,5 mg/dia, dividido em 2 a 3 doses. A dose pode ser aumentada, a critério médico, até atingir a dose de manutenção individual, usualmente de 3 a 6  mg/dia. Sempre que possível, dividir a dose diária em 3 doses iguais. Caso não seja possível, a maior dose deve ser tomada antes de deitar. \n\n## **Transtornos de ansiedade**"", ""8. QUAIS OS MALES QUE ESTE MEDICAMENTO PODE ME   CAUSAR?** Algumas reações são transitórias e desaparecem espontaneamente no decorrer do tratamento ou com redução da dose. As reações que ocorreram em ≥ 5% dos pacientes em estudos clínicos foram: sonolência, dor de cabeça, infecção das vias aéreas superiores, cansaço, gripe, depressão, vertigem, irritabilidade, insônia, perda da coordenação de movimentos e da marcha, perda do equilíbrio, náusea, sensação de cabeça leve, sinusite e concentração prejudicada. \n\n## **Pós-comercialização:** \n\n**Distúrbios do sistema imunológico** : reações alérgicas e muito poucos casos de anafilaxia (reação alérgica grave). \n\n**Distúrbios endócrinos** : casos isolados, reversíveis, de puberdade precoce incompleta em crianças. \n\n**Distúrbios psiquiátricos** : amnésia, alucinações, histeria, psicose, tentativa de suicídio, despersonalização, distúrbio de memória, desinibição orgânica, ideias suicidas, lamentações, distúrbios emocionais e de humor, estado confusional e desorientação. Depressão pode estar associada à doença de base. Reações paradoxais: inquietação, agitação, irritabilidade, agressividade, nervosismo, hostilidade, ansiedade, distúrbios do sono, delírio, raiva, pesadelos, sonhos anormais, alucinações, psicose, hiperatividade, comportamento inapropriado e outros efeitos comportamentais. Alterações da libido (casos raros). Dependência e retirada, vide item “Abuso e dependência do medicamento”."", ""3. QUANDO NÃO DEVO USAR ESTE MEDICAMENTO?** \n\n**Rivotril[® ]** é contraindicado a pacientes com hipersensibilidade conhecida a clonazepam ou a qualquer dos excipientes do medicamento, em pacientes com insuficiência respiratória grave ou comprometimento do fígado grave, pois os benzodiazepínicos podem levar à ocorrência de comprometimento do sistema nervoso, secundário ao problema no fígado. \n\n**Rivotril[® ]** comprimidos e **Rivotril[® ]** gotas são contraindicados para o tratamento de transtornos do pânico em pacientes com histórico médico de apneia do sono. \n\n**Rivotril[® ]** é contraindicado a pacientes com glaucoma agudo de ângulo fechado. **Rivotril[® ]** pode ser usado por pacientes com glaucoma de ângulo aberto, desde que estejam recebendo terapia  apropriada. \n\n## **4. O QUE DEVO SABER ANTES DE USAR ESTE   MEDICAMENTO?** \n\nAntes de tomar **Rivotril**[®] , informe seu médico se você tem ou teve: \n\n- 1) outros problemas de saúde, como doenças nos rins ou fígado (por exemplo: cirrose hepática), distúrbio neuromuscular ou respiratório, porfiria (doença em que ocorre deficiência de enzimas específicas na via da biossíntese do heme); \n\n- 2) sinais ou sintomas de depressão e/ou tentativa de suicídio; \n\n- 3) intolerância à galactose (açúcar) ou deficiência de lactase (enzima que quebra a lactose); \n\n4) ataxia cerebelar ou espinhal (descoordenação dos movimentos por problema do cerebelo ou medula); \n\n> 5) uso regular ou intoxicação aguda por álcool ou drogas. \n\nPode ocorrer perda de efeito durante o tratamento com clonazepam."", ""3. QUANDO NÃO DEVO USAR ESTE MEDICAMENTO?** \n\n**Rivotril[® ]** é contraindicado a pacientes com hipersensibilidade conhecida a clonazepam ou a qualquer dos excipientes do medicamento, em pacientes com insuficiência respiratória grave ou comprometimento do fígado grave, pois os benzodiazepínicos podem levar à ocorrência de comprometimento do sistema nervoso, secundário ao problema no fígado. \n\n**Rivotril[® ]** comprimidos e **Rivotril[® ]** gotas são contraindicados para o tratamento de transtornos do pânico em pacientes com histórico médico de apneia do sono. \n\n**Rivotril[® ]** é contraindicado a pacientes com glaucoma agudo de ângulo fechado. **Rivotril[® ]** pode ser usado por pacientes com glaucoma de ângulo aberto, desde que estejam recebendo terapia  apropriada. \n\n## **"", ""6 \n \n \n \nDistúrbios da pele / tecido subcutâneo: urticária (placas avermelhadas na pele que coçam bastante), coceira, erupção \ncutânea, perda de cabelo transitória, crescimento anormal de pelos, inchaço na face e tornozelo, alterações da \npigmentação (raro). \n \nDistúrbios musculoesqueléticos / tecido conectivo : fraqueza muscular, frequente e geralmente transitória. Dor \nmuscular, dor nas costas, fratura traumática, dor na nuca, deslocamentos e tensões. \n \nDistúrbios renais / urinários : dificuldade para urinar, perda urinária durante o sono, noctúria (levantar para urinar \nà noite), retenção urinária, infecção do trato urinário. Incontinência (raro). \n \nDistúrbios do sistema reprodutivo : cólicas menstruais, diminuição de interesse sexual. Impotência (raro). \n \nDistúrbios gerais : fadiga frequente e geralmente transitória. Reações paradoxais: vide item “Distúrbios \npsiquiátricos”. \n \nLesões e envenenamento : quedas e fraturas. Risco maior em pessoas que usam outros sedativos incluindo bebidas \nalcoólicas e em idosos. \n \nExames complementares : diminuição do número de plaquetas (raro). Diminuição dos glóbulos brancos e anemia, \nalterações dos exames da função do fígado. \n \nDistúrbios do ouvido: otite, vertigem. \n \nDiversas: desidratação, deterioração geral, febre, aumento dos gânglios linfáticos, ganho ou perda de peso, infecção \nviral. \n \nInforme ao seu médico, cirurgião-dentista ou farmacêutico o aparecimento de reações indesejáveis pelo uso do \nmedicamento. Informe também à empresa através do seu serviço de atendimento.  \n \n9. O QUE FAZER SE ALGUÉM USAR UMA QUANTIDADE MAIOR DO QUE A INDICADA DESTE \nMEDICAMENTO? \nSintomas \nOs benzodiazepínicos geralmente causam sonolência, ataxia (perda da coordenação dos movimentos), disartria, \nnistagmo, confusão mental, excitação e lentidão de movimento. A superdose de Rivotril® está raramente associada \ncom risco de morte, caso o medicamento tenha sido tomado isoladamente, mas pode levar à arreflexia (ausência de \nreflexos), apneia, hipotensão arterial, depressão cardiorrespiratória e coma. Se ocorrer coma, normalmente tem \nduração de poucas horas; porém, pode ser prolongado e cíclico, particularmente em idosos. A depressão respiratória \npor benzodiazepínicos é mais séria em pacientes com doença respiratória. \nOs benzodiazepínicos aumentam os efeitos de outros depressores do sistema nervoso central, incluindo o álcool. \nConduta \nMonitorar sinais vitais e instituir medidas de suporte a critério médico. \nAdvertência \nFlumazenil não é indicado a pacientes com epilepsia que foram tratados com benzodiazepínicos. \n \nEm caso de uso de grande quantid ade deste medicamento, procure rapidamente socorro médico e leve a \nembalagem ou bula do medicamento, se possível. Ligue para 0800 722 6001, se você precisar de mais \norientações. \n \nMS-1.1524.0011 \nFarmacêutico Responsável: Dr. Adriano Costa Leite – CRF-SP n° 38.716 \n \nRegistrado por: \nBlanver Farmoquímica e Farmacêutica S.A. \nRua Francisco Tramontano, 101 -Sala 507 \nReal Parque – CEP 05686-010 – São Paulo – SP \nCNPJ 53.359.824/0001-19 \n \nFabricado e Embalado por: \nProdutos Roche Químicos e Farmacêuticos S.A. \nEst. dos Bandeirantes, 2020 "", ""IDENTIFICAÇÃO DO MEDICAMENTO  \n \nRivotril® \nclonazepam  \n \nAnticonvulsivante/Ansiolítico \n \nAPRESENTAÇÕES \n \nComprimidos de 0,5 mg ou 2 mg. Caixa com 20 ou 30 comprimidos.  \n \nVIA ORAL \n \nUSO ADULTO E PEDIÁTRICO  \n \n \nCOMPOSIÇÃO \nComprimidos de 0,5 mg \nPrincípio ativo: clonazepam...............................................................................................................................0,5 mg. \nExcipientes: lactose, amido de milho, amido pré-gelatinizado, óxido de ferro amarelo, óxido férrico, talco, estearato \nde magnésio. \n \nComprimidos de 2,0 mg \nPrincípio ativo: clonazepam...............................................................................................................................2,0 mg. \nExcipientes: lactose, amido pré-gelatinizado, estearato de magnésio, celulose  microcristalina. \n \nINFORMAÇÕES AO PACIENTE \nLeia com atenção as informações a seguir. Se tiver dúvidas, informe seu  médico. \n \n1."", ""IDENTIFICAÇÃO DO MEDICAMENTO** \n\n## **Rivotril[®]** \n\nclonazepam \n\n**Anticonvulsivante/Ansiolítico** \n\n**APRESENTAÇÕES** \n\n**Comprimidos de 0,5 mg ou 2 mg. Caixa com 20 ou 30 comprimidos.** \n\n**VIA ORAL** \n\n## **USO ADULTO E PEDIÁTRICO** \n\n## **COMPOSIÇÃO** \n\n## **Comprimidos de 0,5 mg** \n\n**Princípio ativo:** clonazepam...............................................................................................................................0,5 mg. **Excipientes:** lactose, amido de milho, amido pré-gelatinizado, óxido de ferro amarelo, óxido férrico, talco, estearato de magnésio. \n\n## **Comprimidos de 2,0 mg** \n\n**Princípio ativo:** clonazepam...............................................................................................................................2,0 mg. **Excipientes:** lactose, amido pré-gelatinizado, estearato de magnésio, celulose  microcristalina. \n\n## **INFORMAÇÕES AO PACIENTE** \n\nLeia com atenção as informações a seguir. Se tiver dúvidas, informe seu  médico. \n\n## **"", ""IDENTIFICAÇÃO DO MEDICAMENTO** \n\n## **Rivotril[®]** \n\nclonazepam \n\n**Anticonvulsivante/Ansiolítico** \n\n**APRESENTAÇÕES** \n\n**Comprimidos de 0,5 mg ou 2 mg. Caixa com 20 ou 30 comprimidos.** \n\n**VIA ORAL** \n\n## **USO ADULTO E PEDIÁTRICO** \n\n## **COMPOSIÇÃO** \n\n## **Comprimidos de 0,5 mg** \n\n**Princípio ativo:** clonazepam...............................................................................................................................0,5 mg. **Excipientes:** lactose, amido de milho, amido pré-gelatinizado, óxido de ferro amarelo, óxido férrico, talco, estearato de magnésio. \n\n## **Comprimidos de 2,0 mg** \n\n**Princípio ativo:** clonazepam...............................................................................................................................2,0 mg. **Excipientes:** lactose, amido pré-gelatinizado, estearato de magnésio, celulose  microcristalina. \n\n## **INFORMAÇÕES AO PACIENTE** \n\nLeia com atenção as informações a seguir. Se tiver dúvidas, informe seu  médico. \n\n## **"", ""IDENTIFICAÇÃO DO MEDICAMENTO  \n \nRivotril® \nclonazepam  \n \nAnticonvulsivante/Ansiolítico \n \nAPRESENTAÇÕES \nSolução oral de 2,5 mg/mL. Frasco com 20 mL.  \n \nVIA ORAL \n \nUSO ADULTO E PEDIÁTRICO  \n \n \nCOMPOSIÇÃO \nSolução oral de 2,5 mg/mL (1 gota = 0,1 mg)  \nPrincípio ativo: clonazepam.........................................................................................................................2,5 mg/mL \nExcipientes: sacarina sódica, ácido acético, propilenoglicol, essência de pêssego. Cada 1 mL de Rivotril® solução \noral equivale a cerca de 25 gotas. \n \nINFORMAÇÕES AO PACIENTE \nLeia com atenção as informações a seguir. Se tiver dúvidas, informe seu  médico. \n \n1.""]",26.343,38.325
agentic_rag,ollama:gemma4:e4b,RIVOTRIL,dificil,"Por que a bula contraindica Rivotril para tratamento de transtorno do pânico em pacientes com histórico de apneia do sono, quando se consideram seus efeitos no sistema nervoso e no sistema respiratório?",dificil,"A bula contraindica Rivotril comprimidos e gotas para tratamento de transtornos do pânico em pacientes com histórico de apneia do sono. Ela informa que clonazepam é um benzodiazepínico que causa inibição leve do sistema nervoso, com ação sedativa leve, relaxante muscular e tranquilizante, e também descreve risco de depressão respiratória. Além disso, álcool e depressores do sistema nervoso central podem aumentar os efeitos de Rivotril, com sedação grave, coma ou morte e depressão cardiovascular e/ou respiratória. Assim, usando apenas a bula, a contraindicação se relaciona ao risco de agravar comprometimento respiratório em pacientes com apneia do sono.",COMO ESTE MEDICAMENTO FUNCIONA? / QUANDO NÃO DEVO USAR ESTE MEDICAMENTO? / O QUE DEVO SABER ANTES DE USAR ESTE MEDICAMENTO? / QUAIS OS MALES QUE ESTE MEDICAMENTO PODE ME CAUSAR?,"De acordo com a bula do medicamento RIVOTRIL, consta a seguinte informação: Rivotril® comprimidos e Rivotril® gotas são contraindicados para o tratamento de transtornos do pânico em pacientes com histórico médico de apneia do sono. O contexto fornece essa contraindicação específica, mas não detalha os motivos fisiológicos que ligam os efeitos no sistema nervoso ou respiratório a esta condição.

---
*Esta resposta se baseia apenas nos trechos da bula recuperados e não substitui orientação médica ou farmacêutica. É recomendável consultar um profissional de saúde para orientação individualizada.*","De acordo com a bula do medicamento RIVOTRIL, consta a seguinte informação: Rivotril® comprimidos e Rivotril® gotas são contraindicados para o tratamento de transtornos do pânico em pacientes com histórico médico de apneia do sono. O contexto fornece essa contraindicação específica, mas não detalha os motivos fisiológicos que ligam os efeitos no sistema nervoso ou respiratório a esta condição.","QUANDO NÃO DEVO USAR ESTE MEDICAMENTO?, O QUE DEVO SABER ANTES DE USAR ESTE MEDICAMENTO?, COMO ESTE MEDICAMENTO FUNCIONA?, QUAIS OS MALES QUE ESTE MEDICAMENTO PODE ME CAUSAR?",,"[""COMO ESTE MEDICAMENTO FUNCIONA?  \nClonazepam pertence à classe dos benzodiazepínicos, medicamentos que causam inibição leve do sistema nervoso, \ncom consequente ação anticonvulsivante, sedativa leve, relaxante muscular e tranquilizante. \n \n3. QUANDO NÃO DEVO USAR ESTE MEDICAMENTO?  \nRivotril® é contraindicado a pacientes com hipersensibilidade conhecida a clonazepam ou a qualquer dos excipientes \ndo medicamento e a pacientes com insuficiência respiratória grave ou comprometimento do fígado grave, pois os \nbenzodiazepínicos podem levar à ocorrência de comprometimento do sistema nervoso secundário ao problema no \nfígado. \nRivotril® comprimidos e Rivotril® gotas são contraindicados para o tratamento de transtornos do pânico em \npacientes com histórico médico de apneia do sono. \nRivotril® é contraindicado a pacientes com glaucoma agudo de ângulo fechado. Rivotril® pode ser usado por \npacientes com glaucoma de ângulo aberto, desde que estejam recebendo terapia  apropriada."", ""**Distúrbios do sistema nervoso** : diminuição da concentração, sonolência, lentificação, hipotonia muscular, tonturas, ataxia são frequentes e geralmente transitórias. Dor de cabeça (raro). Distúrbios reversíveis: dificuldade para articular a fala, incoordenação de movimentos e da marcha, movimento anormal dos olhos. Pode haver esquecimento de fatos recentes, associado a alteração de comportamento. Pode haver aumento das crises convulsivas em determinadas formas de epilepsia. Perda da voz, movimentos grosseiros e descoordenados de braços e pernas, coma, tremor, perda de força de um lado do corpo, sensação de cabeça leve, falta de energia e formigamento e alteração da sensibilidade nas extremidades. \n\n**Distúrbios oculares** : visão dupla reversível, aparência de “olho vítreo”. \n\n**Distúrbios cardiovasculares** : palpitações, dor torácica, insuficiência cardíaca (incluindo parada  cardíaca). \n\n**Distúrbios respiratórios** : congestão pulmonar, congestão nasal, hipersecreção, tosse, falta de ar, bronquite, rinite, faringite. Pode ocorrer depressão respiratória. **Rivotril[® ]** pode aumentar a produção de saliva ou de secreção brônquica (secreção nas vias aéreas) em lactentes e crianças. \n\n**Distúrbios gastrintestinais** : perda do apetite, língua saburrosa, constipação, diarreia, boca seca, incontinência fecal (perda do controle da evacuação), gastrite, aumento do fígado, apetite aumentado, gengivas doloridas, dor abdominal, inflamação gastrintestinal, dor de dente. Náuseas e sintomas epigástricos (raro) (sintomas na região do estômago). \n\n5"", ""4) ataxia cerebelar ou espinhal (descoordenação dos movimentos por problema do cerebelo ou medula); \n\n> 5) uso regular ou intoxicação aguda por álcool ou drogas. \n\nPode ocorrer perda de efeito durante o tratamento com clonazepam. \n\nNão tome **Rivotril[® ]** com álcool e/ou depressores do sistema nervoso central, essa combinação pode aumentar os efeitos de **Rivotril[®]** , com potencial sedação grave que pode resultar em coma ou morte, depressão cardiovascular e/ou respiratória. Caso ocorram reações paradoxais ** durante o tratamento, fale com seu médico, pois o uso do medicamento deve ser descontinuado. Pode ocorrer amnésia anterógrada (perda da habilidade de criar novas memórias e absorver novas informações), com o uso de benzodiazepínicos em doses terapêuticas. \n\n**Rivotril[® ]** pode precipitar o estado de mal epiléptico (crises epilépticas em sequência rápida). Fale com seu médico antes de aumentar a dose ou interromper abruptamente esta medicação. \n\n## **Abuso e dependência do medicamento**"", ""8. QUAIS OS MALES QUE ESTE MEDICAMENTO PODE ME   CAUSAR?** Algumas reações são transitórias e desaparecem espontaneamente no decorrer do tratamento ou com redução da dose. As reações que ocorreram em ≥ 5% dos pacientes em estudos clínicos foram: sonolência, dor de cabeça, infecção das vias aéreas superiores, cansaço, gripe, depressão, vertigem, irritabilidade, insônia, perda da coordenação de movimentos e da marcha, perda do equilíbrio, náusea, sensação de cabeça leve, sinusite e concentração prejudicada. \n\n## **Pós-comercialização:** \n\n**Distúrbios do sistema imunológico** : reações alérgicas e muito poucos casos de anafilaxia (reação alérgica grave). \n\n**Distúrbios endócrinos** : casos isolados, reversíveis, de puberdade precoce incompleta em crianças. \n\n**Distúrbios psiquiátricos** : amnésia, alucinações, histeria, psicose, tentativa de suicídio, despersonalização, distúrbio de memória, desinibição orgânica, ideias suicidas, lamentações, distúrbios emocionais e de humor, estado confusional e desorientação. Depressão pode estar associada à doença de base. Reações paradoxais: inquietação, agitação, irritabilidade, agressividade, nervosismo, hostilidade, ansiedade, distúrbios do sono, delírio, raiva, pesadelos, sonhos anormais, alucinações, psicose, hiperatividade, comportamento inapropriado e outros efeitos comportamentais. Alterações da libido (casos raros). Dependência e retirada, vide item “Abuso e dependência do medicamento”."", ""3 \n \n \ndepressão respiratória e dificuldade de sucção no bebê. Tanto a gestação quanto a suspensão de Rivotril® podem \nexacerbar a epilepsia. \nInforme seu médico se estiver amamentando. Se você realmente precisar tomar Rivotril®, a amamentação deve ser \ndescontinuada. \n \nUso em crianças \nAvaliar o risco / benefício do uso de Rivotril® a longo prazo em pacientes pediátricos com distúrbios epilépticos. \nRivotril® pode aumentar a salivação e as secreções brônquicas em lactentes e crianças pequenas. Atenção:  manter \nas vias aéreas livres. \nNão há dados de eficácia / segurança de Rivotril® em menores de 18 anos com distúrbio do pânico. \nUso em idosos \nOs efeitos dos benzodiazepínicos parecem ser maiores em pacientes idosos do que em pacientes mais jovens, mesmo \nem concentrações plasmáticas similares, \n \nPrincipais interações medicamentosas  \nInforme seu médico, se esti ver tomando outros medica mentos, incluindo as substâncias  a seguir, pois elas podem \ninteragir com Rivotril®. \n- Depressores do sistema nervoso central e álcool;  \n- Medicamentos que agem no sistema nervoso: antidepressivos, medicamentos para dormir, alguns analgésicos, \nantipsicóticos, ansiolíticos, anticonvulsivantes; \n- Medicamentos para o estômago.  \n \nInterações fármaco-alimento \nInterações com alimentos não foram estabelecidas. O suco de toranja pode aumentar o efeito de Rivotril®. \n \nInterações fármaco-laboratório \nInterações com testes laboratoriais não foram estabelecidas. \n \nInforme ao seu médico ou cirurgião-dentista se você está fazendo uso de algum outro medicamento. Não use \nmedicamento sem o conhecimento do seu médico. Pode ser perigoso para a sua saúde. \n \n5. ONDE, COMO E POR QUANTO TEMPO PO SSO GUARDAR ESTE MEDICAMENTO?   \nRivotril® solução oral deve ser armazenado em temperatura ambiente (entre 15 e 30 ºC) e protegido do calor. \n \nNúmero de lote e datas de fabricação e validade: vide embalagem.  \nNão use medicamento com o prazo de validade vencido. Guarde-o em sua embalagem original.  \n \nAspecto físico \nA solução oral de Rivotril® é um líquido límpido a quase límpido, incolor a levemente amarelado ou amarelo \nesverdeado. \n \nCaracterísticas organolépticas \nA solução oral de Rivotril® apresenta aroma de pêssego. \n \nAntes de usar, observe o aspecto do medicamento. Caso ele esteja no prazo de validade e você observe alguma \nmudança no aspecto, consulte o farmacêu tico para saber se poderá utilizá-lo.  \n \nTodo medicamento deve ser mantid o fora do alcance das crianças. \n \n6. "", ""2. COMO ESTE MEDICAMENTO FUNCIONA?** Clonazepam pertence à classe dos benzodiazepínicos, medicamentos que causam inibição leve do sistema nervoso, com consequente ação anticonvulsivante, sedativa leve, relaxante muscular e tranquilizante. \n\nA ação de **Rivotril[® ]** oral dose única inicia em 30 a 60 minutos e se estende por 6 à 8 h em crianças e 8 a 12 h em adultos. \n\n1 \n\n**==> picture [109 x 35] intentionally omitted <==**\n\n## **"", ""2. COMO ESTE MEDICAMENTO FUNCIONA?** Clonazepam pertence à classe dos benzodiazepínicos, medicamentos que causam inibição leve do sistema nervoso, com consequente ação anticonvulsivante, sedativa leve, relaxante muscular e tranquilizante. \n\nA ação de **Rivotril[® ]** oral dose única inicia em 30 a 60 minutos e se estende por 6 à 8 h em crianças e 8 a 12 h em adultos. \n\n1 \n\n**==> picture [109 x 35] intentionally omitted <==**\n\n## **"", ""COMO ESTE MEDICAMENTO FUNCIONA?  \nClonazepam pertence à classe dos benzodiazepínicos, medicamentos que causam inibição leve do sistema nervoso, \ncom consequente ação anticonvulsivante, sedativa leve, relaxante muscular e tranquilizante. \nA ação de Rivotril® oral dose única inicia em 30 a 60 minutos e se estende por 6 a 8 h em crianças e 8 a 12 h em \nadultos. \n \n3. QUANDO NÃO DEVO USAR ESTE MEDICAMENTO?  \nRivotril® é contraindicado a pacientes com hipersensibilidade conhecida a clonazepam ou a qualquer dos excipientes \ndo medicamento e a pacientes com insuficiência respiratória grave ou comprometimento hepático grave, pois os \nbenzodiazepínicos podem levar à ocorrência de encefalopatia hepática."", ""COMO ESTE MEDICAMENTO FUNCIONA?  \nClonazepam pertence à classe dos benzodiazepínicos, medicamentos que causam inibição leve do sistema nervoso, \ncom consequente ação anticonvulsivante, sedativa leve, relaxante muscular e tranquilizante. \nA ação de Rivotril® oral dose única inicia em 30 a 60 minutos e se estende por 6 à 8 h em crianças e 8 a 12 h em \nadultos."", ""2 \n \n \nRivotril® comprimidos e Rivotril® gotas são contraindicados para o tratamento de transtornos do pânico em \npacientes com histórico médico de apneia do sono. \nRivotril® é contraindicado a pacientes com glaucoma agudo de ângulo fechado. Rivotril® pode ser usado por \npacientes com glaucoma de ângulo aberto, desde que estejam recebendo terapia apropriada. \n \n4. O QUE DEVO SABER ANTES DE USAR ESTE   MEDICAMENTO?  \nAntes de tomar Rivotril®, informe seu médico se você tem ou teve: \n1) outros problemas de saúde: doenças nos rins ou fígado (por exemplo: cirrose hepática), distúrbio neuromuscular \nou respiratório, porfiria (doença em que ocorre deficiência de enzimas específicas na via da biossíntese do heme). \n2) sinais ou sintomas de depressão e/ou tentativa de suicídio; \n3) intolerância à galactose (açúcar) ou deficiência de lactase (enzima que quebra a lactose); \n4) ataxia cerebelar ou espinhal (descoordenação dos movimentos por problema do cerebelo ou medula); \n5) uso regular ou intoxicação aguda por álcool ou drogas. \n \nPode ocorrer perda de efeito durante o tratamento com clonazepam. \nNão tome Rivotril® com álcool e/ou depressores do sistema nervoso central. Essa combinação pode aumentar os efeitos \nde Rivotril®, com potencial sedação grave que pode resultar em coma ou morte, depressão cardiovascular e/ou respiratória. \nCaso ocorram reações paradoxais (vide item “Quais os males que este medicamento pode me causar?”) durante o \ntratamento, fale com seu médico, pois o uso do medicamento deve ser descontinuado. \nPode ocorrer amnésia anterógrada (perda da habilidade de criar novas memórias e absorver novas informações), com o uso \nde benzodiazepínicos em doses terapêuticas. \nRivotril® pode precipitar o estado de mal epiléptico (crises epilépticas em sequência rápida). Fale com seu médico \nantes de aumentar a dose ou interromper abruptamente esta medicação. \n \nAbuso e dependência do medicamento  \nO uso de benzodiazepínicos pode lev ar ao desenvolvime nto de dependê ncia física e psic ológica. O risco de \ndependência aumenta com a dose, tratamentos prolongados e em pacientes com história de abuso de álcool ou drogas. \nEm caso de dependência, especialmente com doses elevadas, a descontinuação brusca do tratamento será \nacompanhada por sintomas de abstinência: psicoses, distúrbio de comportamento, tremor, sudorese, agitação, \ndistúrbios do sono e ansiedade, dor de cabeça, diarreia, dores musculares, câimbras, ansi edade extrem a, tensão, \ncansaço, inquietação, alteração de humor, confusão, irritabilidade e convulsões epiléticas que podem ser associadas \nà doença de base. Em casos graves, desrealização (sentimentos de estranhamento ou distanciamento em relação ao \nambiente), despersonalização (processo psíquico, em que se tem a impressão de que se é estranho  a si mesmo), \nhipersensibilidade ao som, à luz, a ruídos e ao contato físico, sensações anormais, formigamentos, alucinações. O \nrisco dos sintomas de abstinência é maior após descontinuação súbita do tratamento, portanto a retirada brusca do \nmedicamento deve ser evitada. O tratamento (mesmo de curta duração) deve ser interrompido pela redução gradativa \nda dose diária.  \n \nEfeitos sobre a capacidade de dirigir e operar  máquinas \nClonazepam pode lentificar as reações, efeito agravado com o uso de álcool. \nDurante o tratamento, o paciente não deve dirigir veículos ou operar máquinas, pois sua habilidade e atenção \npodem estar prejudicadas. \n \nAté o momento, não há informações de que Rivotril® cause doping. Em caso de dúvidas, consulte o seu médico. \n \nGravidez e amamentação \nEste medicamento não deve ser utilizado por mulheres grávidas sem orientação médica ou do cirurgião- \ndentista. \nRivotril® só deve ser administrado a gestantes se houver indicação absoluta e se os benefícios potenciais \nsuperarem os riscos para o feto. Rivotril® pode prejudicar seu bebê. Informe seu médico se estiver grávida ou se \nestá tentando engravidar. O uso de altas  doses no último trimestre da gestação  ou no trabalho de parto pode causar \nirregularidades no batimento cardíaco do feto e baixa temperatura corpórea, falta de tônus muscular, "", ""3 \n \n \nEste medicamento não deve ser utilizado por mulheres grávidas sem orientação médica ou do cirurgião- \ndentista. \nRivotril® só deve ser administrado a gestantes se houver indicação absoluta e se os benefícios  potenciais \nsuperarem os riscos para o feto. Rivotril® pode prejudicar seu bebê. Informe seu médico se estiver grávida ou se está \ntentando engravidar. O uso de altas dos es no último trimestre da gestação ou no trabalho de pa rto pode  causar \nirregularidades no batimen to cardíaco do f eto e baixa tempera tura corpórea, f alta de tônus musc ular, depressão \nrespiratória e dificuldade de sucção no bebê. Tanto a gestação quanto a suspensão de Rivotril® podem exacerbar a \nepilepsia. \nInforme seu médico se estiver amamentando. Se você realmente precisar tomar Rivotril®, a amamentação deve ser \ndescontinuada. \n \nUso em crianças \nAvaliar o risco / benefício do uso de Rivotril® a longo prazo em pacientes pediátr icos com distúrbios epilépticos. \nRivotril® pode aumentar a salivação e as secreções brônquicas em lactentes e crianças pequenas. Atenção:  manter \nas vias aéreas livres. \nNão há dados de eficácia / segurança de Rivotril® em menores de 18 anos com distúrbio do pânico. \n \nUso em idosos \nOs efeitos dos benzodiazepínicos parecem ser maiores em pacientes idosos do que em pacientes mais jovens, mesmo \nem concentrações plasmáticas similares.  \n \nPrincipais interações medicamentosas  \nInforme seu médico se esti ver tomando outros medica mentos, incluindo as substâncias  a seguir, pois elas podem \ninteragir com Rivotril®: \n– Depressores do sistema nervoso central e álcool;  \n– Medicamentos que agem no sistema nervoso: antidepressivos, medicamento s para dormir, alguns analgésicos, \nantipsicóticos, ansiolíticos, anticonvulsivantes; \n– Medicamentos para o estômago.  \n \nInterações fármaco-alimento \nInterações com alimentos não foram estabelecidas. O suco de toranja pode aumentar o efeito de  Rivotril®. \n \nInterações fármaco-laboratório \nInterações com testes laboratoriais não foram estabelecidas. \n \nInforme ao seu médico ou cirurgião-dentista se você está fazendo uso de algum outro medicamento.  \nNão use medicamento sem o conhecimento do seu médico. Pode ser perigoso para a sua   saúde. \n \n5. ONDE, COMO E POR QUANTO TEMPO POSSO GUARDAR ESTE   MEDICAMENTO?  \nRivotril®  comprimidos de 0,5 mg e 2,0 mg devem ser armazenados em temperatura ambiente (entre 15 e 30   ºC). \n \nNúmero de lote e datas de fabricação e validade: vide  embalagem.  \nNão use medicamento com o prazo de validade vencido. Guarde-o em sua embalagem  original.  \n \nAspecto físico \nOs comprimidos de 0,5 mg de Rivotril® apresentam formato cilíndrico biplano com presença de ranhura e cor laranja \npálido. \nOs comprimidos de 2,0 mg de Rivotril® apresentam formato cilíndrico biplano com presença de ranhura e cor branca \na levemente amarelada. \n \nCaracterísticas organolépticas \nRivotril® comprimidos de 0,5 mg e 2,0 mg não apresenta características marcantes que o diferenciem de outros \ncomprimidos. \nAntes de usar, observe o aspecto do medicamento. Caso ele esteja no prazo de validade e você observe alguma \nmudança no aspecto, consulte o farmacêu tico para saber se poderá  utilizá-lo.  "", ""QUANDO NÃO DEVO USAR ESTE MEDICAMENTO?  \nRivotril® é contraindicado a pacientes com hipersensibilidade conhecida a clonazepam ou a qualquer dos excipientes \ndo medicamento, em pacientes com insuficiência respiratória grave ou comprometimento do fígado grave, pois os \nbenzodiazepínicos podem lev ar à ocorrência de comprome timento do sistema nervoso,  secundário ao problema no \nfígado. \nRivotril® comprimidos e Rivotril® gotas são contraindicados para o tratamento de transtornos do pânico em \npacientes com histórico médico de apneia do sono. \nRivotril® é contraindicado a pacientes com glaucoma agudo de ângulo fechado. Rivotril® pode ser usado por \npacientes com glaucoma de ângulo aberto, desde que estejam recebendo terapia  apropriada. \n \n4. O QUE DEVO SABER ANTES DE USAR ESTE   MEDICAMENTO?  \nAntes de tomar Rivotril®, informe seu médico se você tem ou teve: \n1) outros problemas de saúde, como doenças nos rins ou fígado (por exemplo: cirrose hepática), distúrbio \nneuromuscular ou respiratório, porfiria (doença em que ocorre deficiência de enzimas específicas na via da biossíntese \ndo heme); \n2) sinais ou sintomas de depressão e/ou tentativa de suicídio; \n3) intolerância à galactose (açúcar) ou deficiência de lactase (enzima que quebra a lactose); \n4) ataxia cerebelar ou espinhal (descoordenação dos movimentos por problema do cerebelo ou medula); \n5) uso regular ou intoxicação aguda por álcool ou drogas.  \n \nPode ocorrer perda de efeito durante o tratamento com clonazepam. \nNão tome Rivotril® com álcool e/ou depressores do sistema nervoso ce ntral, essa combinação pode aumentar os efeitos \nde Rivotril®, com potencial sedação grave que pode resultar em coma ou morte, depressão cardiovascular e/ou respiratória. \nCaso ocorram reações paradoxais (vide item “QUAIS OS MALES QUE ESTE MEDICAMENTO PODE ME \nCAUSAR?”) durante o tratamento, fale com seu médico, pois o uso do medicamento deve ser descontinuado. \nPode ocorrer amnésia anterógrada (perda da habilidade de criar novas memórias e absorver novas informações), com o uso \nde benzodiazepínicos em doses terapêuticas. \nRivotril® pode precipitar o estado de mal epiléptico (crises epilépticas em sequência rápida). Fale com seu médico \nantes de aumentar a dose ou interromper abruptamente esta medicação. \n \nAbuso e dependência do medicamento  \nO uso de benzodiazepínicos pode lev ar ao desenvolvime nto de dependê ncia física e psic ológica. O risco de \ndependência aumenta com a dose, tratamentos prolongados e em pacientes com história de abuso de álcool ou drogas. \nEm caso de dependência, especialmente com doses elevadas, a descontinuação brusca do tratamento será \nacompanhada por sintomas de abstinência: psicoses, distúrbio comportamental, tremor, sudorese, agitação, distúrbios \ndo sono e ansiedade, dor de cabeça, diarreia, dores musculares, câimbras, ansiedade extrema, tensão, cansaço, \ninquietação, alteração de humor, confusão, irritabilidade e convulsões epiléticas que podem ser associadas à doença \nde base. Em casos graves, desrealização (sentimentos de estranhamento ou distanciamento em relação ao ambiente), \ndespersonalização (processo psíquico, em que se tem a impressão de que se é estranho a si mesmo), hipersensibilidade \nao som, à luz, a ruídos e ao contato físico, sensações anormais, formigamentos, alucinações. O risco dos sintomas de \nabstinência é maior após descontinuação súbita do tratamento, portanto a retirada brusca do medicamento deve ser \nevitada. O tratamento (mesmo de curta duração) deve ser interrompido pela redução gradativa da dose diária.  \n \nEfeitos sobre a capacidade de dirigir e operar  máquinas \nClonazepam pode lentificar as reações, efeito agravado com o uso de álcool. \nDurante o tratamento, o paciente não deve dirigir veíc ulos ou operar máquinas, pois sua habilidade e atenção \npodem estar prejudicadas. \n \nAté o momento, não há informações de que Rivotril®  cause doping. Em caso de dúvidas, consulte o seu  médico. \n \n \nGravidez e amamentação "", ""Informe seu médico se estiver amamentando. Se você realmente precisar tomar **Rivotril[®]** , a amamentação deve ser descontinuada. \n\n## **Uso em crianças** \n\nAvaliar o risco / benefício do uso de **Rivotril[® ]** a longo prazo em pacientes pediátricos com distúrbios epilépticos. **Rivotril[® ]** pode aumentar a salivação e as secreções brônquicas em lactentes e crianças pequenas. Atenção:  manter as vias aéreas livres. \n\nNão há dados de eficácia / segurança de **Rivotril[® ]** em menores de 18 anos com distúrbio do pânico. \n\n## **Uso em idosos** \n\nOs efeitos dos benzodiazepínicos parecem ser maiores em pacientes idosos do que em pacientes mais jovens, mesmo em concentrações plasmáticas similares. \n\n## **Principais interações medicamentosas** \n\nInforme seu médico se estiver tomando outros medicamentos, incluindo as substâncias a seguir, pois elas podem interagir com **Rivotril[®]** : \n\n– Depressores do sistema nervoso central e álcool; \n\n– Medicamentos que agem no sistema nervoso: antidepressivos, medicamentos para dormir, alguns analgésicos, antipsicóticos, ansiolíticos, anticonvulsivantes; \n\n– Medicamentos para o estômago. \n\n## **Interações fármaco-alimento** \n\nInterações com alimentos não foram estabelecidas. O suco de toranja pode aumentar o efeito de **Rivotril**[®] . \n\n## **Interações fármaco-laboratório** \n\nInterações com testes laboratoriais não foram estabelecidas. \n\n**Informe ao seu médico ou cirurgião-dentista se você está fazendo uso de algum outro medicamento. Não use medicamento sem o conhecimento do seu médico. Pode ser perigoso para a sua   saúde.**"", ""Informe seu médico se estiver amamentando. Se você realmente precisar tomar **Rivotril[®]** , a amamentação deve ser descontinuada. \n\n## **Uso em crianças** \n\nAvaliar o risco / benefício do uso de **Rivotril[® ]** a longo prazo em pacientes pediátricos com distúrbios epilépticos. **Rivotril[® ]** pode aumentar a salivação e as secreções brônquicas em lactentes e crianças pequenas. Atenção:  manter as vias aéreas livres. \n\nNão há dados de eficácia / segurança de **Rivotril[® ]** em menores de 18 anos com distúrbio do pânico. \n\n## **Uso em idosos** \n\nOs efeitos dos benzodiazepínicos parecem ser maiores em pacientes idosos do que em pacientes mais jovens, mesmo em concentrações plasmáticas similares. \n\n## **Principais interações medicamentosas** \n\nInforme seu médico se estiver tomando outros medicamentos, incluindo as substâncias a seguir, pois elas podem interagir com **Rivotril[®]** : \n\n– Depressores do sistema nervoso central e álcool; \n\n– Medicamentos que agem no sistema nervoso: antidepressivos, medicamentos para dormir, alguns analgésicos, antipsicóticos, ansiolíticos, anticonvulsivantes; \n\n– Medicamentos para o estômago. \n\n## **Interações fármaco-alimento** \n\nInterações com alimentos não foram estabelecidas. O suco de toranja pode aumentar o efeito de **Rivotril**[®] . \n\n## **Interações fármaco-laboratório** \n\nInterações com testes laboratoriais não foram estabelecidas. \n\n**Informe ao seu médico ou cirurgião-dentista se você está fazendo uso de algum outro medicamento. Não use medicamento sem o conhecimento do seu médico. Pode ser perigoso para a sua   saúde.**"", ""3 \n \n \n \nUso em crianças \nAvaliar o risco / benefício do uso de Rivotril® a longo prazo em pacientes pediátricos com distúrbios epilépticos. \nRivotril®  pode aumentar a salivação e as secreções brônquicas em lactentes e crianças pequenas. Atenção:  manter \nas vias aéreas livres. Não há dados sobre eficácia / segurança de Rivotril® em menores de 18 anos com distúrbio do \npânico. \nUso em idosos \nOs efeitos dos benzodiazepínicos parecem ser maiores em pacientes idosos do que em pacientes mais jovens, mesmo \nem concentrações plasmáticas similares. \n \nPrincipais interações medicamentosas  \nInforme seu médico, se esti ver tomando outros medica mentos, incluindo as substâncias  a seguir, pois elas podem \ninteragir com Rivotril®. \n– Depressores do sistema nervoso central e álcool;  \n– Medicamentos que agem no sistema nervoso: antidepressivos, medicamentos para dormir, alguns analgésicos, \nantipsicóticos, ansiolíticos, anticonvulsivantes. \n– Medicamentos para o estômago.  \n \nInterações fármaco-alimento \nInterações com alimentos não foram estabelecidas. O suco de toranja pode aumentar o efeito de  Rivotril®. \n \nInterações fármaco-laboratório \nInterações com testes laboratoriais não foram estabelecidas. \n \nInforme ao seu médico ou cirurgião-dentista se você está fazendo uso de algum outro medicamento.  \nNão use medicamento sem o conhecimento do seu médico. Pode ser perigoso para a sua  saúde.  \n \n5. ONDE, COMO E POR QUANTO TEMPO POSSO GUARDAR ESTE   MEDICAMENTO?  \nRivotril® comprimidos sublinguais de 0,25 mg devem ser armazenados em temperatura ambiente (entre 15 e 30ºC). \n \nNúmero de lote e datas de fabricação e validade: vide embalagem.  \nNão use medicamento com o prazo de validade vencido. Guarde-o em sua embalagem original.  \n \nAspecto físico \nOs comprimidos sublinguais de 0,25 mg de Rivotril® apresentam formato cilíndrico de cor branca. \n \nCaracterísticas organolépticas \nRivotril® comprimidos sublinguais não apresentam características marcantes que o diferenciem de outros \ncomprimidos. \n \nAntes de usar, observe o aspecto do medicamento. Caso ele esteja no prazo de validade e você observe alguma \nmudança no aspecto, consulte o farmacêu tico para saber se poderá utilizá-lo.  \n \nTodo medicamento deve ser mantid o fora do alcance das crianças. \n \n6. "", ""IDENTIFICAÇÃO DO MEDICAMENTO  \n \nRivotril® \nclonazepam  \n \nAnticonvulsivante/Ansiolítico \n \nAPRESENTAÇÕES \n \nComprimidos de 0,5 mg ou 2 mg. Caixa com 20 ou 30 comprimidos.  \n \nVIA ORAL \n \nUSO ADULTO E PEDIÁTRICO  \n \n \nCOMPOSIÇÃO \nComprimidos de 0,5 mg \nPrincípio ativo: clonazepam...............................................................................................................................0,5 mg. \nExcipientes: lactose, amido de milho, amido pré-gelatinizado, óxido de ferro amarelo, óxido férrico, talco, estearato \nde magnésio. \n \nComprimidos de 2,0 mg \nPrincípio ativo: clonazepam...............................................................................................................................2,0 mg. \nExcipientes: lactose, amido pré-gelatinizado, estearato de magnésio, celulose  microcristalina. \n \nINFORMAÇÕES AO PACIENTE \nLeia com atenção as informações a seguir. Se tiver dúvidas, informe seu  médico. \n \n1."", ""IDENTIFICAÇÃO DO MEDICAMENTO** \n\n## **Rivotril[®]** \n\nclonazepam \n\n**Anticonvulsivante/Ansiolítico** \n\n**APRESENTAÇÕES** \n\n**Comprimidos de 0,5 mg ou 2 mg. Caixa com 20 ou 30 comprimidos.** \n\n**VIA ORAL** \n\n## **USO ADULTO E PEDIÁTRICO** \n\n## **COMPOSIÇÃO** \n\n## **Comprimidos de 0,5 mg** \n\n**Princípio ativo:** clonazepam...............................................................................................................................0,5 mg. **Excipientes:** lactose, amido de milho, amido pré-gelatinizado, óxido de ferro amarelo, óxido férrico, talco, estearato de magnésio. \n\n## **Comprimidos de 2,0 mg** \n\n**Princípio ativo:** clonazepam...............................................................................................................................2,0 mg. **Excipientes:** lactose, amido pré-gelatinizado, estearato de magnésio, celulose  microcristalina. \n\n## **INFORMAÇÕES AO PACIENTE** \n\nLeia com atenção as informações a seguir. Se tiver dúvidas, informe seu  médico. \n\n## **"", ""IDENTIFICAÇÃO DO MEDICAMENTO** \n\n## **Rivotril[®]** \n\nclonazepam \n\n**Anticonvulsivante/Ansiolítico** \n\n**APRESENTAÇÕES** \n\n**Comprimidos de 0,5 mg ou 2 mg. Caixa com 20 ou 30 comprimidos.** \n\n**VIA ORAL** \n\n## **USO ADULTO E PEDIÁTRICO** \n\n## **COMPOSIÇÃO** \n\n## **Comprimidos de 0,5 mg** \n\n**Princípio ativo:** clonazepam...............................................................................................................................0,5 mg. **Excipientes:** lactose, amido de milho, amido pré-gelatinizado, óxido de ferro amarelo, óxido férrico, talco, estearato de magnésio. \n\n## **Comprimidos de 2,0 mg** \n\n**Princípio ativo:** clonazepam...............................................................................................................................2,0 mg. **Excipientes:** lactose, amido pré-gelatinizado, estearato de magnésio, celulose  microcristalina. \n\n## **INFORMAÇÕES AO PACIENTE** \n\nLeia com atenção as informações a seguir. Se tiver dúvidas, informe seu  médico. \n\n## **"", ""IDENTIFICAÇÃO DO MEDICAMENTO  \n \nRivotril® \nclonazepam  \n \nAnticonvulsivante/Ansiolítico \n \nAPRESENTAÇÕES \nSolução oral de 2,5 mg/mL. Frasco com 20 mL.  \n \nVIA ORAL \n \nUSO ADULTO E PEDIÁTRICO  \n \n \nCOMPOSIÇÃO \nSolução oral de 2,5 mg/mL (1 gota = 0,1 mg)  \nPrincípio ativo: clonazepam.........................................................................................................................2,5 mg/mL \nExcipientes: sacarina sódica, ácido acético, propilenoglicol, essência de pêssego. Cada 1 mL de Rivotril® solução \noral equivale a cerca de 25 gotas. \n \nINFORMAÇÕES AO PACIENTE \nLeia com atenção as informações a seguir. Se tiver dúvidas, informe seu  médico. \n \n1.""]",26.557,23.191
agentic_rag,ollama:gemma4:e4b,RIVOTRIL,dificil,"Se um paciente em uso de Rivotril consome suco de toranja e também utiliza medicamentos que agem no sistema nervoso, que efeitos potencializados a bula permite prever e quais limites de informação devem ser reconhecidos?",dificil,"A bula informa que interações com alimentos não foram estabelecidas, mas que o suco de toranja pode aumentar o efeito de Rivotril. Também orienta informar o médico sobre medicamentos que agem no sistema nervoso, como antidepressivos, medicamentos para dormir, alguns analgésicos, antipsicóticos, ansiolíticos e anticonvulsivantes, pois podem interagir com Rivotril. Com álcool ou depressores do sistema nervoso central, a combinação pode aumentar os efeitos, com sedação grave, coma ou morte e depressão cardiovascular e/ou respiratória. A bula não quantifica alteração de concentração plasmática nem descreve mecanismo farmacocinético do suco de toranja; portanto, esses detalhes não podem ser respondidos apenas pela bula.",O QUE DEVO SABER ANTES DE USAR ESTE MEDICAMENTO?,"De acordo com a bula do medicamento RIVOTRIL, consta a seguinte informação:
O consumo de suco de toranja pode aumentar o efeito de Rivotril[®]. Além disso, é fundamental informar ao médico sobre o uso de medicamentos que agem no sistema nervoso (como antidepressivos, medicamentos para dormir, antipsicóticos, ansiolíticos e anticonvulsivantes), pois estes podem interagir com Rivotril[®]. A bula alerta especificamente que não se deve tomar Rivotril® com álcool e/ou depressores do sistema nervoso central, pois essa combinação pode aumentar os efeitos de Rivotril®, resultando em potencial sedação grave com risco de coma ou morte, além de depressão cardiovascular e/ou respiratória. Os limites de informação reconhecidos são que interações com alimentos não foram estabelecidas (embora o suco de toranja seja citado como um fator que pode aumentar o efeito) e é obrigatório informar ao médico sobre todos os medicamentos em uso.

---
*Esta resposta se baseia apenas nos trechos da bula recuperados e não substitui orientação médica ou farmacêutica. É recomendável consultar um profissional de saúde para orientação individualizada.*","De acordo com a bula do medicamento RIVOTRIL, consta a seguinte informação:
O consumo de suco de toranja pode aumentar o efeito de Rivotril[®]. Além disso, é fundamental informar ao médico sobre o uso de medicamentos que agem no sistema nervoso (como antidepressivos, medicamentos para dormir, antipsicóticos, ansiolíticos e anticonvulsivantes), pois estes podem interagir com Rivotril[®]. A bula alerta especificamente que não se deve tomar Rivotril® com álcool e/ou depressores do sistema nervoso central, pois essa combinação pode aumentar os efeitos de Rivotril®, resultando em potencial sedação grave com risco de coma ou morte, além de depressão cardiovascular e/ou respiratória. Os limites de informação reconhecidos são que interações com alimentos não foram estabelecidas (embora o suco de toranja seja citado como um fator que pode aumentar o efeito) e é obrigatório informar ao médico sobre todos os medicamentos em uso.","O QUE DEVO SABER ANTES DE USAR ESTE MEDICAMENTO?, QUANDO NÃO DEVO USAR ESTE MEDICAMENTO?, QUAIS OS MALES QUE ESTE MEDICAMENTO PODE ME CAUSAR?",,"[""Informe seu médico se estiver amamentando. Se você realmente precisar tomar **Rivotril[®]** , a amamentação deve ser descontinuada. \n\n## **Uso em crianças** \n\nAvaliar o risco / benefício do uso de **Rivotril[® ]** a longo prazo em pacientes pediátricos com distúrbios epilépticos. **Rivotril[® ]** pode aumentar a salivação e as secreções brônquicas em lactentes e crianças pequenas. Atenção:  manter as vias aéreas livres. \n\nNão há dados de eficácia / segurança de **Rivotril[® ]** em menores de 18 anos com distúrbio do pânico. \n\n## **Uso em idosos** \n\nOs efeitos dos benzodiazepínicos parecem ser maiores em pacientes idosos do que em pacientes mais jovens, mesmo em concentrações plasmáticas similares. \n\n## **Principais interações medicamentosas** \n\nInforme seu médico se estiver tomando outros medicamentos, incluindo as substâncias a seguir, pois elas podem interagir com **Rivotril[®]** : \n\n– Depressores do sistema nervoso central e álcool; \n\n– Medicamentos que agem no sistema nervoso: antidepressivos, medicamentos para dormir, alguns analgésicos, antipsicóticos, ansiolíticos, anticonvulsivantes; \n\n– Medicamentos para o estômago. \n\n## **Interações fármaco-alimento** \n\nInterações com alimentos não foram estabelecidas. O suco de toranja pode aumentar o efeito de **Rivotril**[®] . \n\n## **Interações fármaco-laboratório** \n\nInterações com testes laboratoriais não foram estabelecidas. \n\n**Informe ao seu médico ou cirurgião-dentista se você está fazendo uso de algum outro medicamento. Não use medicamento sem o conhecimento do seu médico. Pode ser perigoso para a sua   saúde.**"", ""Informe seu médico se estiver amamentando. Se você realmente precisar tomar **Rivotril[®]** , a amamentação deve ser descontinuada. \n\n## **Uso em crianças** \n\nAvaliar o risco / benefício do uso de **Rivotril[® ]** a longo prazo em pacientes pediátricos com distúrbios epilépticos. **Rivotril[® ]** pode aumentar a salivação e as secreções brônquicas em lactentes e crianças pequenas. Atenção:  manter as vias aéreas livres. \n\nNão há dados de eficácia / segurança de **Rivotril[® ]** em menores de 18 anos com distúrbio do pânico. \n\n## **Uso em idosos** \n\nOs efeitos dos benzodiazepínicos parecem ser maiores em pacientes idosos do que em pacientes mais jovens, mesmo em concentrações plasmáticas similares. \n\n## **Principais interações medicamentosas** \n\nInforme seu médico se estiver tomando outros medicamentos, incluindo as substâncias a seguir, pois elas podem interagir com **Rivotril[®]** : \n\n– Depressores do sistema nervoso central e álcool; \n\n– Medicamentos que agem no sistema nervoso: antidepressivos, medicamentos para dormir, alguns analgésicos, antipsicóticos, ansiolíticos, anticonvulsivantes; \n\n– Medicamentos para o estômago. \n\n## **Interações fármaco-alimento** \n\nInterações com alimentos não foram estabelecidas. O suco de toranja pode aumentar o efeito de **Rivotril**[®] . \n\n## **Interações fármaco-laboratório** \n\nInterações com testes laboratoriais não foram estabelecidas. \n\n**Informe ao seu médico ou cirurgião-dentista se você está fazendo uso de algum outro medicamento. Não use medicamento sem o conhecimento do seu médico. Pode ser perigoso para a sua   saúde.**"", ""4) ataxia cerebelar ou espinhal (descoordenação dos movimentos por problema do cerebelo ou medula); \n\n> 5) uso regular ou intoxicação aguda por álcool ou drogas. \n\nPode ocorrer perda de efeito durante o tratamento com clonazepam. \n\nNão tome **Rivotril[® ]** com álcool e/ou depressores do sistema nervoso central, essa combinação pode aumentar os efeitos de **Rivotril[®]** , com potencial sedação grave que pode resultar em coma ou morte, depressão cardiovascular e/ou respiratória. Caso ocorram reações paradoxais ** durante o tratamento, fale com seu médico, pois o uso do medicamento deve ser descontinuado. Pode ocorrer amnésia anterógrada (perda da habilidade de criar novas memórias e absorver novas informações), com o uso de benzodiazepínicos em doses terapêuticas. \n\n**Rivotril[® ]** pode precipitar o estado de mal epiléptico (crises epilépticas em sequência rápida). Fale com seu médico antes de aumentar a dose ou interromper abruptamente esta medicação. \n\n## **Abuso e dependência do medicamento**"", ""QUANDO NÃO DEVO USAR ESTE MEDICAMENTO?  \nRivotril® é contraindicado a pacientes com hipersensibilidade conhecida a clonazepam ou a qualquer dos excipientes \ndo medicamento, em pacientes com insuficiência respiratória grave ou comprometimento do fígado grave, pois os \nbenzodiazepínicos podem lev ar à ocorrência de comprome timento do sistema nervoso,  secundário ao problema no \nfígado. \nRivotril® comprimidos e Rivotril® gotas são contraindicados para o tratamento de transtornos do pânico em \npacientes com histórico médico de apneia do sono. \nRivotril® é contraindicado a pacientes com glaucoma agudo de ângulo fechado. Rivotril® pode ser usado por \npacientes com glaucoma de ângulo aberto, desde que estejam recebendo terapia  apropriada. \n \n4. O QUE DEVO SABER ANTES DE USAR ESTE   MEDICAMENTO?  \nAntes de tomar Rivotril®, informe seu médico se você tem ou teve: \n1) outros problemas de saúde, como doenças nos rins ou fígado (por exemplo: cirrose hepática), distúrbio \nneuromuscular ou respiratório, porfiria (doença em que ocorre deficiência de enzimas específicas na via da biossíntese \ndo heme); \n2) sinais ou sintomas de depressão e/ou tentativa de suicídio; \n3) intolerância à galactose (açúcar) ou deficiência de lactase (enzima que quebra a lactose); \n4) ataxia cerebelar ou espinhal (descoordenação dos movimentos por problema do cerebelo ou medula); \n5) uso regular ou intoxicação aguda por álcool ou drogas.  \n \nPode ocorrer perda de efeito durante o tratamento com clonazepam. \nNão tome Rivotril® com álcool e/ou depressores do sistema nervoso ce ntral, essa combinação pode aumentar os efeitos \nde Rivotril®, com potencial sedação grave que pode resultar em coma ou morte, depressão cardiovascular e/ou respiratória. \nCaso ocorram reações paradoxais (vide item “QUAIS OS MALES QUE ESTE MEDICAMENTO PODE ME \nCAUSAR?”) durante o tratamento, fale com seu médico, pois o uso do medicamento deve ser descontinuado. \nPode ocorrer amnésia anterógrada (perda da habilidade de criar novas memórias e absorver novas informações), com o uso \nde benzodiazepínicos em doses terapêuticas. \nRivotril® pode precipitar o estado de mal epiléptico (crises epilépticas em sequência rápida). Fale com seu médico \nantes de aumentar a dose ou interromper abruptamente esta medicação. \n \nAbuso e dependência do medicamento  \nO uso de benzodiazepínicos pode lev ar ao desenvolvime nto de dependê ncia física e psic ológica. O risco de \ndependência aumenta com a dose, tratamentos prolongados e em pacientes com história de abuso de álcool ou drogas. \nEm caso de dependência, especialmente com doses elevadas, a descontinuação brusca do tratamento será \nacompanhada por sintomas de abstinência: psicoses, distúrbio comportamental, tremor, sudorese, agitação, distúrbios \ndo sono e ansiedade, dor de cabeça, diarreia, dores musculares, câimbras, ansiedade extrema, tensão, cansaço, \ninquietação, alteração de humor, confusão, irritabilidade e convulsões epiléticas que podem ser associadas à doença \nde base. Em casos graves, desrealização (sentimentos de estranhamento ou distanciamento em relação ao ambiente), \ndespersonalização (processo psíquico, em que se tem a impressão de que se é estranho a si mesmo), hipersensibilidade \nao som, à luz, a ruídos e ao contato físico, sensações anormais, formigamentos, alucinações. O risco dos sintomas de \nabstinência é maior após descontinuação súbita do tratamento, portanto a retirada brusca do medicamento deve ser \nevitada. O tratamento (mesmo de curta duração) deve ser interrompido pela redução gradativa da dose diária.  \n \nEfeitos sobre a capacidade de dirigir e operar  máquinas \nClonazepam pode lentificar as reações, efeito agravado com o uso de álcool. \nDurante o tratamento, o paciente não deve dirigir veíc ulos ou operar máquinas, pois sua habilidade e atenção \npodem estar prejudicadas. \n \nAté o momento, não há informações de que Rivotril®  cause doping. Em caso de dúvidas, consulte o seu  médico. \n \n \nGravidez e amamentação "", ""3 \n \n \nEste medicamento não deve ser utilizado por mulheres grávidas sem orientação médica ou do cirurgião- \ndentista. \nRivotril® só deve ser administrado a gestantes se houver indicação absoluta e se os benefícios  potenciais \nsuperarem os riscos para o feto. Rivotril® pode prejudicar seu bebê. Informe seu médico se estiver grávida ou se está \ntentando engravidar. O uso de altas dos es no último trimestre da gestação ou no trabalho de pa rto pode  causar \nirregularidades no batimen to cardíaco do f eto e baixa tempera tura corpórea, f alta de tônus musc ular, depressão \nrespiratória e dificuldade de sucção no bebê. Tanto a gestação quanto a suspensão de Rivotril® podem exacerbar a \nepilepsia. \nInforme seu médico se estiver amamentando. Se você realmente precisar tomar Rivotril®, a amamentação deve ser \ndescontinuada. \n \nUso em crianças \nAvaliar o risco / benefício do uso de Rivotril® a longo prazo em pacientes pediátr icos com distúrbios epilépticos. \nRivotril® pode aumentar a salivação e as secreções brônquicas em lactentes e crianças pequenas. Atenção:  manter \nas vias aéreas livres. \nNão há dados de eficácia / segurança de Rivotril® em menores de 18 anos com distúrbio do pânico. \n \nUso em idosos \nOs efeitos dos benzodiazepínicos parecem ser maiores em pacientes idosos do que em pacientes mais jovens, mesmo \nem concentrações plasmáticas similares.  \n \nPrincipais interações medicamentosas  \nInforme seu médico se esti ver tomando outros medica mentos, incluindo as substâncias  a seguir, pois elas podem \ninteragir com Rivotril®: \n– Depressores do sistema nervoso central e álcool;  \n– Medicamentos que agem no sistema nervoso: antidepressivos, medicamento s para dormir, alguns analgésicos, \nantipsicóticos, ansiolíticos, anticonvulsivantes; \n– Medicamentos para o estômago.  \n \nInterações fármaco-alimento \nInterações com alimentos não foram estabelecidas. O suco de toranja pode aumentar o efeito de  Rivotril®. \n \nInterações fármaco-laboratório \nInterações com testes laboratoriais não foram estabelecidas. \n \nInforme ao seu médico ou cirurgião-dentista se você está fazendo uso de algum outro medicamento.  \nNão use medicamento sem o conhecimento do seu médico. Pode ser perigoso para a sua   saúde. \n \n5. ONDE, COMO E POR QUANTO TEMPO POSSO GUARDAR ESTE   MEDICAMENTO?  \nRivotril®  comprimidos de 0,5 mg e 2,0 mg devem ser armazenados em temperatura ambiente (entre 15 e 30   ºC). \n \nNúmero de lote e datas de fabricação e validade: vide  embalagem.  \nNão use medicamento com o prazo de validade vencido. Guarde-o em sua embalagem  original.  \n \nAspecto físico \nOs comprimidos de 0,5 mg de Rivotril® apresentam formato cilíndrico biplano com presença de ranhura e cor laranja \npálido. \nOs comprimidos de 2,0 mg de Rivotril® apresentam formato cilíndrico biplano com presença de ranhura e cor branca \na levemente amarelada. \n \nCaracterísticas organolépticas \nRivotril® comprimidos de 0,5 mg e 2,0 mg não apresenta características marcantes que o diferenciem de outros \ncomprimidos. \nAntes de usar, observe o aspecto do medicamento. Caso ele esteja no prazo de validade e você observe alguma \nmudança no aspecto, consulte o farmacêu tico para saber se poderá  utilizá-lo.  "", ""5 \n \n \nInstruções especiais de administração  \nRivotril® pode ser usado com outros antiepilépticos. Nesse caso, seu médico ajustará a dose de cada medicamento \npara atingir o efeito ideal. \nNão pare de tomar Rivotril® subitamente, você pode ter novas crises epilépticas. Somente seu médico poderá orientar \na interrupção do tratamento reduzindo gradualmente a dose utilizada. \n \nSiga a orientação de seu médico, respeitando sempre os horários, as doses e a duração do tratamento. Não \ninterrompa o tratamento sem o conhecimento do seu médico.  \n \n7. O QUE DEVO FAZER QUANDO EU ME ESQU ECER DE USAR ESTE MEDICAMENTO? Nunca \ndobre a dose na próxima tomada. Apenas continue com a próxima dose no tempo determinado.    \nEm caso de dúvidas, procure orientação do farmacêutico, de seu médico ou   cirurgião-dentista.  \n \n8. QUAIS OS MALES QUE ESTE MEDICAMENTO PODE ME   CAUSAR?  \nAlgumas reações são transitórias e desaparecem espontaneamente no decorrer do tratamento ou com redução da dose. \nAs reações que ocorreram em ≥ 5% dos pacientes em estudos clínicos foram: sonolência, dor de cabeça, infecção das \nvias aéreas superiores, cansaço, gripe, depressão, vertigem, irritabilidade, insônia, perda da coordenação de \nmovimentos e da marcha, perda do equilíbrio, náusea, sensação de cabeça leve, sinusite e concentração prejudicada. \n \nPós-comercialização: \n \nDistúrbios do sistema imunológico: reações alérgicas e muito poucos casos de anafilaxia (reação alérgica grave). \n \nDistúrbios endócrinos: casos isolados, reversíveis, de puberdade precoce incompleta em crianças. \n \nDistúrbios psiquiátricos: amnésia, alucinações, histeria, psicose, tentativa de suicídio, despersonalização, distúrbio \nde memória, desinibição orgânica, ideias suicidas, lamentações, distúrbios emocionais e de humor, estado confusional \ne desorientação. Depressão pode estar associada à doença de base. Reações paradoxais: inquietação, agitação, \nirritabilidade, agressividade, nervosismo, hostilidade, ansiedade,  distúrbios do sono, delírio, raiva, pesadelos, sonhos \nanormais, alucinações, psicose, hiperatividade, comp ortamento inapropriado e outros efeitos comportamentais. \nAlterações da libido (casos raros). Dependência e retirada, vide item “Abuso e dependência do medicamento”.  \n \nDistúrbios do sistema nervoso: diminuição da concentração, sonolência, lentificação, hipotonia muscular, tonturas, \nataxia são frequentes e geralmente transitórias. Dor de cabeça (raro). Distúrbios reversíveis: dificuldade para articular \na fala, incoordenação de movimentos e da marcha, movimento anormal dos olhos. Pode haver esquecimento de fatos \nrecentes, associado a alteração de comp ortamento. Pode haver au mento das crises convul sivas em determinadas \nformas de epilepsia. Perda da voz, movimentos grosseiros e descoordenados de braços e pernas, coma, tremor, perda \nde força de um lado do corpo, sensação de cabeça leve, falta de energia e formigamento e alteração da sensibilidade \nnas extremidades. \n \nDistúrbios oculares: visão dupla reversível, aparência de “olho vítreo”.  \n \nDistúrbios cardiovasculares: palpitações, dor torácica, insuficiência cardíaca (incluindo parada  cardíaca). \n \nDistúrbios respiratórios : congestão pulmonar, congestão nasal, hipersecreção, tosse, falta de ar, bronquite, rinite, \nfaringite. Pode ocorrer depressão respiratória. Rivotril® pode aumentar a produção de saliva ou de secreção \nbrônquica (secreção nas vias aéreas) em lactentes e crianças. \nDistúrbios gastrintestinais: perda do apetite, língua saburrosa, constipação, diarreia, boca seca, incontinência fecal \n(perda do controle da evacuação), gastrite, aumento do fígado, apetite aumentado, gengivas doloridas, dor abdominal, \ninflamação gastrintestinal, dor de dente. Náuseas e sintomas epigástricos (raro) (sintomas na região do estômago). "", ""**Rivotril[® ]** pode precipitar o estado de mal epiléptico (crises epilépticas em sequência rápida). Fale com seu médico antes de aumentar a dose ou interromper abruptamente esta medicação. \n\n## **Abuso e dependência do medicamento** \n\nO uso de benzodiazepínicos pode levar ao desenvolvimento de dependência física e psicológica. O risco de dependência aumenta com a dose, tratamentos prolongados e em pacientes com história de abuso de álcool ou drogas. Em caso de dependência, especialmente com doses elevadas, a descontinuação brusca do tratamento será acompanhada por sintomas de abstinência: psicoses, distúrbio comportamental, tremor, sudorese, agitação, distúrbios do sono e ansiedade, dor de cabeça, diarreia, dores musculares, câimbras, ansiedade extrema, tensão, cansaço, inquietação, alteração de humor, confusão, irritabilidade e convulsões epiléticas que podem ser associadas à doença de base. Em casos graves, desrealização (sentimentos de estranhamento ou distanciamento em relação ao ambiente), despersonalização (processo psíquico, em que se tem a impressão de que se é estranho a si mesmo), hipersensibilidade ao som, à luz, a ruídos e ao contato físico, sensações anormais, formigamentos, alucinações. O risco dos sintomas de abstinência é maior após descontinuação súbita do tratamento, portanto a retirada brusca do medicamento deve ser evitada. O tratamento (mesmo de curta duração) deve ser interrompido pela redução gradativa da dose diária. \n\n## **Efeitos sobre a capacidade de dirigir e operar  máquinas**"", ""**Rivotril[® ]** pode precipitar o estado de mal epiléptico (crises epilépticas em sequência rápida). Fale com seu médico antes de aumentar a dose ou interromper abruptamente esta medicação. \n\n## **Abuso e dependência do medicamento** \n\nO uso de benzodiazepínicos pode levar ao desenvolvimento de dependência física e psicológica. O risco de dependência aumenta com a dose, tratamentos prolongados e em pacientes com história de abuso de álcool ou drogas. Em caso de dependência, especialmente com doses elevadas, a descontinuação brusca do tratamento será acompanhada por sintomas de abstinência: psicoses, distúrbio comportamental, tremor, sudorese, agitação, distúrbios do sono e ansiedade, dor de cabeça, diarreia, dores musculares, câimbras, ansiedade extrema, tensão, cansaço, inquietação, alteração de humor, confusão, irritabilidade e convulsões epiléticas que podem ser associadas à doença de base. Em casos graves, desrealização (sentimentos de estranhamento ou distanciamento em relação ao ambiente), despersonalização (processo psíquico, em que se tem a impressão de que se é estranho a si mesmo), hipersensibilidade ao som, à luz, a ruídos e ao contato físico, sensações anormais, formigamentos, alucinações. O risco dos sintomas de abstinência é maior após descontinuação súbita do tratamento, portanto a retirada brusca do medicamento deve ser evitada. O tratamento (mesmo de curta duração) deve ser interrompido pela redução gradativa da dose diária. \n\n## **Efeitos sobre a capacidade de dirigir e operar  máquinas**"", ""**Distúrbios do sistema nervoso** : diminuição da concentração, sonolência, lentificação, hipotonia muscular, tonturas, ataxia são frequentes e geralmente transitórias. Dor de cabeça (raro). Distúrbios reversíveis: dificuldade para articular a fala, incoordenação de movimentos e da marcha, movimento anormal dos olhos. Pode haver esquecimento de fatos recentes, associado a alteração de comportamento. Pode haver aumento das crises convulsivas em determinadas formas de epilepsia. Perda da voz, movimentos grosseiros e descoordenados de braços e pernas, coma, tremor, perda de força de um lado do corpo, sensação de cabeça leve, falta de energia e formigamento e alteração da sensibilidade nas extremidades. \n\n**Distúrbios oculares** : visão dupla reversível, aparência de “olho vítreo”. \n\n**Distúrbios cardiovasculares** : palpitações, dor torácica, insuficiência cardíaca (incluindo parada  cardíaca). \n\n**Distúrbios respiratórios** : congestão pulmonar, congestão nasal, hipersecreção, tosse, falta de ar, bronquite, rinite, faringite. Pode ocorrer depressão respiratória. **Rivotril[® ]** pode aumentar a produção de saliva ou de secreção brônquica (secreção nas vias aéreas) em lactentes e crianças. \n\n**Distúrbios gastrintestinais** : perda do apetite, língua saburrosa, constipação, diarreia, boca seca, incontinência fecal (perda do controle da evacuação), gastrite, aumento do fígado, apetite aumentado, gengivas doloridas, dor abdominal, inflamação gastrintestinal, dor de dente. Náuseas e sintomas epigástricos (raro) (sintomas na região do estômago). \n\n5"", ""## **Efeitos sobre a capacidade de dirigir e operar  máquinas** \n\nClonazepam pode lentificar as reações, efeito agravado com o uso de álcool. \n\n**Durante o tratamento, o paciente não deve dirigir veículos ou operar máquinas, pois sua habilidade e atenção podem estar prejudicadas.** \n\nAté o momento, não há informações de que **Rivotril[®  ]** cause _doping_ . Em caso de dúvidas, consulte o seu  médico. \n\n## **Gravidez e amamentação** \n\n2 \n\n**==> picture [109 x 35] intentionally omitted <==**\n\n## **Este medicamento não deve ser utilizado por mulheres grávidas sem orientação médica ou do cirurgiãodentista.** \n\n**Rivotril[® ]** só deve ser administrado a gestantes se houver indicação absoluta e se os benefícios  potenciais \n\nsuperarem os riscos para o feto. **Rivotril[® ]** pode prejudicar seu bebê. Informe seu médico se estiver grávida ou se está tentando engravidar. O uso de altas doses no último trimestre da gestação ou no trabalho de parto pode  causar irregularidades no batimento cardíaco do feto e baixa temperatura corpórea, falta de tônus muscular, depressão respiratória e dificuldade de sucção no bebê. Tanto a gestação quanto a suspensão de **Rivotril**[® ] podem exacerbar a epilepsia. \n\nInforme seu médico se estiver amamentando. Se você realmente precisar tomar **Rivotril[®]** , a amamentação deve ser descontinuada. \n\n## **Uso em crianças**"", ""## **Efeitos sobre a capacidade de dirigir e operar  máquinas** \n\nClonazepam pode lentificar as reações, efeito agravado com o uso de álcool. \n\n**Durante o tratamento, o paciente não deve dirigir veículos ou operar máquinas, pois sua habilidade e atenção podem estar prejudicadas.** \n\nAté o momento, não há informações de que **Rivotril[®  ]** cause _doping_ . Em caso de dúvidas, consulte o seu  médico. \n\n## **Gravidez e amamentação** \n\n2 \n\n**==> picture [109 x 35] intentionally omitted <==**\n\n## **Este medicamento não deve ser utilizado por mulheres grávidas sem orientação médica ou do cirurgiãodentista.** \n\n**Rivotril[® ]** só deve ser administrado a gestantes se houver indicação absoluta e se os benefícios  potenciais \n\nsuperarem os riscos para o feto. **Rivotril[® ]** pode prejudicar seu bebê. Informe seu médico se estiver grávida ou se está tentando engravidar. O uso de altas doses no último trimestre da gestação ou no trabalho de parto pode  causar irregularidades no batimento cardíaco do feto e baixa temperatura corpórea, falta de tônus muscular, depressão respiratória e dificuldade de sucção no bebê. Tanto a gestação quanto a suspensão de **Rivotril**[® ] podem exacerbar a epilepsia. \n\nInforme seu médico se estiver amamentando. Se você realmente precisar tomar **Rivotril[®]** , a amamentação deve ser descontinuada. \n\n## **Uso em crianças**"", ""**Síndrome da boca ardente:** 0,25 a 6,0 mg/dia. Dose recomendada: 1,0 a 2,0 mg/dia. \n\n**Uso em idosos:** a dose mais baixa possível deve ser utilizada em idosos. Deve-se ter especial cuidado durante as alterações na dose. \n\n**Comprometimento do fígado:** pacientes com comprometimento do fígado grave não devem ser tratados com clonazepam e pacientes com comprometimento hepático leve a moderado devem receber a dose mais baixa possível. \n\n4 \n\n**==> picture [109 x 35] intentionally omitted <==**\n\n## **Instruções especiais de administração** \n\n**Rivotril[® ]** pode ser usado com outros antiepilépticos. Nesse caso, seu médico ajustará a dose de cada medicamento para atingir o efeito ideal. \n\nNão pare de tomar **Rivotril[® ]** subitamente, você pode ter novas crises epilépticas. Somente seu médico poderá orientar a interrupção do tratamento reduzindo gradualmente a dose utilizada. \n\n**Siga a orientação de seu médico, respeitando sempre os horários, as doses e a duração do tratamento. Não interrompa o tratamento sem o conhecimento do seu médico.** \n\n**"", ""8. QUAIS OS MALES QUE ESTE MEDICAMENTO PODE ME   CAUSAR?** Algumas reações são transitórias e desaparecem espontaneamente no decorrer do tratamento ou com redução da dose. As reações que ocorreram em ≥ 5% dos pacientes em estudos clínicos foram: sonolência, dor de cabeça, infecção das vias aéreas superiores, cansaço, gripe, depressão, vertigem, irritabilidade, insônia, perda da coordenação de movimentos e da marcha, perda do equilíbrio, náusea, sensação de cabeça leve, sinusite e concentração prejudicada. \n\n## **Pós-comercialização:** \n\n**Distúrbios do sistema imunológico** : reações alérgicas e muito poucos casos de anafilaxia (reação alérgica grave). \n\n**Distúrbios endócrinos** : casos isolados, reversíveis, de puberdade precoce incompleta em crianças. \n\n**Distúrbios psiquiátricos** : amnésia, alucinações, histeria, psicose, tentativa de suicídio, despersonalização, distúrbio de memória, desinibição orgânica, ideias suicidas, lamentações, distúrbios emocionais e de humor, estado confusional e desorientação. Depressão pode estar associada à doença de base. Reações paradoxais: inquietação, agitação, irritabilidade, agressividade, nervosismo, hostilidade, ansiedade, distúrbios do sono, delírio, raiva, pesadelos, sonhos anormais, alucinações, psicose, hiperatividade, comportamento inapropriado e outros efeitos comportamentais. Alterações da libido (casos raros). Dependência e retirada, vide item “Abuso e dependência do medicamento”."", ""3. QUANDO NÃO DEVO USAR ESTE MEDICAMENTO?** \n\n**Rivotril[® ]** é contraindicado a pacientes com hipersensibilidade conhecida a clonazepam ou a qualquer dos excipientes do medicamento, em pacientes com insuficiência respiratória grave ou comprometimento do fígado grave, pois os benzodiazepínicos podem levar à ocorrência de comprometimento do sistema nervoso, secundário ao problema no fígado. \n\n**Rivotril[® ]** comprimidos e **Rivotril[® ]** gotas são contraindicados para o tratamento de transtornos do pânico em pacientes com histórico médico de apneia do sono. \n\n**Rivotril[® ]** é contraindicado a pacientes com glaucoma agudo de ângulo fechado. **Rivotril[® ]** pode ser usado por pacientes com glaucoma de ângulo aberto, desde que estejam recebendo terapia  apropriada. \n\n## **4. O QUE DEVO SABER ANTES DE USAR ESTE   MEDICAMENTO?** \n\nAntes de tomar **Rivotril**[®] , informe seu médico se você tem ou teve: \n\n- 1) outros problemas de saúde, como doenças nos rins ou fígado (por exemplo: cirrose hepática), distúrbio neuromuscular ou respiratório, porfiria (doença em que ocorre deficiência de enzimas específicas na via da biossíntese do heme); \n\n- 2) sinais ou sintomas de depressão e/ou tentativa de suicídio; \n\n- 3) intolerância à galactose (açúcar) ou deficiência de lactase (enzima que quebra a lactose); \n\n4) ataxia cerebelar ou espinhal (descoordenação dos movimentos por problema do cerebelo ou medula); \n\n> 5) uso regular ou intoxicação aguda por álcool ou drogas. \n\nPode ocorrer perda de efeito durante o tratamento com clonazepam."", ""3. QUANDO NÃO DEVO USAR ESTE MEDICAMENTO?** \n\n**Rivotril[® ]** é contraindicado a pacientes com hipersensibilidade conhecida a clonazepam ou a qualquer dos excipientes do medicamento, em pacientes com insuficiência respiratória grave ou comprometimento do fígado grave, pois os benzodiazepínicos podem levar à ocorrência de comprometimento do sistema nervoso, secundário ao problema no fígado. \n\n**Rivotril[® ]** comprimidos e **Rivotril[® ]** gotas são contraindicados para o tratamento de transtornos do pânico em pacientes com histórico médico de apneia do sono. \n\n**Rivotril[® ]** é contraindicado a pacientes com glaucoma agudo de ângulo fechado. **Rivotril[® ]** pode ser usado por pacientes com glaucoma de ângulo aberto, desde que estejam recebendo terapia  apropriada. \n\n## **"", ""IDENTIFICAÇÃO DO MEDICAMENTO  \n \nRivotril® \nclonazepam  \n \nAnticonvulsivante/Ansiolítico \n \nAPRESENTAÇÕES \n \nComprimidos de 0,5 mg ou 2 mg. Caixa com 20 ou 30 comprimidos.  \n \nVIA ORAL \n \nUSO ADULTO E PEDIÁTRICO  \n \n \nCOMPOSIÇÃO \nComprimidos de 0,5 mg \nPrincípio ativo: clonazepam...............................................................................................................................0,5 mg. \nExcipientes: lactose, amido de milho, amido pré-gelatinizado, óxido de ferro amarelo, óxido férrico, talco, estearato \nde magnésio. \n \nComprimidos de 2,0 mg \nPrincípio ativo: clonazepam...............................................................................................................................2,0 mg. \nExcipientes: lactose, amido pré-gelatinizado, estearato de magnésio, celulose  microcristalina. \n \nINFORMAÇÕES AO PACIENTE \nLeia com atenção as informações a seguir. Se tiver dúvidas, informe seu  médico. \n \n1."", ""IDENTIFICAÇÃO DO MEDICAMENTO** \n\n## **Rivotril[®]** \n\nclonazepam \n\n**Anticonvulsivante/Ansiolítico** \n\n**APRESENTAÇÕES** \n\n**Comprimidos de 0,5 mg ou 2 mg. Caixa com 20 ou 30 comprimidos.** \n\n**VIA ORAL** \n\n## **USO ADULTO E PEDIÁTRICO** \n\n## **COMPOSIÇÃO** \n\n## **Comprimidos de 0,5 mg** \n\n**Princípio ativo:** clonazepam...............................................................................................................................0,5 mg. **Excipientes:** lactose, amido de milho, amido pré-gelatinizado, óxido de ferro amarelo, óxido férrico, talco, estearato de magnésio. \n\n## **Comprimidos de 2,0 mg** \n\n**Princípio ativo:** clonazepam...............................................................................................................................2,0 mg. **Excipientes:** lactose, amido pré-gelatinizado, estearato de magnésio, celulose  microcristalina. \n\n## **INFORMAÇÕES AO PACIENTE** \n\nLeia com atenção as informações a seguir. Se tiver dúvidas, informe seu  médico. \n\n## **"", ""IDENTIFICAÇÃO DO MEDICAMENTO** \n\n## **Rivotril[®]** \n\nclonazepam \n\n**Anticonvulsivante/Ansiolítico** \n\n**APRESENTAÇÕES** \n\n**Comprimidos de 0,5 mg ou 2 mg. Caixa com 20 ou 30 comprimidos.** \n\n**VIA ORAL** \n\n## **USO ADULTO E PEDIÁTRICO** \n\n## **COMPOSIÇÃO** \n\n## **Comprimidos de 0,5 mg** \n\n**Princípio ativo:** clonazepam...............................................................................................................................0,5 mg. **Excipientes:** lactose, amido de milho, amido pré-gelatinizado, óxido de ferro amarelo, óxido férrico, talco, estearato de magnésio. \n\n## **Comprimidos de 2,0 mg** \n\n**Princípio ativo:** clonazepam...............................................................................................................................2,0 mg. **Excipientes:** lactose, amido pré-gelatinizado, estearato de magnésio, celulose  microcristalina. \n\n## **INFORMAÇÕES AO PACIENTE** \n\nLeia com atenção as informações a seguir. Se tiver dúvidas, informe seu  médico. \n\n## **"", ""IDENTIFICAÇÃO DO MEDICAMENTO  \n \nRivotril® \nclonazepam  \n \nAnticonvulsivante/Ansiolítico \n \nAPRESENTAÇÕES \nSolução oral de 2,5 mg/mL. Frasco com 20 mL.  \n \nVIA ORAL \n \nUSO ADULTO E PEDIÁTRICO  \n \n \nCOMPOSIÇÃO \nSolução oral de 2,5 mg/mL (1 gota = 0,1 mg)  \nPrincípio ativo: clonazepam.........................................................................................................................2,5 mg/mL \nExcipientes: sacarina sódica, ácido acético, propilenoglicol, essência de pêssego. Cada 1 mL de Rivotril® solução \noral equivale a cerca de 25 gotas. \n \nINFORMAÇÕES AO PACIENTE \nLeia com atenção as informações a seguir. Se tiver dúvidas, informe seu  médico. \n \n1.""]",26.925,36.609
agentic_rag,ollama:gemma4:e4b,RIVOTRIL,dificil,"Quais precauções devem ser adotadas antes de iniciar Rivotril em pacientes com depressão, tentativa de suicídio prévia ou risco de alterações comportamentais, e quais eventos psiquiátricos da bula fundamentam essa cautela?",dificil,"Antes de tomar Rivotril, o paciente deve informar o médico se tem ou teve sinais ou sintomas de depressão e/ou tentativa de suicídio. A cautela se fundamenta nos eventos psiquiátricos relatados na bula, como amnésia, alucinações, psicose, tentativa de suicídio, ideias suicidas, distúrbios emocionais e de humor, estado confusional e desorientação. A bula também descreve reações paradoxais como inquietação, agitação, irritabilidade, agressividade, ansiedade, distúrbios do sono, delírio, raiva, pesadelos, alucinações, psicose, hiperatividade e comportamento inapropriado, e informa que depressão pode estar associada à doença de base.",O QUE DEVO SABER ANTES DE USAR ESTE MEDICAMENTO? / QUAIS OS MALES QUE ESTE MEDICAMENTO PODE ME CAUSAR?,"De acordo com a bula do medicamento RIVOTRIL, consta a seguinte informação: Antes de tomar o medicamento, é fundamental que o paciente informe ao médico se possui ou teve sinais ou sintomas de depressão e/ou tentativa de suicídio. Os eventos psiquiátricos citados na bula que fundamentam essa cautela incluem distúrbios psiquiátricos como psicose, tentativa de suicídio, ideias suicidas, distúrbios emocionais e de humor, estado confusional e desorientação. Além disso, o uso de benzodiazepínicos pode levar ao desenvolvimento de dependência física e psicológica, sendo que a ocorrência de sintomas de abstinência após descontinuação súbita do tratamento deve ser monitorada.

---
*Esta resposta se baseia apenas nos trechos da bula recuperados e não substitui orientação médica ou farmacêutica.*","De acordo com a bula do medicamento RIVOTRIL, consta a seguinte informação: Antes de tomar o medicamento, é fundamental que o paciente informe ao médico se possui ou teve sinais ou sintomas de depressão e/ou tentativa de suicídio. Os eventos psiquiátricos citados na bula que fundamentam essa cautela incluem distúrbios psiquiátricos como psicose, tentativa de suicídio, ideias suicidas, distúrbios emocionais e de humor, estado confusional e desorientação. Além disso, o uso de benzodiazepínicos pode levar ao desenvolvimento de dependência física e psicológica, sendo que a ocorrência de sintomas de abstinência após descontinuação súbita do tratamento deve ser monitorada.","O QUE DEVO SABER ANTES DE USAR ESTE MEDICAMENTO?, QUANDO NÃO DEVO USAR ESTE MEDICAMENTO?, QUAIS OS MALES QUE ESTE MEDICAMENTO PODE ME CAUSAR?",,"[""**Distúrbios do sistema nervoso** : diminuição da concentração, sonolência, lentificação, hipotonia muscular, tonturas, ataxia são frequentes e geralmente transitórias. Dor de cabeça (raro). Distúrbios reversíveis: dificuldade para articular a fala, incoordenação de movimentos e da marcha, movimento anormal dos olhos. Pode haver esquecimento de fatos recentes, associado a alteração de comportamento. Pode haver aumento das crises convulsivas em determinadas formas de epilepsia. Perda da voz, movimentos grosseiros e descoordenados de braços e pernas, coma, tremor, perda de força de um lado do corpo, sensação de cabeça leve, falta de energia e formigamento e alteração da sensibilidade nas extremidades. \n\n**Distúrbios oculares** : visão dupla reversível, aparência de “olho vítreo”. \n\n**Distúrbios cardiovasculares** : palpitações, dor torácica, insuficiência cardíaca (incluindo parada  cardíaca). \n\n**Distúrbios respiratórios** : congestão pulmonar, congestão nasal, hipersecreção, tosse, falta de ar, bronquite, rinite, faringite. Pode ocorrer depressão respiratória. **Rivotril[® ]** pode aumentar a produção de saliva ou de secreção brônquica (secreção nas vias aéreas) em lactentes e crianças. \n\n**Distúrbios gastrintestinais** : perda do apetite, língua saburrosa, constipação, diarreia, boca seca, incontinência fecal (perda do controle da evacuação), gastrite, aumento do fígado, apetite aumentado, gengivas doloridas, dor abdominal, inflamação gastrintestinal, dor de dente. Náuseas e sintomas epigástricos (raro) (sintomas na região do estômago). \n\n5"", ""**Rivotril[® ]** pode precipitar o estado de mal epiléptico (crises epilépticas em sequência rápida). Fale com seu médico antes de aumentar a dose ou interromper abruptamente esta medicação. \n\n## **Abuso e dependência do medicamento** \n\nO uso de benzodiazepínicos pode levar ao desenvolvimento de dependência física e psicológica. O risco de dependência aumenta com a dose, tratamentos prolongados e em pacientes com história de abuso de álcool ou drogas. Em caso de dependência, especialmente com doses elevadas, a descontinuação brusca do tratamento será acompanhada por sintomas de abstinência: psicoses, distúrbio comportamental, tremor, sudorese, agitação, distúrbios do sono e ansiedade, dor de cabeça, diarreia, dores musculares, câimbras, ansiedade extrema, tensão, cansaço, inquietação, alteração de humor, confusão, irritabilidade e convulsões epiléticas que podem ser associadas à doença de base. Em casos graves, desrealização (sentimentos de estranhamento ou distanciamento em relação ao ambiente), despersonalização (processo psíquico, em que se tem a impressão de que se é estranho a si mesmo), hipersensibilidade ao som, à luz, a ruídos e ao contato físico, sensações anormais, formigamentos, alucinações. O risco dos sintomas de abstinência é maior após descontinuação súbita do tratamento, portanto a retirada brusca do medicamento deve ser evitada. O tratamento (mesmo de curta duração) deve ser interrompido pela redução gradativa da dose diária. \n\n## **Efeitos sobre a capacidade de dirigir e operar  máquinas**"", ""**Rivotril[® ]** pode precipitar o estado de mal epiléptico (crises epilépticas em sequência rápida). Fale com seu médico antes de aumentar a dose ou interromper abruptamente esta medicação. \n\n## **Abuso e dependência do medicamento** \n\nO uso de benzodiazepínicos pode levar ao desenvolvimento de dependência física e psicológica. O risco de dependência aumenta com a dose, tratamentos prolongados e em pacientes com história de abuso de álcool ou drogas. Em caso de dependência, especialmente com doses elevadas, a descontinuação brusca do tratamento será acompanhada por sintomas de abstinência: psicoses, distúrbio comportamental, tremor, sudorese, agitação, distúrbios do sono e ansiedade, dor de cabeça, diarreia, dores musculares, câimbras, ansiedade extrema, tensão, cansaço, inquietação, alteração de humor, confusão, irritabilidade e convulsões epiléticas que podem ser associadas à doença de base. Em casos graves, desrealização (sentimentos de estranhamento ou distanciamento em relação ao ambiente), despersonalização (processo psíquico, em que se tem a impressão de que se é estranho a si mesmo), hipersensibilidade ao som, à luz, a ruídos e ao contato físico, sensações anormais, formigamentos, alucinações. O risco dos sintomas de abstinência é maior após descontinuação súbita do tratamento, portanto a retirada brusca do medicamento deve ser evitada. O tratamento (mesmo de curta duração) deve ser interrompido pela redução gradativa da dose diária. \n\n## **Efeitos sobre a capacidade de dirigir e operar  máquinas**"", ""4) ataxia cerebelar ou espinhal (descoordenação dos movimentos por problema do cerebelo ou medula); \n\n> 5) uso regular ou intoxicação aguda por álcool ou drogas. \n\nPode ocorrer perda de efeito durante o tratamento com clonazepam. \n\nNão tome **Rivotril[® ]** com álcool e/ou depressores do sistema nervoso central, essa combinação pode aumentar os efeitos de **Rivotril[®]** , com potencial sedação grave que pode resultar em coma ou morte, depressão cardiovascular e/ou respiratória. Caso ocorram reações paradoxais ** durante o tratamento, fale com seu médico, pois o uso do medicamento deve ser descontinuado. Pode ocorrer amnésia anterógrada (perda da habilidade de criar novas memórias e absorver novas informações), com o uso de benzodiazepínicos em doses terapêuticas. \n\n**Rivotril[® ]** pode precipitar o estado de mal epiléptico (crises epilépticas em sequência rápida). Fale com seu médico antes de aumentar a dose ou interromper abruptamente esta medicação. \n\n## **Abuso e dependência do medicamento**"", ""3 \n \n \nEste medicamento não deve ser utilizado por mulheres grávidas sem orientação médica ou do cirurgião- \ndentista. \nRivotril® só deve ser administrado a gestantes se houver indicação absoluta e se os benefícios  potenciais \nsuperarem os riscos para o feto. Rivotril® pode prejudicar seu bebê. Informe seu médico se estiver grávida ou se está \ntentando engravidar. O uso de altas dos es no último trimestre da gestação ou no trabalho de pa rto pode  causar \nirregularidades no batimen to cardíaco do f eto e baixa tempera tura corpórea, f alta de tônus musc ular, depressão \nrespiratória e dificuldade de sucção no bebê. Tanto a gestação quanto a suspensão de Rivotril® podem exacerbar a \nepilepsia. \nInforme seu médico se estiver amamentando. Se você realmente precisar tomar Rivotril®, a amamentação deve ser \ndescontinuada. \n \nUso em crianças \nAvaliar o risco / benefício do uso de Rivotril® a longo prazo em pacientes pediátr icos com distúrbios epilépticos. \nRivotril® pode aumentar a salivação e as secreções brônquicas em lactentes e crianças pequenas. Atenção:  manter \nas vias aéreas livres. \nNão há dados de eficácia / segurança de Rivotril® em menores de 18 anos com distúrbio do pânico. \n \nUso em idosos \nOs efeitos dos benzodiazepínicos parecem ser maiores em pacientes idosos do que em pacientes mais jovens, mesmo \nem concentrações plasmáticas similares.  \n \nPrincipais interações medicamentosas  \nInforme seu médico se esti ver tomando outros medica mentos, incluindo as substâncias  a seguir, pois elas podem \ninteragir com Rivotril®: \n– Depressores do sistema nervoso central e álcool;  \n– Medicamentos que agem no sistema nervoso: antidepressivos, medicamento s para dormir, alguns analgésicos, \nantipsicóticos, ansiolíticos, anticonvulsivantes; \n– Medicamentos para o estômago.  \n \nInterações fármaco-alimento \nInterações com alimentos não foram estabelecidas. O suco de toranja pode aumentar o efeito de  Rivotril®. \n \nInterações fármaco-laboratório \nInterações com testes laboratoriais não foram estabelecidas. \n \nInforme ao seu médico ou cirurgião-dentista se você está fazendo uso de algum outro medicamento.  \nNão use medicamento sem o conhecimento do seu médico. Pode ser perigoso para a sua   saúde. \n \n5. ONDE, COMO E POR QUANTO TEMPO POSSO GUARDAR ESTE   MEDICAMENTO?  \nRivotril®  comprimidos de 0,5 mg e 2,0 mg devem ser armazenados em temperatura ambiente (entre 15 e 30   ºC). \n \nNúmero de lote e datas de fabricação e validade: vide  embalagem.  \nNão use medicamento com o prazo de validade vencido. Guarde-o em sua embalagem  original.  \n \nAspecto físico \nOs comprimidos de 0,5 mg de Rivotril® apresentam formato cilíndrico biplano com presença de ranhura e cor laranja \npálido. \nOs comprimidos de 2,0 mg de Rivotril® apresentam formato cilíndrico biplano com presença de ranhura e cor branca \na levemente amarelada. \n \nCaracterísticas organolépticas \nRivotril® comprimidos de 0,5 mg e 2,0 mg não apresenta características marcantes que o diferenciem de outros \ncomprimidos. \nAntes de usar, observe o aspecto do medicamento. Caso ele esteja no prazo de validade e você observe alguma \nmudança no aspecto, consulte o farmacêu tico para saber se poderá  utilizá-lo.  "", ""8. QUAIS OS MALES QUE ESTE MEDICAMENTO PODE ME   CAUSAR?** Algumas reações são transitórias e desaparecem espontaneamente no decorrer do tratamento ou com redução da dose. As reações que ocorreram em ≥ 5% dos pacientes em estudos clínicos foram: sonolência, dor de cabeça, infecção das vias aéreas superiores, cansaço, gripe, depressão, vertigem, irritabilidade, insônia, perda da coordenação de movimentos e da marcha, perda do equilíbrio, náusea, sensação de cabeça leve, sinusite e concentração prejudicada. \n\n## **Pós-comercialização:** \n\n**Distúrbios do sistema imunológico** : reações alérgicas e muito poucos casos de anafilaxia (reação alérgica grave). \n\n**Distúrbios endócrinos** : casos isolados, reversíveis, de puberdade precoce incompleta em crianças. \n\n**Distúrbios psiquiátricos** : amnésia, alucinações, histeria, psicose, tentativa de suicídio, despersonalização, distúrbio de memória, desinibição orgânica, ideias suicidas, lamentações, distúrbios emocionais e de humor, estado confusional e desorientação. Depressão pode estar associada à doença de base. Reações paradoxais: inquietação, agitação, irritabilidade, agressividade, nervosismo, hostilidade, ansiedade, distúrbios do sono, delírio, raiva, pesadelos, sonhos anormais, alucinações, psicose, hiperatividade, comportamento inapropriado e outros efeitos comportamentais. Alterações da libido (casos raros). Dependência e retirada, vide item “Abuso e dependência do medicamento”."", ""Informe seu médico se estiver amamentando. Se você realmente precisar tomar **Rivotril[®]** , a amamentação deve ser descontinuada. \n\n## **Uso em crianças** \n\nAvaliar o risco / benefício do uso de **Rivotril[® ]** a longo prazo em pacientes pediátricos com distúrbios epilépticos. **Rivotril[® ]** pode aumentar a salivação e as secreções brônquicas em lactentes e crianças pequenas. Atenção:  manter as vias aéreas livres. \n\nNão há dados de eficácia / segurança de **Rivotril[® ]** em menores de 18 anos com distúrbio do pânico. \n\n## **Uso em idosos** \n\nOs efeitos dos benzodiazepínicos parecem ser maiores em pacientes idosos do que em pacientes mais jovens, mesmo em concentrações plasmáticas similares. \n\n## **Principais interações medicamentosas** \n\nInforme seu médico se estiver tomando outros medicamentos, incluindo as substâncias a seguir, pois elas podem interagir com **Rivotril[®]** : \n\n– Depressores do sistema nervoso central e álcool; \n\n– Medicamentos que agem no sistema nervoso: antidepressivos, medicamentos para dormir, alguns analgésicos, antipsicóticos, ansiolíticos, anticonvulsivantes; \n\n– Medicamentos para o estômago. \n\n## **Interações fármaco-alimento** \n\nInterações com alimentos não foram estabelecidas. O suco de toranja pode aumentar o efeito de **Rivotril**[®] . \n\n## **Interações fármaco-laboratório** \n\nInterações com testes laboratoriais não foram estabelecidas. \n\n**Informe ao seu médico ou cirurgião-dentista se você está fazendo uso de algum outro medicamento. Não use medicamento sem o conhecimento do seu médico. Pode ser perigoso para a sua   saúde.**"", ""Informe seu médico se estiver amamentando. Se você realmente precisar tomar **Rivotril[®]** , a amamentação deve ser descontinuada. \n\n## **Uso em crianças** \n\nAvaliar o risco / benefício do uso de **Rivotril[® ]** a longo prazo em pacientes pediátricos com distúrbios epilépticos. **Rivotril[® ]** pode aumentar a salivação e as secreções brônquicas em lactentes e crianças pequenas. Atenção:  manter as vias aéreas livres. \n\nNão há dados de eficácia / segurança de **Rivotril[® ]** em menores de 18 anos com distúrbio do pânico. \n\n## **Uso em idosos** \n\nOs efeitos dos benzodiazepínicos parecem ser maiores em pacientes idosos do que em pacientes mais jovens, mesmo em concentrações plasmáticas similares. \n\n## **Principais interações medicamentosas** \n\nInforme seu médico se estiver tomando outros medicamentos, incluindo as substâncias a seguir, pois elas podem interagir com **Rivotril[®]** : \n\n– Depressores do sistema nervoso central e álcool; \n\n– Medicamentos que agem no sistema nervoso: antidepressivos, medicamentos para dormir, alguns analgésicos, antipsicóticos, ansiolíticos, anticonvulsivantes; \n\n– Medicamentos para o estômago. \n\n## **Interações fármaco-alimento** \n\nInterações com alimentos não foram estabelecidas. O suco de toranja pode aumentar o efeito de **Rivotril**[®] . \n\n## **Interações fármaco-laboratório** \n\nInterações com testes laboratoriais não foram estabelecidas. \n\n**Informe ao seu médico ou cirurgião-dentista se você está fazendo uso de algum outro medicamento. Não use medicamento sem o conhecimento do seu médico. Pode ser perigoso para a sua   saúde.**"", ""5 \n \n \nInstruções especiais de administração  \nRivotril® pode ser usado com outros antiepilépticos. Nesse caso, seu médico ajustará a dose de cada medicamento \npara atingir o efeito ideal. \nNão pare de tomar Rivotril® subitamente, você pode ter novas crises epilépticas. Somente seu médico poderá orientar \na interrupção do tratamento reduzindo gradualmente a dose utilizada. \n \nSiga a orientação de seu médico, respeitando sempre os horários, as doses e a duração do tratamento. Não \ninterrompa o tratamento sem o conhecimento do seu médico.  \n \n7. O QUE DEVO FAZER QUANDO EU ME ESQU ECER DE USAR ESTE MEDICAMENTO? Nunca \ndobre a dose na próxima tomada. Apenas continue com a próxima dose no tempo determinado.    \nEm caso de dúvidas, procure orientação do farmacêutico, de seu médico ou   cirurgião-dentista.  \n \n8. QUAIS OS MALES QUE ESTE MEDICAMENTO PODE ME   CAUSAR?  \nAlgumas reações são transitórias e desaparecem espontaneamente no decorrer do tratamento ou com redução da dose. \nAs reações que ocorreram em ≥ 5% dos pacientes em estudos clínicos foram: sonolência, dor de cabeça, infecção das \nvias aéreas superiores, cansaço, gripe, depressão, vertigem, irritabilidade, insônia, perda da coordenação de \nmovimentos e da marcha, perda do equilíbrio, náusea, sensação de cabeça leve, sinusite e concentração prejudicada. \n \nPós-comercialização: \n \nDistúrbios do sistema imunológico: reações alérgicas e muito poucos casos de anafilaxia (reação alérgica grave). \n \nDistúrbios endócrinos: casos isolados, reversíveis, de puberdade precoce incompleta em crianças. \n \nDistúrbios psiquiátricos: amnésia, alucinações, histeria, psicose, tentativa de suicídio, despersonalização, distúrbio \nde memória, desinibição orgânica, ideias suicidas, lamentações, distúrbios emocionais e de humor, estado confusional \ne desorientação. Depressão pode estar associada à doença de base. Reações paradoxais: inquietação, agitação, \nirritabilidade, agressividade, nervosismo, hostilidade, ansiedade,  distúrbios do sono, delírio, raiva, pesadelos, sonhos \nanormais, alucinações, psicose, hiperatividade, comp ortamento inapropriado e outros efeitos comportamentais. \nAlterações da libido (casos raros). Dependência e retirada, vide item “Abuso e dependência do medicamento”.  \n \nDistúrbios do sistema nervoso: diminuição da concentração, sonolência, lentificação, hipotonia muscular, tonturas, \nataxia são frequentes e geralmente transitórias. Dor de cabeça (raro). Distúrbios reversíveis: dificuldade para articular \na fala, incoordenação de movimentos e da marcha, movimento anormal dos olhos. Pode haver esquecimento de fatos \nrecentes, associado a alteração de comp ortamento. Pode haver au mento das crises convul sivas em determinadas \nformas de epilepsia. Perda da voz, movimentos grosseiros e descoordenados de braços e pernas, coma, tremor, perda \nde força de um lado do corpo, sensação de cabeça leve, falta de energia e formigamento e alteração da sensibilidade \nnas extremidades. \n \nDistúrbios oculares: visão dupla reversível, aparência de “olho vítreo”.  \n \nDistúrbios cardiovasculares: palpitações, dor torácica, insuficiência cardíaca (incluindo parada  cardíaca). \n \nDistúrbios respiratórios : congestão pulmonar, congestão nasal, hipersecreção, tosse, falta de ar, bronquite, rinite, \nfaringite. Pode ocorrer depressão respiratória. Rivotril® pode aumentar a produção de saliva ou de secreção \nbrônquica (secreção nas vias aéreas) em lactentes e crianças. \nDistúrbios gastrintestinais: perda do apetite, língua saburrosa, constipação, diarreia, boca seca, incontinência fecal \n(perda do controle da evacuação), gastrite, aumento do fígado, apetite aumentado, gengivas doloridas, dor abdominal, \ninflamação gastrintestinal, dor de dente. Náuseas e sintomas epigástricos (raro) (sintomas na região do estômago). "", ""QUANDO NÃO DEVO USAR ESTE MEDICAMENTO?  \nRivotril® é contraindicado a pacientes com hipersensibilidade conhecida a clonazepam ou a qualquer dos excipientes \ndo medicamento, em pacientes com insuficiência respiratória grave ou comprometimento do fígado grave, pois os \nbenzodiazepínicos podem lev ar à ocorrência de comprome timento do sistema nervoso,  secundário ao problema no \nfígado. \nRivotril® comprimidos e Rivotril® gotas são contraindicados para o tratamento de transtornos do pânico em \npacientes com histórico médico de apneia do sono. \nRivotril® é contraindicado a pacientes com glaucoma agudo de ângulo fechado. Rivotril® pode ser usado por \npacientes com glaucoma de ângulo aberto, desde que estejam recebendo terapia  apropriada. \n \n4. O QUE DEVO SABER ANTES DE USAR ESTE   MEDICAMENTO?  \nAntes de tomar Rivotril®, informe seu médico se você tem ou teve: \n1) outros problemas de saúde, como doenças nos rins ou fígado (por exemplo: cirrose hepática), distúrbio \nneuromuscular ou respiratório, porfiria (doença em que ocorre deficiência de enzimas específicas na via da biossíntese \ndo heme); \n2) sinais ou sintomas de depressão e/ou tentativa de suicídio; \n3) intolerância à galactose (açúcar) ou deficiência de lactase (enzima que quebra a lactose); \n4) ataxia cerebelar ou espinhal (descoordenação dos movimentos por problema do cerebelo ou medula); \n5) uso regular ou intoxicação aguda por álcool ou drogas.  \n \nPode ocorrer perda de efeito durante o tratamento com clonazepam. \nNão tome Rivotril® com álcool e/ou depressores do sistema nervoso ce ntral, essa combinação pode aumentar os efeitos \nde Rivotril®, com potencial sedação grave que pode resultar em coma ou morte, depressão cardiovascular e/ou respiratória. \nCaso ocorram reações paradoxais (vide item “QUAIS OS MALES QUE ESTE MEDICAMENTO PODE ME \nCAUSAR?”) durante o tratamento, fale com seu médico, pois o uso do medicamento deve ser descontinuado. \nPode ocorrer amnésia anterógrada (perda da habilidade de criar novas memórias e absorver novas informações), com o uso \nde benzodiazepínicos em doses terapêuticas. \nRivotril® pode precipitar o estado de mal epiléptico (crises epilépticas em sequência rápida). Fale com seu médico \nantes de aumentar a dose ou interromper abruptamente esta medicação. \n \nAbuso e dependência do medicamento  \nO uso de benzodiazepínicos pode lev ar ao desenvolvime nto de dependê ncia física e psic ológica. O risco de \ndependência aumenta com a dose, tratamentos prolongados e em pacientes com história de abuso de álcool ou drogas. \nEm caso de dependência, especialmente com doses elevadas, a descontinuação brusca do tratamento será \nacompanhada por sintomas de abstinência: psicoses, distúrbio comportamental, tremor, sudorese, agitação, distúrbios \ndo sono e ansiedade, dor de cabeça, diarreia, dores musculares, câimbras, ansiedade extrema, tensão, cansaço, \ninquietação, alteração de humor, confusão, irritabilidade e convulsões epiléticas que podem ser associadas à doença \nde base. Em casos graves, desrealização (sentimentos de estranhamento ou distanciamento em relação ao ambiente), \ndespersonalização (processo psíquico, em que se tem a impressão de que se é estranho a si mesmo), hipersensibilidade \nao som, à luz, a ruídos e ao contato físico, sensações anormais, formigamentos, alucinações. O risco dos sintomas de \nabstinência é maior após descontinuação súbita do tratamento, portanto a retirada brusca do medicamento deve ser \nevitada. O tratamento (mesmo de curta duração) deve ser interrompido pela redução gradativa da dose diária.  \n \nEfeitos sobre a capacidade de dirigir e operar  máquinas \nClonazepam pode lentificar as reações, efeito agravado com o uso de álcool. \nDurante o tratamento, o paciente não deve dirigir veíc ulos ou operar máquinas, pois sua habilidade e atenção \npodem estar prejudicadas. \n \nAté o momento, não há informações de que Rivotril®  cause doping. Em caso de dúvidas, consulte o seu  médico. \n \n \nGravidez e amamentação "", ""## **Efeitos sobre a capacidade de dirigir e operar  máquinas** \n\nClonazepam pode lentificar as reações, efeito agravado com o uso de álcool. \n\n**Durante o tratamento, o paciente não deve dirigir veículos ou operar máquinas, pois sua habilidade e atenção podem estar prejudicadas.** \n\nAté o momento, não há informações de que **Rivotril[®  ]** cause _doping_ . Em caso de dúvidas, consulte o seu  médico. \n\n## **Gravidez e amamentação** \n\n2 \n\n**==> picture [109 x 35] intentionally omitted <==**\n\n## **Este medicamento não deve ser utilizado por mulheres grávidas sem orientação médica ou do cirurgiãodentista.** \n\n**Rivotril[® ]** só deve ser administrado a gestantes se houver indicação absoluta e se os benefícios  potenciais \n\nsuperarem os riscos para o feto. **Rivotril[® ]** pode prejudicar seu bebê. Informe seu médico se estiver grávida ou se está tentando engravidar. O uso de altas doses no último trimestre da gestação ou no trabalho de parto pode  causar irregularidades no batimento cardíaco do feto e baixa temperatura corpórea, falta de tônus muscular, depressão respiratória e dificuldade de sucção no bebê. Tanto a gestação quanto a suspensão de **Rivotril**[® ] podem exacerbar a epilepsia. \n\nInforme seu médico se estiver amamentando. Se você realmente precisar tomar **Rivotril[®]** , a amamentação deve ser descontinuada. \n\n## **Uso em crianças**"", ""## **Efeitos sobre a capacidade de dirigir e operar  máquinas** \n\nClonazepam pode lentificar as reações, efeito agravado com o uso de álcool. \n\n**Durante o tratamento, o paciente não deve dirigir veículos ou operar máquinas, pois sua habilidade e atenção podem estar prejudicadas.** \n\nAté o momento, não há informações de que **Rivotril[®  ]** cause _doping_ . Em caso de dúvidas, consulte o seu  médico. \n\n## **Gravidez e amamentação** \n\n2 \n\n**==> picture [109 x 35] intentionally omitted <==**\n\n## **Este medicamento não deve ser utilizado por mulheres grávidas sem orientação médica ou do cirurgiãodentista.** \n\n**Rivotril[® ]** só deve ser administrado a gestantes se houver indicação absoluta e se os benefícios  potenciais \n\nsuperarem os riscos para o feto. **Rivotril[® ]** pode prejudicar seu bebê. Informe seu médico se estiver grávida ou se está tentando engravidar. O uso de altas doses no último trimestre da gestação ou no trabalho de parto pode  causar irregularidades no batimento cardíaco do feto e baixa temperatura corpórea, falta de tônus muscular, depressão respiratória e dificuldade de sucção no bebê. Tanto a gestação quanto a suspensão de **Rivotril**[® ] podem exacerbar a epilepsia. \n\nInforme seu médico se estiver amamentando. Se você realmente precisar tomar **Rivotril[®]** , a amamentação deve ser descontinuada. \n\n## **Uso em crianças**"", ""**Síndrome da boca ardente:** 0,25 a 6,0 mg/dia. Dose recomendada: 1,0 a 2,0 mg/dia. \n\n**Uso em idosos:** a dose mais baixa possível deve ser utilizada em idosos. Deve-se ter especial cuidado durante as alterações na dose. \n\n**Comprometimento do fígado:** pacientes com comprometimento do fígado grave não devem ser tratados com clonazepam e pacientes com comprometimento hepático leve a moderado devem receber a dose mais baixa possível. \n\n4 \n\n**==> picture [109 x 35] intentionally omitted <==**\n\n## **Instruções especiais de administração** \n\n**Rivotril[® ]** pode ser usado com outros antiepilépticos. Nesse caso, seu médico ajustará a dose de cada medicamento para atingir o efeito ideal. \n\nNão pare de tomar **Rivotril[® ]** subitamente, você pode ter novas crises epilépticas. Somente seu médico poderá orientar a interrupção do tratamento reduzindo gradualmente a dose utilizada. \n\n**Siga a orientação de seu médico, respeitando sempre os horários, as doses e a duração do tratamento. Não interrompa o tratamento sem o conhecimento do seu médico.** \n\n**"", ""4. O QUE DEVO SABER ANTES DE USAR ESTE   MEDICAMENTO?** \n\nAntes de tomar **Rivotril**[®] , informe seu médico se você tem ou teve: \n\n- 1) outros problemas de saúde, como doenças nos rins ou fígado (por exemplo: cirrose hepática), distúrbio neuromuscular ou respiratório, porfiria (doença em que ocorre deficiência de enzimas específicas na via da biossíntese do heme); \n\n- 2) sinais ou sintomas de depressão e/ou tentativa de suicídio; \n\n- 3) intolerância à galactose (açúcar) ou deficiência de lactase (enzima que quebra a lactose); \n\n4) ataxia cerebelar ou espinhal (descoordenação dos movimentos por problema do cerebelo ou medula); \n\n> 5) uso regular ou intoxicação aguda por álcool ou drogas. \n\nPode ocorrer perda de efeito durante o tratamento com clonazepam. \n\nNão tome **Rivotril[® ]** com álcool e/ou depressores do sistema nervoso central, essa combinação pode aumentar os efeitos de **Rivotril[®]** , com potencial sedação grave que pode resultar em coma ou morte, depressão cardiovascular e/ou respiratória. Caso ocorram reações paradoxais ** durante o tratamento, fale com seu médico, pois o uso do medicamento deve ser descontinuado. Pode ocorrer amnésia anterógrada (perda da habilidade de criar novas memórias e absorver novas informações), com o uso de benzodiazepínicos em doses terapêuticas. \n\n**Rivotril[® ]** pode precipitar o estado de mal epiléptico (crises epilépticas em sequência rápida). Fale com seu médico antes de aumentar a dose ou interromper abruptamente esta medicação. \n\n## **Abuso e dependência do medicamento**"", ""3 \n\n**==> picture [109 x 35] intentionally omitted <==**\n\n## **Todo medicamento deve ser mantido fora do alcance das  crianças.** \n\n## **6. COMO DEVO USAR ESTE  MEDICAMENTO?** \n\nTome os comprimidos por via oral com pouca quantidade de líquido não alcoólico. A dose de **Rivotril[® ]** depende da doença, da resposta clínica, idade e tolerabilidade. \n\nRecomenda-se que o tratamento inicie com doses mais baixas, que podem ser aumentadas se necessário. Siga a orientação médica. \n\n## **Distúrbios epilépticos** \n\n## Adultos \n\nDose inicial: não exceder 1,5 mg/dia, dividida em 3 doses. Aumentar a critério médico. Dose de manutenção: será definida pelo seu médico, de acordo com sua resposta. \n\nDose diária máxima recomendada: 20 mg. \n\nSe você já usa outro anticonvulsivante, avise seu médico. \n\nRecém-nascidos e crianças até 10 anos de idade ou 30 kg de peso \n\nDose inicial média: 0,01 a 0,03 mg/kg/dia. Não exceder 0,05 mg/kg/dia, dividido em 2 ou 3 doses  diárias. \n\nCrianças entre 10 e 16 anos de idade: Dose inicial: 1 a 1,5 mg/dia, dividido em 2 a 3 doses. A dose pode ser aumentada, a critério médico, até atingir a dose de manutenção individual, usualmente de 3 a 6  mg/dia. Sempre que possível, dividir a dose diária em 3 doses iguais. Caso não seja possível, a maior dose deve ser tomada antes de deitar. \n\n## **Transtornos de ansiedade**"", ""IDENTIFICAÇÃO DO MEDICAMENTO  \n \nRivotril® \nclonazepam  \n \nAnticonvulsivante/Ansiolítico \n \nAPRESENTAÇÕES \n \nComprimidos de 0,5 mg ou 2 mg. Caixa com 20 ou 30 comprimidos.  \n \nVIA ORAL \n \nUSO ADULTO E PEDIÁTRICO  \n \n \nCOMPOSIÇÃO \nComprimidos de 0,5 mg \nPrincípio ativo: clonazepam...............................................................................................................................0,5 mg. \nExcipientes: lactose, amido de milho, amido pré-gelatinizado, óxido de ferro amarelo, óxido férrico, talco, estearato \nde magnésio. \n \nComprimidos de 2,0 mg \nPrincípio ativo: clonazepam...............................................................................................................................2,0 mg. \nExcipientes: lactose, amido pré-gelatinizado, estearato de magnésio, celulose  microcristalina. \n \nINFORMAÇÕES AO PACIENTE \nLeia com atenção as informações a seguir. Se tiver dúvidas, informe seu  médico. \n \n1."", ""IDENTIFICAÇÃO DO MEDICAMENTO** \n\n## **Rivotril[®]** \n\nclonazepam \n\n**Anticonvulsivante/Ansiolítico** \n\n**APRESENTAÇÕES** \n\n**Comprimidos de 0,5 mg ou 2 mg. Caixa com 20 ou 30 comprimidos.** \n\n**VIA ORAL** \n\n## **USO ADULTO E PEDIÁTRICO** \n\n## **COMPOSIÇÃO** \n\n## **Comprimidos de 0,5 mg** \n\n**Princípio ativo:** clonazepam...............................................................................................................................0,5 mg. **Excipientes:** lactose, amido de milho, amido pré-gelatinizado, óxido de ferro amarelo, óxido férrico, talco, estearato de magnésio. \n\n## **Comprimidos de 2,0 mg** \n\n**Princípio ativo:** clonazepam...............................................................................................................................2,0 mg. **Excipientes:** lactose, amido pré-gelatinizado, estearato de magnésio, celulose  microcristalina. \n\n## **INFORMAÇÕES AO PACIENTE** \n\nLeia com atenção as informações a seguir. Se tiver dúvidas, informe seu  médico. \n\n## **"", ""IDENTIFICAÇÃO DO MEDICAMENTO** \n\n## **Rivotril[®]** \n\nclonazepam \n\n**Anticonvulsivante/Ansiolítico** \n\n**APRESENTAÇÕES** \n\n**Comprimidos de 0,5 mg ou 2 mg. Caixa com 20 ou 30 comprimidos.** \n\n**VIA ORAL** \n\n## **USO ADULTO E PEDIÁTRICO** \n\n## **COMPOSIÇÃO** \n\n## **Comprimidos de 0,5 mg** \n\n**Princípio ativo:** clonazepam...............................................................................................................................0,5 mg. **Excipientes:** lactose, amido de milho, amido pré-gelatinizado, óxido de ferro amarelo, óxido férrico, talco, estearato de magnésio. \n\n## **Comprimidos de 2,0 mg** \n\n**Princípio ativo:** clonazepam...............................................................................................................................2,0 mg. **Excipientes:** lactose, amido pré-gelatinizado, estearato de magnésio, celulose  microcristalina. \n\n## **INFORMAÇÕES AO PACIENTE** \n\nLeia com atenção as informações a seguir. Se tiver dúvidas, informe seu  médico. \n\n## **"", ""IDENTIFICAÇÃO DO MEDICAMENTO  \n \nRivotril® \nclonazepam  \n \nAnticonvulsivante/Ansiolítico \n \nAPRESENTAÇÕES \nSolução oral de 2,5 mg/mL. Frasco com 20 mL.  \n \nVIA ORAL \n \nUSO ADULTO E PEDIÁTRICO  \n \n \nCOMPOSIÇÃO \nSolução oral de 2,5 mg/mL (1 gota = 0,1 mg)  \nPrincípio ativo: clonazepam.........................................................................................................................2,5 mg/mL \nExcipientes: sacarina sódica, ácido acético, propilenoglicol, essência de pêssego. Cada 1 mL de Rivotril® solução \noral equivale a cerca de 25 gotas. \n \nINFORMAÇÕES AO PACIENTE \nLeia com atenção as informações a seguir. Se tiver dúvidas, informe seu  médico. \n \n1.""]",24.973,28.852
agentic_rag,ollama:gemma4:e4b,TYLENOL,dificil,"Como a duração de ação farmacológica de TYLENOL se relaciona com o esquema posológico fracionado recomendado, considerando seu mecanismo de ação e o risco hepatotóxico descritos na bula?",dificil,"TYLENOL reduz a febre atuando no centro regulador da temperatura no sistema nervoso central e diminui a sensibilidade à dor; seu efeito começa 15 a 30 minutos após a administração oral e permanece por 4 a 6 horas. A posologia recomenda doses fracionadas em intervalos de 4 a 6 horas, sem exceder 1000 mg por dose nem 4000 mg por dia em 24 horas. Essa relação indica que o intervalo acompanha a duração do efeito, enquanto os limites por dose e por dia reduzem o risco de superdose, que a bula associa a danos ao fígado.",COMO ESTE MEDICAMENTO FUNCIONA? / COMO DEVO USAR ESTE MEDICAMENTO? / O QUE FAZER SE ALGUÉM USAR UMA QUANTIDADE MAIOR DO QUE A INDICADA DESTE MEDICAMENTO?,"De acordo com a bula do medicamento TYLENOL, consta a seguinte informação: O efeito de redução da febre e diminuição da sensibilidade à dor do TYLENOL tem início 15 a 30 minutos após a administração oral e permanece por um período de 4 a 6 horas. Essa duração de ação se relaciona diretamente com o esquema posológico fracionado recomendado, que exige que as doses sejam administradas em intervalos de 4 a 6 horas ao longo de um período de 24 horas. Em relação ao risco hepatotóxico, é crucial não exceder a dose diária máxima recomendada de paracetamol (4000 mg), pois o uso de doses excessivas pode causar danos ao fígado.

---
*Esta resposta se baseia apenas nos trechos da bula recuperados e não substitui orientação médica ou farmacêutica.*","De acordo com a bula do medicamento TYLENOL, consta a seguinte informação: O efeito de redução da febre e diminuição da sensibilidade à dor do TYLENOL tem início 15 a 30 minutos após a administração oral e permanece por um período de 4 a 6 horas. Essa duração de ação se relaciona diretamente com o esquema posológico fracionado recomendado, que exige que as doses sejam administradas em intervalos de 4 a 6 horas ao longo de um período de 24 horas. Em relação ao risco hepatotóxico, é crucial não exceder a dose diária máxima recomendada de paracetamol (4000 mg), pois o uso de doses excessivas pode causar danos ao fígado.","COMO ESTE MEDICAMENTO FUNCIONA?, COMO DEVO USAR ESTE MEDICAMENTO?, O QUE DEVO SABER ANTES DE USAR ESTE MEDICAMENTO?, QUAIS OS MALES QUE ESTE MEDICAMENTO PODE ME CAUSAR?",,"[""2. COMO ESTE MEDICAMENTO FUNCIONA?** \n\n**TYLENOL[® ]** reduz a febre atuando no centro regulador da temperatura no Sistema Nervoso Central (SNC) e diminui a sensibilidade a dor. Seu efeito tem início 15 a 30 minutos após a administração oral e permanece por um período de 4 a 6 horas. \n\n## **"", ""2. COMO ESTE MEDICAMENTO FUNCIONA?** \n\n**TYLENOL[® ]** reduz a febre atuando no centro regulador da temperatura no Sistema Nervoso Central (SNC) e diminui a sensibilidade a dor. Seu efeito tem início 15 a 30 minutos após a administração oral e permanece por um período de 4 a 6 horas. \n\n## **"", "" \n \nTYLENOL® - Paciente \n \n \nReação muito rara (ocorre em menos de 0,01% dos pacientes que utilizam este medicamento): \nurticária, coceira e vermelhidão no corpo, reações alérgicas a este medicamento, aumento das \ntransaminases e erupção fixa medicamentosa. \nInforme ao seu médico, cirurgião -dentista ou farmacêutico o aparecimento de reações \nindesejáveis pelo uso do medicamento. Informe também à empresa através do seu serviço \nde atendimento. \n \n9. O QUE FAZER SE ALGUÉM USAR UMA QUANTIDADE MAIOR DO QUE A \nINDICADA DESTE MEDICAMENTO? \nO uso de doses excessivas, acima das doses recomendadas (superdose) pode causar danos ao \nfígado. Em caso de  superdose, procure ajuda médica ou um centro de intoxicação \nimediatamente. O apoio médico imediato é fundamental para adultos e crianças, mesmo se os \nsinais e sintomas de intoxicação não estiverem presentes. \nOs sinais e sintomas iniciais que se seguem a uma dose potencialmente hepatotóxica de \nparacetamol são: perda de apetite, náusea, vômito, sudorese intensa, palidez e mal-estar geral. \nEm caso de uso de grande quantidade deste medicamento, procure rapidamente socorro \nmédico e leve a embalagem ou bula do medicamento, se possível. Ligue para 0800 722 6001, \nse você precisar de mais orientações. \n \nDIZERES LEGAIS \nMS - 1.5721.1214 \nFarmacêutico Responsável: Jean F. L. Festuccia – CRF - SP nº 29.625 \n \n \nRegistrado por: \nJOHNSON & JOHNSON INDUSTRIAL LTDA. \nRodovia Presidente Dutra, Km 154, \nSão José dos Campos – SP \nCNPJ 59.748.988/0001-14 \n \n \nFabricado por: \nJOHNSON & JOHNSON INDUSTRIAL LTDA \nRodovia Presidente Dutra, km 154 \nSão José dos Campos – SP \nCNPJ: 59.748.988/0001-14 \nIndustria Brasileira \n®Marca Registrada "", ""TYLENOL® - Paciente \n \n \n \nSAC 0800 728 6767 \nwww.tylenol.com.br \n \n \nSiga corretamente o modo de usar, não desaparecendo os sintomas procure orientação médica."", ""4. O QUE DEVO SABER ANTES DE USAR ESTE MEDICAMENTO?** \n\nTYLENOL® - Paciente \n\n**==> picture [114 x 31] intentionally omitted <==**\n\nVocê não deve tomar mais do que a dose recomendada (superdose) para provocar maior alívio, pois pode causar sérios problemas de saúde. Você deve consultar seu médico se a dor ou febre continuarem ou piorarem, ou se surgirem novos sintomas, pois estes sintomas podem ser sinais de doenças graves. \n\n**Uso com álcool** : consumidores de doses abusivas de álcool devem consultar seu médico para saber se podem tomar **TYLENOL[® ]** ou qualquer outro analgésico. \n\n## **Gravidez e Amamentação** \n\n## Se você estiver grávida ou amamentando, consulte o seu médico antes de usar este medicamento. **Este medicamento não deve ser utilizado por mulheres grávidas sem orientação médica ou do cirurgião-dentista.** \n\n**Uso em pacientes com problemas no fígado** : Consulte seu médico antes de usar o medicamento. **Uso em idosos** : Até o momento não são conhecidas restrições específicas ao uso de **TYLENOL[® ]** por pacientes idosos. Não existe necessidade de ajuste de dose neste grupo etário. Muito raramente, foram relatadas reações cutâneas graves em pacientes que administraram paracetamol. Os sintomas podem incluir: vermelhidão na pele, bolhas e erupções cutâneas. Se ocorrerem reações cutâneas ou piora de problemas de pele já existentes, interrompa o uso do medicamento e procure ajuda médica imediatamente. \n\n## **Não use outro produto que contenha paracetamol.** \n\n## **O paracetamol nas doses terapêuticas não foi associado à irritação gástrica.**"", ""4. O QUE DEVO SABER ANTES DE USAR ESTE MEDICAMENTO?** \n\nTYLENOL® - Paciente \n\n**==> picture [114 x 31] intentionally omitted <==**\n\nVocê não deve tomar mais do que a dose recomendada (superdose) para provocar maior alívio, pois pode causar sérios problemas de saúde. Você deve consultar seu médico se a dor ou febre continuarem ou piorarem, ou se surgirem novos sintomas, pois estes sintomas podem ser sinais de doenças graves. \n\n**Uso com álcool** : consumidores de doses abusivas de álcool devem consultar seu médico para saber se podem tomar **TYLENOL[® ]** ou qualquer outro analgésico. \n\n## **Gravidez e Amamentação** \n\n## Se você estiver grávida ou amamentando, consulte o seu médico antes de usar este medicamento. **Este medicamento não deve ser utilizado por mulheres grávidas sem orientação médica ou do cirurgião-dentista.** \n\n**Uso em pacientes com problemas no fígado** : Consulte seu médico antes de usar o medicamento. **Uso em idosos** : Até o momento não são conhecidas restrições específicas ao uso de **TYLENOL[® ]** por pacientes idosos. Não existe necessidade de ajuste de dose neste grupo etário. Muito raramente, foram relatadas reações cutâneas graves em pacientes que administraram paracetamol. Os sintomas podem incluir: vermelhidão na pele, bolhas e erupções cutâneas. Se ocorrerem reações cutâneas ou piora de problemas de pele já existentes, interrompa o uso do medicamento e procure ajuda médica imediatamente. \n\n## **Não use outro produto que contenha paracetamol.** \n\n## **O paracetamol nas doses terapêuticas não foi associado à irritação gástrica.**"", ""## **Não use outro produto que contenha paracetamol.** \n\n## **O paracetamol nas doses terapêuticas não foi associado à irritação gástrica.** \n\nSe você tem pressão alta, não use este produto por mais tempo do que o indicado no rótulo, a menos que indicado por um médico. \n\nA absorção de **TYLENOL[® ]** é mais rápida se você estiver em jejum. Os alimentos podem afetar a velocidade da absorção, mas não a quantidade absorvida do medicamento. A interferência do paracetamol na metabolização de outros medicamentos e a influência destes medicamentos na ação e na toxicidade do paracetamol, em geral, não são relevantes. \n\n**Consulte seu médico antes de utilizar este medicamento se você está tomando flucloxacilina (penicilina - um antibiótico), varfarina (anticoagulante) ou outros derivados cumarínicos.** \n\n**Informe ao seu médico ou cirurgião-dentista se você está fazendo uso de algum outro medicamento.** \n\n**"", ""## **Não use outro produto que contenha paracetamol.** \n\n## **O paracetamol nas doses terapêuticas não foi associado à irritação gástrica.** \n\nSe você tem pressão alta, não use este produto por mais tempo do que o indicado no rótulo, a menos que indicado por um médico. \n\nA absorção de **TYLENOL[® ]** é mais rápida se você estiver em jejum. Os alimentos podem afetar a velocidade da absorção, mas não a quantidade absorvida do medicamento. A interferência do paracetamol na metabolização de outros medicamentos e a influência destes medicamentos na ação e na toxicidade do paracetamol, em geral, não são relevantes. \n\n**Consulte seu médico antes de utilizar este medicamento se você está tomando flucloxacilina (penicilina - um antibiótico), varfarina (anticoagulante) ou outros derivados cumarínicos.** \n\n**Informe ao seu médico ou cirurgião-dentista se você está fazendo uso de algum outro medicamento.** \n\n**"", ""6. COMO DEVO USAR ESTE MEDICAMENTO?** \n\nUso oral. Você deve tomar os comprimidos com líquido. O paracetamol pode ser administrado independentemente das refeições. \n\n## **Adultos e crianças acima de 12 anos:** \n\n**TYLENOL[® ] 500 mg:** 1 a 2 comprimidos, 3 a 4 vezes ao dia. \n\n**TYLENOL[® ] 750 mg:** 1 comprimido, 3 a 5 vezes ao dia. \n\nA dose diária máxima recomendada de paracetamol é de 4000 mg ( **8 comprimidos de TYLENOL[® ] 500 mg ou 5 comprimidos de TYLENOL® 750 mg** ) administrada em doses fracionadas, não excedendo 1000 mg/dose ( **2 comprimidos de TYLENOL[® ] 500 mg ou 1 comprimido de TYLENOL[® ] 750 mg** ), em intervalos de 4 a 6 horas, em um período de 24 horas. **Duração do tratamento:** depende do desaparecimento dos sintomas. \n\n**Este medicamento não pode ser partido, aberto ou mastigado.** \n\n**Siga corretamente o modo de usar. Em caso de dúvidas sobre este medicamento, procure orientação do farmacêutico. Não desaparecendo os sintomas, procure orientação médica ou de seu cirurgião-dentista.** \n\n## **"", ""6. COMO DEVO USAR ESTE MEDICAMENTO?** \n\nUso oral. Você deve tomar os comprimidos com líquido. O paracetamol pode ser administrado independentemente das refeições. \n\n## **Adultos e crianças acima de 12 anos:** \n\n**TYLENOL[® ] 500 mg:** 1 a 2 comprimidos, 3 a 4 vezes ao dia. \n\n**TYLENOL[® ] 750 mg:** 1 comprimido, 3 a 5 vezes ao dia. \n\nA dose diária máxima recomendada de paracetamol é de 4000 mg ( **8 comprimidos de TYLENOL[® ] 500 mg ou 5 comprimidos de TYLENOL® 750 mg** ) administrada em doses fracionadas, não excedendo 1000 mg/dose ( **2 comprimidos de TYLENOL[® ] 500 mg ou 1 comprimido de TYLENOL[® ] 750 mg** ), em intervalos de 4 a 6 horas, em um período de 24 horas. **Duração do tratamento:** depende do desaparecimento dos sintomas. \n\n**Este medicamento não pode ser partido, aberto ou mastigado.** \n\n**Siga corretamente o modo de usar. Em caso de dúvidas sobre este medicamento, procure orientação do farmacêutico. Não desaparecendo os sintomas, procure orientação médica ou de seu cirurgião-dentista.** \n\n## **"", ""COMO DEVO USAR ESTE MEDICAMENTO? \nUso oral. Você deve tomar os comprimidos com líquido. O paracetamol pode ser administrado \nindependentemente das refeições. \nAdultos e crianças acima de 12 anos: \nTYLENOL® 500 mg: 1 a 2 comprimidos, 3 a 4 vezes ao dia. \nTYLENOL® 750 mg: 1 comprimido, 3 a 5 vezes ao dia. \nA dose diária máxima recomendada de paracetamol é de 4000 mg ( 8 comprimidos de \nTYLENOL® 500 mg ou 5 comprimidos de TYLENOL® 750 mg) administrada em doses \nfracionadas, não excedendo 1000 mg/dose ( 2 comprimidos de TYLENOL ® 500 mg ou 1 \ncomprimido de TYLENOL® 750 mg), em intervalos de 4 a 6 horas, em um período de 24 horas. \nDuração do tratamento: depende do desaparecimento dos sintomas. \nEste medicamento não pode ser partido, aberto ou mastigado. \nSiga corretamente o modo de usar. Em caso de dúvidas sobre este medicamento, procure \norientação do farmacêutico. Não desaparecendo os sintomas, procure orientação médica \nou de seu cirurgião-dentista. \n \n7. O QUE DEVO FAZER QUANDO EU ME ESQUECER DE USAR ESTE \nMEDICAMENTO? \nSe você se esquecer de tomar uma dose do medicamento, faça-o assim que se lembrar, no caso \nde ainda haver necessidade, e então ajuste o horário das próximas  tomadas. Não tome a dose \ndobrada para compensar a dose esquecida. \nEm caso de dúvidas, procure orientação do farmacêutico ou de seu médico, ou cirurgião - \ndentista. \n \n8. "", ""8. QUAIS OS MALES QUE ESTE MEDICAMENTO PODE ME CAUSAR?** \n\nEste medicamento pode causar algumas reações desagradáveis inesperadas. Caso você tenha uma reação alérgica, deve parar de tomar o medicamento. \n\nTYLENOL® - Paciente \n\n**==> picture [114 x 31] intentionally omitted <==**\n\nReação muito rara (ocorre em menos de 0,01% dos pacientes que utilizam este medicamento): urticária, coceira e vermelhidão no corpo, reações alérgicas a este medicamento, aumento das transaminases e erupção fixa medicamentosa. \n\n**Informe ao seu médico, cirurgião-dentista ou farmacêutico o aparecimento de reações indesejáveis pelo uso do medicamento. Informe também à empresa através do seu serviço de atendimento.** \n\n## **"", ""8. QUAIS OS MALES QUE ESTE MEDICAMENTO PODE ME CAUSAR?** \n\nEste medicamento pode causar algumas reações desagradáveis inesperadas. Caso você tenha uma reação alérgica, deve parar de tomar o medicamento. \n\nTYLENOL® - Paciente \n\n**==> picture [114 x 31] intentionally omitted <==**\n\nReação muito rara (ocorre em menos de 0,01% dos pacientes que utilizam este medicamento): urticária, coceira e vermelhidão no corpo, reações alérgicas a este medicamento, aumento das transaminases e erupção fixa medicamentosa. \n\n**Informe ao seu médico, cirurgião-dentista ou farmacêutico o aparecimento de reações indesejáveis pelo uso do medicamento. Informe também à empresa através do seu serviço de atendimento.** \n\n## **"", ""COMO ESTE MEDICAMENTO FUNCIONA? \n3. QUANDO NÃO DEVO USAR ESTE \nMEDICAMENTO? \n4. O QUE DEVO SABER ANTES DE USAR ESTE \nMEDICAMENTO? \n5. ONDE, COMO E POR QUANTO TEMPO \nPOSSO GUARDAR ESTE MEDICAMENTO? \n6. COMO DEVO USAR ESTE MEDICAMENTO? \n7. O QUE DEVO FAZER QUANDO EU ME \nESQUECER DE USAR ESTE MEDICAMENTO? \n8. QUAIS OS MALES QUE ESTE \nMEDICAMENTO PODE ME CAUSAR? \n9. O QUE FAZER SE ALGUÉM USAR UMA \nQUANTIDADE MAIOR DO QUE A INDICADA \nDESTE MEDICAMENTO? \nMelhorias no texto de bula (VPS) nos pontos: \n2. RESULTADOS E EFICÁCIA \n3.CARACTERÍSTICAS FARMACOLÓGICAS \n5.ADVERTÊNCIAS E PRECAUÇÕES \n8. POSOLOGIA E MODO DE USAR \n9. REAÇÕES ADVERSAS \n \nSeparação entre as bulas dos produtos TYLENOL® \nBebê e TYLENOL® Criança \n \n \n \n \n \n \n \n \n \n \n \n \n \n \n \n \n \n \n \n \n \n \nVP/VPS \n \n \n \n \n \n \n \n \n \n \n \n \n \n \n \n \n \n \n \nComprimidos \nRevestidos 500 \nmg e 750 mg \nSuspensão Oral \n100 mg/ml e 32 \nmg/ml. \nSolução Oral \n200mg/mL"", ""22/11/2021 \n \n \n \n \n \n \n \n \n \n \n \n4623708/21-7* \n \n \n \n \n \n \n \n \n \n \nNotificação de \nAlteração de texto \nde Bula – RDC \n60/12 \n \n \n \n \n \n \n \n \n \n \n \n- \n \n \n \n \n \n \n \n \n \n \n \n- \n \n \n \n \n \n \n \n \n \n \nNotificação de \nAlteração de \ntexto de Bula – \nRDC 60/12 \n \n \n \n \n \n \n \n \n \n \n \n- \n \n \n \n \n \n \n \n \n \n \n \nAdequação do texto do item: \n9. REAÇÕES ADVERSAS \n \n \n \n \n \n \n \n \n \n \n \n \nVPS \n \n \n \n \n \n \n \nComprimidos \nRevestidos 500 \nmg e 750 mg \n \nSuspensão Oral \n100 mg/ml e 32 \nmg/ml \n \nSolução Oral \n200mg/mL""]",23.421,28.233
agentic_rag,ollama:gemma4:e4b,TYLENOL,dificil,"Em um paciente idoso que consome doses abusivas de álcool e tem preocupação com função hepática, quais orientações da bula devem ser integradas antes do uso de TYLENOL?",dificil,"Para idosos, a bula informa que até o momento não são conhecidas restrições específicas ao uso de TYLENOL e que não há necessidade de ajuste de dose nesse grupo etário. Porém, consumidores de doses abusivas de álcool devem consultar o médico para saber se podem tomar TYLENOL ou qualquer outro analgésico. A bula também orienta pacientes com problemas no fígado a consultar o médico antes de usar o medicamento e alerta que doses excessivas acima das recomendadas podem causar danos ao fígado. Portanto, apesar de não haver ajuste específico por idade, o consumo abusivo de álcool e a preocupação hepática exigem consulta médica e respeito rigoroso à dose recomendada.",O QUE DEVO SABER ANTES DE USAR ESTE MEDICAMENTO? / COMO DEVO USAR ESTE MEDICAMENTO? / O QUE FAZER SE ALGUÉM USAR UMA QUANTIDADE MAIOR DO QUE A INDICADA DESTE MEDICAMENTO?,"De acordo com a bula do medicamento TYLENOL, consta a seguinte informação: Para pacientes idosos, até o momento não são conhecidas restrições específicas ao uso de TYLENOL[® ] nem necessidade de ajuste de dose. No entanto, em relação ao consumo abusivo de álcool, consumidores devem consultar seu médico para saber se podem tomar TYLENOL[® ] ou qualquer outro analgésico. Além disso, pacientes com problemas no fígado devem consultar o médico antes de usar o medicamento.

---
*Esta resposta se baseia apenas nos trechos da bula recuperados e não substitui orientação médica ou farmacêutica. É recomendável consultar um profissional de saúde para orientação individualizada.*","De acordo com a bula do medicamento TYLENOL, consta a seguinte informação: Para pacientes idosos, até o momento não são conhecidas restrições específicas ao uso de TYLENOL[® ] nem necessidade de ajuste de dose. No entanto, em relação ao consumo abusivo de álcool, consumidores devem consultar seu médico para saber se podem tomar TYLENOL[® ] ou qualquer outro analgésico. Além disso, pacientes com problemas no fígado devem consultar o médico antes de usar o medicamento.","QUANDO NÃO DEVO USAR ESTE MEDICAMENTO?, O QUE DEVO SABER ANTES DE USAR ESTE MEDICAMENTO?, COMO DEVO USAR ESTE MEDICAMENTO?, QUAIS OS MALES QUE ESTE MEDICAMENTO PODE ME CAUSAR?, O QUE FAZER SE ALGUÉM USAR UMA QUANTIDADE MAIOR DO QUE A INDICADA DESTE MEDICAMENTO?",,"[""4. O QUE DEVO SABER ANTES DE USAR ESTE MEDICAMENTO?** \n\nTYLENOL® - Paciente \n\n**==> picture [114 x 31] intentionally omitted <==**\n\nVocê não deve tomar mais do que a dose recomendada (superdose) para provocar maior alívio, pois pode causar sérios problemas de saúde. Você deve consultar seu médico se a dor ou febre continuarem ou piorarem, ou se surgirem novos sintomas, pois estes sintomas podem ser sinais de doenças graves. \n\n**Uso com álcool** : consumidores de doses abusivas de álcool devem consultar seu médico para saber se podem tomar **TYLENOL[® ]** ou qualquer outro analgésico. \n\n## **Gravidez e Amamentação** \n\n## Se você estiver grávida ou amamentando, consulte o seu médico antes de usar este medicamento. **Este medicamento não deve ser utilizado por mulheres grávidas sem orientação médica ou do cirurgião-dentista.** \n\n**Uso em pacientes com problemas no fígado** : Consulte seu médico antes de usar o medicamento. **Uso em idosos** : Até o momento não são conhecidas restrições específicas ao uso de **TYLENOL[® ]** por pacientes idosos. Não existe necessidade de ajuste de dose neste grupo etário. Muito raramente, foram relatadas reações cutâneas graves em pacientes que administraram paracetamol. Os sintomas podem incluir: vermelhidão na pele, bolhas e erupções cutâneas. Se ocorrerem reações cutâneas ou piora de problemas de pele já existentes, interrompa o uso do medicamento e procure ajuda médica imediatamente. \n\n## **Não use outro produto que contenha paracetamol.** \n\n## **O paracetamol nas doses terapêuticas não foi associado à irritação gástrica.**"", ""4. O QUE DEVO SABER ANTES DE USAR ESTE MEDICAMENTO?** \n\nTYLENOL® - Paciente \n\n**==> picture [114 x 31] intentionally omitted <==**\n\nVocê não deve tomar mais do que a dose recomendada (superdose) para provocar maior alívio, pois pode causar sérios problemas de saúde. Você deve consultar seu médico se a dor ou febre continuarem ou piorarem, ou se surgirem novos sintomas, pois estes sintomas podem ser sinais de doenças graves. \n\n**Uso com álcool** : consumidores de doses abusivas de álcool devem consultar seu médico para saber se podem tomar **TYLENOL[® ]** ou qualquer outro analgésico. \n\n## **Gravidez e Amamentação** \n\n## Se você estiver grávida ou amamentando, consulte o seu médico antes de usar este medicamento. **Este medicamento não deve ser utilizado por mulheres grávidas sem orientação médica ou do cirurgião-dentista.** \n\n**Uso em pacientes com problemas no fígado** : Consulte seu médico antes de usar o medicamento. **Uso em idosos** : Até o momento não são conhecidas restrições específicas ao uso de **TYLENOL[® ]** por pacientes idosos. Não existe necessidade de ajuste de dose neste grupo etário. Muito raramente, foram relatadas reações cutâneas graves em pacientes que administraram paracetamol. Os sintomas podem incluir: vermelhidão na pele, bolhas e erupções cutâneas. Se ocorrerem reações cutâneas ou piora de problemas de pele já existentes, interrompa o uso do medicamento e procure ajuda médica imediatamente. \n\n## **Não use outro produto que contenha paracetamol.** \n\n## **O paracetamol nas doses terapêuticas não foi associado à irritação gástrica.**"", ""SAC 0800 728 6767 \n\nwww.tylenol.com.br \n\nSiga corretamente o modo de usar, não desaparecendo os sintomas procure orientação médica. \n\n**==> picture [23 x 19] intentionally omitted <==**\n\nTYLENOL® - Paciente \n\n**==> picture [115 x 30] intentionally omitted <==**\n\n## **"", ""SAC 0800 728 6767 \n\nwww.tylenol.com.br \n\nSiga corretamente o modo de usar, não desaparecendo os sintomas procure orientação médica. \n\n**==> picture [23 x 19] intentionally omitted <==**\n\nTYLENOL® - Paciente \n\n**==> picture [115 x 30] intentionally omitted <==**\n\n## **"", ""TYLENOL® - Paciente \n \n \n \nSAC 0800 728 6767 \nwww.tylenol.com.br \n \n \nSiga corretamente o modo de usar, não desaparecendo os sintomas procure orientação médica."", "" \n \nTYLENOL® - Paciente \n \n \nReação muito rara (ocorre em menos de 0,01% dos pacientes que utilizam este medicamento): \nurticária, coceira e vermelhidão no corpo, reações alérgicas a este medicamento, aumento das \ntransaminases e erupção fixa medicamentosa. \nInforme ao seu médico, cirurgião -dentista ou farmacêutico o aparecimento de reações \nindesejáveis pelo uso do medicamento. Informe também à empresa através do seu serviço \nde atendimento. \n \n9. O QUE FAZER SE ALGUÉM USAR UMA QUANTIDADE MAIOR DO QUE A \nINDICADA DESTE MEDICAMENTO? \nO uso de doses excessivas, acima das doses recomendadas (superdose) pode causar danos ao \nfígado. Em caso de  superdose, procure ajuda médica ou um centro de intoxicação \nimediatamente. O apoio médico imediato é fundamental para adultos e crianças, mesmo se os \nsinais e sintomas de intoxicação não estiverem presentes. \nOs sinais e sintomas iniciais que se seguem a uma dose potencialmente hepatotóxica de \nparacetamol são: perda de apetite, náusea, vômito, sudorese intensa, palidez e mal-estar geral. \nEm caso de uso de grande quantidade deste medicamento, procure rapidamente socorro \nmédico e leve a embalagem ou bula do medicamento, se possível. Ligue para 0800 722 6001, \nse você precisar de mais orientações. \n \nDIZERES LEGAIS \nMS - 1.5721.1214 \nFarmacêutico Responsável: Jean F. L. Festuccia – CRF - SP nº 29.625 \n \n \nRegistrado por: \nJOHNSON & JOHNSON INDUSTRIAL LTDA. \nRodovia Presidente Dutra, Km 154, \nSão José dos Campos – SP \nCNPJ 59.748.988/0001-14 \n \n \nFabricado por: \nJOHNSON & JOHNSON INDUSTRIAL LTDA \nRodovia Presidente Dutra, km 154 \nSão José dos Campos – SP \nCNPJ: 59.748.988/0001-14 \nIndustria Brasileira \n®Marca Registrada "", ""3. QUANDO NÃO DEVO USAR ESTE MEDICAMENTO?** \n\nVocê não deve usar **TYLENOL[® ]** se possuir alergia ao paracetamol ou a qualquer componente de sua fórmula. \n\n**Este medicamento é contraindicado para menores de 12 anos.** \n\n## **"", ""3. QUANDO NÃO DEVO USAR ESTE MEDICAMENTO?** \n\nVocê não deve usar **TYLENOL[® ]** se possuir alergia ao paracetamol ou a qualquer componente de sua fórmula. \n\n**Este medicamento é contraindicado para menores de 12 anos.** \n\n## **"", ""COMO DEVO USAR ESTE MEDICAMENTO? \nUso oral. Você deve tomar os comprimidos com líquido. O paracetamol pode ser administrado \nindependentemente das refeições. \nAdultos e crianças acima de 12 anos: \nTYLENOL® 500 mg: 1 a 2 comprimidos, 3 a 4 vezes ao dia. \nTYLENOL® 750 mg: 1 comprimido, 3 a 5 vezes ao dia. \nA dose diária máxima recomendada de paracetamol é de 4000 mg ( 8 comprimidos de \nTYLENOL® 500 mg ou 5 comprimidos de TYLENOL® 750 mg) administrada em doses \nfracionadas, não excedendo 1000 mg/dose ( 2 comprimidos de TYLENOL ® 500 mg ou 1 \ncomprimido de TYLENOL® 750 mg), em intervalos de 4 a 6 horas, em um período de 24 horas. \nDuração do tratamento: depende do desaparecimento dos sintomas. \nEste medicamento não pode ser partido, aberto ou mastigado. \nSiga corretamente o modo de usar. Em caso de dúvidas sobre este medicamento, procure \norientação do farmacêutico. Não desaparecendo os sintomas, procure orientação médica \nou de seu cirurgião-dentista. \n \n7. O QUE DEVO FAZER QUANDO EU ME ESQUECER DE USAR ESTE \nMEDICAMENTO? \nSe você se esquecer de tomar uma dose do medicamento, faça-o assim que se lembrar, no caso \nde ainda haver necessidade, e então ajuste o horário das próximas  tomadas. Não tome a dose \ndobrada para compensar a dose esquecida. \nEm caso de dúvidas, procure orientação do farmacêutico ou de seu médico, ou cirurgião - \ndentista. \n \n8. "", ""6. COMO DEVO USAR ESTE MEDICAMENTO?** \n\nUso oral. Você deve tomar os comprimidos com líquido. O paracetamol pode ser administrado independentemente das refeições. \n\n## **Adultos e crianças acima de 12 anos:** \n\n**TYLENOL[® ] 500 mg:** 1 a 2 comprimidos, 3 a 4 vezes ao dia. \n\n**TYLENOL[® ] 750 mg:** 1 comprimido, 3 a 5 vezes ao dia. \n\nA dose diária máxima recomendada de paracetamol é de 4000 mg ( **8 comprimidos de TYLENOL[® ] 500 mg ou 5 comprimidos de TYLENOL® 750 mg** ) administrada em doses fracionadas, não excedendo 1000 mg/dose ( **2 comprimidos de TYLENOL[® ] 500 mg ou 1 comprimido de TYLENOL[® ] 750 mg** ), em intervalos de 4 a 6 horas, em um período de 24 horas. **Duração do tratamento:** depende do desaparecimento dos sintomas. \n\n**Este medicamento não pode ser partido, aberto ou mastigado.** \n\n**Siga corretamente o modo de usar. Em caso de dúvidas sobre este medicamento, procure orientação do farmacêutico. Não desaparecendo os sintomas, procure orientação médica ou de seu cirurgião-dentista.** \n\n## **"", ""6. COMO DEVO USAR ESTE MEDICAMENTO?** \n\nUso oral. Você deve tomar os comprimidos com líquido. O paracetamol pode ser administrado independentemente das refeições. \n\n## **Adultos e crianças acima de 12 anos:** \n\n**TYLENOL[® ] 500 mg:** 1 a 2 comprimidos, 3 a 4 vezes ao dia. \n\n**TYLENOL[® ] 750 mg:** 1 comprimido, 3 a 5 vezes ao dia. \n\nA dose diária máxima recomendada de paracetamol é de 4000 mg ( **8 comprimidos de TYLENOL[® ] 500 mg ou 5 comprimidos de TYLENOL® 750 mg** ) administrada em doses fracionadas, não excedendo 1000 mg/dose ( **2 comprimidos de TYLENOL[® ] 500 mg ou 1 comprimido de TYLENOL[® ] 750 mg** ), em intervalos de 4 a 6 horas, em um período de 24 horas. **Duração do tratamento:** depende do desaparecimento dos sintomas. \n\n**Este medicamento não pode ser partido, aberto ou mastigado.** \n\n**Siga corretamente o modo de usar. Em caso de dúvidas sobre este medicamento, procure orientação do farmacêutico. Não desaparecendo os sintomas, procure orientação médica ou de seu cirurgião-dentista.** \n\n## **"", ""9. O QUE FAZER SE ALGUÉM USAR UMA QUANTIDADE MAIOR DO QUE A INDICADA DESTE MEDICAMENTO?** \n\nO uso de doses excessivas, acima das doses recomendadas (superdose) pode causar danos ao fígado. Em caso de superdose, procure ajuda médica ou um centro de intoxicação imediatamente. O apoio médico imediato é fundamental para adultos e crianças, mesmo se os sinais e sintomas de intoxicação não estiverem presentes. \n\nOs sinais e sintomas iniciais que se seguem a uma dose potencialmente hepatotóxica de paracetamol são: perda de apetite, náusea, vômito, sudorese intensa, palidez e mal-estar geral. **Em caso de uso de grande quantidade deste medicamento, procure rapidamente socorro médico e leve a embalagem ou bula do medicamento, se possível. Ligue para 0800 722 6001, se você precisar de mais orientações.** \n\n## **DIZERES LEGAIS** \n\nMS - 1.5721.1214 \n\nFarmacêutico Responsável: Jean F. L. Festuccia – CRF - SP nº 29.625 \n\nRegistrado por: \n\n## **JOHNSON & JOHNSON INDUSTRIAL LTDA.** \n\nRodovia Presidente Dutra, Km 154, \n\nSão José dos Campos – SP \n\nCNPJ 59.748.988/0001-14 \n\nFabricado por: \n\n## **JOHNSON & JOHNSON INDUSTRIAL LTDA** \n\nRodovia Presidente Dutra, km 154 \n\nSão José dos Campos – SP \n\nCNPJ: 59.748.988/0001-14 Industria Brasileira \n\n®Marca Registrada \n\nTYLENOL® - Paciente \n\n**==> picture [114 x 31] intentionally omitted <==**\n\nSAC 0800 728 6767 \n\nwww.tylenol.com.br \n\nSiga corretamente o modo de usar, não desaparecendo os sintomas procure orientação médica. \n\n**==> picture [23 x 19] intentionally omitted <==**\n\nTYLENOL® - Paciente \n\n**==> picture [115 x 30] intentionally omitted <==**"", ""9. O QUE FAZER SE ALGUÉM USAR UMA QUANTIDADE MAIOR DO QUE A INDICADA DESTE MEDICAMENTO?** \n\nO uso de doses excessivas, acima das doses recomendadas (superdose) pode causar danos ao fígado. Em caso de superdose, procure ajuda médica ou um centro de intoxicação imediatamente. O apoio médico imediato é fundamental para adultos e crianças, mesmo se os sinais e sintomas de intoxicação não estiverem presentes. \n\nOs sinais e sintomas iniciais que se seguem a uma dose potencialmente hepatotóxica de paracetamol são: perda de apetite, náusea, vômito, sudorese intensa, palidez e mal-estar geral. **Em caso de uso de grande quantidade deste medicamento, procure rapidamente socorro médico e leve a embalagem ou bula do medicamento, se possível. Ligue para 0800 722 6001, se você precisar de mais orientações.** \n\n## **DIZERES LEGAIS** \n\nMS - 1.5721.1214 \n\nFarmacêutico Responsável: Jean F. L. Festuccia – CRF - SP nº 29.625 \n\nRegistrado por: \n\n## **JOHNSON & JOHNSON INDUSTRIAL LTDA.** \n\nRodovia Presidente Dutra, Km 154, \n\nSão José dos Campos – SP \n\nCNPJ 59.748.988/0001-14 \n\nFabricado por: \n\n## **JOHNSON & JOHNSON INDUSTRIAL LTDA** \n\nRodovia Presidente Dutra, km 154 \n\nSão José dos Campos – SP \n\nCNPJ: 59.748.988/0001-14 Industria Brasileira \n\n®Marca Registrada \n\nTYLENOL® - Paciente \n\n**==> picture [114 x 31] intentionally omitted <==**\n\nSAC 0800 728 6767 \n\nwww.tylenol.com.br \n\nSiga corretamente o modo de usar, não desaparecendo os sintomas procure orientação médica. \n\n**==> picture [23 x 19] intentionally omitted <==**\n\nTYLENOL® - Paciente \n\n**==> picture [115 x 30] intentionally omitted <==**"", ""## **Não use outro produto que contenha paracetamol.** \n\n## **O paracetamol nas doses terapêuticas não foi associado à irritação gástrica.** \n\nSe você tem pressão alta, não use este produto por mais tempo do que o indicado no rótulo, a menos que indicado por um médico. \n\nA absorção de **TYLENOL[® ]** é mais rápida se você estiver em jejum. Os alimentos podem afetar a velocidade da absorção, mas não a quantidade absorvida do medicamento. A interferência do paracetamol na metabolização de outros medicamentos e a influência destes medicamentos na ação e na toxicidade do paracetamol, em geral, não são relevantes. \n\n**Consulte seu médico antes de utilizar este medicamento se você está tomando flucloxacilina (penicilina - um antibiótico), varfarina (anticoagulante) ou outros derivados cumarínicos.** \n\n**Informe ao seu médico ou cirurgião-dentista se você está fazendo uso de algum outro medicamento.** \n\n**"", ""## **Não use outro produto que contenha paracetamol.** \n\n## **O paracetamol nas doses terapêuticas não foi associado à irritação gástrica.** \n\nSe você tem pressão alta, não use este produto por mais tempo do que o indicado no rótulo, a menos que indicado por um médico. \n\nA absorção de **TYLENOL[® ]** é mais rápida se você estiver em jejum. Os alimentos podem afetar a velocidade da absorção, mas não a quantidade absorvida do medicamento. A interferência do paracetamol na metabolização de outros medicamentos e a influência destes medicamentos na ação e na toxicidade do paracetamol, em geral, não são relevantes. \n\n**Consulte seu médico antes de utilizar este medicamento se você está tomando flucloxacilina (penicilina - um antibiótico), varfarina (anticoagulante) ou outros derivados cumarínicos.** \n\n**Informe ao seu médico ou cirurgião-dentista se você está fazendo uso de algum outro medicamento.** \n\n**""]",28.272,19.327
agentic_rag,ollama:gemma4:e4b,TYLENOL,dificil,"Ao avaliar TYLENOL para um adolescente de 11 anos e para um paciente idoso, o que a bula permite concluir sobre contraindicação, faixa etária de uso e necessidade de ajuste de dose, e quais limites ela não explica?",dificil,"A bula informa que TYLENOL comprimidos revestidos é de uso adulto e pediátrico acima de 12 anos e contraindicado para menores de 12 anos; portanto, o adolescente de 11 anos não deve usar essa apresentação segundo a bula. Para idosos, a bula informa que não são conhecidas restrições específicas e que não há necessidade de ajuste de dose nesse grupo etário. A bula não fornece a justificativa clínica detalhada para a contraindicação em menores de 12 anos nem para a ausência de ajuste em idosos; apenas estabelece essas orientações.",APRESENTAÇÕES / QUANDO NÃO DEVO USAR ESTE MEDICAMENTO? / O QUE DEVO SABER ANTES DE USAR ESTE MEDICAMENTO? / COMO DEVO USAR ESTE MEDICAMENTO?,"De acordo com a bula do medicamento TYLENOL, consta a seguinte informação: Para um adolescente de 11 anos, o uso é contraindicado, pois o medicamento é restrito para menores de 12 anos. Em relação ao paciente idoso, a bula informa que até o momento não são conhecidas restrições específicas de uso e que não há necessidade de ajuste de dose neste grupo etário. Os limites que a bula não explica especificamente sobre esses grupos, além da contraindicação por idade para menores de 12 anos, incluem possíveis interações medicamentosas ou condições clínicas específicas que poderiam exigir avaliação médica individualizada.

---
*Esta resposta se baseia apenas nos trechos da bula recuperados e não substitui orientação médica ou farmacêutica. É recomendável consultar um profissional de saúde para orientação individualizada.*","De acordo com a bula do medicamento TYLENOL, consta a seguinte informação: Para um adolescente de 11 anos, o uso é contraindicado, pois o medicamento é restrito para menores de 12 anos. Em relação ao paciente idoso, a bula informa que até o momento não são conhecidas restrições específicas de uso e que não há necessidade de ajuste de dose neste grupo etário. Os limites que a bula não explica especificamente sobre esses grupos, além da contraindicação por idade para menores de 12 anos, incluem possíveis interações medicamentosas ou condições clínicas específicas que poderiam exigir avaliação médica individualizada.","QUANDO NÃO DEVO USAR ESTE MEDICAMENTO?, O QUE DEVO SABER ANTES DE USAR ESTE MEDICAMENTO?, COMO DEVO USAR ESTE MEDICAMENTO?",,"[""4. O QUE DEVO SABER ANTES DE USAR ESTE MEDICAMENTO?** \n\nTYLENOL® - Paciente \n\n**==> picture [114 x 31] intentionally omitted <==**\n\nVocê não deve tomar mais do que a dose recomendada (superdose) para provocar maior alívio, pois pode causar sérios problemas de saúde. Você deve consultar seu médico se a dor ou febre continuarem ou piorarem, ou se surgirem novos sintomas, pois estes sintomas podem ser sinais de doenças graves. \n\n**Uso com álcool** : consumidores de doses abusivas de álcool devem consultar seu médico para saber se podem tomar **TYLENOL[® ]** ou qualquer outro analgésico. \n\n## **Gravidez e Amamentação** \n\n## Se você estiver grávida ou amamentando, consulte o seu médico antes de usar este medicamento. **Este medicamento não deve ser utilizado por mulheres grávidas sem orientação médica ou do cirurgião-dentista.** \n\n**Uso em pacientes com problemas no fígado** : Consulte seu médico antes de usar o medicamento. **Uso em idosos** : Até o momento não são conhecidas restrições específicas ao uso de **TYLENOL[® ]** por pacientes idosos. Não existe necessidade de ajuste de dose neste grupo etário. Muito raramente, foram relatadas reações cutâneas graves em pacientes que administraram paracetamol. Os sintomas podem incluir: vermelhidão na pele, bolhas e erupções cutâneas. Se ocorrerem reações cutâneas ou piora de problemas de pele já existentes, interrompa o uso do medicamento e procure ajuda médica imediatamente. \n\n## **Não use outro produto que contenha paracetamol.** \n\n## **O paracetamol nas doses terapêuticas não foi associado à irritação gástrica.**"", ""4. O QUE DEVO SABER ANTES DE USAR ESTE MEDICAMENTO?** \n\nTYLENOL® - Paciente \n\n**==> picture [114 x 31] intentionally omitted <==**\n\nVocê não deve tomar mais do que a dose recomendada (superdose) para provocar maior alívio, pois pode causar sérios problemas de saúde. Você deve consultar seu médico se a dor ou febre continuarem ou piorarem, ou se surgirem novos sintomas, pois estes sintomas podem ser sinais de doenças graves. \n\n**Uso com álcool** : consumidores de doses abusivas de álcool devem consultar seu médico para saber se podem tomar **TYLENOL[® ]** ou qualquer outro analgésico. \n\n## **Gravidez e Amamentação** \n\n## Se você estiver grávida ou amamentando, consulte o seu médico antes de usar este medicamento. **Este medicamento não deve ser utilizado por mulheres grávidas sem orientação médica ou do cirurgião-dentista.** \n\n**Uso em pacientes com problemas no fígado** : Consulte seu médico antes de usar o medicamento. **Uso em idosos** : Até o momento não são conhecidas restrições específicas ao uso de **TYLENOL[® ]** por pacientes idosos. Não existe necessidade de ajuste de dose neste grupo etário. Muito raramente, foram relatadas reações cutâneas graves em pacientes que administraram paracetamol. Os sintomas podem incluir: vermelhidão na pele, bolhas e erupções cutâneas. Se ocorrerem reações cutâneas ou piora de problemas de pele já existentes, interrompa o uso do medicamento e procure ajuda médica imediatamente. \n\n## **Não use outro produto que contenha paracetamol.** \n\n## **O paracetamol nas doses terapêuticas não foi associado à irritação gástrica.**"", ""6. COMO DEVO USAR ESTE MEDICAMENTO?** \n\nUso oral. Você deve tomar os comprimidos com líquido. O paracetamol pode ser administrado independentemente das refeições. \n\n## **Adultos e crianças acima de 12 anos:** \n\n**TYLENOL[® ] 500 mg:** 1 a 2 comprimidos, 3 a 4 vezes ao dia. \n\n**TYLENOL[® ] 750 mg:** 1 comprimido, 3 a 5 vezes ao dia. \n\nA dose diária máxima recomendada de paracetamol é de 4000 mg ( **8 comprimidos de TYLENOL[® ] 500 mg ou 5 comprimidos de TYLENOL® 750 mg** ) administrada em doses fracionadas, não excedendo 1000 mg/dose ( **2 comprimidos de TYLENOL[® ] 500 mg ou 1 comprimido de TYLENOL[® ] 750 mg** ), em intervalos de 4 a 6 horas, em um período de 24 horas. **Duração do tratamento:** depende do desaparecimento dos sintomas. \n\n**Este medicamento não pode ser partido, aberto ou mastigado.** \n\n**Siga corretamente o modo de usar. Em caso de dúvidas sobre este medicamento, procure orientação do farmacêutico. Não desaparecendo os sintomas, procure orientação médica ou de seu cirurgião-dentista.** \n\n## **"", ""6. COMO DEVO USAR ESTE MEDICAMENTO?** \n\nUso oral. Você deve tomar os comprimidos com líquido. O paracetamol pode ser administrado independentemente das refeições. \n\n## **Adultos e crianças acima de 12 anos:** \n\n**TYLENOL[® ] 500 mg:** 1 a 2 comprimidos, 3 a 4 vezes ao dia. \n\n**TYLENOL[® ] 750 mg:** 1 comprimido, 3 a 5 vezes ao dia. \n\nA dose diária máxima recomendada de paracetamol é de 4000 mg ( **8 comprimidos de TYLENOL[® ] 500 mg ou 5 comprimidos de TYLENOL® 750 mg** ) administrada em doses fracionadas, não excedendo 1000 mg/dose ( **2 comprimidos de TYLENOL[® ] 500 mg ou 1 comprimido de TYLENOL[® ] 750 mg** ), em intervalos de 4 a 6 horas, em um período de 24 horas. **Duração do tratamento:** depende do desaparecimento dos sintomas. \n\n**Este medicamento não pode ser partido, aberto ou mastigado.** \n\n**Siga corretamente o modo de usar. Em caso de dúvidas sobre este medicamento, procure orientação do farmacêutico. Não desaparecendo os sintomas, procure orientação médica ou de seu cirurgião-dentista.** \n\n## **"", ""3. QUANDO NÃO DEVO USAR ESTE MEDICAMENTO?** \n\nVocê não deve usar **TYLENOL[® ]** se possuir alergia ao paracetamol ou a qualquer componente de sua fórmula. \n\n**Este medicamento é contraindicado para menores de 12 anos.** \n\n## **"", ""3. QUANDO NÃO DEVO USAR ESTE MEDICAMENTO?** \n\nVocê não deve usar **TYLENOL[® ]** se possuir alergia ao paracetamol ou a qualquer componente de sua fórmula. \n\n**Este medicamento é contraindicado para menores de 12 anos.** \n\n## **"", ""COMO DEVO USAR ESTE MEDICAMENTO? \nUso oral. Você deve tomar os comprimidos com líquido. O paracetamol pode ser administrado \nindependentemente das refeições. \nAdultos e crianças acima de 12 anos: \nTYLENOL® 500 mg: 1 a 2 comprimidos, 3 a 4 vezes ao dia. \nTYLENOL® 750 mg: 1 comprimido, 3 a 5 vezes ao dia. \nA dose diária máxima recomendada de paracetamol é de 4000 mg ( 8 comprimidos de \nTYLENOL® 500 mg ou 5 comprimidos de TYLENOL® 750 mg) administrada em doses \nfracionadas, não excedendo 1000 mg/dose ( 2 comprimidos de TYLENOL ® 500 mg ou 1 \ncomprimido de TYLENOL® 750 mg), em intervalos de 4 a 6 horas, em um período de 24 horas. \nDuração do tratamento: depende do desaparecimento dos sintomas. \nEste medicamento não pode ser partido, aberto ou mastigado. \nSiga corretamente o modo de usar. Em caso de dúvidas sobre este medicamento, procure \norientação do farmacêutico. Não desaparecendo os sintomas, procure orientação médica \nou de seu cirurgião-dentista. \n \n7. O QUE DEVO FAZER QUANDO EU ME ESQUECER DE USAR ESTE \nMEDICAMENTO? \nSe você se esquecer de tomar uma dose do medicamento, faça-o assim que se lembrar, no caso \nde ainda haver necessidade, e então ajuste o horário das próximas  tomadas. Não tome a dose \ndobrada para compensar a dose esquecida. \nEm caso de dúvidas, procure orientação do farmacêutico ou de seu médico, ou cirurgião - \ndentista. \n \n8. "", ""## **Não use outro produto que contenha paracetamol.** \n\n## **O paracetamol nas doses terapêuticas não foi associado à irritação gástrica.** \n\nSe você tem pressão alta, não use este produto por mais tempo do que o indicado no rótulo, a menos que indicado por um médico. \n\nA absorção de **TYLENOL[® ]** é mais rápida se você estiver em jejum. Os alimentos podem afetar a velocidade da absorção, mas não a quantidade absorvida do medicamento. A interferência do paracetamol na metabolização de outros medicamentos e a influência destes medicamentos na ação e na toxicidade do paracetamol, em geral, não são relevantes. \n\n**Consulte seu médico antes de utilizar este medicamento se você está tomando flucloxacilina (penicilina - um antibiótico), varfarina (anticoagulante) ou outros derivados cumarínicos.** \n\n**Informe ao seu médico ou cirurgião-dentista se você está fazendo uso de algum outro medicamento.** \n\n**"", ""## **Não use outro produto que contenha paracetamol.** \n\n## **O paracetamol nas doses terapêuticas não foi associado à irritação gástrica.** \n\nSe você tem pressão alta, não use este produto por mais tempo do que o indicado no rótulo, a menos que indicado por um médico. \n\nA absorção de **TYLENOL[® ]** é mais rápida se você estiver em jejum. Os alimentos podem afetar a velocidade da absorção, mas não a quantidade absorvida do medicamento. A interferência do paracetamol na metabolização de outros medicamentos e a influência destes medicamentos na ação e na toxicidade do paracetamol, em geral, não são relevantes. \n\n**Consulte seu médico antes de utilizar este medicamento se você está tomando flucloxacilina (penicilina - um antibiótico), varfarina (anticoagulante) ou outros derivados cumarínicos.** \n\n**Informe ao seu médico ou cirurgião-dentista se você está fazendo uso de algum outro medicamento.** \n\n**"", ""16/08/2018 \n \n \n \n \n \n \n \n \n0810566/18-9* \n \n \n \n \n \n \n \nAlteração de texto \nde bula \n \n \n \n \n \n \n \n \n- \n \n \n \n \n \n \n \n \n- \n \n \n \n \n \n \n \nAlteração de \ntexto de bula \n \n \n \n \n \n \n \n \n- \n \n \n \n \nInclusão do tratamento de sintomas de arboviroses \nnas indicações. \n1. PARA QUE ESTE MEDICAMENTO FOI \nINDICADO? \n \n1. INDICAÇÕES \n \n \n \n \n \n \n \n \nVP/VPS \n \n \nComprimidos \nRevestidos 500 \nmg e 750 mg \nSuspensão Oral \n100 mg/ml e 32 \nmg/ml \nSolução oral 200 \nmg/mL \nComprimido \nmastigável 160 \nmg \n \n \n \n \n \n \n \n \n13/09/2019 \n \n \n \n \n \n \n \n \n2167731/19-0* \n \n \n \n \n \n \nNotificação de \nAlteração de texto \nde Bula – RDC \n60/12 \n \n \n \n \n \n \n \n \n- \n \n \n \n \n \n \n \n \n- \n \n \n \n \n \n \nNotificação de \nAlteração de \ntexto de Bula – \nRDC 60/12 \n \n \n \n \n \n \n \n \n- \n \n \n \n \n \nAPRESENTAÇÕES \nDIZERES LEGAIS \n8. QUAIS OS MALES QUE ESTE \nMEDICAMENTO PODE ME CAUSAR? \n9. REAÇÕES ADVERSAS \n \n \n \n \n \n \n \n \nVP/VPS \n \n \n \n \n \n \nComprimidos \nRevestidos 750 \nmg"", ""22/11/2021 \n \n \n \n \n \n \n \n \n \n \n \n4623708/21-7* \n \n \n \n \n \n \n \n \n \n \nNotificação de \nAlteração de texto \nde Bula – RDC \n60/12 \n \n \n \n \n \n \n \n \n \n \n \n- \n \n \n \n \n \n \n \n \n \n \n \n- \n \n \n \n \n \n \n \n \n \n \nNotificação de \nAlteração de \ntexto de Bula – \nRDC 60/12 \n \n \n \n \n \n \n \n \n \n \n \n- \n \n \n \n \n \n \n \n \n \n \n \nAdequação do texto do item: \n9. REAÇÕES ADVERSAS \n \n \n \n \n \n \n \n \n \n \n \n \nVPS \n \n \n \n \n \n \n \nComprimidos \nRevestidos 500 \nmg e 750 mg \n \nSuspensão Oral \n100 mg/ml e 32 \nmg/ml \n \nSolução Oral \n200mg/mL"", "" \n \n \n \n \n \n \n \n \n \n \n \n04/12/2014 \n \n \n \n \n1086227/14- \n7* \n \n \nNotificação de \nAlteração de \ntexto de Bula \n– RDC 60/12 \n \n \n \n \n- \n \n \n \n \n- \n \n \nNotificação \nde Alteração \nde texto de \nBula – RDC \n60/12 \n \n \n \n \n- \n \nInclusão de informação sobre a validade do \nproduto após aberto nos itens 5. ONDE, COMO E \nPOR QUANTO TEMPO POSSO GUARDAR \nESTE MEDICAMENTO? e 7. CUIDADOS DE \nARMAZENAMENTO DO MEDICAMENTO, \nnas bulas do paciente e profissional da saúde, \nrespectivamente \n \n \n \nVP/VPS \n \n \n \nSuspensão Oral \n100 mg/ml e 32 \nmg/ml \n \n \n08/10/2015 \n \n \n0896694/15- \n0* \nNotificação de \nAlteração de \ntexto de Bula \n– RDC 60/12 \n \n \n- \n \n \n- \nNotificação \nde Alteração \nde texto de \nBula – RDC \n60/12 \n \n \n- \n \nInclusão de nova forma farmacêutica \n(comprimido mastigável), na concentração de \n160mg \n \n \nVP/VPS \n \nComprimido \nmastigável 160 \nmg \n \n \n14/10/2015 \n \n \n0907973/15- \n4* \n \nNotificação de \nAlteração de \ntexto de Bula \n– RDC 60/12 \n \n \n- \n \n \n- \nNotificação \nde Alteração \nde texto de \nBula – RDC \n60/12 \n \n \n- \n \nInclusão de informação sobre a validade do \nproduto após aberto no item 5. ONDE, COMO E \nPOR QUANTO TEMPO POSSO GUARDAR \nESTE MEDICAMENTO? \n \n \nVP/VPS \n \n \nSolução oral \n200 mg/mL \n \n \n04/03/2016 \n \n1328802/16 \n-4* \nNotificação de \nAlteração de \ntexto de Bula \n– RDC 60/12 \n \n \n- \n \n \n- \nNotificação \nde Alteração \nde texto de \nBula – RDC \n60/12 \n \n \n- \n \nInclusão de melhorias nas instruções do modo de \nuso e de como abrir o medicamento. \n \n \nVP/VPS \n \nComprimido \nmastigável 160 \nmg \n \n \n07/08/2017 \n \n1652064/17-5* \nNotificação de \nAlteração de \ntexto de Bula \n– RDC 60/12 \n \n \n- \n \n \n- \nNotificação de \nAlteração de \ntexto de Bula \n– RDC 60/12 \n \n \n- \n \nAdequação do texto do item: \n7. O QUE DEVO FAZER QUANDO EU ME \nESQUECER DE USAR ESTE MEDICAMENTO? \n \n \nVP \n \nComprimidos \nRevestidos \n500mg "", "" \n \n \n \n \n \n \n \n \n \n \n \n05/08/2014 \n \n \n \n0634811/14- \n4* \n \n \nNotificação de \nAlteração de \ntexto de Bula – \nRDC 60/12 \n \n \n \n \n- \n \n \n \n \n- \n \n \nNotificação \nde Alteração \nde texto de \nBula – RDC \n60/12 \n \n \n \n \n \n \n- \n \n \nInclusão de Informações de advertências e \nprecauções a respeito de uso em pacientes com \nhepatopatias e nefropatias que haviam sido \nretiradas erroneamente da versão anterior de bula \ndos produtos relacionados \n \n \n \n \nVPS \nComprimidos \nRevestidos \n500mg e \n750mg \n \nSuspensão Oral \n100 mg/ml e 32 \nmg/ml \n \n \n \n \n05/08/2014 \n \n \n \n0634811/14- \n4* \n \n \nNotificação de \nAlteração de \ntexto de Bula – \nRDC 60/12 \n \n \n \n \n- \n \n \n \n \n- \n \nNotificação \nde Alteração \nde texto de \nBula – RDC \n60/12 \n \n \n \n \n- \n \nCorreção da formatação da bula para correta \nvisualização das figuras contidas nos itens \n6. COMO DEVO USAR ESTE \nMEDICAMENTO? e 8. POSOLOGIA E MODO \nDE USAR das bulas do paciente e profissional, \nrespectivamente. \n \n \n \n \nVP/VPS \n \n \n \nSolução oral \n200 mg/mL \n \n \n \n \n \n \n \n \n \n18/11/2014 \n \n \n \n \n \n \n \n \n1037202/14- \n4* \n \n \n \n \n \n \n \nNotificação de \nAlteração de \ntexto de Bula – \nRDC 60/12 \n \n \n \n \n \n \n \n \n \n- \n \n \n \n \n \n \n \n \n \n- \n \n \n \n \n \n \nNotificação \nde Alteração \nde texto de \nBula – RDC \n60/12 \n \n \n \n \n \n \n \n \n \n- \n \nMelhorias no texto de bula nos pontos 8. \nPOSOLOGIA E MODO DE USAR e 6. COMO \nDEVO USAR ESTE MEDICAMENTO? Das \nbulas do profissional da saúde e do paciente, \nrespectivamente, para esclarecer doses máximas \ndiárias dos produtos de acordo com a faixa etária \ne o número máximo de gotas por dose para \ncrianças abaixo de 12 anos. \n \nAdequação as novas informações de segurança do \nproduto de acordo com o atual CCDS (company \ncore data sheet) da empresa, nos seguintes pontos: \n4. O QUE DEVO SABER ANTES DE USAR \nESTE MEDICAMENTO? \n5. ADVERTÊNCIAS E PRECAUÇÕES \n \n \n \n \n \n \n \n \n \nVP/VPS \n \n \n \n \n \n \n \n \nSolução oral \n200 mg/mL "", "" \n \n \n \n \n \n \n \n \n \n \n \n \n \n30/01/2014 \n \n \n \n \n \n0075647/14- \n4* \n \n \n \n \nNotificação de \nAlteração de \ntexto de Bula – \nRDC 60/12 \n \n \n \n \n \n \n- \n \n \n \n \n \n \n- \n \n \n \n \nNotificação \nde Alteração \nde texto de \nBula – RDC \n60/12 \n \n \n \n \n \n \n- \n \nAdequação as novas informações de segurança do \nproduto de acordo com o atual CCDS (company \ncore data sheet) da empresa e DCB atualizada: \nATUALIZAÇÃO DOS SEGUINTES ITENS: \nAPRESENTAÇÃO \nCOMPOSIÇÃO \nPROPRIEDADES FARMACODINÂMICAS \nADVERTÊNCIAS E PRECAUÇÕES \nREAÇÕES ADVERSAS \nSUPERDOSE \n \n \n \n \n \n \nVPS \n \n \n \n \nComprimidos \nRevestidos \n500mg e \n750mg \n \n \n \n \n \n \n \n \n \n \n30/01/2014 \n \n \n \n \n \n \n \n \n \n \n0075644/14- \n0* \n \n \n \n \n \n \n \n \nInclusão Inicial \nde Texto \nde Bula – RDC \n60/12 \n \n \n \n \n \n \n \n \n \n \n- \n \n \n \n \n \n \n \n \n \n \n- \n \n \n \n \n \n \n \n \nInclusão \nInicial de \nTexto \nde Bula – \nRDC 60/12 \n \n \n \n \n \n \n \n \n \n \n- \n \nNotificação inicial de bula contemplando os itens \nmencionados, de acordo com a RDC 47/2009: \n \nPOR QUE ESTE MEDICAMENTO FOI \nINDICADO? \nADVERTÊNCIAS \n"", ""COMO DEVO USAR ESTE MEDICAMENTO? \n \n \n \n \nVP \n \n \n \nSolução oral \n200 mg/mL \n       O QUE DEVO FAZER QUANDO EU ME \nESQUECER DE USAR ESTE \nMEDICAMENTO? \n  \n \n \n \n29/05/2013 \n \n \n \n0429927/13- \n2* \n \n \nNotificação de \nAlteração de \ntexto de Bula – \nRDC 60/12 \n \n \n \n- \n \n \n \n- \nNotificaçã \no de \nAlteração \nde texto de \nBula – \nRDC \n60/12 \n \n \n \n- \nAdequação as novas informações de segurança do \nproduto de acordo com o atual CCDS (company \ncore data sheet) da empresa. \n \nO QUE DEVO SABER ANTES DE USAR ESTE \nMEDICAMENTO? \n \n \n \nVP \n \n \n \nSolução oral \n200 mg/mL""]",28.034,27.087
agentic_rag,ollama:gemma4:e4b,TYLENOL,dificil,"Para um paciente com dor leve associada à artrite, hipertensão e preocupação com irritação gástrica, quais benefícios e cautelas sobre TYLENOL podem ser inferidos exclusivamente da bula?",dificil,"A bula indica TYLENOL para alívio temporário de dores leves a moderadas, incluindo dores leves associadas a artrites. Também informa que o paracetamol em doses terapêuticas não foi associado à irritação gástrica, o que pode ser considerado um ponto favorável para o paciente preocupado com esse efeito. Porém, se o paciente tem pressão alta, a bula orienta não usar o produto por mais tempo do que o indicado no rótulo, a menos que indicado por um médico. A resposta deve respeitar que a bula não compara TYLENOL diretamente com outros analgésicos ou anti-inflamatórios.",PARA QUE ESTE MEDICAMENTO É INDICADO? / O QUE DEVO SABER ANTES DE USAR ESTE MEDICAMENTO?,"De acordo com a bula do medicamento TYLENOL, consta a seguinte informação:
O medicamento é indicado para o alívio temporário de dores leves a moderadas, incluindo dores leves associadas a artrites.

Em relação às cautelas específicas mencionadas:
*   **Hipertensão:** Se você tem pressão alta, não deve usar este produto por mais tempo do que o indicado no rótulo, a menos que seja orientado por um médico.
*   **Irritação Gástrica:** O paracetamol nas doses terapêuticas não foi associado à irritação gástrica.

Além disso, é fundamental lembrar que você deve consultar seu médico antes de usar este medicamento e informar sobre qualquer condição de saúde ou medicamentos que esteja fazendo uso.

---
*Esta resposta se baseia apenas nos trechos da bula recuperados e não substitui orientação médica ou farmacêutica. É recomendável consultar um profissional de saúde para orientação individualizada.*","De acordo com a bula do medicamento TYLENOL, consta a seguinte informação:
O medicamento é indicado para o alívio temporário de dores leves a moderadas, incluindo dores leves associadas a artrites.

Em relação às cautelas específicas mencionadas:
*   **Hipertensão:** Se você tem pressão alta, não deve usar este produto por mais tempo do que o indicado no rótulo, a menos que seja orientado por um médico.
*   **Irritação Gástrica:** O paracetamol nas doses terapêuticas não foi associado à irritação gástrica.

Além disso, é fundamental lembrar que você deve consultar seu médico antes de usar este medicamento e informar sobre qualquer condição de saúde ou medicamentos que esteja fazendo uso.","PARA QUE ESTE MEDICAMENTO É INDICADO?, O QUE DEVO SABER ANTES DE USAR ESTE MEDICAMENTO?, QUANDO NÃO DEVO USAR ESTE MEDICAMENTO?, QUAIS OS MALES QUE ESTE MEDICAMENTO PODE ME CAUSAR?",,"[""4. O QUE DEVO SABER ANTES DE USAR ESTE MEDICAMENTO?** \n\nTYLENOL® - Paciente \n\n**==> picture [114 x 31] intentionally omitted <==**\n\nVocê não deve tomar mais do que a dose recomendada (superdose) para provocar maior alívio, pois pode causar sérios problemas de saúde. Você deve consultar seu médico se a dor ou febre continuarem ou piorarem, ou se surgirem novos sintomas, pois estes sintomas podem ser sinais de doenças graves. \n\n**Uso com álcool** : consumidores de doses abusivas de álcool devem consultar seu médico para saber se podem tomar **TYLENOL[® ]** ou qualquer outro analgésico. \n\n## **Gravidez e Amamentação** \n\n## Se você estiver grávida ou amamentando, consulte o seu médico antes de usar este medicamento. **Este medicamento não deve ser utilizado por mulheres grávidas sem orientação médica ou do cirurgião-dentista.** \n\n**Uso em pacientes com problemas no fígado** : Consulte seu médico antes de usar o medicamento. **Uso em idosos** : Até o momento não são conhecidas restrições específicas ao uso de **TYLENOL[® ]** por pacientes idosos. Não existe necessidade de ajuste de dose neste grupo etário. Muito raramente, foram relatadas reações cutâneas graves em pacientes que administraram paracetamol. Os sintomas podem incluir: vermelhidão na pele, bolhas e erupções cutâneas. Se ocorrerem reações cutâneas ou piora de problemas de pele já existentes, interrompa o uso do medicamento e procure ajuda médica imediatamente. \n\n## **Não use outro produto que contenha paracetamol.** \n\n## **O paracetamol nas doses terapêuticas não foi associado à irritação gástrica.**"", ""4. O QUE DEVO SABER ANTES DE USAR ESTE MEDICAMENTO?** \n\nTYLENOL® - Paciente \n\n**==> picture [114 x 31] intentionally omitted <==**\n\nVocê não deve tomar mais do que a dose recomendada (superdose) para provocar maior alívio, pois pode causar sérios problemas de saúde. Você deve consultar seu médico se a dor ou febre continuarem ou piorarem, ou se surgirem novos sintomas, pois estes sintomas podem ser sinais de doenças graves. \n\n**Uso com álcool** : consumidores de doses abusivas de álcool devem consultar seu médico para saber se podem tomar **TYLENOL[® ]** ou qualquer outro analgésico. \n\n## **Gravidez e Amamentação** \n\n## Se você estiver grávida ou amamentando, consulte o seu médico antes de usar este medicamento. **Este medicamento não deve ser utilizado por mulheres grávidas sem orientação médica ou do cirurgião-dentista.** \n\n**Uso em pacientes com problemas no fígado** : Consulte seu médico antes de usar o medicamento. **Uso em idosos** : Até o momento não são conhecidas restrições específicas ao uso de **TYLENOL[® ]** por pacientes idosos. Não existe necessidade de ajuste de dose neste grupo etário. Muito raramente, foram relatadas reações cutâneas graves em pacientes que administraram paracetamol. Os sintomas podem incluir: vermelhidão na pele, bolhas e erupções cutâneas. Se ocorrerem reações cutâneas ou piora de problemas de pele já existentes, interrompa o uso do medicamento e procure ajuda médica imediatamente. \n\n## **Não use outro produto que contenha paracetamol.** \n\n## **O paracetamol nas doses terapêuticas não foi associado à irritação gástrica.**"", "" \n \nTYLENOL® - Paciente \n \n \nVocê não deve tomar mais do que a dose recomendada (superdose) para provocar maior alívio, \npois pode causar sérios problemas de saúde. Você deve consultar seu médico se a dor ou febre \ncontinuarem ou piorarem, ou se surgirem novos sintomas, pois estes sintomas podem ser sinais \nde doenças graves. \nUso com álcool: consumidores de doses abusivas de álcool devem consultar seu médico para \nsaber se podem tomar TYLENOL® ou qualquer outro analgésico. \nGravidez e Amamentação \nSe você estiver grávida ou amamentando, consulte o seu médico antes de usar este medicamento. \nEste medicamento não deve ser utilizado por mulheres grávidas sem orientação médica ou \ndo cirurgião-dentista. \nUso em pacientes com problemas no fígado: Consulte seu médico antes de usar o medicamento. \nUso em idosos: Até o momento não são conhecidas restrições específicas ao uso de \nTYLENOL® por pacientes idosos. Não existe necessidade de ajuste de dose neste grupo etário. \nMuito raramente, foram relatadas reações cutâneas graves em pacientes que administraram \nparacetamol. Os sintomas podem incluir: vermelhidão na pele, bolhas e erupções cutâneas. Se \nocorrerem reações cutâneas ou piora de problemas de pele já existentes, interrompa o uso do \nmedicamento e procure ajuda médica imediatamente. \nNão use outro produto que contenha paracetamol. \nO paracetamol nas doses terapêuticas não foi associado à irritação gástrica. \nSe você tem pressão alta, não use este produto por mais tempo do que o indicado no rótulo, a \nmenos que indicado por um médico. \nA absorção de TYLENOL® é mais rápida se você estiver em jejum. Os alimentos podem afetar \na velocidade da absorção, mas não a quantidade absorvida do medicamento. A interferência do \nparacetamol na metabolização de outros medicamentos e a influência destes medicamentos na \nação e na toxicidade do paracetamol, em geral, não são relevantes. \n \nConsulte seu médico antes de utilizar este medicamento se você está tomando flucloxacilina \n(penicilina - um antibiótico), varfarina (anticoagulante) ou outros derivados cumarínicos. \n \nInforme ao seu médico ou cirurgião-dentista se você está fazendo uso de algum outro \nmedicamento. \n \n5. ONDE, COMO E POR QUANTO TEMPO POSSO GUARDAR ESTE \nMEDICAMENTO? \nTYLENOL® deve ser conservado em temperatura ambiente (entre 15°C e 30°C), protegido da \nluz e umidade. Número de lote e datas de fabricação e validade: vide embalagem. "", "" \n \nTYLENOL® - Paciente \n \n \nReação muito rara (ocorre em menos de 0,01% dos pacientes que utilizam este medicamento): \nurticária, coceira e vermelhidão no corpo, reações alérgicas a este medicamento, aumento das \ntransaminases e erupção fixa medicamentosa. \nInforme ao seu médico, cirurgião -dentista ou farmacêutico o aparecimento de reações \nindesejáveis pelo uso do medicamento. Informe também à empresa através do seu serviço \nde atendimento. \n \n9. O QUE FAZER SE ALGUÉM USAR UMA QUANTIDADE MAIOR DO QUE A \nINDICADA DESTE MEDICAMENTO? \nO uso de doses excessivas, acima das doses recomendadas (superdose) pode causar danos ao \nfígado. Em caso de  superdose, procure ajuda médica ou um centro de intoxicação \nimediatamente. O apoio médico imediato é fundamental para adultos e crianças, mesmo se os \nsinais e sintomas de intoxicação não estiverem presentes. \nOs sinais e sintomas iniciais que se seguem a uma dose potencialmente hepatotóxica de \nparacetamol são: perda de apetite, náusea, vômito, sudorese intensa, palidez e mal-estar geral. \nEm caso de uso de grande quantidade deste medicamento, procure rapidamente socorro \nmédico e leve a embalagem ou bula do medicamento, se possível. Ligue para 0800 722 6001, \nse você precisar de mais orientações. \n \nDIZERES LEGAIS \nMS - 1.5721.1214 \nFarmacêutico Responsável: Jean F. L. Festuccia – CRF - SP nº 29.625 \n \n \nRegistrado por: \nJOHNSON & JOHNSON INDUSTRIAL LTDA. \nRodovia Presidente Dutra, Km 154, \nSão José dos Campos – SP \nCNPJ 59.748.988/0001-14 \n \n \nFabricado por: \nJOHNSON & JOHNSON INDUSTRIAL LTDA \nRodovia Presidente Dutra, km 154 \nSão José dos Campos – SP \nCNPJ: 59.748.988/0001-14 \nIndustria Brasileira \n®Marca Registrada "", ""## **Não use outro produto que contenha paracetamol.** \n\n## **O paracetamol nas doses terapêuticas não foi associado à irritação gástrica.** \n\nSe você tem pressão alta, não use este produto por mais tempo do que o indicado no rótulo, a menos que indicado por um médico. \n\nA absorção de **TYLENOL[® ]** é mais rápida se você estiver em jejum. Os alimentos podem afetar a velocidade da absorção, mas não a quantidade absorvida do medicamento. A interferência do paracetamol na metabolização de outros medicamentos e a influência destes medicamentos na ação e na toxicidade do paracetamol, em geral, não são relevantes. \n\n**Consulte seu médico antes de utilizar este medicamento se você está tomando flucloxacilina (penicilina - um antibiótico), varfarina (anticoagulante) ou outros derivados cumarínicos.** \n\n**Informe ao seu médico ou cirurgião-dentista se você está fazendo uso de algum outro medicamento.** \n\n**"", ""## **Não use outro produto que contenha paracetamol.** \n\n## **O paracetamol nas doses terapêuticas não foi associado à irritação gástrica.** \n\nSe você tem pressão alta, não use este produto por mais tempo do que o indicado no rótulo, a menos que indicado por um médico. \n\nA absorção de **TYLENOL[® ]** é mais rápida se você estiver em jejum. Os alimentos podem afetar a velocidade da absorção, mas não a quantidade absorvida do medicamento. A interferência do paracetamol na metabolização de outros medicamentos e a influência destes medicamentos na ação e na toxicidade do paracetamol, em geral, não são relevantes. \n\n**Consulte seu médico antes de utilizar este medicamento se você está tomando flucloxacilina (penicilina - um antibiótico), varfarina (anticoagulante) ou outros derivados cumarínicos.** \n\n**Informe ao seu médico ou cirurgião-dentista se você está fazendo uso de algum outro medicamento.** \n\n**"", ""3. QUANDO NÃO DEVO USAR ESTE MEDICAMENTO?** \n\nVocê não deve usar **TYLENOL[® ]** se possuir alergia ao paracetamol ou a qualquer componente de sua fórmula. \n\n**Este medicamento é contraindicado para menores de 12 anos.** \n\n## **"", ""3. QUANDO NÃO DEVO USAR ESTE MEDICAMENTO?** \n\nVocê não deve usar **TYLENOL[® ]** se possuir alergia ao paracetamol ou a qualquer componente de sua fórmula. \n\n**Este medicamento é contraindicado para menores de 12 anos.** \n\n## **"", ""PARA QUE ESTE MEDICAMENTO É INDICADO? \nEste medicamento é indicado para a redução da febre e para o alívio temporário de dores leves a \nmoderadas, tais como: dores associadas a resfriados comuns, dor de cabeça, dor no corpo, dor de \ndente, dor nas costas, dores musculares, dores leves associadas a artrites e cólicas menstruais. \n \n2. COMO ESTE MEDICAMENTO FUNCIONA? \nTYLENOL® reduz a febre atuando no centro regulador da temperatura no Sistema Nervoso \nCentral (SNC) e diminui a sensibilidade a dor. Seu efeito tem início 15 a 30 minutos após a \nadministração oral e permanece por um período de 4 a 6 horas. \n \n3. QUANDO NÃO DEVO USAR ESTE MEDICAMENTO? \nVocê não deve usar TYLENOL® se possuir alergia ao paracetamol ou a qualquer componente de \nsua fórmula. \nEste medicamento é contraindicado para menores de 12 anos. \n \n \n4. O QUE DEVO SABER ANTES DE USAR ESTE MEDICAMENTO?"", ""8. QUAIS OS MALES QUE ESTE MEDICAMENTO PODE ME CAUSAR?** \n\nEste medicamento pode causar algumas reações desagradáveis inesperadas. Caso você tenha uma reação alérgica, deve parar de tomar o medicamento. \n\nTYLENOL® - Paciente \n\n**==> picture [114 x 31] intentionally omitted <==**\n\nReação muito rara (ocorre em menos de 0,01% dos pacientes que utilizam este medicamento): urticária, coceira e vermelhidão no corpo, reações alérgicas a este medicamento, aumento das transaminases e erupção fixa medicamentosa. \n\n**Informe ao seu médico, cirurgião-dentista ou farmacêutico o aparecimento de reações indesejáveis pelo uso do medicamento. Informe também à empresa através do seu serviço de atendimento.** \n\n## **"", ""8. QUAIS OS MALES QUE ESTE MEDICAMENTO PODE ME CAUSAR?** \n\nEste medicamento pode causar algumas reações desagradáveis inesperadas. Caso você tenha uma reação alérgica, deve parar de tomar o medicamento. \n\nTYLENOL® - Paciente \n\n**==> picture [114 x 31] intentionally omitted <==**\n\nReação muito rara (ocorre em menos de 0,01% dos pacientes que utilizam este medicamento): urticária, coceira e vermelhidão no corpo, reações alérgicas a este medicamento, aumento das transaminases e erupção fixa medicamentosa. \n\n**Informe ao seu médico, cirurgião-dentista ou farmacêutico o aparecimento de reações indesejáveis pelo uso do medicamento. Informe também à empresa através do seu serviço de atendimento.** \n\n## **"", ""TYLENOL® - Paciente \n \n \nNão use medicamento com o prazo de validade vencido. Guarde- o em sua embalagem \noriginal. TYLENOL® 500 mg e TYLENOL® 750 mg são comprimidos revestidos oblongos \n(ovalados) de cor branca. \nAntes de usar, observe o aspecto do medicamento. Caso ele esteja no prazo de validade e \nvocê observe alguma mudança no aspecto, consulte o farmacêutico para saber se poderá \nutilizá-lo. \nTodo medicamento deve ser mantido fora do alcance das crianças. \n \n \n6."", ""TYLENOL® - Paciente \n \n \n \nSAC 0800 728 6767 \nwww.tylenol.com.br \n \n \nSiga corretamente o modo de usar, não desaparecendo os sintomas procure orientação médica."", ""1. PARA QUE ESTE MEDICAMENTO É INDICADO?** \n\nEste medicamento é indicado para a redução da febre e para o alívio temporário de dores leves a moderadas, tais como: dores associadas a resfriados comuns, dor de cabeça, dor no corpo, dor de dente, dor nas costas, dores musculares, dores leves associadas a artrites e cólicas menstruais. \n\n## **"", ""1. PARA QUE ESTE MEDICAMENTO É INDICADO?** \n\nEste medicamento é indicado para a redução da febre e para o alívio temporário de dores leves a moderadas, tais como: dores associadas a resfriados comuns, dor de cabeça, dor no corpo, dor de dente, dor nas costas, dores musculares, dores leves associadas a artrites e cólicas menstruais. \n\n## **""]",26.2,22.178
agentic_rag,ollama:gemma4:e4b,TYLENOL,dificil,"Em um paciente que usa flucloxacilina e varfarina ou outros derivados cumarínicos, quais orientações a bula dá antes do uso de TYLENOL e quais riscos descritos na bula tornam essa cautela clinicamente relevante?",dificil,"A bula orienta consultar o médico antes de utilizar TYLENOL se o paciente estiver tomando flucloxacilina, varfarina ou outros derivados cumarínicos. Também orienta informar ao médico ou cirurgião-dentista se estiver fazendo uso de outro medicamento. A cautela é clinicamente relevante porque a bula descreve aumento de transaminases como reação muito rara e danos ao fígado em superdose, além de orientar consulta médica em pacientes com problemas no fígado e em consumidores de doses abusivas de álcool. A bula não fornece mecanismo detalhado nem conduta específica de monitoramento para essas interações.",O QUE DEVO SABER ANTES DE USAR ESTE MEDICAMENTO? / QUAIS OS MALES QUE ESTE MEDICAMENTO PODE ME CAUSAR? / O QUE FAZER SE ALGUÉM USAR UMA QUANTIDADE MAIOR DO QUE A INDICADA DESTE MEDICAMENTO?,"De acordo com a bula do medicamento TYLENOL, consta a seguinte informação:
O paciente deve consultar o médico antes de utilizar este medicamento se estiver tomando flucloxacilina (penicilina - um antibiótico), varfarina (anticoagulante) ou outros derivados cumarínicos. O contexto não detalha os riscos específicos que tornam essa cautela clinicamente relevante, apenas orienta a consulta médica nessas condições de uso concomitante.

---
*Esta resposta se baseia apenas nos trechos da bula recuperados e não substitui orientação médica ou farmacêutica.*","De acordo com a bula do medicamento TYLENOL, consta a seguinte informação:
O paciente deve consultar o médico antes de utilizar este medicamento se estiver tomando flucloxacilina (penicilina - um antibiótico), varfarina (anticoagulante) ou outros derivados cumarínicos. O contexto não detalha os riscos específicos que tornam essa cautela clinicamente relevante, apenas orienta a consulta médica nessas condições de uso concomitante.","O QUE DEVO SABER ANTES DE USAR ESTE MEDICAMENTO?, QUAIS OS MALES QUE ESTE MEDICAMENTO PODE ME CAUSAR?",,"[""4. O QUE DEVO SABER ANTES DE USAR ESTE MEDICAMENTO?** \n\nTYLENOL® - Paciente \n\n**==> picture [114 x 31] intentionally omitted <==**\n\nVocê não deve tomar mais do que a dose recomendada (superdose) para provocar maior alívio, pois pode causar sérios problemas de saúde. Você deve consultar seu médico se a dor ou febre continuarem ou piorarem, ou se surgirem novos sintomas, pois estes sintomas podem ser sinais de doenças graves. \n\n**Uso com álcool** : consumidores de doses abusivas de álcool devem consultar seu médico para saber se podem tomar **TYLENOL[® ]** ou qualquer outro analgésico. \n\n## **Gravidez e Amamentação** \n\n## Se você estiver grávida ou amamentando, consulte o seu médico antes de usar este medicamento. **Este medicamento não deve ser utilizado por mulheres grávidas sem orientação médica ou do cirurgião-dentista.** \n\n**Uso em pacientes com problemas no fígado** : Consulte seu médico antes de usar o medicamento. **Uso em idosos** : Até o momento não são conhecidas restrições específicas ao uso de **TYLENOL[® ]** por pacientes idosos. Não existe necessidade de ajuste de dose neste grupo etário. Muito raramente, foram relatadas reações cutâneas graves em pacientes que administraram paracetamol. Os sintomas podem incluir: vermelhidão na pele, bolhas e erupções cutâneas. Se ocorrerem reações cutâneas ou piora de problemas de pele já existentes, interrompa o uso do medicamento e procure ajuda médica imediatamente. \n\n## **Não use outro produto que contenha paracetamol.** \n\n## **O paracetamol nas doses terapêuticas não foi associado à irritação gástrica.**"", ""4. O QUE DEVO SABER ANTES DE USAR ESTE MEDICAMENTO?** \n\nTYLENOL® - Paciente \n\n**==> picture [114 x 31] intentionally omitted <==**\n\nVocê não deve tomar mais do que a dose recomendada (superdose) para provocar maior alívio, pois pode causar sérios problemas de saúde. Você deve consultar seu médico se a dor ou febre continuarem ou piorarem, ou se surgirem novos sintomas, pois estes sintomas podem ser sinais de doenças graves. \n\n**Uso com álcool** : consumidores de doses abusivas de álcool devem consultar seu médico para saber se podem tomar **TYLENOL[® ]** ou qualquer outro analgésico. \n\n## **Gravidez e Amamentação** \n\n## Se você estiver grávida ou amamentando, consulte o seu médico antes de usar este medicamento. **Este medicamento não deve ser utilizado por mulheres grávidas sem orientação médica ou do cirurgião-dentista.** \n\n**Uso em pacientes com problemas no fígado** : Consulte seu médico antes de usar o medicamento. **Uso em idosos** : Até o momento não são conhecidas restrições específicas ao uso de **TYLENOL[® ]** por pacientes idosos. Não existe necessidade de ajuste de dose neste grupo etário. Muito raramente, foram relatadas reações cutâneas graves em pacientes que administraram paracetamol. Os sintomas podem incluir: vermelhidão na pele, bolhas e erupções cutâneas. Se ocorrerem reações cutâneas ou piora de problemas de pele já existentes, interrompa o uso do medicamento e procure ajuda médica imediatamente. \n\n## **Não use outro produto que contenha paracetamol.** \n\n## **O paracetamol nas doses terapêuticas não foi associado à irritação gástrica.**"", ""## **Não use outro produto que contenha paracetamol.** \n\n## **O paracetamol nas doses terapêuticas não foi associado à irritação gástrica.** \n\nSe você tem pressão alta, não use este produto por mais tempo do que o indicado no rótulo, a menos que indicado por um médico. \n\nA absorção de **TYLENOL[® ]** é mais rápida se você estiver em jejum. Os alimentos podem afetar a velocidade da absorção, mas não a quantidade absorvida do medicamento. A interferência do paracetamol na metabolização de outros medicamentos e a influência destes medicamentos na ação e na toxicidade do paracetamol, em geral, não são relevantes. \n\n**Consulte seu médico antes de utilizar este medicamento se você está tomando flucloxacilina (penicilina - um antibiótico), varfarina (anticoagulante) ou outros derivados cumarínicos.** \n\n**Informe ao seu médico ou cirurgião-dentista se você está fazendo uso de algum outro medicamento.** \n\n**"", ""## **Não use outro produto que contenha paracetamol.** \n\n## **O paracetamol nas doses terapêuticas não foi associado à irritação gástrica.** \n\nSe você tem pressão alta, não use este produto por mais tempo do que o indicado no rótulo, a menos que indicado por um médico. \n\nA absorção de **TYLENOL[® ]** é mais rápida se você estiver em jejum. Os alimentos podem afetar a velocidade da absorção, mas não a quantidade absorvida do medicamento. A interferência do paracetamol na metabolização de outros medicamentos e a influência destes medicamentos na ação e na toxicidade do paracetamol, em geral, não são relevantes. \n\n**Consulte seu médico antes de utilizar este medicamento se você está tomando flucloxacilina (penicilina - um antibiótico), varfarina (anticoagulante) ou outros derivados cumarínicos.** \n\n**Informe ao seu médico ou cirurgião-dentista se você está fazendo uso de algum outro medicamento.** \n\n**"", "" \n \nTYLENOL® - Paciente \n \n \nReação muito rara (ocorre em menos de 0,01% dos pacientes que utilizam este medicamento): \nurticária, coceira e vermelhidão no corpo, reações alérgicas a este medicamento, aumento das \ntransaminases e erupção fixa medicamentosa. \nInforme ao seu médico, cirurgião -dentista ou farmacêutico o aparecimento de reações \nindesejáveis pelo uso do medicamento. Informe também à empresa através do seu serviço \nde atendimento. \n \n9. O QUE FAZER SE ALGUÉM USAR UMA QUANTIDADE MAIOR DO QUE A \nINDICADA DESTE MEDICAMENTO? \nO uso de doses excessivas, acima das doses recomendadas (superdose) pode causar danos ao \nfígado. Em caso de  superdose, procure ajuda médica ou um centro de intoxicação \nimediatamente. O apoio médico imediato é fundamental para adultos e crianças, mesmo se os \nsinais e sintomas de intoxicação não estiverem presentes. \nOs sinais e sintomas iniciais que se seguem a uma dose potencialmente hepatotóxica de \nparacetamol são: perda de apetite, náusea, vômito, sudorese intensa, palidez e mal-estar geral. \nEm caso de uso de grande quantidade deste medicamento, procure rapidamente socorro \nmédico e leve a embalagem ou bula do medicamento, se possível. Ligue para 0800 722 6001, \nse você precisar de mais orientações. \n \nDIZERES LEGAIS \nMS - 1.5721.1214 \nFarmacêutico Responsável: Jean F. L. Festuccia – CRF - SP nº 29.625 \n \n \nRegistrado por: \nJOHNSON & JOHNSON INDUSTRIAL LTDA. \nRodovia Presidente Dutra, Km 154, \nSão José dos Campos – SP \nCNPJ 59.748.988/0001-14 \n \n \nFabricado por: \nJOHNSON & JOHNSON INDUSTRIAL LTDA \nRodovia Presidente Dutra, km 154 \nSão José dos Campos – SP \nCNPJ: 59.748.988/0001-14 \nIndustria Brasileira \n®Marca Registrada "", ""TYLENOL® - Paciente \n \n \n \nSAC 0800 728 6767 \nwww.tylenol.com.br \n \n \nSiga corretamente o modo de usar, não desaparecendo os sintomas procure orientação médica."", ""8. QUAIS OS MALES QUE ESTE MEDICAMENTO PODE ME CAUSAR?** \n\nEste medicamento pode causar algumas reações desagradáveis inesperadas. Caso você tenha uma reação alérgica, deve parar de tomar o medicamento. \n\nTYLENOL® - Paciente \n\n**==> picture [114 x 31] intentionally omitted <==**\n\nReação muito rara (ocorre em menos de 0,01% dos pacientes que utilizam este medicamento): urticária, coceira e vermelhidão no corpo, reações alérgicas a este medicamento, aumento das transaminases e erupção fixa medicamentosa. \n\n**Informe ao seu médico, cirurgião-dentista ou farmacêutico o aparecimento de reações indesejáveis pelo uso do medicamento. Informe também à empresa através do seu serviço de atendimento.** \n\n## **"", ""8. QUAIS OS MALES QUE ESTE MEDICAMENTO PODE ME CAUSAR?** \n\nEste medicamento pode causar algumas reações desagradáveis inesperadas. Caso você tenha uma reação alérgica, deve parar de tomar o medicamento. \n\nTYLENOL® - Paciente \n\n**==> picture [114 x 31] intentionally omitted <==**\n\nReação muito rara (ocorre em menos de 0,01% dos pacientes que utilizam este medicamento): urticária, coceira e vermelhidão no corpo, reações alérgicas a este medicamento, aumento das transaminases e erupção fixa medicamentosa. \n\n**Informe ao seu médico, cirurgião-dentista ou farmacêutico o aparecimento de reações indesejáveis pelo uso do medicamento. Informe também à empresa através do seu serviço de atendimento.** \n\n## **"", ""QUAIS OS MALES QUE ESTE MEDICAMENTO PODE ME CAUSAR? \nEste medicamento pode causar algumas reações desagradáveis inesperadas. Caso você tenha \numa reação alérgica, deve parar de tomar o medicamento.""]",24.182,18.865
