pipeline,modelo,nome_remedio,pergunta,dificuldade,resposta_esperada,secoes_esperadas,resposta_gerada,resposta_crua,secoes_recuperadas,chunk_ids_recuperados,textos_recuperados,tempo_recuperacao_segundos,tempo_inferencia_segundos
agentic_rag,ollama:gemma4:e4b,AMOXIL,Como deve ser ajustada a dose de Amoxil para uma criança de 30 kg com insuficiência renal moderada?,medio,"Para crianças abaixo de 40 kg com insuficiência renal moderada, a dose recomendada é de 15 mg/kg duas vezes ao dia, ou seja, 450 mg a cada 12 horas.",COMO DEVO USAR ESTE MEDICAMENTO?,"De acordo com a bula do medicamento AMOXIL, consta a seguinte informação: Para crianças abaixo de 40 kg com insuficiência renal moderada, a dose deve ser de 15 mg/kg duas vezes ao dia (de 12 em 12 horas), com um limite máximo de 500mg duas vezes ao dia.

---
*Esta resposta se baseia apenas nos trechos da bula recuperados e não substitui orientação médica ou farmacêutica. É recomendável consultar um profissional de saúde para orientação individualizada.*","De acordo com a bula do medicamento AMOXIL, consta a seguinte informação: Para crianças abaixo de 40 kg com insuficiência renal moderada, a dose deve ser de 15 mg/kg duas vezes ao dia (de 12 em 12 horas), com um limite máximo de 500mg duas vezes ao dia.","COMO DEVO USAR ESTE MEDICAMENTO?, O QUE DEVO SABER ANTES DE USAR ESTE MEDICAMENTO?",,"[""  \n \nModelo de Texto de Bula – Pacientes \nAmoxil® Cápsulas \n \n4 \n \n \nPacientes que recebem diálise peritoneal  \nUsa-se a mesma posologia indicada para pacientes com insuficiência renal grave. A diálise peritoneal (processo de \nlimpeza das substâncias tóxicas do organismo através do peritônio, membrana que envolve o abdômen) não remove a \namoxicilina do corpo.  \n \nPacientes que recebem hemodiálise  \nUsa-se a mesma posologia indicada para pacientes com insuficiência renal grave.  \nA amoxicilina é removida do sangue por hemodiálise (processo que substitui os rins na filtragem sanguínea). Portanto, \numa dose adicional (500 mg para adultos  e crianças acima de 40kg ou 15 mg/kg para crianças abaixo de 40 kg) pode ser \nadministrada durante e no final de cada diálise.  \nSeu médico poderá indicar tratamento por via parenteral (feito com aplicação de injeções intravenosas, intramusculares \nou subcutâneas) nos casos em que a via oral for considerada inadequada (particularmente nos tratamentos urgentes de \ninfecções graves).  \nConforme o grau de insuficiência renal, talvez seu médico ache necessário reduzir a dose diária total.  \n \nSiga a orientação de seu médico, respeitando sempre os horários, as doses e a duração do tratamento.   \nNão interrompa o tratamento sem o conhecimento de seu médico.  \nEste medicamento não deve ser partido ou mastigado.  \n \n7. "", ""## **Pacientes que recebem hemodiálise** \n\nUsa-se a mesma posologia indicada para pacientes com insuficiência renal grave. \n\nA amoxicilina é removida do sangue por hemodiálise (processo que substitui os rins na filtragem sanguínea). Portanto, uma dose adicional (500 mg para adultos e crianças acima de 40kg ou 15 mg/kg para crianças abaixo de 40 kg) pode ser administrada durante e no final de cada diálise. \n\nSeu médico poderá indicar tratamento por via parenteral (feito com aplicação de injeções intravenosas, intramusculares ou subcutâneas) nos casos em que a via oral for considerada inadequada (particularmente nos tratamentos urgentes de infecções graves). \n\nConforme o grau de insuficiência renal, talvez seu médico ache necessário reduzir a dose diária total. \n\n**Siga a orientação de seu médico, respeitando sempre os horários, as doses e a duração do tratamento. Não interrompa o tratamento sem o conhecimento de seu médico. Este medicamento não deve ser partido ou mastigado.** \n\n## **"", ""Modelo de Texto de Bula – Pacientes \nAmoxil® Pó para suspensão oral \n \n5 \n \nSiga a orientação de seu médico, respeitando sempre os horários, as doses e a duração do tratamento.  \nNão interrompa o tratamento sem o conhecimento de seu médico.  \n \n7."", ""  \n \nModelo de Texto de Bula – Pacientes \nAmoxil® Cápsulas \n \n2 \n \nO uso prolongado também pode resultar, ocasionalmente, em supercrescimento de microrganismos resistentes a \nAmoxil®. \n \nAmoxil® pode piorar algumas condições existentes ou causar efeitos colaterais graves, como reações alérgicas severas, \nreações cutâneas severas, dor no peito, vômitos repetitivos dentro de 1 a 4 horas após a administração de Amoxil® ou \ndiarreia grave (colite pseudomembranosa). Você deve estar atento a determinados sintomas enquanto estiver recebendo \nAmoxil® para ajudar a reduzir o risco de quaisquer problemas. \n \nEfeitos sobre a capacidade de dirigir veículos e de operar máquinas  \nNão se observaram efeitos adversos sobre a capacidade de dirigir veículos e de operar máquinas.  \n \nGravidez e amamentação  \nAmoxil® pode ser usado na gravidez desde que os benefícios potenciais sejam maiores que os riscos potenciais \nassociados ao tratamento. Informe seu médico se você estiver grávida ou suspeitar que está grávida. Você não deve \ntomar este medicamento se estiver grávida, exceto se seu médico recomendar.  \nVocê pode amamentar seu bebê enquanto estiver tomando Amoxil®, mas há excreção de quantidades mínimas de \namoxicilina no leite materno. Se você estiver amamentando, informe ao seu médico antes de iniciar o tratamento com \nAmoxil®.  \n \nEste medicamento não deve ser utilizado por mulheres grávidas sem orientação médica ou do cirurgião-dentista.  \n \nUso compatível com o aleitamento ou doação de leite humano. O uso desse medicamento não interfere no \naleitamento do bebê. \n \nUso em idosos, crianças e outros grupos de risco  \nAs recomendações especiais se referem às doses (ver Posologia, em Como Devo Usar Este Medicamento?).  \n \nInterações Medicamentosas  \nAlguns medicamentos podem causar efeitos indesejáveis se você os ingerir durante o tratamento com Amoxil®. Não \ndeixe de avisar seu médico caso você esteja tomando:  \n- medicamentos usados no tratamento de gota (probenecida ou alopurinol);  \n- outros antibióticos;  \n- pílulas anticoncepcionais (como acontece com outros antibióticos, talvez sejam necessárias precauções adicionais para \nevitar a gravidez);  \n- anticoagulantes; \n- metotrexato (usado para tratar doenças como câncer e psoríase grave).   \nA alimentação não interfere na ação de Amoxil®, que pode ser ingerido nas refeições.  \n \nInforme ao seu médico ou cirurgião-dentista se você está fazendo uso de algum outro medicamento.  \nNão use medicamento sem o conhecimento do seu médico. Pode ser perigoso para a sua saúde.   \n \nAtenção: Contém os corantes vermelho de eritrosina, azul de indigotina, dióxido de titânio  e óxido de ferro \namarelo que podem, eventualmente, causar reações alérgicas. \n \nÉ importante utilizar este medicamento durante todo o tempo prescrito pelo profissional de saúde habilitado, \nmesmo que os sinais e sintomas da infecção tenham desaparecido, pois isso não significa a cura. A interrupção do \ntratamento pode contribuir para o aparecimento de infecções mais graves.   \n \n5. "", ""  \n \nModelo de Texto de Bula – Pacientes \nAmoxil® Pó para suspensão oral \n \n4 \n \nPosologia  \n \nDose para adultos e crianças acima de 40 kg  \nDose padrão: 250 mg três vezes ao dia (de 8 em 8 horas), podendo ser aumentada para 500 mg três vezes ao dia (de 8 em \n8 horas) nas infecções mais graves.  \n \nTratamento com dosagem alta (máximo recomendável de 6 g ao dia em doses divididas)   \nRecomenda-se uma dose de 3g duas vezes ao dia (de 12 em 12 horas) nos casos que requerem tratamento de infecção \nrespiratória purulenta (com a presença de pus) grave ou recorrente.  \n \nTratamento de curta duração  \nGonorreia: dose única de 3 g. \n \nErradicação de Helicobacter pylori em úlcera péptica (no duodeno ou no estômago)  \nPara combater o Helicobacter (bactéria que ataca o estômago e o duodeno), recomenda -se o uso de Amoxil® no \nesquema de 750 mg a 1 g duas vezes ao dia, em associação com um inibidor da bomba de prótons (exemplo: omeprazol , \nlanzoprazol) e outro agente antimicrobiano (por exemplo claritromicina, metronidazol), por 7 dias.  \n \nDose para crianças abaixo de 40 kg  \nDose padrão para crianças: 20 a 50 mg/kg/dia em doses divididas (de 8 em 8 horas), até um máximo de 150 mg/kg/dia \nem doses divididas. \n \nPacientes com insuficiência renal (dos rins)  \nNa insuficiência renal, a eliminação do antibiótico é mais lenta. Conforme o grau dessa condição, seu médico pode \nindicar a redução da dose diária total de acordo com o esquema descrito a seguir.  \n \nAdultos e crianças acima de 40 kg  \n- insuficiência leve: nenhuma alteração de dose;  \n- insuficiência moderada: máximo de 500 mg duas vezes ao dia (de 12 em 12 horas);  \n- insuficiência grave: máximo de 500 mg uma vez ao dia.  \n \nCrianças abaixo de 40 kg  \n- insuficiência leve: nenhuma alteração de dose;  \n- insuficiência moderada: 15 mg/kg duas vezes ao dia (de 12/12 horas); (no máximo de 500mg duas vezes ao dia);  \n- insuficiência grave: 15 mg/kg uma vez ao dia. (no máximo de 500mg). \n \nPacientes que recebem diálise peritoneal  \nUsa-se a mesma posologia indicada para pacientes com insuficiência renal grave. A diálise peritoneal (processo de \nlimpeza das substâncias tóxicas do organismo através do peritônio, membrana que envolve o abdômen) não remove a \namoxicilina do corpo.  \n \nPacientes que recebem hemodiálise  \nUsa-se a mesma posologia indicada para pacientes com insuficiência renal grave.  \nA amoxicilina é removida do sangue por hemodiálise (processo que substitui os rins na filtragem sanguínea). Portanto, \numa dose adicional (500 mg para adultos  e crianças acima de 40kg ou 15 mg/kg para crianças abaixo de 40 kg) pode ser \nadministrada durante e no final de cada diálise.  \nSeu médico poderá indicar tratamento por via parenteral (feito com aplicação de injeções intravenosas, intramusculares \nou subcutâneas) nos casos em que a via oral for considerada inadequada (particularmente nos tratamentos urgentes de \ninfecções graves).  \nConforme o grau de insuficiência renal, talvez seu médico ache necessário reduzir a dose diária total.  \n "", ""## **- Tratamento de curta duração (gonorreia): dose única de 3 g.** \n\n**Erradicação de** _**Helicobacter pylori:**_ para combater o _Helicobacter_ (bactéria que ataca o estômago e o duodeno), recomenda-se o uso de Amoxil[®] no esquema de 1 g duas vezes ao dia (de 12 em 12 horas), em associação com um medicamento conhecido como inibidor da bomba de prótons (exemplo: omeprazol, lanzoprazol) e outro agente antimicrobiano (por exemplo claritromicina, metronidazol), por 7 dias. \n\n## **Pacientes com insuficiência renal (dos rins)** \n\nNa insuficiência renal, a eliminação do antibiótico é mais lenta. Conforme o grau dessa condição, seu médico pode indicar a redução da dose diária total de acordo com o esquema descrito a seguir. \n\nAdultos e crianças acima de 40 kg \n\n- insuficiência leve: nenhuma alteração de dose; \n\n- insuficiência moderada: máximo de 500 mg (uma cápsula) duas vezes ao dia (de 12 em 12 horas); \n\n- insuficiência grave: máximo de 500 mg (uma cápsula) ao dia. \n\n3 \n\n**==> picture [87 x 28] intentionally omitted <==**\n\n## Modelo de Texto de Bula – Pacientes Amoxil[®] Cápsulas \n\n## **Pacientes que recebem diálise peritoneal** \n\nUsa-se a mesma posologia indicada para pacientes com insuficiência renal grave. A diálise peritoneal (processo de limpeza das substâncias tóxicas do organismo através do peritônio, membrana que envolve o abdômen) não remove a amoxicilina do corpo. \n\n## **Pacientes que recebem hemodiálise** \n\nUsa-se a mesma posologia indicada para pacientes com insuficiência renal grave."", ""COMO DEVO USAR ESTE MEDICAMENTO?  \nModo de usar  \nSiga as orientações de seu médico sobre a maneira e a hora correta de tomar o medicamento. Ele vai decidir a \nquantidade diária que você precisa e o tempo durante o qual você deve usar este medicamento.  \nLeia esta bula com cautela. Se você tiver alguma dúvida, fale com seu médico.  \nRecomenda-se ingerir o medicamento nas refeições, embora ele continue eficaz mesmo que você o tome em outros \nhorários.  \nContinue tomando este medicamento até o fim do tratamento prescrito pelo médico. Não pare somente porque se sente \nmelhor.  \nAs cápsulas devem ser ingeridas inteiras com água. Não as mastigue.   \n \nPosologia  \nAtenção! Para algumas doses indicadas abaixo (doses inferiores a 500 mg) é necessário o uso da suspensão oral, \nconverse com seu médico ou farmacêutico em caso de dúvida. \n \nDose para adultos e crianças acima de 40 kg  \n- Dose padrão: 500 mg (uma cápsula) três vezes ao dia (de 8 em 8 horas) nas infecções mais graves.  \n \n- Tratamento com dosagem alta (máximo recomendável de 6 g ao dia em doses divididas) : recomenda-se uma dose de 3 \ng (seis cápsulas) duas vezes ao dia (de 12 em 12 horas) em casos que requerem tratamento de infecção respiratória \npurulenta (com a presença de pus) grave ou recorrente.  \n \n- Tratamento de curta duração (gonorreia): dose única de 3 g.  \n \nErradicação de Helicobacter pylori: para combater o Helicobacter (bactéria que ataca o estômago e o duodeno), \nrecomenda-se o uso de Amoxil® no esquema de 1 g duas vezes ao dia (de 12 em 12 horas), em associação com um \nmedicamento conhecido como inibidor da bomba de prótons (exemplo: omeprazol , lanzoprazol ) e outro agente \nantimicrobiano (por exemplo claritromicina, metronidazol), por 7 dias.  \n \nPacientes com insuficiência renal (dos rins)  \nNa insuficiência renal, a eliminação do antibiótico é mais lenta. Conforme o grau dessa condição, seu médico pode \nindicar a redução da dose diária total de acordo com o esquema descrito a seguir.  \n \nAdultos e crianças acima de 40 kg  \n- insuficiência leve: nenhuma alteração de dose;  \n- insuficiência moderada: máximo de 500 mg (uma cápsula) duas vezes ao dia (de 12 em 12 horas);  \n- insuficiência grave: máximo de 500 mg (uma cápsula) ao dia.  "", ""O QUE DEVO SABER ANTES DE USAR ESTE MEDICAMENTO?  \nAntes de iniciar o tratamento com Amoxil, informe seu médico: \n- se você já apresentou reação alérgica a algum antibiótico. Isso pode incluir reações na pele ou inchaço na face ou \npescoço ou dores no peito. \n- se você apresenta febre glandular. \n- se você toma medicamentos usados para prevenir coágulos sanguíneos (anticoagulantes), tais como varfarina, o seu \nmédico fará um monitoramento e, se necessário, poderá sugerir ajustes na dose dos anticoagulantes. \n- se você apresenta problema nos rins. \n- se você não estiver urinando regularmente. \n- se você já teve diarreia durante ou após o uso de antibióticos."", ""6. COMO DEVO USAR ESTE MEDICAMENTO?** \n\n## **Modo de usar** \n\nSiga as orientações de seu médico sobre a maneira e a hora correta de tomar o medicamento. Ele vai decidir a quantidade diária que você precisa e o tempo durante o qual você deve usar este medicamento. Leia esta bula com cautela. Se você tiver alguma dúvida, fale com seu médico. \n\nRecomenda-se ingerir o medicamento nas refeições, embora ele continue eficaz mesmo que você o tome em outros horários. \n\nContinue tomando este medicamento até o fim do tratamento prescrito pelo médico. Não pare somente porque se sente melhor. \n\n**As cápsulas devem ser ingeridas inteiras com água. Não as mastigue.** \n\n## **Posologia** \n\nAtenção! Para algumas doses indicadas abaixo (doses inferiores a 500 mg) é necessário o uso da suspensão oral, converse com seu médico ou farmacêutico em caso de dúvida. \n\n## **Dose para adultos e crianças acima de 40 kg** \n\n- Dose padrão: 500 mg (uma cápsula) três vezes ao dia (de 8 em 8 horas) nas infecções mais graves. \n\n- Tratamento com dosagem alta (máximo recomendável de 6 g ao dia em doses divididas): recomenda-se uma dose de 3 g (seis cápsulas) duas vezes ao dia (de 12 em 12 horas) em casos que requerem tratamento de infecção respiratória purulenta (com a presença de pus) grave ou recorrente. \n\n## **- Tratamento de curta duração (gonorreia): dose única de 3 g.**"", ""COMO DEVO USAR ESTE MEDICAMENTO?  \nModo de usar  \nSiga as orientações de seu médico sobre a maneira e a hora correta de tomar o medicamento. Ele vai decidir a \nquantidade diária que você precisa e o tempo durante o qual você deve usar o medicamento.  \nLeia esta bula com cautela. Se você tiver alguma dúvida, fale com seu médico.  \nRecomenda-se ingerir o medicamento nas refeições, embora ele continue eficaz mesmo que você o tome em outros \nhorários.  \nContinue tomando este medicamento até o fim do tratamento prescrito pelo médico. Não pare somente porque se sente \nmelhor.  \n \nPreparo da suspensão  \n1. Verifique se o selo está intacto antes do uso do produto \n2. Para soltar o pó que fica no fundo do frasco, agite-o antes de abri-lo. Isso facilitará a reconstituição.  \n3. Ponha água filtrada no frasco até a marca indicada e agite-o bem para misturar totalmente o pó com a água.  \n4. Se a mistura não atingir a marca indicada, espere a espuma baixar e complete (lentamente) com água filtrada. Agite de \nnovo o frasco e espere a espuma baixar até que a solução atinja exatamente a marca indicada.  \nUtilize a colher dosadora para tomar o medicamento.  \nA suspensão oral, após a reconstituição, ficará estável por 14 dias se for conservada em geladeira (entre 2 oC e 8oC). \n \nAgite a suspensão oral antes de usá-la.  "", ""IDENTIFICAÇÃO DO MEDICAMENTO** \n\n**Amoxil**[] \n\namoxicilina \n\n## **APRESENTAÇÕES** \n\nCápsulas de 500 mg em embalagem com 15, 21 ou 30 unidades. \n\n## **USO ORAL** \n\n## **USO ADULTO E PEDIÁTRICO (ACIMA DE 40 KG)** \n\n## **COMPOSIÇÃO** \n\nCada cápsula contém: amoxicilina ................................................................................................................................................................ 500 mg (equivalentes a 575 mg de amoxicilina tri-hidratada) Excipiente[1] q.s.p. .................................................................................................................................................... 1 cápsula \n\n- 1Excipiente: estearato de magnésio. \n\nComposição da cápsula: gelatina, vermelho de eritrosina, azul de indigotina, dióxido de titânio, óxido de ferro amarelo. \n\n## **II) INFORMAÇÕES AO PACIENTE** \n\n## **"", ""IDENTIFICAÇÃO DO MEDICAMENTO  \nAmoxil  \namoxicilina  \n \nAPRESENTAÇÕES  \nCápsulas de 500 mg em embalagem com 15, 21 ou 30 unidades.  \n \nUSO ORAL  \nUSO ADULTO E PEDIÁTRICO (ACIMA DE 40 KG) \n \nCOMPOSIÇÃO \nCada cápsula contém:  \namoxicilina ................................................................................................................................................................ 500 mg  \n(equivalentes a 575 mg de amoxicilina tri-hidratada)  \nExcipiente1 q.s.p. .................................................................................................................................................... 1 cápsula \n \n1Excipiente: estearato de magnésio.  \n \nComposição da cápsula: gelatina, vermelho de eritrosina, azul de indigotina, dióxido de titânio, óxido de ferro amarelo .  \n \nII) INFORMAÇÕES AO PACIENTE  \n \n1."", ""IDENTIFICAÇÃO DO MEDICAMENTO   \nAmoxil  \namoxicilina  \n \nAPRESENTAÇÕES  \nAmoxil pó para s uspensão oral é apresentado em  embalagem com frasco de 150 mL (250 mg/5 mL e 500 mg/5 mL) \nacompanhado de colher dosadora.  \n \nUSO ORAL  \nUSO ADULTO E PEDIÁTRICO  \n \nCOMPOSIÇÃO  \n \nCada dose de 5 mL de suspensão oral com 250 mg/5 mL contém:  \namoxicilina...................................................................................................................................................................250mg  \n(equivalentes a 287 mg de amoxicilina tri-hidratada)  \nveículo* q.s.p. .................................................................................................................................................................5 mL  \n \nCada dose de 5 mL de suspensão oral com 500 mg/5 mL contém:  \namoxicilina..................................................................................................................................................................500 mg  \n(equivalentes a 574 mg de amoxicilina tri-hidratada)  \nveículo* q.s.p. .................................................................................................................................................................5 mL  \n*Veículo: crospovidona, goma xantana, carmelose sódica, benzoato de sódio, sílica coloidal, estearato de magnésio, \nsabor de limão-pêssego-morango e aspartamo.  \n \nII) INFORMAÇÕES AO PACIENTE   \n \n1. ""]",74.658,132.216
agentic_rag,ollama:gemma4:e4b,AMOXIL,Por que é recomendável tomar Amoxil no início das refeições em caso de diarreia?,medio,"Porque a diarreia, reação comum ao uso de Amoxil, pode ser atenuada quando o medicamento é administrado no início das refeições, conforme descrito na seção de reações adversas, e, além disso, na posologia recomenda-se que ele seja ingerido junto às refeições para melhorar a tolerabilidade gastrointestinal.","QUAIS OS MALES QUE ESTE MEDICAMENTO PODE ME CAUSAR?

COMO DEVO USAR ESTE MEDICAMENTO?","De acordo com a bula do medicamento AMOXIL, consta a seguinte informação: Na bula consultada de AMOXIL, não constam informações sobre essa pergunta.

---
*Esta resposta se baseia apenas nos trechos da bula recuperados e não substitui orientação médica ou farmacêutica.*","De acordo com a bula do medicamento AMOXIL, consta a seguinte informação: Na bula consultada de AMOXIL, não constam informações sobre essa pergunta.","COMO DEVO USAR ESTE MEDICAMENTO?, O QUE DEVO SABER ANTES DE USAR ESTE MEDICAMENTO?",,"[""  \n \nModelo de Texto de Bula – Pacientes \nAmoxil® Cápsulas \n \n2 \n \nO uso prolongado também pode resultar, ocasionalmente, em supercrescimento de microrganismos resistentes a \nAmoxil®. \n \nAmoxil® pode piorar algumas condições existentes ou causar efeitos colaterais graves, como reações alérgicas severas, \nreações cutâneas severas, dor no peito, vômitos repetitivos dentro de 1 a 4 horas após a administração de Amoxil® ou \ndiarreia grave (colite pseudomembranosa). Você deve estar atento a determinados sintomas enquanto estiver recebendo \nAmoxil® para ajudar a reduzir o risco de quaisquer problemas. \n \nEfeitos sobre a capacidade de dirigir veículos e de operar máquinas  \nNão se observaram efeitos adversos sobre a capacidade de dirigir veículos e de operar máquinas.  \n \nGravidez e amamentação  \nAmoxil® pode ser usado na gravidez desde que os benefícios potenciais sejam maiores que os riscos potenciais \nassociados ao tratamento. Informe seu médico se você estiver grávida ou suspeitar que está grávida. Você não deve \ntomar este medicamento se estiver grávida, exceto se seu médico recomendar.  \nVocê pode amamentar seu bebê enquanto estiver tomando Amoxil®, mas há excreção de quantidades mínimas de \namoxicilina no leite materno. Se você estiver amamentando, informe ao seu médico antes de iniciar o tratamento com \nAmoxil®.  \n \nEste medicamento não deve ser utilizado por mulheres grávidas sem orientação médica ou do cirurgião-dentista.  \n \nUso compatível com o aleitamento ou doação de leite humano. O uso desse medicamento não interfere no \naleitamento do bebê. \n \nUso em idosos, crianças e outros grupos de risco  \nAs recomendações especiais se referem às doses (ver Posologia, em Como Devo Usar Este Medicamento?).  \n \nInterações Medicamentosas  \nAlguns medicamentos podem causar efeitos indesejáveis se você os ingerir durante o tratamento com Amoxil®. Não \ndeixe de avisar seu médico caso você esteja tomando:  \n- medicamentos usados no tratamento de gota (probenecida ou alopurinol);  \n- outros antibióticos;  \n- pílulas anticoncepcionais (como acontece com outros antibióticos, talvez sejam necessárias precauções adicionais para \nevitar a gravidez);  \n- anticoagulantes; \n- metotrexato (usado para tratar doenças como câncer e psoríase grave).   \nA alimentação não interfere na ação de Amoxil®, que pode ser ingerido nas refeições.  \n \nInforme ao seu médico ou cirurgião-dentista se você está fazendo uso de algum outro medicamento.  \nNão use medicamento sem o conhecimento do seu médico. Pode ser perigoso para a sua saúde.   \n \nAtenção: Contém os corantes vermelho de eritrosina, azul de indigotina, dióxido de titânio  e óxido de ferro \namarelo que podem, eventualmente, causar reações alérgicas. \n \nÉ importante utilizar este medicamento durante todo o tempo prescrito pelo profissional de saúde habilitado, \nmesmo que os sinais e sintomas da infecção tenham desaparecido, pois isso não significa a cura. A interrupção do \ntratamento pode contribuir para o aparecimento de infecções mais graves.   \n \n5. "", ""Modelo de Texto de Bula – Pacientes \nAmoxil® Pó para suspensão oral \n \n5 \n \nSiga a orientação de seu médico, respeitando sempre os horários, as doses e a duração do tratamento.  \nNão interrompa o tratamento sem o conhecimento de seu médico.  \n \n7."", ""COMO DEVO USAR ESTE MEDICAMENTO?  \nModo de usar  \nSiga as orientações de seu médico sobre a maneira e a hora correta de tomar o medicamento. Ele vai decidir a \nquantidade diária que você precisa e o tempo durante o qual você deve usar este medicamento.  \nLeia esta bula com cautela. Se você tiver alguma dúvida, fale com seu médico.  \nRecomenda-se ingerir o medicamento nas refeições, embora ele continue eficaz mesmo que você o tome em outros \nhorários.  \nContinue tomando este medicamento até o fim do tratamento prescrito pelo médico. Não pare somente porque se sente \nmelhor.  \nAs cápsulas devem ser ingeridas inteiras com água. Não as mastigue.   \n \nPosologia  \nAtenção! Para algumas doses indicadas abaixo (doses inferiores a 500 mg) é necessário o uso da suspensão oral, \nconverse com seu médico ou farmacêutico em caso de dúvida. \n \nDose para adultos e crianças acima de 40 kg  \n- Dose padrão: 500 mg (uma cápsula) três vezes ao dia (de 8 em 8 horas) nas infecções mais graves.  \n \n- Tratamento com dosagem alta (máximo recomendável de 6 g ao dia em doses divididas) : recomenda-se uma dose de 3 \ng (seis cápsulas) duas vezes ao dia (de 12 em 12 horas) em casos que requerem tratamento de infecção respiratória \npurulenta (com a presença de pus) grave ou recorrente.  \n \n- Tratamento de curta duração (gonorreia): dose única de 3 g.  \n \nErradicação de Helicobacter pylori: para combater o Helicobacter (bactéria que ataca o estômago e o duodeno), \nrecomenda-se o uso de Amoxil® no esquema de 1 g duas vezes ao dia (de 12 em 12 horas), em associação com um \nmedicamento conhecido como inibidor da bomba de prótons (exemplo: omeprazol , lanzoprazol ) e outro agente \nantimicrobiano (por exemplo claritromicina, metronidazol), por 7 dias.  \n \nPacientes com insuficiência renal (dos rins)  \nNa insuficiência renal, a eliminação do antibiótico é mais lenta. Conforme o grau dessa condição, seu médico pode \nindicar a redução da dose diária total de acordo com o esquema descrito a seguir.  \n \nAdultos e crianças acima de 40 kg  \n- insuficiência leve: nenhuma alteração de dose;  \n- insuficiência moderada: máximo de 500 mg (uma cápsula) duas vezes ao dia (de 12 em 12 horas);  \n- insuficiência grave: máximo de 500 mg (uma cápsula) ao dia.  "", ""6. COMO DEVO USAR ESTE MEDICAMENTO?** \n\n## **Modo de usar** \n\nSiga as orientações de seu médico sobre a maneira e a hora correta de tomar o medicamento. Ele vai decidir a quantidade diária que você precisa e o tempo durante o qual você deve usar este medicamento. Leia esta bula com cautela. Se você tiver alguma dúvida, fale com seu médico. \n\nRecomenda-se ingerir o medicamento nas refeições, embora ele continue eficaz mesmo que você o tome em outros horários. \n\nContinue tomando este medicamento até o fim do tratamento prescrito pelo médico. Não pare somente porque se sente melhor. \n\n**As cápsulas devem ser ingeridas inteiras com água. Não as mastigue.** \n\n## **Posologia** \n\nAtenção! Para algumas doses indicadas abaixo (doses inferiores a 500 mg) é necessário o uso da suspensão oral, converse com seu médico ou farmacêutico em caso de dúvida. \n\n## **Dose para adultos e crianças acima de 40 kg** \n\n- Dose padrão: 500 mg (uma cápsula) três vezes ao dia (de 8 em 8 horas) nas infecções mais graves. \n\n- Tratamento com dosagem alta (máximo recomendável de 6 g ao dia em doses divididas): recomenda-se uma dose de 3 g (seis cápsulas) duas vezes ao dia (de 12 em 12 horas) em casos que requerem tratamento de infecção respiratória purulenta (com a presença de pus) grave ou recorrente. \n\n## **- Tratamento de curta duração (gonorreia): dose única de 3 g.**"", ""COMO DEVO USAR ESTE MEDICAMENTO?  \nModo de usar  \nSiga as orientações de seu médico sobre a maneira e a hora correta de tomar o medicamento. Ele vai decidir a \nquantidade diária que você precisa e o tempo durante o qual você deve usar o medicamento.  \nLeia esta bula com cautela. Se você tiver alguma dúvida, fale com seu médico.  \nRecomenda-se ingerir o medicamento nas refeições, embora ele continue eficaz mesmo que você o tome em outros \nhorários.  \nContinue tomando este medicamento até o fim do tratamento prescrito pelo médico. Não pare somente porque se sente \nmelhor.  \n \nPreparo da suspensão  \n1. Verifique se o selo está intacto antes do uso do produto \n2. Para soltar o pó que fica no fundo do frasco, agite-o antes de abri-lo. Isso facilitará a reconstituição.  \n3. Ponha água filtrada no frasco até a marca indicada e agite-o bem para misturar totalmente o pó com a água.  \n4. Se a mistura não atingir a marca indicada, espere a espuma baixar e complete (lentamente) com água filtrada. Agite de \nnovo o frasco e espere a espuma baixar até que a solução atinja exatamente a marca indicada.  \nUtilize a colher dosadora para tomar o medicamento.  \nA suspensão oral, após a reconstituição, ficará estável por 14 dias se for conservada em geladeira (entre 2 oC e 8oC). \n \nAgite a suspensão oral antes de usá-la.  "", ""  \n \nModelo de Texto de Bula – Pacientes \nAmoxil® Cápsulas \n \n4 \n \n \nPacientes que recebem diálise peritoneal  \nUsa-se a mesma posologia indicada para pacientes com insuficiência renal grave. A diálise peritoneal (processo de \nlimpeza das substâncias tóxicas do organismo através do peritônio, membrana que envolve o abdômen) não remove a \namoxicilina do corpo.  \n \nPacientes que recebem hemodiálise  \nUsa-se a mesma posologia indicada para pacientes com insuficiência renal grave.  \nA amoxicilina é removida do sangue por hemodiálise (processo que substitui os rins na filtragem sanguínea). Portanto, \numa dose adicional (500 mg para adultos  e crianças acima de 40kg ou 15 mg/kg para crianças abaixo de 40 kg) pode ser \nadministrada durante e no final de cada diálise.  \nSeu médico poderá indicar tratamento por via parenteral (feito com aplicação de injeções intravenosas, intramusculares \nou subcutâneas) nos casos em que a via oral for considerada inadequada (particularmente nos tratamentos urgentes de \ninfecções graves).  \nConforme o grau de insuficiência renal, talvez seu médico ache necessário reduzir a dose diária total.  \n \nSiga a orientação de seu médico, respeitando sempre os horários, as doses e a duração do tratamento.   \nNão interrompa o tratamento sem o conhecimento de seu médico.  \nEste medicamento não deve ser partido ou mastigado.  \n \n7. "", ""  \n \nModelo de Texto de Bula – Pacientes \nAmoxil® Pó para suspensão oral \n \n4 \n \nPosologia  \n \nDose para adultos e crianças acima de 40 kg  \nDose padrão: 250 mg três vezes ao dia (de 8 em 8 horas), podendo ser aumentada para 500 mg três vezes ao dia (de 8 em \n8 horas) nas infecções mais graves.  \n \nTratamento com dosagem alta (máximo recomendável de 6 g ao dia em doses divididas)   \nRecomenda-se uma dose de 3g duas vezes ao dia (de 12 em 12 horas) nos casos que requerem tratamento de infecção \nrespiratória purulenta (com a presença de pus) grave ou recorrente.  \n \nTratamento de curta duração  \nGonorreia: dose única de 3 g. \n \nErradicação de Helicobacter pylori em úlcera péptica (no duodeno ou no estômago)  \nPara combater o Helicobacter (bactéria que ataca o estômago e o duodeno), recomenda -se o uso de Amoxil® no \nesquema de 750 mg a 1 g duas vezes ao dia, em associação com um inibidor da bomba de prótons (exemplo: omeprazol , \nlanzoprazol) e outro agente antimicrobiano (por exemplo claritromicina, metronidazol), por 7 dias.  \n \nDose para crianças abaixo de 40 kg  \nDose padrão para crianças: 20 a 50 mg/kg/dia em doses divididas (de 8 em 8 horas), até um máximo de 150 mg/kg/dia \nem doses divididas. \n \nPacientes com insuficiência renal (dos rins)  \nNa insuficiência renal, a eliminação do antibiótico é mais lenta. Conforme o grau dessa condição, seu médico pode \nindicar a redução da dose diária total de acordo com o esquema descrito a seguir.  \n \nAdultos e crianças acima de 40 kg  \n- insuficiência leve: nenhuma alteração de dose;  \n- insuficiência moderada: máximo de 500 mg duas vezes ao dia (de 12 em 12 horas);  \n- insuficiência grave: máximo de 500 mg uma vez ao dia.  \n \nCrianças abaixo de 40 kg  \n- insuficiência leve: nenhuma alteração de dose;  \n- insuficiência moderada: 15 mg/kg duas vezes ao dia (de 12/12 horas); (no máximo de 500mg duas vezes ao dia);  \n- insuficiência grave: 15 mg/kg uma vez ao dia. (no máximo de 500mg). \n \nPacientes que recebem diálise peritoneal  \nUsa-se a mesma posologia indicada para pacientes com insuficiência renal grave. A diálise peritoneal (processo de \nlimpeza das substâncias tóxicas do organismo através do peritônio, membrana que envolve o abdômen) não remove a \namoxicilina do corpo.  \n \nPacientes que recebem hemodiálise  \nUsa-se a mesma posologia indicada para pacientes com insuficiência renal grave.  \nA amoxicilina é removida do sangue por hemodiálise (processo que substitui os rins na filtragem sanguínea). Portanto, \numa dose adicional (500 mg para adultos  e crianças acima de 40kg ou 15 mg/kg para crianças abaixo de 40 kg) pode ser \nadministrada durante e no final de cada diálise.  \nSeu médico poderá indicar tratamento por via parenteral (feito com aplicação de injeções intravenosas, intramusculares \nou subcutâneas) nos casos em que a via oral for considerada inadequada (particularmente nos tratamentos urgentes de \ninfecções graves).  \nConforme o grau de insuficiência renal, talvez seu médico ache necessário reduzir a dose diária total.  \n "", ""## **Pacientes que recebem hemodiálise** \n\nUsa-se a mesma posologia indicada para pacientes com insuficiência renal grave. \n\nA amoxicilina é removida do sangue por hemodiálise (processo que substitui os rins na filtragem sanguínea). Portanto, uma dose adicional (500 mg para adultos e crianças acima de 40kg ou 15 mg/kg para crianças abaixo de 40 kg) pode ser administrada durante e no final de cada diálise. \n\nSeu médico poderá indicar tratamento por via parenteral (feito com aplicação de injeções intravenosas, intramusculares ou subcutâneas) nos casos em que a via oral for considerada inadequada (particularmente nos tratamentos urgentes de infecções graves). \n\nConforme o grau de insuficiência renal, talvez seu médico ache necessário reduzir a dose diária total. \n\n**Siga a orientação de seu médico, respeitando sempre os horários, as doses e a duração do tratamento. Não interrompa o tratamento sem o conhecimento de seu médico. Este medicamento não deve ser partido ou mastigado.** \n\n## **"", ""O QUE DEVO SABER ANTES DE USAR ESTE MEDICAMENTO?  \nAntes de iniciar o tratamento com Amoxil, informe seu médico: \n- se você já apresentou reação alérgica a algum antibiótico. Isso pode incluir reações na pele ou inchaço na face ou \npescoço ou dores no peito. \n- se você apresenta febre glandular. \n- se você toma medicamentos usados para prevenir coágulos sanguíneos (anticoagulantes), tais como varfarina, o seu \nmédico fará um monitoramento e, se necessário, poderá sugerir ajustes na dose dos anticoagulantes. \n- se você apresenta problema nos rins. \n- se você não estiver urinando regularmente. \n- se você já teve diarreia durante ou após o uso de antibióticos."", ""## **- Tratamento de curta duração (gonorreia): dose única de 3 g.** \n\n**Erradicação de** _**Helicobacter pylori:**_ para combater o _Helicobacter_ (bactéria que ataca o estômago e o duodeno), recomenda-se o uso de Amoxil[®] no esquema de 1 g duas vezes ao dia (de 12 em 12 horas), em associação com um medicamento conhecido como inibidor da bomba de prótons (exemplo: omeprazol, lanzoprazol) e outro agente antimicrobiano (por exemplo claritromicina, metronidazol), por 7 dias. \n\n## **Pacientes com insuficiência renal (dos rins)** \n\nNa insuficiência renal, a eliminação do antibiótico é mais lenta. Conforme o grau dessa condição, seu médico pode indicar a redução da dose diária total de acordo com o esquema descrito a seguir. \n\nAdultos e crianças acima de 40 kg \n\n- insuficiência leve: nenhuma alteração de dose; \n\n- insuficiência moderada: máximo de 500 mg (uma cápsula) duas vezes ao dia (de 12 em 12 horas); \n\n- insuficiência grave: máximo de 500 mg (uma cápsula) ao dia. \n\n3 \n\n**==> picture [87 x 28] intentionally omitted <==**\n\n## Modelo de Texto de Bula – Pacientes Amoxil[®] Cápsulas \n\n## **Pacientes que recebem diálise peritoneal** \n\nUsa-se a mesma posologia indicada para pacientes com insuficiência renal grave. A diálise peritoneal (processo de limpeza das substâncias tóxicas do organismo através do peritônio, membrana que envolve o abdômen) não remove a amoxicilina do corpo. \n\n## **Pacientes que recebem hemodiálise** \n\nUsa-se a mesma posologia indicada para pacientes com insuficiência renal grave."", ""IDENTIFICAÇÃO DO MEDICAMENTO** \n\n**Amoxil**[] \n\namoxicilina \n\n## **APRESENTAÇÕES** \n\nCápsulas de 500 mg em embalagem com 15, 21 ou 30 unidades. \n\n## **USO ORAL** \n\n## **USO ADULTO E PEDIÁTRICO (ACIMA DE 40 KG)** \n\n## **COMPOSIÇÃO** \n\nCada cápsula contém: amoxicilina ................................................................................................................................................................ 500 mg (equivalentes a 575 mg de amoxicilina tri-hidratada) Excipiente[1] q.s.p. .................................................................................................................................................... 1 cápsula \n\n- 1Excipiente: estearato de magnésio. \n\nComposição da cápsula: gelatina, vermelho de eritrosina, azul de indigotina, dióxido de titânio, óxido de ferro amarelo. \n\n## **II) INFORMAÇÕES AO PACIENTE** \n\n## **"", ""IDENTIFICAÇÃO DO MEDICAMENTO  \nAmoxil  \namoxicilina  \n \nAPRESENTAÇÕES  \nCápsulas de 500 mg em embalagem com 15, 21 ou 30 unidades.  \n \nUSO ORAL  \nUSO ADULTO E PEDIÁTRICO (ACIMA DE 40 KG) \n \nCOMPOSIÇÃO \nCada cápsula contém:  \namoxicilina ................................................................................................................................................................ 500 mg  \n(equivalentes a 575 mg de amoxicilina tri-hidratada)  \nExcipiente1 q.s.p. .................................................................................................................................................... 1 cápsula \n \n1Excipiente: estearato de magnésio.  \n \nComposição da cápsula: gelatina, vermelho de eritrosina, azul de indigotina, dióxido de titânio, óxido de ferro amarelo .  \n \nII) INFORMAÇÕES AO PACIENTE  \n \n1."", ""IDENTIFICAÇÃO DO MEDICAMENTO   \nAmoxil  \namoxicilina  \n \nAPRESENTAÇÕES  \nAmoxil pó para s uspensão oral é apresentado em  embalagem com frasco de 150 mL (250 mg/5 mL e 500 mg/5 mL) \nacompanhado de colher dosadora.  \n \nUSO ORAL  \nUSO ADULTO E PEDIÁTRICO  \n \nCOMPOSIÇÃO  \n \nCada dose de 5 mL de suspensão oral com 250 mg/5 mL contém:  \namoxicilina...................................................................................................................................................................250mg  \n(equivalentes a 287 mg de amoxicilina tri-hidratada)  \nveículo* q.s.p. .................................................................................................................................................................5 mL  \n \nCada dose de 5 mL de suspensão oral com 500 mg/5 mL contém:  \namoxicilina..................................................................................................................................................................500 mg  \n(equivalentes a 574 mg de amoxicilina tri-hidratada)  \nveículo* q.s.p. .................................................................................................................................................................5 mL  \n*Veículo: crospovidona, goma xantana, carmelose sódica, benzoato de sódio, sílica coloidal, estearato de magnésio, \nsabor de limão-pêssego-morango e aspartamo.  \n \nII) INFORMAÇÕES AO PACIENTE   \n \n1. ""]",140.744,86.664
agentic_rag,ollama:gemma4:e4b,AMOXIL,A alimentação interfere na ação de Amoxil ou posso tomá-lo durante as refeições?,medio,A alimentação não interfere na ação de Amoxil; ele pode ser tomado durante as refeições sem prejuízo de eficácia.,"O QUE DEVO SABER ANTES DE USAR ESTE MEDICAMENTO?

COMO DEVO USAR ESTE MEDICAMENTO?","De acordo com a bula do medicamento AMOXIL, consta a seguinte informação: A alimentação não interfere na ação de Amoxil®, e por isso é recomendado que o medicamento seja ingerido nas refeições, embora ele permaneça eficaz mesmo que seja tomado em outros horários.

---
*Esta resposta se baseia apenas nos trechos da bula recuperados e não substitui orientação médica ou farmacêutica.*","De acordo com a bula do medicamento AMOXIL, consta a seguinte informação: A alimentação não interfere na ação de Amoxil®, e por isso é recomendado que o medicamento seja ingerido nas refeições, embora ele permaneça eficaz mesmo que seja tomado em outros horários.","COMO DEVO USAR ESTE MEDICAMENTO?, O QUE DEVO SABER ANTES DE USAR ESTE MEDICAMENTO?",,"[""  \n \nModelo de Texto de Bula – Pacientes \nAmoxil® Cápsulas \n \n2 \n \nO uso prolongado também pode resultar, ocasionalmente, em supercrescimento de microrganismos resistentes a \nAmoxil®. \n \nAmoxil® pode piorar algumas condições existentes ou causar efeitos colaterais graves, como reações alérgicas severas, \nreações cutâneas severas, dor no peito, vômitos repetitivos dentro de 1 a 4 horas após a administração de Amoxil® ou \ndiarreia grave (colite pseudomembranosa). Você deve estar atento a determinados sintomas enquanto estiver recebendo \nAmoxil® para ajudar a reduzir o risco de quaisquer problemas. \n \nEfeitos sobre a capacidade de dirigir veículos e de operar máquinas  \nNão se observaram efeitos adversos sobre a capacidade de dirigir veículos e de operar máquinas.  \n \nGravidez e amamentação  \nAmoxil® pode ser usado na gravidez desde que os benefícios potenciais sejam maiores que os riscos potenciais \nassociados ao tratamento. Informe seu médico se você estiver grávida ou suspeitar que está grávida. Você não deve \ntomar este medicamento se estiver grávida, exceto se seu médico recomendar.  \nVocê pode amamentar seu bebê enquanto estiver tomando Amoxil®, mas há excreção de quantidades mínimas de \namoxicilina no leite materno. Se você estiver amamentando, informe ao seu médico antes de iniciar o tratamento com \nAmoxil®.  \n \nEste medicamento não deve ser utilizado por mulheres grávidas sem orientação médica ou do cirurgião-dentista.  \n \nUso compatível com o aleitamento ou doação de leite humano. O uso desse medicamento não interfere no \naleitamento do bebê. \n \nUso em idosos, crianças e outros grupos de risco  \nAs recomendações especiais se referem às doses (ver Posologia, em Como Devo Usar Este Medicamento?).  \n \nInterações Medicamentosas  \nAlguns medicamentos podem causar efeitos indesejáveis se você os ingerir durante o tratamento com Amoxil®. Não \ndeixe de avisar seu médico caso você esteja tomando:  \n- medicamentos usados no tratamento de gota (probenecida ou alopurinol);  \n- outros antibióticos;  \n- pílulas anticoncepcionais (como acontece com outros antibióticos, talvez sejam necessárias precauções adicionais para \nevitar a gravidez);  \n- anticoagulantes; \n- metotrexato (usado para tratar doenças como câncer e psoríase grave).   \nA alimentação não interfere na ação de Amoxil®, que pode ser ingerido nas refeições.  \n \nInforme ao seu médico ou cirurgião-dentista se você está fazendo uso de algum outro medicamento.  \nNão use medicamento sem o conhecimento do seu médico. Pode ser perigoso para a sua saúde.   \n \nAtenção: Contém os corantes vermelho de eritrosina, azul de indigotina, dióxido de titânio  e óxido de ferro \namarelo que podem, eventualmente, causar reações alérgicas. \n \nÉ importante utilizar este medicamento durante todo o tempo prescrito pelo profissional de saúde habilitado, \nmesmo que os sinais e sintomas da infecção tenham desaparecido, pois isso não significa a cura. A interrupção do \ntratamento pode contribuir para o aparecimento de infecções mais graves.   \n \n5. "", ""6. COMO DEVO USAR ESTE MEDICAMENTO?** \n\n## **Modo de usar** \n\nSiga as orientações de seu médico sobre a maneira e a hora correta de tomar o medicamento. Ele vai decidir a quantidade diária que você precisa e o tempo durante o qual você deve usar este medicamento. Leia esta bula com cautela. Se você tiver alguma dúvida, fale com seu médico. \n\nRecomenda-se ingerir o medicamento nas refeições, embora ele continue eficaz mesmo que você o tome em outros horários. \n\nContinue tomando este medicamento até o fim do tratamento prescrito pelo médico. Não pare somente porque se sente melhor. \n\n**As cápsulas devem ser ingeridas inteiras com água. Não as mastigue.** \n\n## **Posologia** \n\nAtenção! Para algumas doses indicadas abaixo (doses inferiores a 500 mg) é necessário o uso da suspensão oral, converse com seu médico ou farmacêutico em caso de dúvida. \n\n## **Dose para adultos e crianças acima de 40 kg** \n\n- Dose padrão: 500 mg (uma cápsula) três vezes ao dia (de 8 em 8 horas) nas infecções mais graves. \n\n- Tratamento com dosagem alta (máximo recomendável de 6 g ao dia em doses divididas): recomenda-se uma dose de 3 g (seis cápsulas) duas vezes ao dia (de 12 em 12 horas) em casos que requerem tratamento de infecção respiratória purulenta (com a presença de pus) grave ou recorrente. \n\n## **- Tratamento de curta duração (gonorreia): dose única de 3 g.**"", ""COMO DEVO USAR ESTE MEDICAMENTO?  \nModo de usar  \nSiga as orientações de seu médico sobre a maneira e a hora correta de tomar o medicamento. Ele vai decidir a \nquantidade diária que você precisa e o tempo durante o qual você deve usar o medicamento.  \nLeia esta bula com cautela. Se você tiver alguma dúvida, fale com seu médico.  \nRecomenda-se ingerir o medicamento nas refeições, embora ele continue eficaz mesmo que você o tome em outros \nhorários.  \nContinue tomando este medicamento até o fim do tratamento prescrito pelo médico. Não pare somente porque se sente \nmelhor.  \n \nPreparo da suspensão  \n1. Verifique se o selo está intacto antes do uso do produto \n2. Para soltar o pó que fica no fundo do frasco, agite-o antes de abri-lo. Isso facilitará a reconstituição.  \n3. Ponha água filtrada no frasco até a marca indicada e agite-o bem para misturar totalmente o pó com a água.  \n4. Se a mistura não atingir a marca indicada, espere a espuma baixar e complete (lentamente) com água filtrada. Agite de \nnovo o frasco e espere a espuma baixar até que a solução atinja exatamente a marca indicada.  \nUtilize a colher dosadora para tomar o medicamento.  \nA suspensão oral, após a reconstituição, ficará estável por 14 dias se for conservada em geladeira (entre 2 oC e 8oC). \n \nAgite a suspensão oral antes de usá-la.  "", ""COMO DEVO USAR ESTE MEDICAMENTO?  \nModo de usar  \nSiga as orientações de seu médico sobre a maneira e a hora correta de tomar o medicamento. Ele vai decidir a \nquantidade diária que você precisa e o tempo durante o qual você deve usar este medicamento.  \nLeia esta bula com cautela. Se você tiver alguma dúvida, fale com seu médico.  \nRecomenda-se ingerir o medicamento nas refeições, embora ele continue eficaz mesmo que você o tome em outros \nhorários.  \nContinue tomando este medicamento até o fim do tratamento prescrito pelo médico. Não pare somente porque se sente \nmelhor.  \nAs cápsulas devem ser ingeridas inteiras com água. Não as mastigue.   \n \nPosologia  \nAtenção! Para algumas doses indicadas abaixo (doses inferiores a 500 mg) é necessário o uso da suspensão oral, \nconverse com seu médico ou farmacêutico em caso de dúvida. \n \nDose para adultos e crianças acima de 40 kg  \n- Dose padrão: 500 mg (uma cápsula) três vezes ao dia (de 8 em 8 horas) nas infecções mais graves.  \n \n- Tratamento com dosagem alta (máximo recomendável de 6 g ao dia em doses divididas) : recomenda-se uma dose de 3 \ng (seis cápsulas) duas vezes ao dia (de 12 em 12 horas) em casos que requerem tratamento de infecção respiratória \npurulenta (com a presença de pus) grave ou recorrente.  \n \n- Tratamento de curta duração (gonorreia): dose única de 3 g.  \n \nErradicação de Helicobacter pylori: para combater o Helicobacter (bactéria que ataca o estômago e o duodeno), \nrecomenda-se o uso de Amoxil® no esquema de 1 g duas vezes ao dia (de 12 em 12 horas), em associação com um \nmedicamento conhecido como inibidor da bomba de prótons (exemplo: omeprazol , lanzoprazol ) e outro agente \nantimicrobiano (por exemplo claritromicina, metronidazol), por 7 dias.  \n \nPacientes com insuficiência renal (dos rins)  \nNa insuficiência renal, a eliminação do antibiótico é mais lenta. Conforme o grau dessa condição, seu médico pode \nindicar a redução da dose diária total de acordo com o esquema descrito a seguir.  \n \nAdultos e crianças acima de 40 kg  \n- insuficiência leve: nenhuma alteração de dose;  \n- insuficiência moderada: máximo de 500 mg (uma cápsula) duas vezes ao dia (de 12 em 12 horas);  \n- insuficiência grave: máximo de 500 mg (uma cápsula) ao dia.  "", ""Modelo de Texto de Bula – Pacientes \nAmoxil® Pó para suspensão oral \n \n5 \n \nSiga a orientação de seu médico, respeitando sempre os horários, as doses e a duração do tratamento.  \nNão interrompa o tratamento sem o conhecimento de seu médico.  \n \n7."", ""  \n \nModelo de Texto de Bula – Pacientes \nAmoxil® Cápsulas \n \n4 \n \n \nPacientes que recebem diálise peritoneal  \nUsa-se a mesma posologia indicada para pacientes com insuficiência renal grave. A diálise peritoneal (processo de \nlimpeza das substâncias tóxicas do organismo através do peritônio, membrana que envolve o abdômen) não remove a \namoxicilina do corpo.  \n \nPacientes que recebem hemodiálise  \nUsa-se a mesma posologia indicada para pacientes com insuficiência renal grave.  \nA amoxicilina é removida do sangue por hemodiálise (processo que substitui os rins na filtragem sanguínea). Portanto, \numa dose adicional (500 mg para adultos  e crianças acima de 40kg ou 15 mg/kg para crianças abaixo de 40 kg) pode ser \nadministrada durante e no final de cada diálise.  \nSeu médico poderá indicar tratamento por via parenteral (feito com aplicação de injeções intravenosas, intramusculares \nou subcutâneas) nos casos em que a via oral for considerada inadequada (particularmente nos tratamentos urgentes de \ninfecções graves).  \nConforme o grau de insuficiência renal, talvez seu médico ache necessário reduzir a dose diária total.  \n \nSiga a orientação de seu médico, respeitando sempre os horários, as doses e a duração do tratamento.   \nNão interrompa o tratamento sem o conhecimento de seu médico.  \nEste medicamento não deve ser partido ou mastigado.  \n \n7. "", ""## **Pacientes que recebem hemodiálise** \n\nUsa-se a mesma posologia indicada para pacientes com insuficiência renal grave. \n\nA amoxicilina é removida do sangue por hemodiálise (processo que substitui os rins na filtragem sanguínea). Portanto, uma dose adicional (500 mg para adultos e crianças acima de 40kg ou 15 mg/kg para crianças abaixo de 40 kg) pode ser administrada durante e no final de cada diálise. \n\nSeu médico poderá indicar tratamento por via parenteral (feito com aplicação de injeções intravenosas, intramusculares ou subcutâneas) nos casos em que a via oral for considerada inadequada (particularmente nos tratamentos urgentes de infecções graves). \n\nConforme o grau de insuficiência renal, talvez seu médico ache necessário reduzir a dose diária total. \n\n**Siga a orientação de seu médico, respeitando sempre os horários, as doses e a duração do tratamento. Não interrompa o tratamento sem o conhecimento de seu médico. Este medicamento não deve ser partido ou mastigado.** \n\n## **"", ""O QUE DEVO SABER ANTES DE USAR ESTE MEDICAMENTO?  \nAntes de iniciar o tratamento com Amoxil, informe seu médico: \n- se você já apresentou reação alérgica a algum antibiótico. Isso pode incluir reações na pele ou inchaço na face ou \npescoço ou dores no peito. \n- se você apresenta febre glandular. \n- se você toma medicamentos usados para prevenir coágulos sanguíneos (anticoagulantes), tais como varfarina, o seu \nmédico fará um monitoramento e, se necessário, poderá sugerir ajustes na dose dos anticoagulantes. \n- se você apresenta problema nos rins. \n- se você não estiver urinando regularmente. \n- se você já teve diarreia durante ou após o uso de antibióticos."", ""  \n \nModelo de Texto de Bula – Pacientes \nAmoxil® Pó para suspensão oral \n \n4 \n \nPosologia  \n \nDose para adultos e crianças acima de 40 kg  \nDose padrão: 250 mg três vezes ao dia (de 8 em 8 horas), podendo ser aumentada para 500 mg três vezes ao dia (de 8 em \n8 horas) nas infecções mais graves.  \n \nTratamento com dosagem alta (máximo recomendável de 6 g ao dia em doses divididas)   \nRecomenda-se uma dose de 3g duas vezes ao dia (de 12 em 12 horas) nos casos que requerem tratamento de infecção \nrespiratória purulenta (com a presença de pus) grave ou recorrente.  \n \nTratamento de curta duração  \nGonorreia: dose única de 3 g. \n \nErradicação de Helicobacter pylori em úlcera péptica (no duodeno ou no estômago)  \nPara combater o Helicobacter (bactéria que ataca o estômago e o duodeno), recomenda -se o uso de Amoxil® no \nesquema de 750 mg a 1 g duas vezes ao dia, em associação com um inibidor da bomba de prótons (exemplo: omeprazol , \nlanzoprazol) e outro agente antimicrobiano (por exemplo claritromicina, metronidazol), por 7 dias.  \n \nDose para crianças abaixo de 40 kg  \nDose padrão para crianças: 20 a 50 mg/kg/dia em doses divididas (de 8 em 8 horas), até um máximo de 150 mg/kg/dia \nem doses divididas. \n \nPacientes com insuficiência renal (dos rins)  \nNa insuficiência renal, a eliminação do antibiótico é mais lenta. Conforme o grau dessa condição, seu médico pode \nindicar a redução da dose diária total de acordo com o esquema descrito a seguir.  \n \nAdultos e crianças acima de 40 kg  \n- insuficiência leve: nenhuma alteração de dose;  \n- insuficiência moderada: máximo de 500 mg duas vezes ao dia (de 12 em 12 horas);  \n- insuficiência grave: máximo de 500 mg uma vez ao dia.  \n \nCrianças abaixo de 40 kg  \n- insuficiência leve: nenhuma alteração de dose;  \n- insuficiência moderada: 15 mg/kg duas vezes ao dia (de 12/12 horas); (no máximo de 500mg duas vezes ao dia);  \n- insuficiência grave: 15 mg/kg uma vez ao dia. (no máximo de 500mg). \n \nPacientes que recebem diálise peritoneal  \nUsa-se a mesma posologia indicada para pacientes com insuficiência renal grave. A diálise peritoneal (processo de \nlimpeza das substâncias tóxicas do organismo através do peritônio, membrana que envolve o abdômen) não remove a \namoxicilina do corpo.  \n \nPacientes que recebem hemodiálise  \nUsa-se a mesma posologia indicada para pacientes com insuficiência renal grave.  \nA amoxicilina é removida do sangue por hemodiálise (processo que substitui os rins na filtragem sanguínea). Portanto, \numa dose adicional (500 mg para adultos  e crianças acima de 40kg ou 15 mg/kg para crianças abaixo de 40 kg) pode ser \nadministrada durante e no final de cada diálise.  \nSeu médico poderá indicar tratamento por via parenteral (feito com aplicação de injeções intravenosas, intramusculares \nou subcutâneas) nos casos em que a via oral for considerada inadequada (particularmente nos tratamentos urgentes de \ninfecções graves).  \nConforme o grau de insuficiência renal, talvez seu médico ache necessário reduzir a dose diária total.  \n "", ""## **- Tratamento de curta duração (gonorreia): dose única de 3 g.** \n\n**Erradicação de** _**Helicobacter pylori:**_ para combater o _Helicobacter_ (bactéria que ataca o estômago e o duodeno), recomenda-se o uso de Amoxil[®] no esquema de 1 g duas vezes ao dia (de 12 em 12 horas), em associação com um medicamento conhecido como inibidor da bomba de prótons (exemplo: omeprazol, lanzoprazol) e outro agente antimicrobiano (por exemplo claritromicina, metronidazol), por 7 dias. \n\n## **Pacientes com insuficiência renal (dos rins)** \n\nNa insuficiência renal, a eliminação do antibiótico é mais lenta. Conforme o grau dessa condição, seu médico pode indicar a redução da dose diária total de acordo com o esquema descrito a seguir. \n\nAdultos e crianças acima de 40 kg \n\n- insuficiência leve: nenhuma alteração de dose; \n\n- insuficiência moderada: máximo de 500 mg (uma cápsula) duas vezes ao dia (de 12 em 12 horas); \n\n- insuficiência grave: máximo de 500 mg (uma cápsula) ao dia. \n\n3 \n\n**==> picture [87 x 28] intentionally omitted <==**\n\n## Modelo de Texto de Bula – Pacientes Amoxil[®] Cápsulas \n\n## **Pacientes que recebem diálise peritoneal** \n\nUsa-se a mesma posologia indicada para pacientes com insuficiência renal grave. A diálise peritoneal (processo de limpeza das substâncias tóxicas do organismo através do peritônio, membrana que envolve o abdômen) não remove a amoxicilina do corpo. \n\n## **Pacientes que recebem hemodiálise** \n\nUsa-se a mesma posologia indicada para pacientes com insuficiência renal grave."", ""IDENTIFICAÇÃO DO MEDICAMENTO** \n\n**Amoxil**[] \n\namoxicilina \n\n## **APRESENTAÇÕES** \n\nCápsulas de 500 mg em embalagem com 15, 21 ou 30 unidades. \n\n## **USO ORAL** \n\n## **USO ADULTO E PEDIÁTRICO (ACIMA DE 40 KG)** \n\n## **COMPOSIÇÃO** \n\nCada cápsula contém: amoxicilina ................................................................................................................................................................ 500 mg (equivalentes a 575 mg de amoxicilina tri-hidratada) Excipiente[1] q.s.p. .................................................................................................................................................... 1 cápsula \n\n- 1Excipiente: estearato de magnésio. \n\nComposição da cápsula: gelatina, vermelho de eritrosina, azul de indigotina, dióxido de titânio, óxido de ferro amarelo. \n\n## **II) INFORMAÇÕES AO PACIENTE** \n\n## **"", ""IDENTIFICAÇÃO DO MEDICAMENTO  \nAmoxil  \namoxicilina  \n \nAPRESENTAÇÕES  \nCápsulas de 500 mg em embalagem com 15, 21 ou 30 unidades.  \n \nUSO ORAL  \nUSO ADULTO E PEDIÁTRICO (ACIMA DE 40 KG) \n \nCOMPOSIÇÃO \nCada cápsula contém:  \namoxicilina ................................................................................................................................................................ 500 mg  \n(equivalentes a 575 mg de amoxicilina tri-hidratada)  \nExcipiente1 q.s.p. .................................................................................................................................................... 1 cápsula \n \n1Excipiente: estearato de magnésio.  \n \nComposição da cápsula: gelatina, vermelho de eritrosina, azul de indigotina, dióxido de titânio, óxido de ferro amarelo .  \n \nII) INFORMAÇÕES AO PACIENTE  \n \n1."", ""IDENTIFICAÇÃO DO MEDICAMENTO   \nAmoxil  \namoxicilina  \n \nAPRESENTAÇÕES  \nAmoxil pó para s uspensão oral é apresentado em  embalagem com frasco de 150 mL (250 mg/5 mL e 500 mg/5 mL) \nacompanhado de colher dosadora.  \n \nUSO ORAL  \nUSO ADULTO E PEDIÁTRICO  \n \nCOMPOSIÇÃO  \n \nCada dose de 5 mL de suspensão oral com 250 mg/5 mL contém:  \namoxicilina...................................................................................................................................................................250mg  \n(equivalentes a 287 mg de amoxicilina tri-hidratada)  \nveículo* q.s.p. .................................................................................................................................................................5 mL  \n \nCada dose de 5 mL de suspensão oral com 500 mg/5 mL contém:  \namoxicilina..................................................................................................................................................................500 mg  \n(equivalentes a 574 mg de amoxicilina tri-hidratada)  \nveículo* q.s.p. .................................................................................................................................................................5 mL  \n*Veículo: crospovidona, goma xantana, carmelose sódica, benzoato de sódio, sílica coloidal, estearato de magnésio, \nsabor de limão-pêssego-morango e aspartamo.  \n \nII) INFORMAÇÕES AO PACIENTE   \n \n1. ""]",101.005,53.698
agentic_rag,ollama:gemma4:e4b,AMOXIL,Por que o tratamento de erradicação de Helicobacter pylori com Amoxil exige associação com um inibidor da bomba de prótons e outro antimicrobiano?,medio,"Embora Amoxil atue destruindo as bactérias, para erradicar Helicobacter pylori é preciso reduzir a acidez gástrica — via inibidor da bomba de prótons — e usar um segundo agente antimicrobiano, aumentando assim a eficácia do esquema terapêutico.","COMO ESTE MEDICAMENTO FUNCIONA?

COMO DEVO USAR ESTE MEDICAMENTO?","De acordo com a bula do medicamento AMOXIL, consta a seguinte informação: Na bula consultada de AMOXIL, não constam informações sobre essa pergunta.

---
*Esta resposta se baseia apenas nos trechos da bula recuperados e não substitui orientação médica ou farmacêutica.*","De acordo com a bula do medicamento AMOXIL, consta a seguinte informação: Na bula consultada de AMOXIL, não constam informações sobre essa pergunta.","PARA QUE ESTE MEDICAMENTO É INDICADO?, COMO ESTE MEDICAMENTO FUNCIONA?",,"[""PARA QUE ESTE MEDICAMENTO É INDICADO?  \nAmoxil®, antibiótico eficaz contra grande variedade de bactérias, é indicado para tratamento de infecções bacterianas \ncausadas por germes sensíveis à ação da amoxicilina. Entretanto, seu médico pode receitar este medicamento para outro \nuso. Se desejar mais informações, pergunte ao seu médico.  \n \n2."", ""PARA QUE ESTE MEDICAMENTO É INDICADO?   \nAmoxil®, um antibiótico eficaz contra grande variedade de bactérias, é indicado para tratamento de infecções \nbacterianas causadas por germes sensíveis à ação da amoxicilina. Entretanto, seu médico pode receitar este medicamento \npara outro uso. Se desejar mais informações, pergunte ao seu médico.  \n \n2."", ""1. PARA QUE ESTE MEDICAMENTO É INDICADO?** \n\n**Amoxil[®]** , antibiótico eficaz contra grande variedade de bactérias, é indicado para tratamento de infecções bacterianas causadas por germes sensíveis à ação da amoxicilina. Entretanto, seu médico pode receitar este medicamento para outro uso. Se desejar mais informações, pergunte ao seu médico. \n\n## **"", ""COMO ESTE MEDICAMENTO FUNCIONA?  \nAmoxil® contém uma penicilina chamada amoxicilina como ingrediente ativo. A amoxicilina pertence ao grupo dos \nantibióticos penicilânicos. Amoxil® é usado no tratamento de uma gama de infecções causadas por bactérias, que podem \nmanifestar-se nos pulmões (pneumonia e bronquite), nas amígdalas (amigdalite), nos seios da face (sinusite), no trato \nurinário e genital, na pele e nas mucosas. Amoxil® atua destruindo as bactérias que causam essas infecções.  \n \n3."", ""COMO ESTE MEDICAMENTO FUNCIONA?  \nAmoxil® contém uma penicilina chamada amoxicilina como ingrediente ativo. A amoxicilina pertence ao grupo dos \nantibióticos penicilânicos. Amoxil® é usado no tratamento de uma gama de infecções causadas por bactérias, que podem \nmanifestar-se nos pulmões (pneumonia e bronquite), nas amígdalas (amigdalite), nos seios da face (sinusite), no trato \nurinário e genital, na pele e nas mucosas. Amoxil® atua destruindo as bactérias que causam essas infecções.  \n \n3."", ""2. COMO ESTE MEDICAMENTO FUNCIONA?** \n\n**Amoxil[®]** contém uma penicilina chamada amoxicilina como ingrediente ativo. A amoxicilina pertence ao grupo dos antibióticos penicilânicos. **Amoxil[®]** é usado no tratamento de uma gama de infecções causadas por bactérias, que podem manifestar-se nos pulmões (pneumonia e bronquite), nas amígdalas (amigdalite), nos seios da face (sinusite), no trato urinário e genital, na pele e nas mucosas. **Amoxil[®]** atua destruindo as bactérias que causam essas infecções. \n\n## **"", ""IDENTIFICAÇÃO DO MEDICAMENTO** \n\n**Amoxil**[] \n\namoxicilina \n\n## **APRESENTAÇÕES** \n\nCápsulas de 500 mg em embalagem com 15, 21 ou 30 unidades. \n\n## **USO ORAL** \n\n## **USO ADULTO E PEDIÁTRICO (ACIMA DE 40 KG)** \n\n## **COMPOSIÇÃO** \n\nCada cápsula contém: amoxicilina ................................................................................................................................................................ 500 mg (equivalentes a 575 mg de amoxicilina tri-hidratada) Excipiente[1] q.s.p. .................................................................................................................................................... 1 cápsula \n\n- 1Excipiente: estearato de magnésio. \n\nComposição da cápsula: gelatina, vermelho de eritrosina, azul de indigotina, dióxido de titânio, óxido de ferro amarelo. \n\n## **II) INFORMAÇÕES AO PACIENTE** \n\n## **"", ""IDENTIFICAÇÃO DO MEDICAMENTO  \nAmoxil  \namoxicilina  \n \nAPRESENTAÇÕES  \nCápsulas de 500 mg em embalagem com 15, 21 ou 30 unidades.  \n \nUSO ORAL  \nUSO ADULTO E PEDIÁTRICO (ACIMA DE 40 KG) \n \nCOMPOSIÇÃO \nCada cápsula contém:  \namoxicilina ................................................................................................................................................................ 500 mg  \n(equivalentes a 575 mg de amoxicilina tri-hidratada)  \nExcipiente1 q.s.p. .................................................................................................................................................... 1 cápsula \n \n1Excipiente: estearato de magnésio.  \n \nComposição da cápsula: gelatina, vermelho de eritrosina, azul de indigotina, dióxido de titânio, óxido de ferro amarelo .  \n \nII) INFORMAÇÕES AO PACIENTE  \n \n1."", ""IDENTIFICAÇÃO DO MEDICAMENTO   \nAmoxil  \namoxicilina  \n \nAPRESENTAÇÕES  \nAmoxil pó para s uspensão oral é apresentado em  embalagem com frasco de 150 mL (250 mg/5 mL e 500 mg/5 mL) \nacompanhado de colher dosadora.  \n \nUSO ORAL  \nUSO ADULTO E PEDIÁTRICO  \n \nCOMPOSIÇÃO  \n \nCada dose de 5 mL de suspensão oral com 250 mg/5 mL contém:  \namoxicilina...................................................................................................................................................................250mg  \n(equivalentes a 287 mg de amoxicilina tri-hidratada)  \nveículo* q.s.p. .................................................................................................................................................................5 mL  \n \nCada dose de 5 mL de suspensão oral com 500 mg/5 mL contém:  \namoxicilina..................................................................................................................................................................500 mg  \n(equivalentes a 574 mg de amoxicilina tri-hidratada)  \nveículo* q.s.p. .................................................................................................................................................................5 mL  \n*Veículo: crospovidona, goma xantana, carmelose sódica, benzoato de sódio, sílica coloidal, estearato de magnésio, \nsabor de limão-pêssego-morango e aspartamo.  \n \nII) INFORMAÇÕES AO PACIENTE   \n \n1. ""]",118.209,55.866
agentic_rag,ollama:gemma4:e4b,AMOXIL,Por que pacientes com fenilcetonúria devem usar Amoxil em suspensão oral com cautela?,medio,"Porque a fórmula da suspensão oral contém aspartamo, fonte de fenilalanina, podendo agravar a fenilcetonúria se usado sem controle.","IDENTIFICAÇÃO DO MEDICAMENTO

O QUE DEVO SABER ANTES DE USAR ESTE MEDICAMENTO?","De acordo com a bula do medicamento AMOXIL, consta a seguinte informação: A suspensão oral de Amoxil contém aspartamo, que é uma fonte de fenilalanina e deve ser usada com cautela em pacientes com fenilcetonúria.

---
*Esta resposta se baseia apenas nos trechos da bula recuperados e não substitui orientação médica ou farmacêutica.*","De acordo com a bula do medicamento AMOXIL, consta a seguinte informação: A suspensão oral de Amoxil contém aspartamo, que é uma fonte de fenilalanina e deve ser usada com cautela em pacientes com fenilcetonúria.","QUANDO NÃO DEVO USAR ESTE MEDICAMENTO?, O QUE DEVO SABER ANTES DE USAR ESTE MEDICAMENTO?",,"[""QUANDO NÃO DEVO USAR ESTE MEDICAMENTO?  \nEste medicamento não pode ser usado por pessoas alérgicas à amoxicilina, a outros antibióticos penicilínicos ou \nantibióticos similares, chamados cefalosporinas. Se você já teve uma reação alérgica (como erupções da pele) ao tomar \num antibiótico, deve conversar com seu médico antes de usar Amoxil®.  \n \n4. O QUE DEVO SABER ANTES DE USAR ESTE MEDICAMENTO?  \nAmoxil suspensão cont ém aspartamo, que é fonte de fenilalanina e deve ser usado com cautela em pacientes com \nfenilcetonúria. Informe seu médico caso você tenha uma doença chamada fenilcetonúria. \nAntes de iniciar o tratamento com Amoxil, informe seu médico: \n- se você já apresentou reação alérgica a algum antibiótico. Isso pode incluir reações na pele ou inchaço na face ou \npescoço ou dores no peito."", ""Modelo de Texto de Bula – Pacientes \nAmoxil® Pó para suspensão oral \n \n3 \n \nInforme seu médico ou cirurgião-dentista se você está fazendo uso de algum outro medicamento.  \nNão use medicamento sem o conhecimento de seu médico. Pode ser perigoso para sua saúde.   \n \nÉ importante utilizar este medicamento durante todo o tempo prescrito pelo profissional de saúde habilitado, \nmesmo que os sinais e sintomas da infecção tenham desaparecido, pois isso não significa a cura. A interrupção do \ntratamento pode contribuir para o aparecimento de infecções mais graves.  \n \n5."", ""QUANDO NÃO DEVO USAR ESTE MEDICAMENTO?  \nEste medicamento não pode ser administrado nem ingerido por pessoas  alérgicas à amoxicilina, a outros antibióticos \npenicilínicos ou antibióticos similares, chamados cefalosporinas. Se você já teve uma reação alérgica (como erupções da \npele) ao tomar um antibiótico, deve conversar com seu médico antes de usar Amoxil®.  \n \n4."", ""  \n \nModelo de Texto de Bula – Pacientes \nAmoxil® Pó para suspensão oral \n \n2 \n \n- se você apresenta febre glandular. \n- se você toma medicamentos usados para prevenir coágulos sanguíneos (anticoagulantes), tais como varfarina,  o seu \nmédico fará um monitoramento e, se necessário, poderá sugerir ajustes na dose dos anticoagulantes. \n- se você apresenta problema nos rins. \n- se você não estiver urinando regularmente. \n- se você já teve diarreia durante ou após o uso de antibióticos. \n \nO uso prolongado também pode resultar, ocasionalmente, em supercrescimento de microrganismos resistentes a \nAmoxil®. \n \nAmoxil® pode piorar algumas condições existentes ou causar efeitos colaterais graves, como reações alérgicas severas, \nreações cutâneas severas, dor no peito, vômitos repetitivos dentro de 1 a 4 horas após a administração de Amoxil® ou \ndiarreia grave (colite pseudomembranosa). Você deve estar atento a determinados sintomas enquanto estiver recebendo \nAmoxil® para ajudar a reduzir o risco de quaisquer problemas. \n \nEfeitos sobre a capacidade de dirigir veículos e de operar máquinas  \nNão se observaram efeitos adversos sobre a capacidade de dirigir veículos e de operar máquinas.  \n \nGravidez e amamentação  \nAmoxil® pode ser usado na gravidez desde que os benefícios potenciais sejam maiores que os riscos potenciais \nassociados ao tratamento. Informe seu médico se você estiver grávida ou suspeitar que está grávida. Você não deve \ntomar este medicamento se estiver grávida, exceto se seu médico recomendar.  \nVocê pode amamentar seu bebê enquanto estiver tomando Amoxil®, mas há excreção de quantidades mínimas de \namoxicilina no leite materno. Se você estiver amamentando, informe ao seu médico antes de iniciar o tratamento com \nAmoxil®. \n \nEste medicamento não deve ser utilizado por mulheres grávidas sem orientação médica ou do cirurgião-dentista.  \n \nUso compatível com o aleitamento ou doação de leite humano. O uso desse medicamento não interfere no \naleitamento do bebê. \n \nAtenção: Contém fenilalanina. \n \nEste produto contém benzoato de sódio, que pode causar reações alérgicas, como asma, especialmente em pessoas \nalérgicas ao ácido acetilsalicílico. \n \nUso em idosos, crianças e outros grupos de risco  \nAs recomendações especiais se referem às dosagens (ver Posologia, em Como Devo Usar Este Medicamento?).  \nNão há contraindicação relativa a faixas etárias.  \n \nInterações medicamentosas  \nAlguns medicamentos podem causar efeitos indesejáveis se você os ingerir durante o tratamento com Amoxil®. Não \ndeixe de avisar seu médico caso você esteja tomando:  \n- medicamentos usados no tratamento de gota (probenecida ou alopurinol);  \n- outros antibióticos;  \n- pílulas anticoncepcionais (como acontece com outros antibióticos, talvez sejam necessárias precauções adicionais para \nevitar a gravidez);  \n- anticoagulantes; \n- metotrexato (usado para tratar doenças como câncer e psoríase grave). \nA alimentação não interfere na ação de Amoxil®, que pode ser ingerido nas refeições.  \n "", ""  \n \nModelo de Texto de Bula – Pacientes \nAmoxil® Cápsulas \n \n2 \n \nO uso prolongado também pode resultar, ocasionalmente, em supercrescimento de microrganismos resistentes a \nAmoxil®. \n \nAmoxil® pode piorar algumas condições existentes ou causar efeitos colaterais graves, como reações alérgicas severas, \nreações cutâneas severas, dor no peito, vômitos repetitivos dentro de 1 a 4 horas após a administração de Amoxil® ou \ndiarreia grave (colite pseudomembranosa). Você deve estar atento a determinados sintomas enquanto estiver recebendo \nAmoxil® para ajudar a reduzir o risco de quaisquer problemas. \n \nEfeitos sobre a capacidade de dirigir veículos e de operar máquinas  \nNão se observaram efeitos adversos sobre a capacidade de dirigir veículos e de operar máquinas.  \n \nGravidez e amamentação  \nAmoxil® pode ser usado na gravidez desde que os benefícios potenciais sejam maiores que os riscos potenciais \nassociados ao tratamento. Informe seu médico se você estiver grávida ou suspeitar que está grávida. Você não deve \ntomar este medicamento se estiver grávida, exceto se seu médico recomendar.  \nVocê pode amamentar seu bebê enquanto estiver tomando Amoxil®, mas há excreção de quantidades mínimas de \namoxicilina no leite materno. Se você estiver amamentando, informe ao seu médico antes de iniciar o tratamento com \nAmoxil®.  \n \nEste medicamento não deve ser utilizado por mulheres grávidas sem orientação médica ou do cirurgião-dentista.  \n \nUso compatível com o aleitamento ou doação de leite humano. O uso desse medicamento não interfere no \naleitamento do bebê. \n \nUso em idosos, crianças e outros grupos de risco  \nAs recomendações especiais se referem às doses (ver Posologia, em Como Devo Usar Este Medicamento?).  \n \nInterações Medicamentosas  \nAlguns medicamentos podem causar efeitos indesejáveis se você os ingerir durante o tratamento com Amoxil®. Não \ndeixe de avisar seu médico caso você esteja tomando:  \n- medicamentos usados no tratamento de gota (probenecida ou alopurinol);  \n- outros antibióticos;  \n- pílulas anticoncepcionais (como acontece com outros antibióticos, talvez sejam necessárias precauções adicionais para \nevitar a gravidez);  \n- anticoagulantes; \n- metotrexato (usado para tratar doenças como câncer e psoríase grave).   \nA alimentação não interfere na ação de Amoxil®, que pode ser ingerido nas refeições.  \n \nInforme ao seu médico ou cirurgião-dentista se você está fazendo uso de algum outro medicamento.  \nNão use medicamento sem o conhecimento do seu médico. Pode ser perigoso para a sua saúde.   \n \nAtenção: Contém os corantes vermelho de eritrosina, azul de indigotina, dióxido de titânio  e óxido de ferro \namarelo que podem, eventualmente, causar reações alérgicas. \n \nÉ importante utilizar este medicamento durante todo o tempo prescrito pelo profissional de saúde habilitado, \nmesmo que os sinais e sintomas da infecção tenham desaparecido, pois isso não significa a cura. A interrupção do \ntratamento pode contribuir para o aparecimento de infecções mais graves.   \n \n5. "", ""**Atenção: Contém os corantes vermelho de eritrosina, azul de indigotina, dióxido de titânio e óxido de ferro amarelo que podem, eventualmente, causar reações alérgicas.** \n\n**É importante utilizar este medicamento durante todo o tempo prescrito pelo profissional de saúde habilitado, mesmo que os sinais e sintomas da infecção tenham desaparecido, pois isso não significa a cura. A interrupção do tratamento pode contribuir para o aparecimento de infecções mais graves.** \n\n## **"", ""## **Este medicamento não deve ser utilizado por mulheres grávidas sem orientação médica ou do cirurgião-dentista.** \n\n**Uso compatível com o aleitamento ou doação de leite humano. O uso desse medicamento não interfere no aleitamento do bebê.** \n\n## **Uso em idosos, crianças e outros grupos de risco** \n\nAs recomendações especiais se referem às doses . \n\n## **Interações Medicamentosas** \n\nAlguns medicamentos podem causar efeitos indesejáveis se você os ingerir durante o tratamento com **Amoxil[®]** . Não deixe de avisar seu médico caso você esteja tomando: \n\n- medicamentos usados no tratamento de gota (probenecida ou alopurinol); \n\n- outros antibióticos; \n\n- pílulas anticoncepcionais (como acontece com outros antibióticos, talvez sejam necessárias precauções adicionais para evitar a gravidez); \n\n- anticoagulantes; \n\n- metotrexato (usado para tratar doenças como câncer e psoríase grave). A alimentação não interfere na ação de **Amoxil[®]** , que pode ser ingerido nas refeições. \n\n**Informe ao seu médico ou cirurgião-dentista se você está fazendo uso de algum outro medicamento. Não use medicamento sem o conhecimento do seu médico. Pode ser perigoso para a sua saúde.** \n\n**Atenção: Contém os corantes vermelho de eritrosina, azul de indigotina, dióxido de titânio e óxido de ferro amarelo que podem, eventualmente, causar reações alérgicas.**"", ""1 \n\n**==> picture [87 x 28] intentionally omitted <==**\n\n## Modelo de Texto de Bula – Pacientes Amoxil[®] Cápsulas \n\nO uso prolongado também pode resultar, ocasionalmente, em supercrescimento de microrganismos resistentes a **Amoxil[®]** . \n\n**Amoxil[®]** pode piorar algumas condições existentes ou causar efeitos colaterais graves, como reações alérgicas severas, reações cutâneas severas, dor no peito, vômitos repetitivos dentro de 1 a 4 horas após a administração de **Amoxil[®]** ou diarreia grave (colite pseudomembranosa). Você deve estar atento a determinados sintomas enquanto estiver recebendo **Amoxil[®]** para ajudar a reduzir o risco de quaisquer problemas. \n\n## **Efeitos sobre a capacidade de dirigir veículos e de operar máquinas** \n\nNão se observaram efeitos adversos sobre a capacidade de dirigir veículos e de operar máquinas. \n\n## **Gravidez e amamentação** \n\n**Amoxil[®]** pode ser usado na gravidez desde que os benefícios potenciais sejam maiores que os riscos potenciais associados ao tratamento. Informe seu médico se você estiver grávida ou suspeitar que está grávida. Você não deve tomar este medicamento se estiver grávida, exceto se seu médico recomendar. \n\nVocê pode amamentar seu bebê enquanto estiver tomando **Amoxil[®]** , mas há excreção de quantidades mínimas de amoxicilina no leite materno. Se você estiver amamentando, informe ao seu médico antes de iniciar o tratamento com **Amoxil[®]** . \n\n## **Este medicamento não deve ser utilizado por mulheres grávidas sem orientação médica ou do cirurgião-dentista.**"", ""3. QUANDO NÃO DEVO USAR ESTE MEDICAMENTO?** \n\nEste medicamento não pode ser administrado nem ingerido por pessoas alérgicas à amoxicilina, a outros antibióticos penicilínicos ou antibióticos similares, chamados cefalosporinas. Se você já teve uma reação alérgica (como erupções da pele) ao tomar um antibiótico, deve conversar com seu médico antes de usar **Amoxil[®] .** \n\n## **4. O QUE DEVO SABER ANTES DE USAR ESTE MEDICAMENTO** ? \n\nAntes de iniciar o tratamento com **Amoxil**[] , informe seu médico: \n\n- se você já apresentou reação alérgica a algum antibiótico. Isso pode incluir reações na pele ou inchaço na face ou pescoço ou dores no peito. \n\n- se você apresenta febre glandular. \n\n- se você toma medicamentos usados para prevenir coágulos sanguíneos (anticoagulantes), tais como varfarina, o seu médico fará um monitoramento e, se necessário, poderá sugerir ajustes na dose dos anticoagulantes. \n\n- se você apresenta problema nos rins. \n\n- se você não estiver urinando regularmente. \n\n- se você já teve diarreia durante ou após o uso de antibióticos. \n\n1 \n\n**==> picture [87 x 28] intentionally omitted <==**\n\n## Modelo de Texto de Bula – Pacientes Amoxil[®] Cápsulas \n\nO uso prolongado também pode resultar, ocasionalmente, em supercrescimento de microrganismos resistentes a **Amoxil[®]** ."", ""O QUE DEVO SABER ANTES DE USAR ESTE MEDICAMENTO?  \nAntes de iniciar o tratamento com Amoxil, informe seu médico: \n- se você já apresentou reação alérgica a algum antibiótico. Isso pode incluir reações na pele ou inchaço na face ou \npescoço ou dores no peito. \n- se você apresenta febre glandular. \n- se você toma medicamentos usados para prevenir coágulos sanguíneos (anticoagulantes), tais como varfarina, o seu \nmédico fará um monitoramento e, se necessário, poderá sugerir ajustes na dose dos anticoagulantes. \n- se você apresenta problema nos rins. \n- se você não estiver urinando regularmente. \n- se você já teve diarreia durante ou após o uso de antibióticos."", ""IDENTIFICAÇÃO DO MEDICAMENTO** \n\n**Amoxil**[] \n\namoxicilina \n\n## **APRESENTAÇÕES** \n\nCápsulas de 500 mg em embalagem com 15, 21 ou 30 unidades. \n\n## **USO ORAL** \n\n## **USO ADULTO E PEDIÁTRICO (ACIMA DE 40 KG)** \n\n## **COMPOSIÇÃO** \n\nCada cápsula contém: amoxicilina ................................................................................................................................................................ 500 mg (equivalentes a 575 mg de amoxicilina tri-hidratada) Excipiente[1] q.s.p. .................................................................................................................................................... 1 cápsula \n\n- 1Excipiente: estearato de magnésio. \n\nComposição da cápsula: gelatina, vermelho de eritrosina, azul de indigotina, dióxido de titânio, óxido de ferro amarelo. \n\n## **II) INFORMAÇÕES AO PACIENTE** \n\n## **"", ""IDENTIFICAÇÃO DO MEDICAMENTO  \nAmoxil  \namoxicilina  \n \nAPRESENTAÇÕES  \nCápsulas de 500 mg em embalagem com 15, 21 ou 30 unidades.  \n \nUSO ORAL  \nUSO ADULTO E PEDIÁTRICO (ACIMA DE 40 KG) \n \nCOMPOSIÇÃO \nCada cápsula contém:  \namoxicilina ................................................................................................................................................................ 500 mg  \n(equivalentes a 575 mg de amoxicilina tri-hidratada)  \nExcipiente1 q.s.p. .................................................................................................................................................... 1 cápsula \n \n1Excipiente: estearato de magnésio.  \n \nComposição da cápsula: gelatina, vermelho de eritrosina, azul de indigotina, dióxido de titânio, óxido de ferro amarelo .  \n \nII) INFORMAÇÕES AO PACIENTE  \n \n1."", ""IDENTIFICAÇÃO DO MEDICAMENTO   \nAmoxil  \namoxicilina  \n \nAPRESENTAÇÕES  \nAmoxil pó para s uspensão oral é apresentado em  embalagem com frasco de 150 mL (250 mg/5 mL e 500 mg/5 mL) \nacompanhado de colher dosadora.  \n \nUSO ORAL  \nUSO ADULTO E PEDIÁTRICO  \n \nCOMPOSIÇÃO  \n \nCada dose de 5 mL de suspensão oral com 250 mg/5 mL contém:  \namoxicilina...................................................................................................................................................................250mg  \n(equivalentes a 287 mg de amoxicilina tri-hidratada)  \nveículo* q.s.p. .................................................................................................................................................................5 mL  \n \nCada dose de 5 mL de suspensão oral com 500 mg/5 mL contém:  \namoxicilina..................................................................................................................................................................500 mg  \n(equivalentes a 574 mg de amoxicilina tri-hidratada)  \nveículo* q.s.p. .................................................................................................................................................................5 mL  \n*Veículo: crospovidona, goma xantana, carmelose sódica, benzoato de sódio, sílica coloidal, estearato de magnésio, \nsabor de limão-pêssego-morango e aspartamo.  \n \nII) INFORMAÇÕES AO PACIENTE   \n \n1. ""]",117.102,59.082
agentic_rag,ollama:gemma4:e4b,RIVOTRIL,"Em crianças com epilepsia, qual dose inicial de Rivotril é recomendada e que cuidado específico deve ser observado?",medio,"Para recém-nascidos e crianças até 10 anos (ou ≤30 kg), a dose inicial é de 0,01 a 0,03 mg/kg/dia (não exceder 0,05 mg/kg/dia), dividida em 2 a 3 tomadas. Deve-se observar que Rivotril pode aumentar a salivação e as secreções brônquicas em lactentes e crianças pequenas, sendo importante manter as vias aéreas livres.","COMO DEVO USAR ESTE MEDICAMENTO?

O QUE DEVO SABER ANTES DE USAR ESTE MEDICAMENTO?","De acordo com a bula do medicamento RIVOTRIL, consta a seguinte informação: Para crianças com distúrbios epilépticos, as doses iniciais variam conforme a faixa etária e peso:
*   **Recém-nascidos e crianças até 10 anos de idade ou 30kg de peso:** A dose inicial é de 0,01 a 0,03mg/kg/dia, não devendo exceder 0,05 mg/kg/dia, sendo dividida em 2 ou 3 doses diárias.
*   **Crianças entre 10 e 16 anos de idade:** A dose inicial é de 1 a 1,5 mg/dia, dividida em 2 a 3 doses.

Um cuidado específico fundamental é que não se deve parar de tomar Rivotril® subitamente, pois isso pode causar novas crises epilépticas; somente o médico poderá orientar a interrupção do tratamento reduzindo gradualmente a dose utilizada.

---
*Esta resposta se baseia apenas nos trechos da bula recuperados e não substitui orientação médica ou farmacêutica.*","De acordo com a bula do medicamento RIVOTRIL, consta a seguinte informação: Para crianças com distúrbios epilépticos, as doses iniciais variam conforme a faixa etária e peso:
*   **Recém-nascidos e crianças até 10 anos de idade ou 30kg de peso:** A dose inicial é de 0,01 a 0,03mg/kg/dia, não devendo exceder 0,05 mg/kg/dia, sendo dividida em 2 ou 3 doses diárias.
*   **Crianças entre 10 e 16 anos de idade:** A dose inicial é de 1 a 1,5 mg/dia, dividida em 2 a 3 doses.

Um cuidado específico fundamental é que não se deve parar de tomar Rivotril® subitamente, pois isso pode causar novas crises epilépticas; somente o médico poderá orientar a interrupção do tratamento reduzindo gradualmente a dose utilizada.","COMO DEVO USAR ESTE MEDICAMENTO?, O QUE DEVO SABER ANTES DE USAR ESTE MEDICAMENTO?",,"[""5 \n \n \nInstruções especiais de administração  \nRivotril® pode ser usado com outros antiepilépticos. Nesse caso, seu médico ajustará a dose de cada medicamento \npara atingir o efeito ideal. \nNão pare de tomar Rivotril® subitamente, você pode ter novas crises epilépticas. Somente seu médico poderá orientar \na interrupção do tratamento reduzindo gradualmente a dose utilizada. \n \nSiga a orientação de seu médico, respeitando sempre os horários, as doses e a duração do tratamento. Não \ninterrompa o tratamento sem o conhecimento do seu  médico.  \n \n7. O QUE DEVO FAZER QUANDO EU ME ES QUECER DE USAR ESTE MEDICAMENTO?  \nNunca dobre a dose na próxima tomada. Apenas continue com a próxima dose no tempo determinado.   \nEm caso de dúvidas, procure orientação do farmacêutico, de seu médico ou   cirurgião-dentista.  \n \n8. QUAIS OS MALES QUE ESTE MEDICAMENTO PODE ME   CAUSAR?  \nAlgumas reações são transitórias e desaparecem espontaneamente no decorrer do tratamento ou com redução da dose. \nAs reações que ocorreram em ≥ 5% dos pacientes em estudos clínicos foram: sonolência, dor de cabeça, infecção das \nvias aéreas superiores, cansaço, gripe, depressão, vertigem, irritabilidade, insônia, perda da coordenação de \nmovimentos e da marcha, perda do equilíbrio, náusea, sensação de cabeça leve, sinusite e concentração prejudicada. \n \nPós-comercialização: \n \nDistúrbios do sistema imunológico: reações alérgicas e muito poucos casos de anafilaxia (reação alérgica grave). \n \nDistúrbios endócrinos: casos isolados, reversíveis, de puberdade precoce  incompleta. \n \nDistúrbios psiquiátricos: amnésia, alucinações, histeria, psicose, tentativa de suicídio, despersonalização, distúrbio \nde memória, desinibição orgânica, ideias suicidas, lamentações, distúrbios emocionais e de humor, estado confusional \ne desorientação. Depressão pode estar associada à doença de base. Reações paradoxais: inquietação, agitação, \nirritabilidade, agressividade, nervosismo, hostilidade, ansiedade, distúrbios do sono, delírio, raiva, pesadelos, sonhos \nanormais, alucinações, psicose, hiperatividade, comp ortamento inapropriado e outros efeitos comportamentais. \nAlterações da libido (casos raros). Dependência e retirada, vide item “Abuso e dependência do medicamento”.  \n \nDistúrbios do sistema nervoso: diminuição da concentração, sonolência, lentificação, hipotonia muscular, tonturas, \nataxia são frequentes e geralmente transitórias. Dor de cabeça (raro). Distúrbios reversíveis: dificuldade para articular \na fala, incoordenação de movimentos e da marcha, movimento anormal dos olhos. Pode haver esquecimento de fatos \nrecentes, associado à altera ção de comportam ento. Pode haver aume nto das crises convulsi vas em determinadas \nformas de epilepsia. Perda da voz, movimentos grosseiros e descoordenados de braços e pernas, coma, tremor, perda \nde força de um lado do corpo, sensação de cabeça leve, falta de energia e formigamento, alteração da sensibilidade \nnas extremidades. \n \nDistúrbios oculares: visão dupla reversível, aparência de “olho vítreo”. \n \nDistúrbios cardiovasculares: palpitações, dor torácica, insuficiência cardíaca (incluindo parada  cardíaca). \n \nDistúrbios respiratórios : congestão pulmonar, congestão nasal, hipersecreção, tosse, falta de ar, bronquite, rinite, \nfaringite. Pode ocorrer depressão respiratória. Rivotril® pode aumentar a produção de saliva ou secreção brônquica \n(secreção nas vias aéreas) em lactentes e  crianças. \nDistúrbios gastrintestinais: perda do apetite, língua saburrosa, constipação, diarreia, boca seca, incontinência fecal \n(perda do controle da evacuação), gastrite, aumento do fígado, apetite aumentado, gengivas doloridas, dor abdominal, \ninflamação gastrintestinal, dor de dente. Náuseas e sintomas epigástricos (raro) (sintomas na região do estômago). "", ""COMO DEVO USAR ESTE MEDICAMENTO?  \nColocar o comprimido subli ngual debaixo da língua para ser dissolvido na saliva e absorvido por pelo menos, 3 \nminutos, sem ser deglutido. \nEste medicamento não deve ser partido ou  mastigado.  \n \nA dose de Rivotril® depende da doença resposta clínica, idade e tolerabilidade. \nRecomenda-se, que o tratament o inicie com doses mais baixas, que podem ser aumentadas se necessário. Siga a \norientação médica."", ""4 \n \n \n \n \n \nA dose de Rivotril® depende da doença, resposta clínica, idade e tolerabilidade. \nRecomenda-se que o tratamento inicie com doses mais baixas, que podem ser aumentadas se necessário. Siga a \norientação médica. \n \nDistúrbios epilépticos \nAdultos \nDose inicial: não exceder 1,5 mg/dia, dividida em 3 doses. Aumentar a critério médico. Dose de manutenção: será \ndefinida pelo seu médico, de acordo com sua resposta. \nDose diária máxima recomendada: 20 mg. \nSe você já usa outro anticonvulsivante, avise seu médico. \n \nRecém-nascidos e crianças até 10 anos de idade ou 30kg de peso: Dose inicial: 0,01 a 0,03mg/kg/dia. Não exceder \n0,05 mg/kg/dia, dividido em 2 ou 3 doses diárias. \n \nCrianças entre 10 e 16 anos de idade: Dose inicial: 1 a 1,5 mg/dia, dividido em 2 a 3 doses. A dose pode ser aumentada \na critério médico, até atingir a dose de manutenção individual, usualmente de 3 a 6 mg/dia. \nSempre que possível, dividir a dose diária em 3 doses iguais. Caso não seja possível, a maior dose deve ser tomada \nantes de deitar. \n \nTranstornos de ansiedade \n Distúrbio do pânico: Adultos: - Dose inicial: 0,5 mg/dia, dividida em 2 doses. Pode-se aumentar a dose a critério \nmédico. - Dose de manutenção: a critério médico, de acordo com sua resposta. A dose tomada ao deitar, reduz a \ninconveniência da sonolência e pode ser desejável no início do tratamento. A retirada deve ser gradual, até que \no medicamento seja totalmente suspenso.  \n Como ansiolítico em geral: 0,25 mg a 4,0 mg/dia. Dose recomendada: 0,5 a 1,5 mg/dia (dividida em 3x/dia). \n Fobia social: 0,25 mg/dia até 6,0 mg/dia (2,0 mg, 3x/dia). Dose recomendada: 1,0 a 2,5 mg/dia. \n \nTranstornos do humor \n Transtorno afetivo bipolar (tratamento da mania): 1,5 mg a 8 mg/dia. Dose recomendada: 2,0 a 4,0 mg/dia. \n Depressão maior (associado a antidepressivos): 0,5 a 6,0 mg/dia. Dose recomendada:  2,0 a 4,0 mg/dia. \n \nSíndromes psicóticas \n Acatisia: 0,5 mg a 4,5 mg/dia. Dose recomendada: 0,5 a 3,0 mg/dia.  \n \nSíndrome das pernas inquietas: 0,5 mg a 2,0 mg/dia. \n \nVertigem e distúrbios do equilíbrio : 0,5 mg a 1,0 mg/dia (2x/dia). Doses diárias superiores a 1,0 mg não são \nrecomendáveis. \n \nSíndrome da boca ardente: 0,25 a 6,0 mg/dia. Dose recomendada: 1,0 a 2,0 mg/dia. \n \nUso em idosos: a dose mais baixa possível deve ser utilizada em idosos. Deve-se ter especial cuidado durante as \nalterações na dose. \nComprometimento do fígado: pacientes com comprometimento do fígado grave não devem ser tratados com \nclonazepam e pacientes com comprometimento hepático leve a moderado devem receber a dose mais baixa possível. \n"", ""7 \n \n \nVENDA SOB PRESCRIÇÃO MÉDICA. O ABUSO DESTE MEDICAMENTO PODE CAUSAR \nDEPENDÊNCIA. \n \n \nEsta bula foi aprovada pela ANVISA em 03/03/2022. \n \n \nBula_VP_Rivotril_V.01"", ""5 \n \n \nEm caso de dúvidas, procure orientação do farmacêu tico, do seu médico ou   cirurgião-dentista. \n \n8. QUAIS OS MALES QUE ESTE MEDICAMENTO PODE ME   CAUSAR?  \nAlgumas reações são transitórias e desaparecem espontaneamente no decorrer do tratamento ou com redução da dose. \nAs reações que ocorreram em ≥ 5% dos pacientes em estudos clínicos foram: sonolência, dor de cabeça, infecção das \nvias aéreas superiores, cansaço, gripe, depressão, vertigem, irritabilidade, insônia, perda da coordenação de \nmovimentos e da marcha, perda do equilíbrio, náusea, sensação de cabeça leve, sinusite e concentração prejudicada. \n \nPós-comercialização: \n \nDistúrbios do sistema imunológico: reações alérgicas e muito poucos casos de anafilaxia (reação alérgica grave). \n \nDistúrbios endócrinos: casos isolados, reversíveis, de puberdade precoce incompleta em  crianças. \n \nDistúrbios psiquiátricos: amnésia, alucinações, histeria, psicose, tentativa de suicídio, despersonalização, distúrbio \nde memória, desinibição orgânica, ideias suicidas, lamentações, distúrbios emocionais e de humor, estado confusional \ne desorientação. Depressão pode estar associada à doença de base. Reações paradoxais: inquietação, agitação, \nirritabilidade, agressividade, nervosismo, hostilidade, ansiedad e, distúrbios do sono, delírio, raiva, pesadelos, sonhos \nanormais, alucinações, psicose, hiperatividade, comp ortamento inapropriado e outros efeitos comportamentais. \nAlterações da libido (casos raros). Dependência e retirada, vide item “Abuso e dependência do medicamento”.  \n \nDistúrbios do sistema nervoso: diminuição da concentração, sonolência, lentificação, hipotonia muscular, tonturas, \nataxia são frequentes e geralmente transitórias. Dor de cabeça (raro). Distúrbios reversíveis: dificuldade para articular \na fala, incoordenação de movimentos e da marcha, movimento anormal dos olhos. Pode haver esquecimento de fatos \nrecentes, associado a altera ção de comportam ento. Pode haver aume nto das crises convulsi vas em determinadas \nformas de epilepsia. Perda da voz, movimento grosseiros e descoordenados de braços e pernas, coma, tremor, perda \nde força de um lado do corpo, sensação de cabeça leve, falta de energia e formigamento e alteração da sensibilidade \nnas extremidades. \n \nDistúrbios oculares: visão dupla reversível, aparência de “olho vítreo”. \n \nDistúrbios cardiovasculares: palpitações, dor torácica, insuficiência cardíaca (incluindo parada  cardíaca). \n \nDistúrbios respiratórios : congestão pulmonar, congestão nasal, hipersecreção, tosse, falta de ar, bronquite, rinite, \nfaringite. Pode ocorrer depressão respiratória. Rivotril® pode aumentar a produção de saliva ou de secreção \nbrônquica (secreção nas vias aéreas) em lactentes e crianças. \n \nDistúrbios gastrintestinais: perda do apetite, língua saburrosa, constipação, diarreia, boca seca, incontinência fecal \n(perda do controle da evacuação), gastrite, aumento do fígado, apetite aumentado, gengivas doloridas, dor abdominal, \ninflamação gastrintestinal, dor de dente. Náuseas e sintomas epigástricos (raro) (sintomas na região do estômago). \n \nDistúrbios da pele / tecido subcutâneo: urticária (placas avermelhadas na pele que coçam bastante), coceira, erupção \ncutânea, perda de cabelo transitória, crescimento anormal de pelos, inchaço na face e tornozelo e alterações da \npigmentação (raro). \n \nDistúrbios musculoesqueléticos / tecido conectivo : fraqueza muscular, frequente e geralmente transitória. Dor \nmuscular, dor nas costas, fratura traumática, dor na nuca, deslocamentos e  tensões. \nDistúrbios renais e urinários: dificuldade para urinar, perda urinária durante o sono, noctúria (levantar à noite para \nurinar), retenção urinária, infecção do trato urinário. Incontinência  (raro). "", ""4 \n \n \nDistúrbios epilépticos \nAdultos \nDose inicial: não exceder 1,5 mg/dia, dividida em 3 doses. Aumentar a critério médico. Dose de manutenção: será \ndefinida pelo seu médico, de acordo com sua  resposta. \nDose diária máxima recomendada: 20 mg. \nSe você já usa outro anticonvulsivante, avise seu médico. \n \nCrianças entre 10 e 16 anos de idade: Dose inicial: 1 a 1,5 mg/dia, dividido em 2 a 3 doses. A dose pode ser aumentada, \na critério médico, até atingir a dose de manutenção individual, usualmente de 3 a 6 mg/dia. \nSempre que possível, dividir a dose diária em 3 doses iguais. Caso não seja possível, a maior dose deve ser tomada \nantes de deitar. \n \nTranstornos de ansiedade \n Distúrbio do pânico: Adultos: – Dose inicial: 0,5 mg/dia, dividida em duas doses. Pode-se aumentar a dose, a \ncritério médico. - Dose de manutenção: a critério médico, de acordo com sua resposta. A dose tomada, ao deitar, \nreduz a inconveniência da sonolência e pode ser desejável no início do tratamento. A r etirada deve ser gradual, \naté que o medicamento seja totalmente suspenso.  \n Nas crises agudas de pânico: 1 comprimido de Rivotril® sublingual. \n Como ansiolítico em geral: 0,25 mg a 4,0 mg/dia. Dose recomendada: 0,5 a 1,5 mg/dia (dividida em 3x/dia). \n Fobia social: 0,25 mg/dia até 6,0 mg/dia (2,0 mg, 3x/dia). Dose recomendada: 1,0 a 2,5 mg/dia. \n \nTranstornos do humor \n Transtorno afetivo bipolar (tratamento da mania): 1,5 mg a 8 mg/dia. Dose recomendada: 2,0 a 4,0 mg/dia. \n Depressão maior (associado a antidepressivos): 0,5 a 6,0 mg/dia. Dose recomendada:  2,0 a 4,0 mg/dia. \n \nSíndromes psicóticas \n Acatisia: 0,5 mg a 4,5 mg/dia. Dose recomendada: 0,5 e 3,0 mg/dia.  \n \nSíndrome das pernas inquietas: 0,5 mg a 2,0 mg/dia. \n \nVertigem e distúrbios do equilíbrio : 0,5 mg a 1,0 mg/dia (2x/dia). Doses diárias superiores a 1,0 mg não são \nrecomendáveis. \n \nSíndrome da boca ardente: 0,25 a 6,0 mg/dia. Dose recomendada: 1,0 a 2,0 mg/dia. \n \nUso em idosos: a dose mais baixa possível deve ser utilizada em idosos. Deve-se ter especial cuidado durante as \nalterações na dose. \nComprometimento do fígado: pacientes com comprometimento do fígado grave não devem ser tratados com \nclonazepam e pacientes com comprometimento hepático leve a moderado devem receber a dose mais baixa possível. \n \nInstruções especiais de administração  \nRivotril® pode ser usado com outros antiepilépticos. Nesse caso, seu médico ajustará a dose de cada medicamento \npara atingir o efeito ideal. \nNão pare de tomar Rivotril® subitamente, você pode ter novas crises epilépticas. Somente seu médico poderá orientar \na interrupção do tratamento reduzindo gradualmente a dose utilizada. \n \nSiga a orientação de seu médico, respeitando sempre os horários, as doses e a duração do tratamento.  \nNão interrompa o tratamento sem o conhecimento do seu médico.  \n \n7. O QUE DEVO FAZER QUANDO EU ME ESQU ECER DE USAR ESTE   MEDICAMENTO?  \nNunca dobre a dose na próxima tomada.  Apenas continue com a próxima dose no tempo determinado. "", ""8 \n \n \n \n \n \n \n \n \n \n \n \n \n \n \n \nRivotril\n®\n \n(clonazepam) \n \n \nSolução oral    de  2,5 mg/mL \n \n \nBlanver Farmoquímica e Farmacêutica S.A"", ""8 \n \n \nHistórico de alteração para bula \n \nDados da submissão eletrônica Dados da petição/notifi cação que altera bula Dados das alterações de bulas \n \nData do \nexpediente \n \nN° do \nexpediente \n \nAssunto \n \nData do \nexpediente \n \nN° do \nexpediente \n \nAssunto \n \nData de \naprovação \n \nItens de bula \n \nVersões \n(VP/VPS)\n* \n \nApresentações \nrelacionadas \n19/10/2021  \n4212952/21-1 \nInclusão \nInicial de \nTexto de Bula \n– RDC 60/12 \n19/10/2021 - \nInclusão Inicial de \nTexto de Bula – \nRDC 60/12 \n19/10/2021 Dizeres legais VP e VPS \nComprimidos de 0,5 \nmg ou 2 mg \ncom 20 ou 30 \ncomprimidos. \n \nComprimidos \nsublinguais de 0,25 \nmg com 30 \ncomprimidos. \n \nSolução oral de 2,5 \nmg/mL com \n20 mL. \n03/03/2022 - \nMEDICAMENTO \nNOVO - \nNotificação de \nAlteração de \nTexto de Bula – \npublicação no \nBulário RDC \n60/12 \n03/03/2022 - \nMEDICAMENTO \nNOVO - Notificação \nde Alteração de \nTexto de Bula – \npublicação no Bulário \nRDC 60/12 \n03/03/2022 Correção ortográfica VP e VPS \nComprimidos de 0,5 \nmg ou 2 mg \ncom 20 ou 30 \ncomprimidos. \n \nComprimidos \nsublinguais de 0,25 \nmg com 30 \ncomprimidos. \n \nSolução oral de 2,5 \nmg/mL com \n20 mL. \n*VP = versão de bula do paciente / VPS = versão de bula do profissional da  saúde "", ""6 \n \n \nDistúrbios do sistema reprodutivo : cólicas menstruais, diminuição de interesse sexual, impotência (raro). \n \nDistúrbios gerais: fadiga, frequente e geralmente transitória. Reações paradoxais: vide “Distúrbios psiquiátricos”. \n \nLesões e envenenamento: quedas e fraturas. Risco maior em pessoas que usam outros sedativos (incluindo bebidas \nalcoólicas) e em idosos. \n \nExames complementares : diminuição do número de plaquetas (raro). Diminuição dos glóbulos brancos e anemia, \nalterações dos exames da função do fígado. \n \nDistúrbios do ouvido: otite, vertigem. \n \nDiversas: desidratação, deterioração geral, febre, aumento dos gânglios linfáticos, ganho ou perda de peso, infecção \nviral. \n \nInforme ao seu médico, cirurgião-dentista ou farmacêutico o aparecimento de reações indesejáveis pelo uso do \nmedicamento. Informe também à empresa através do seu serviço de atendimento.  \n \n9. O QUE FAZER SE ALGUÉM USAR UMA QUAN TIDADE MAIOR DO QUE A INDICADA DESTE \nMEDICAMENTO? \nSintomas \nOs benzodiazepínicos geralmente causam sonolência, ataxia (perda da coordenação dos movimentos), disartria, \nnistagmo, confusão mental, excitação e lentidão de movimento. A superdose de Rivotril® está raramente associada \ncom risco de morte, caso o medicamento tenha sido tomado isoladamente, mas pode levar à arreflexia (ausência de \nreflexos), apneia, hipotensão arterial, depressão cardiorrespiratória e coma. Se ocorrer coma, normalmente tem \nduração de poucas horas; porém, pode ser prolongado e cíclico, particularmente em idosos. A depressão respiratória \npor benzodiazepínicos é mais séria em pacientes com doença respiratória. \nOs benzodiazepínicos aumentam os efeitos de outros depressores do sistema nervoso central, incluindo o álcool. \nConduta \nMonitorar os sinais vitais e instituir medidas de suporte a critério médico. \nAdvertência \nFlumazenil não é indicado a pacientes com epilepsia que foram tratados com benzodiazepínicos. \n \nEm caso de uso de grande quantid ade deste medicamento, procure rapi damente socorro médico e leve a \nembalagem ou bula do medicamento, se possível. Ligue para 0800 722 6001, se você precisar de mais \norientações. \n \nMS-1.1524.0011 \n \nFarmacêutico Responsável: Dr. Adriano Costa Leite – CRF-SP n° 38.716 \n \nRegistrado por: \nBlanver Farmoquímica e Farmacêutica S.A. \nRua Francisco Tramontano, 101 -Sala 507 \nReal Parque – CEP 05686-010 – São Paulo – SP \nCNPJ 53.359.824/0001-19 \n \nFabricado e Embalado por: \nProdutos Roche Químicos e Farmacêuticos S.A. \nEst. dos Bandeirantes, 2020 \nCEP 22775-109 – Rio de Janeiro – RJ \n \nComercializado por: \nBiopas Brasil Produtos Farmacêuticos Ltda \nEstrada da Lagoinha, 501 - Bloco 3 - Lagoa \nCEP: 06730-000 - Vargem Grande Paulista – SP \n \nIndústria Brasileira \n \nServiço Atendimento ao Consumidor – 0800 591 9210  \n \n "", ""COMO DEVO USAR ESTE MEDICAMENTO?  \nAdministrar por via oral. Ver figura abaixo. Dissolver as gotas em um pouco de líquido não alcoólico. Nunca \nadministre as gotas diretamente na boca. \nA tampa possui lacre inviolável. Caso o lacre esteja rompido, não receba o frasco ou retorne ao local da compra."", ""7 \n \n \n \nComercializado por: \nBiopas Brasil Produtos Farmacêuticos Ltda \nEstrada da Lagoinha, 501 - Bloco 3 - Lagoa \nCEP: 06730-000 - Vargem Grande Paulista – SP \n \nIndústria Brasileira \n \nServiço Atendimento ao Consumidor – 0800 591 9210  \n \n \nVENDA SOB PRESCRIÇÃO MÉDICA. O ABUSO DESTE MEDICAMENTO PODE CAUSAR \nDEPENDÊNCIA. \n \n \nEsta bula foi aprovada pela ANVISA em 03/03/2022. \n \n \nBula_VP_Rivotril_V.01"", ""6 \n \n \n \nDistúrbios da pele / tecido subcutâneo: urticária (placas avermelhadas na pele que coçam bastante), coceira, erupção \ncutânea, perda de cabelo transitória, crescimento anormal de pelos, inchaço na face e tornozelo, alterações da \npigmentação (raro). \n \nDistúrbios musculoesqueléticos / tecido conectivo : fraqueza muscular frequente e geralmente transitória. Dor \nmuscular, dor nas costas, fratura traumática, dor na nuca, deslocamentos e tensões. \n \nDistúrbios renais / urinários: dificuldade para urinar, perda urinária durante o sono, noctúria (levantar à noite para \nurinar), retenção urinária, infecção do trato urinário. Incontinência (raro). \n \nDistúrbios do sistema reprodutivo : cólicas menstruais, diminuição de interesse sexual, impotência  (raro). \n \nDistúrbios gerais: fadiga frequente e geralmente transitória. Reações paradoxais: vide “Distúrbios psiquiátricos”. \n \nLesões e envenenamento: quedas e fraturas. Risco maior em pessoas que usam outros sedativos, incluindo bebidas \nalcoólicas e em idosos. \n \nExames complementares : diminuição do número de plaquetas (raro). Diminuição dos glóbulos brancos e anemia, \nalterações dos exames da função do fígado. \n \nDistúrbios do ouvido: otite, vertigem. \n \nDiversas: desidratação, deterioração geral, febre, aumento dos gânglios linfáticos, ganho ou perda de peso, infecção \nviral. \n \nInforme ao seu médico, cirurgião-dentista ou farmacêutico o aparecimento de reações indesejáveis pelo uso do \nmedicamento. Informe também à empresa através do seu serviço de  atendimento.  \n \n9. O QUE FAZER SE ALGUÉM USAR UMA QUANTIDADE MAIOR DO QUE A INDICADADESTE \nMEDICAMENTO? \nSintomas \nOs benzodiazepínicos geralmente causam sonolência, ataxia (perda da coordenação dos movimentos), disartria, \nnistagmo, confusão mental, excitação e lentidão de movimento. A superdose de Rivotril® está raramente associada \ncom risco de morte, caso o medicamento tenha sido tomado isoladamente, mas pode levar à arreflexia (ausência de \nreflexos), apneia, hipotensão arterial, depressão cardiorrespiratória e coma. Se ocorrer coma, normalmente tem \nduração de poucas horas; porém, pode ser prolongado e cíclico, particularmente em idosos. A depressão respiratória \npor benzodiazepínicos é mais séria em pacientes com doença  respiratória. \nOs benzodiazepínicos aumentam os efeitos de outros depressores do sistema nervoso central, incluindo o álcool. \nConduta \nMonitorar sinais vitais e instituir medidas de suporte a critério médico. \nAdvertência \nFlumazenil não é indicado a pacientes com epilepsia que foram tratados com benzodiazepínicos. \n \nEm caso de uso de grande quantid ade deste medicamento, procure rapi damente socorro médico e leve a \nembalagem ou bula do medicamento, se possível. Ligue para 0800 722 6001, se você precisar de mais \norientações. \n \nMS-1.1524.0011 \nFarmacêutico Responsável: Dr. Adriano Costa Leite – CRF-SP n° 38.716 \n \nRegistrado por: \nBlanver Farmoquímica e Farmacêutica S.A. \nRua Francisco Tramontano, 101 -Sala 507 \nReal Parque – CEP 05686-010 – São Paulo – SP \nCNPJ 53.359.824/0001-19 \n \nFabricado e Embalado por: \nProdutos Roche Químicos e Farmacêuticos S.A. \nEst. dos Bandeirantes, 2020 \nCEP 22775-109 – Rio de Janeiro – RJ "", ""1"", ""IDENTIFICAÇÃO DO MEDICAMENTO  \n \nRivotril® \nclonazepam  \n \nAnticonvulsivante/Ansiolítico \n \nAPRESENTAÇÕES \n \nComprimidos de 0,5 mg ou 2 mg. Caixa com 20 ou 30 comprimidos.  \n \nVIA ORAL \n \nUSO ADULTO E PEDIÁTRICO  \n \n \nCOMPOSIÇÃO \nComprimidos de 0,5 mg \nPrincípio ativo: clonazepam...............................................................................................................................0,5 mg. \nExcipientes: lactose, amido de milho, amido pré-gelatinizado, óxido de ferro amarelo, óxido férrico, talco, estearato \nde magnésio. \n \nComprimidos de 2,0 mg \nPrincípio ativo: clonazepam...............................................................................................................................2,0 mg. \nExcipientes: lactose, amido pré-gelatinizado, estearato de magnésio, celulose  microcristalina. \n \nINFORMAÇÕES AO PACIENTE \nLeia com atenção as informações a seguir. Se tiver dúvidas, informe seu  médico. \n \n1."", ""IDENTIFICAÇÃO DO MEDICAMENTO** \n\n## **Rivotril[®]** \n\nclonazepam \n\n**Anticonvulsivante/Ansiolítico** \n\n**APRESENTAÇÕES** \n\n**Comprimidos de 0,5 mg ou 2 mg. Caixa com 20 ou 30 comprimidos.** \n\n**VIA ORAL** \n\n## **USO ADULTO E PEDIÁTRICO** \n\n## **COMPOSIÇÃO** \n\n## **Comprimidos de 0,5 mg** \n\n**Princípio ativo:** clonazepam...............................................................................................................................0,5 mg. **Excipientes:** lactose, amido de milho, amido pré-gelatinizado, óxido de ferro amarelo, óxido férrico, talco, estearato de magnésio. \n\n## **Comprimidos de 2,0 mg** \n\n**Princípio ativo:** clonazepam...............................................................................................................................2,0 mg. **Excipientes:** lactose, amido pré-gelatinizado, estearato de magnésio, celulose  microcristalina. \n\n## **INFORMAÇÕES AO PACIENTE** \n\nLeia com atenção as informações a seguir. Se tiver dúvidas, informe seu  médico. \n\n## **"", ""IDENTIFICAÇÃO DO MEDICAMENTO  \n \nRivotril® \nclonazepam  \n \nAnticonvulsivante/Ansiolítico \n \nAPRESENTAÇÕES \nSolução oral de 2,5 mg/mL. Frasco com 20 mL.  \n \nVIA ORAL \n \nUSO ADULTO E PEDIÁTRICO  \n \n \nCOMPOSIÇÃO \nSolução oral de 2,5 mg/mL (1 gota = 0,1 mg)  \nPrincípio ativo: clonazepam.........................................................................................................................2,5 mg/mL \nExcipientes: sacarina sódica, ácido acético, propilenoglicol, essência de pêssego. Cada 1 mL de Rivotril® solução \noral equivale a cerca de 25 gotas. \n \nINFORMAÇÕES AO PACIENTE \nLeia com atenção as informações a seguir. Se tiver dúvidas, informe seu  médico. \n \n1."", ""IDENTIFICAÇÃO DO MEDICAMENTO  \n \nRivotril® \nclonazepam  \n \nAnticonvulsivante/Ansiolítico \n \nAPRESENTAÇÕES \nComprimidos sublinguais de 0,25 mg. Caixa com 30 comprimidos.  \n \nVIA SUBLINGUAL \n \nUSO ADULTO E PEDIÁTRICO  \n \nCOMPOSIÇÃO \nComprimidos sublinguais de 0,25 mg  \nPrincípio ativo: clonazepam.............................................................................................................................0,25 mg \nExcipientes: celulose microcristalina, manitol, amidoglicolato de sódio e estearilfumarato de sódio. \n \nINFORMAÇÕES AO PACIENTE \nLeia com atenção as informações a seguir. Se tiver dúvidas, informe seu  médico. \n \n1.""]",116.614,119.724
agentic_rag,ollama:gemma4:e4b,RIVOTRIL,Por que pacientes idosos devem iniciar com a menor dose possível de Rivotril e onde isso está indicado na bula?,medio,"Nos idosos, os efeitos dos benzodiazepínicos são potencializados mesmo em concentrações plasmáticas semelhantes às dos mais jovens, por isso recomenda-se usar a menor dose possível e ajustar lentamente.","O QUE DEVO SABER ANTES DE USAR ESTE MEDICAMENTO?

COMO DEVO USAR ESTE MEDICAMENTO?","De acordo com a bula do medicamento RIVOTRIL, consta a seguinte informação: Pacientes idosos devem iniciar o tratamento com a dose mais baixa possível e é necessário ter especial cuidado durante qualquer alteração na dose. Essa recomendação está indicada nas seções de informações sobre dosagem para diversos transtornos (como Transtornos de ansiedade, Transtornos do humor, Síndromes psicóticas) e também em ""Instruções especiais de administração"".

---
*Esta resposta se baseia apenas nos trechos da bula recuperados e não substitui orientação médica ou farmacêutica. É recomendável consultar um profissional de saúde para orientação individualizada.*","De acordo com a bula do medicamento RIVOTRIL, consta a seguinte informação: Pacientes idosos devem iniciar o tratamento com a dose mais baixa possível e é necessário ter especial cuidado durante qualquer alteração na dose. Essa recomendação está indicada nas seções de informações sobre dosagem para diversos transtornos (como Transtornos de ansiedade, Transtornos do humor, Síndromes psicóticas) e também em ""Instruções especiais de administração"".","COMO DEVO USAR ESTE MEDICAMENTO?, O QUE DEVO SABER ANTES DE USAR ESTE MEDICAMENTO?",,"[""7 \n \n \nVENDA SOB PRESCRIÇÃO MÉDICA. O ABUSO DESTE MEDICAMENTO PODE CAUSAR \nDEPENDÊNCIA. \n \n \nEsta bula foi aprovada pela ANVISA em 03/03/2022. \n \n \nBula_VP_Rivotril_V.01"", ""COMO DEVO USAR ESTE MEDICAMENTO?  \nColocar o comprimido subli ngual debaixo da língua para ser dissolvido na saliva e absorvido por pelo menos, 3 \nminutos, sem ser deglutido. \nEste medicamento não deve ser partido ou  mastigado.  \n \nA dose de Rivotril® depende da doença resposta clínica, idade e tolerabilidade. \nRecomenda-se, que o tratament o inicie com doses mais baixas, que podem ser aumentadas se necessário. Siga a \norientação médica."", ""5 \n \n \nEm caso de dúvidas, procure orientação do farmacêu tico, do seu médico ou   cirurgião-dentista. \n \n8. QUAIS OS MALES QUE ESTE MEDICAMENTO PODE ME   CAUSAR?  \nAlgumas reações são transitórias e desaparecem espontaneamente no decorrer do tratamento ou com redução da dose. \nAs reações que ocorreram em ≥ 5% dos pacientes em estudos clínicos foram: sonolência, dor de cabeça, infecção das \nvias aéreas superiores, cansaço, gripe, depressão, vertigem, irritabilidade, insônia, perda da coordenação de \nmovimentos e da marcha, perda do equilíbrio, náusea, sensação de cabeça leve, sinusite e concentração prejudicada. \n \nPós-comercialização: \n \nDistúrbios do sistema imunológico: reações alérgicas e muito poucos casos de anafilaxia (reação alérgica grave). \n \nDistúrbios endócrinos: casos isolados, reversíveis, de puberdade precoce incompleta em  crianças. \n \nDistúrbios psiquiátricos: amnésia, alucinações, histeria, psicose, tentativa de suicídio, despersonalização, distúrbio \nde memória, desinibição orgânica, ideias suicidas, lamentações, distúrbios emocionais e de humor, estado confusional \ne desorientação. Depressão pode estar associada à doença de base. Reações paradoxais: inquietação, agitação, \nirritabilidade, agressividade, nervosismo, hostilidade, ansiedad e, distúrbios do sono, delírio, raiva, pesadelos, sonhos \nanormais, alucinações, psicose, hiperatividade, comp ortamento inapropriado e outros efeitos comportamentais. \nAlterações da libido (casos raros). Dependência e retirada, vide item “Abuso e dependência do medicamento”.  \n \nDistúrbios do sistema nervoso: diminuição da concentração, sonolência, lentificação, hipotonia muscular, tonturas, \nataxia são frequentes e geralmente transitórias. Dor de cabeça (raro). Distúrbios reversíveis: dificuldade para articular \na fala, incoordenação de movimentos e da marcha, movimento anormal dos olhos. Pode haver esquecimento de fatos \nrecentes, associado a altera ção de comportam ento. Pode haver aume nto das crises convulsi vas em determinadas \nformas de epilepsia. Perda da voz, movimento grosseiros e descoordenados de braços e pernas, coma, tremor, perda \nde força de um lado do corpo, sensação de cabeça leve, falta de energia e formigamento e alteração da sensibilidade \nnas extremidades. \n \nDistúrbios oculares: visão dupla reversível, aparência de “olho vítreo”. \n \nDistúrbios cardiovasculares: palpitações, dor torácica, insuficiência cardíaca (incluindo parada  cardíaca). \n \nDistúrbios respiratórios : congestão pulmonar, congestão nasal, hipersecreção, tosse, falta de ar, bronquite, rinite, \nfaringite. Pode ocorrer depressão respiratória. Rivotril® pode aumentar a produção de saliva ou de secreção \nbrônquica (secreção nas vias aéreas) em lactentes e crianças. \n \nDistúrbios gastrintestinais: perda do apetite, língua saburrosa, constipação, diarreia, boca seca, incontinência fecal \n(perda do controle da evacuação), gastrite, aumento do fígado, apetite aumentado, gengivas doloridas, dor abdominal, \ninflamação gastrintestinal, dor de dente. Náuseas e sintomas epigástricos (raro) (sintomas na região do estômago). \n \nDistúrbios da pele / tecido subcutâneo: urticária (placas avermelhadas na pele que coçam bastante), coceira, erupção \ncutânea, perda de cabelo transitória, crescimento anormal de pelos, inchaço na face e tornozelo e alterações da \npigmentação (raro). \n \nDistúrbios musculoesqueléticos / tecido conectivo : fraqueza muscular, frequente e geralmente transitória. Dor \nmuscular, dor nas costas, fratura traumática, dor na nuca, deslocamentos e  tensões. \nDistúrbios renais e urinários: dificuldade para urinar, perda urinária durante o sono, noctúria (levantar à noite para \nurinar), retenção urinária, infecção do trato urinário. Incontinência  (raro). "", ""5 \n \n \nInstruções especiais de administração  \nRivotril® pode ser usado com outros antiepilépticos. Nesse caso, seu médico ajustará a dose de cada medicamento \npara atingir o efeito ideal. \nNão pare de tomar Rivotril® subitamente, você pode ter novas crises epilépticas. Somente seu médico poderá orientar \na interrupção do tratamento reduzindo gradualmente a dose utilizada. \n \nSiga a orientação de seu médico, respeitando sempre os horários, as doses e a duração do tratamento. Não \ninterrompa o tratamento sem o conhecimento do seu  médico.  \n \n7. O QUE DEVO FAZER QUANDO EU ME ES QUECER DE USAR ESTE MEDICAMENTO?  \nNunca dobre a dose na próxima tomada. Apenas continue com a próxima dose no tempo determinado.   \nEm caso de dúvidas, procure orientação do farmacêutico, de seu médico ou   cirurgião-dentista.  \n \n8. QUAIS OS MALES QUE ESTE MEDICAMENTO PODE ME   CAUSAR?  \nAlgumas reações são transitórias e desaparecem espontaneamente no decorrer do tratamento ou com redução da dose. \nAs reações que ocorreram em ≥ 5% dos pacientes em estudos clínicos foram: sonolência, dor de cabeça, infecção das \nvias aéreas superiores, cansaço, gripe, depressão, vertigem, irritabilidade, insônia, perda da coordenação de \nmovimentos e da marcha, perda do equilíbrio, náusea, sensação de cabeça leve, sinusite e concentração prejudicada. \n \nPós-comercialização: \n \nDistúrbios do sistema imunológico: reações alérgicas e muito poucos casos de anafilaxia (reação alérgica grave). \n \nDistúrbios endócrinos: casos isolados, reversíveis, de puberdade precoce  incompleta. \n \nDistúrbios psiquiátricos: amnésia, alucinações, histeria, psicose, tentativa de suicídio, despersonalização, distúrbio \nde memória, desinibição orgânica, ideias suicidas, lamentações, distúrbios emocionais e de humor, estado confusional \ne desorientação. Depressão pode estar associada à doença de base. Reações paradoxais: inquietação, agitação, \nirritabilidade, agressividade, nervosismo, hostilidade, ansiedade, distúrbios do sono, delírio, raiva, pesadelos, sonhos \nanormais, alucinações, psicose, hiperatividade, comp ortamento inapropriado e outros efeitos comportamentais. \nAlterações da libido (casos raros). Dependência e retirada, vide item “Abuso e dependência do medicamento”.  \n \nDistúrbios do sistema nervoso: diminuição da concentração, sonolência, lentificação, hipotonia muscular, tonturas, \nataxia são frequentes e geralmente transitórias. Dor de cabeça (raro). Distúrbios reversíveis: dificuldade para articular \na fala, incoordenação de movimentos e da marcha, movimento anormal dos olhos. Pode haver esquecimento de fatos \nrecentes, associado à altera ção de comportam ento. Pode haver aume nto das crises convulsi vas em determinadas \nformas de epilepsia. Perda da voz, movimentos grosseiros e descoordenados de braços e pernas, coma, tremor, perda \nde força de um lado do corpo, sensação de cabeça leve, falta de energia e formigamento, alteração da sensibilidade \nnas extremidades. \n \nDistúrbios oculares: visão dupla reversível, aparência de “olho vítreo”. \n \nDistúrbios cardiovasculares: palpitações, dor torácica, insuficiência cardíaca (incluindo parada  cardíaca). \n \nDistúrbios respiratórios : congestão pulmonar, congestão nasal, hipersecreção, tosse, falta de ar, bronquite, rinite, \nfaringite. Pode ocorrer depressão respiratória. Rivotril® pode aumentar a produção de saliva ou secreção brônquica \n(secreção nas vias aéreas) em lactentes e  crianças. \nDistúrbios gastrintestinais: perda do apetite, língua saburrosa, constipação, diarreia, boca seca, incontinência fecal \n(perda do controle da evacuação), gastrite, aumento do fígado, apetite aumentado, gengivas doloridas, dor abdominal, \ninflamação gastrintestinal, dor de dente. Náuseas e sintomas epigástricos (raro) (sintomas na região do estômago). "", ""COMO DEVO USAR ESTE MEDICAMENTO?  \nAdministrar por via oral. Ver figura abaixo. Dissolver as gotas em um pouco de líquido não alcoólico. Nunca \nadministre as gotas diretamente na boca. \nA tampa possui lacre inviolável. Caso o lacre esteja rompido, não receba o frasco ou retorne ao local da compra."", ""6 \n \n \nDistúrbios do sistema reprodutivo : cólicas menstruais, diminuição de interesse sexual, impotência (raro). \n \nDistúrbios gerais: fadiga, frequente e geralmente transitória. Reações paradoxais: vide “Distúrbios psiquiátricos”. \n \nLesões e envenenamento: quedas e fraturas. Risco maior em pessoas que usam outros sedativos (incluindo bebidas \nalcoólicas) e em idosos. \n \nExames complementares : diminuição do número de plaquetas (raro). Diminuição dos glóbulos brancos e anemia, \nalterações dos exames da função do fígado. \n \nDistúrbios do ouvido: otite, vertigem. \n \nDiversas: desidratação, deterioração geral, febre, aumento dos gânglios linfáticos, ganho ou perda de peso, infecção \nviral. \n \nInforme ao seu médico, cirurgião-dentista ou farmacêutico o aparecimento de reações indesejáveis pelo uso do \nmedicamento. Informe também à empresa através do seu serviço de atendimento.  \n \n9. O QUE FAZER SE ALGUÉM USAR UMA QUAN TIDADE MAIOR DO QUE A INDICADA DESTE \nMEDICAMENTO? \nSintomas \nOs benzodiazepínicos geralmente causam sonolência, ataxia (perda da coordenação dos movimentos), disartria, \nnistagmo, confusão mental, excitação e lentidão de movimento. A superdose de Rivotril® está raramente associada \ncom risco de morte, caso o medicamento tenha sido tomado isoladamente, mas pode levar à arreflexia (ausência de \nreflexos), apneia, hipotensão arterial, depressão cardiorrespiratória e coma. Se ocorrer coma, normalmente tem \nduração de poucas horas; porém, pode ser prolongado e cíclico, particularmente em idosos. A depressão respiratória \npor benzodiazepínicos é mais séria em pacientes com doença respiratória. \nOs benzodiazepínicos aumentam os efeitos de outros depressores do sistema nervoso central, incluindo o álcool. \nConduta \nMonitorar os sinais vitais e instituir medidas de suporte a critério médico. \nAdvertência \nFlumazenil não é indicado a pacientes com epilepsia que foram tratados com benzodiazepínicos. \n \nEm caso de uso de grande quantid ade deste medicamento, procure rapi damente socorro médico e leve a \nembalagem ou bula do medicamento, se possível. Ligue para 0800 722 6001, se você precisar de mais \norientações. \n \nMS-1.1524.0011 \n \nFarmacêutico Responsável: Dr. Adriano Costa Leite – CRF-SP n° 38.716 \n \nRegistrado por: \nBlanver Farmoquímica e Farmacêutica S.A. \nRua Francisco Tramontano, 101 -Sala 507 \nReal Parque – CEP 05686-010 – São Paulo – SP \nCNPJ 53.359.824/0001-19 \n \nFabricado e Embalado por: \nProdutos Roche Químicos e Farmacêuticos S.A. \nEst. dos Bandeirantes, 2020 \nCEP 22775-109 – Rio de Janeiro – RJ \n \nComercializado por: \nBiopas Brasil Produtos Farmacêuticos Ltda \nEstrada da Lagoinha, 501 - Bloco 3 - Lagoa \nCEP: 06730-000 - Vargem Grande Paulista – SP \n \nIndústria Brasileira \n \nServiço Atendimento ao Consumidor – 0800 591 9210  \n \n "", ""4 \n \n \n \n \n \nA dose de Rivotril® depende da doença, resposta clínica, idade e tolerabilidade. \nRecomenda-se que o tratamento inicie com doses mais baixas, que podem ser aumentadas se necessário. Siga a \norientação médica. \n \nDistúrbios epilépticos \nAdultos \nDose inicial: não exceder 1,5 mg/dia, dividida em 3 doses. Aumentar a critério médico. Dose de manutenção: será \ndefinida pelo seu médico, de acordo com sua resposta. \nDose diária máxima recomendada: 20 mg. \nSe você já usa outro anticonvulsivante, avise seu médico. \n \nRecém-nascidos e crianças até 10 anos de idade ou 30kg de peso: Dose inicial: 0,01 a 0,03mg/kg/dia. Não exceder \n0,05 mg/kg/dia, dividido em 2 ou 3 doses diárias. \n \nCrianças entre 10 e 16 anos de idade: Dose inicial: 1 a 1,5 mg/dia, dividido em 2 a 3 doses. A dose pode ser aumentada \na critério médico, até atingir a dose de manutenção individual, usualmente de 3 a 6 mg/dia. \nSempre que possível, dividir a dose diária em 3 doses iguais. Caso não seja possível, a maior dose deve ser tomada \nantes de deitar. \n \nTranstornos de ansiedade \n Distúrbio do pânico: Adultos: - Dose inicial: 0,5 mg/dia, dividida em 2 doses. Pode-se aumentar a dose a critério \nmédico. - Dose de manutenção: a critério médico, de acordo com sua resposta. A dose tomada ao deitar, reduz a \ninconveniência da sonolência e pode ser desejável no início do tratamento. A retirada deve ser gradual, até que \no medicamento seja totalmente suspenso.  \n Como ansiolítico em geral: 0,25 mg a 4,0 mg/dia. Dose recomendada: 0,5 a 1,5 mg/dia (dividida em 3x/dia). \n Fobia social: 0,25 mg/dia até 6,0 mg/dia (2,0 mg, 3x/dia). Dose recomendada: 1,0 a 2,5 mg/dia. \n \nTranstornos do humor \n Transtorno afetivo bipolar (tratamento da mania): 1,5 mg a 8 mg/dia. Dose recomendada: 2,0 a 4,0 mg/dia. \n Depressão maior (associado a antidepressivos): 0,5 a 6,0 mg/dia. Dose recomendada:  2,0 a 4,0 mg/dia. \n \nSíndromes psicóticas \n Acatisia: 0,5 mg a 4,5 mg/dia. Dose recomendada: 0,5 a 3,0 mg/dia.  \n \nSíndrome das pernas inquietas: 0,5 mg a 2,0 mg/dia. \n \nVertigem e distúrbios do equilíbrio : 0,5 mg a 1,0 mg/dia (2x/dia). Doses diárias superiores a 1,0 mg não são \nrecomendáveis. \n \nSíndrome da boca ardente: 0,25 a 6,0 mg/dia. Dose recomendada: 1,0 a 2,0 mg/dia. \n \nUso em idosos: a dose mais baixa possível deve ser utilizada em idosos. Deve-se ter especial cuidado durante as \nalterações na dose. \nComprometimento do fígado: pacientes com comprometimento do fígado grave não devem ser tratados com \nclonazepam e pacientes com comprometimento hepático leve a moderado devem receber a dose mais baixa possível. \n"", ""6 \n \n \n \nDistúrbios da pele / tecido subcutâneo: urticária (placas avermelhadas na pele que coçam bastante), coceira, erupção \ncutânea, perda de cabelo transitória, crescimento anormal de pelos, inchaço na face e tornozelo, alterações da \npigmentação (raro). \n \nDistúrbios musculoesqueléticos / tecido conectivo : fraqueza muscular frequente e geralmente transitória. Dor \nmuscular, dor nas costas, fratura traumática, dor na nuca, deslocamentos e tensões. \n \nDistúrbios renais / urinários: dificuldade para urinar, perda urinária durante o sono, noctúria (levantar à noite para \nurinar), retenção urinária, infecção do trato urinário. Incontinência (raro). \n \nDistúrbios do sistema reprodutivo : cólicas menstruais, diminuição de interesse sexual, impotência  (raro). \n \nDistúrbios gerais: fadiga frequente e geralmente transitória. Reações paradoxais: vide “Distúrbios psiquiátricos”. \n \nLesões e envenenamento: quedas e fraturas. Risco maior em pessoas que usam outros sedativos, incluindo bebidas \nalcoólicas e em idosos. \n \nExames complementares : diminuição do número de plaquetas (raro). Diminuição dos glóbulos brancos e anemia, \nalterações dos exames da função do fígado. \n \nDistúrbios do ouvido: otite, vertigem. \n \nDiversas: desidratação, deterioração geral, febre, aumento dos gânglios linfáticos, ganho ou perda de peso, infecção \nviral. \n \nInforme ao seu médico, cirurgião-dentista ou farmacêutico o aparecimento de reações indesejáveis pelo uso do \nmedicamento. Informe também à empresa através do seu serviço de  atendimento.  \n \n9. O QUE FAZER SE ALGUÉM USAR UMA QUANTIDADE MAIOR DO QUE A INDICADADESTE \nMEDICAMENTO? \nSintomas \nOs benzodiazepínicos geralmente causam sonolência, ataxia (perda da coordenação dos movimentos), disartria, \nnistagmo, confusão mental, excitação e lentidão de movimento. A superdose de Rivotril® está raramente associada \ncom risco de morte, caso o medicamento tenha sido tomado isoladamente, mas pode levar à arreflexia (ausência de \nreflexos), apneia, hipotensão arterial, depressão cardiorrespiratória e coma. Se ocorrer coma, normalmente tem \nduração de poucas horas; porém, pode ser prolongado e cíclico, particularmente em idosos. A depressão respiratória \npor benzodiazepínicos é mais séria em pacientes com doença  respiratória. \nOs benzodiazepínicos aumentam os efeitos de outros depressores do sistema nervoso central, incluindo o álcool. \nConduta \nMonitorar sinais vitais e instituir medidas de suporte a critério médico. \nAdvertência \nFlumazenil não é indicado a pacientes com epilepsia que foram tratados com benzodiazepínicos. \n \nEm caso de uso de grande quantid ade deste medicamento, procure rapi damente socorro médico e leve a \nembalagem ou bula do medicamento, se possível. Ligue para 0800 722 6001, se você precisar de mais \norientações. \n \nMS-1.1524.0011 \nFarmacêutico Responsável: Dr. Adriano Costa Leite – CRF-SP n° 38.716 \n \nRegistrado por: \nBlanver Farmoquímica e Farmacêutica S.A. \nRua Francisco Tramontano, 101 -Sala 507 \nReal Parque – CEP 05686-010 – São Paulo – SP \nCNPJ 53.359.824/0001-19 \n \nFabricado e Embalado por: \nProdutos Roche Químicos e Farmacêuticos S.A. \nEst. dos Bandeirantes, 2020 \nCEP 22775-109 – Rio de Janeiro – RJ "", ""8 \n \n \n \n \n \n \n \n \n \n \n \n \n \n \n \nRivotril\n®\n \n(clonazepam) \n \n \nSolução oral    de  2,5 mg/mL \n \n \nBlanver Farmoquímica e Farmacêutica S.A"", ""7 \n \n \n \nComercializado por: \nBiopas Brasil Produtos Farmacêuticos Ltda \nEstrada da Lagoinha, 501 - Bloco 3 - Lagoa \nCEP: 06730-000 - Vargem Grande Paulista – SP \n \nIndústria Brasileira \n \nServiço Atendimento ao Consumidor – 0800 591 9210  \n \n \nVENDA SOB PRESCRIÇÃO MÉDICA. O ABUSO DESTE MEDICAMENTO PODE CAUSAR \nDEPENDÊNCIA. \n \n \nEsta bula foi aprovada pela ANVISA em 03/03/2022. \n \n \nBula_VP_Rivotril_V.01"", ""4 \n \n \nDistúrbios epilépticos \nAdultos \nDose inicial: não exceder 1,5 mg/dia, dividida em 3 doses. Aumentar a critério médico. Dose de manutenção: será \ndefinida pelo seu médico, de acordo com sua  resposta. \nDose diária máxima recomendada: 20 mg. \nSe você já usa outro anticonvulsivante, avise seu médico. \n \nCrianças entre 10 e 16 anos de idade: Dose inicial: 1 a 1,5 mg/dia, dividido em 2 a 3 doses. A dose pode ser aumentada, \na critério médico, até atingir a dose de manutenção individual, usualmente de 3 a 6 mg/dia. \nSempre que possível, dividir a dose diária em 3 doses iguais. Caso não seja possível, a maior dose deve ser tomada \nantes de deitar. \n \nTranstornos de ansiedade \n Distúrbio do pânico: Adultos: – Dose inicial: 0,5 mg/dia, dividida em duas doses. Pode-se aumentar a dose, a \ncritério médico. - Dose de manutenção: a critério médico, de acordo com sua resposta. A dose tomada, ao deitar, \nreduz a inconveniência da sonolência e pode ser desejável no início do tratamento. A r etirada deve ser gradual, \naté que o medicamento seja totalmente suspenso.  \n Nas crises agudas de pânico: 1 comprimido de Rivotril® sublingual. \n Como ansiolítico em geral: 0,25 mg a 4,0 mg/dia. Dose recomendada: 0,5 a 1,5 mg/dia (dividida em 3x/dia). \n Fobia social: 0,25 mg/dia até 6,0 mg/dia (2,0 mg, 3x/dia). Dose recomendada: 1,0 a 2,5 mg/dia. \n \nTranstornos do humor \n Transtorno afetivo bipolar (tratamento da mania): 1,5 mg a 8 mg/dia. Dose recomendada: 2,0 a 4,0 mg/dia. \n Depressão maior (associado a antidepressivos): 0,5 a 6,0 mg/dia. Dose recomendada:  2,0 a 4,0 mg/dia. \n \nSíndromes psicóticas \n Acatisia: 0,5 mg a 4,5 mg/dia. Dose recomendada: 0,5 e 3,0 mg/dia.  \n \nSíndrome das pernas inquietas: 0,5 mg a 2,0 mg/dia. \n \nVertigem e distúrbios do equilíbrio : 0,5 mg a 1,0 mg/dia (2x/dia). Doses diárias superiores a 1,0 mg não são \nrecomendáveis. \n \nSíndrome da boca ardente: 0,25 a 6,0 mg/dia. Dose recomendada: 1,0 a 2,0 mg/dia. \n \nUso em idosos: a dose mais baixa possível deve ser utilizada em idosos. Deve-se ter especial cuidado durante as \nalterações na dose. \nComprometimento do fígado: pacientes com comprometimento do fígado grave não devem ser tratados com \nclonazepam e pacientes com comprometimento hepático leve a moderado devem receber a dose mais baixa possível. \n \nInstruções especiais de administração  \nRivotril® pode ser usado com outros antiepilépticos. Nesse caso, seu médico ajustará a dose de cada medicamento \npara atingir o efeito ideal. \nNão pare de tomar Rivotril® subitamente, você pode ter novas crises epilépticas. Somente seu médico poderá orientar \na interrupção do tratamento reduzindo gradualmente a dose utilizada. \n \nSiga a orientação de seu médico, respeitando sempre os horários, as doses e a duração do tratamento.  \nNão interrompa o tratamento sem o conhecimento do seu médico.  \n \n7. O QUE DEVO FAZER QUANDO EU ME ESQU ECER DE USAR ESTE   MEDICAMENTO?  \nNunca dobre a dose na próxima tomada.  Apenas continue com a próxima dose no tempo determinado. "", ""8 \n \n \nHistórico de alteração para bula \n \nDados da submissão eletrônica Dados da petição/notifi cação que altera bula Dados das alterações de bulas \n \nData do \nexpediente \n \nN° do \nexpediente \n \nAssunto \n \nData do \nexpediente \n \nN° do \nexpediente \n \nAssunto \n \nData de \naprovação \n \nItens de bula \n \nVersões \n(VP/VPS)\n* \n \nApresentações \nrelacionadas \n19/10/2021  \n4212952/21-1 \nInclusão \nInicial de \nTexto de Bula \n– RDC 60/12 \n19/10/2021 - \nInclusão Inicial de \nTexto de Bula – \nRDC 60/12 \n19/10/2021 Dizeres legais VP e VPS \nComprimidos de 0,5 \nmg ou 2 mg \ncom 20 ou 30 \ncomprimidos. \n \nComprimidos \nsublinguais de 0,25 \nmg com 30 \ncomprimidos. \n \nSolução oral de 2,5 \nmg/mL com \n20 mL. \n03/03/2022 - \nMEDICAMENTO \nNOVO - \nNotificação de \nAlteração de \nTexto de Bula – \npublicação no \nBulário RDC \n60/12 \n03/03/2022 - \nMEDICAMENTO \nNOVO - Notificação \nde Alteração de \nTexto de Bula – \npublicação no Bulário \nRDC 60/12 \n03/03/2022 Correção ortográfica VP e VPS \nComprimidos de 0,5 \nmg ou 2 mg \ncom 20 ou 30 \ncomprimidos. \n \nComprimidos \nsublinguais de 0,25 \nmg com 30 \ncomprimidos. \n \nSolução oral de 2,5 \nmg/mL com \n20 mL. \n*VP = versão de bula do paciente / VPS = versão de bula do profissional da  saúde "", ""1"", ""IDENTIFICAÇÃO DO MEDICAMENTO  \n \nRivotril® \nclonazepam  \n \nAnticonvulsivante/Ansiolítico \n \nAPRESENTAÇÕES \n \nComprimidos de 0,5 mg ou 2 mg. Caixa com 20 ou 30 comprimidos.  \n \nVIA ORAL \n \nUSO ADULTO E PEDIÁTRICO  \n \n \nCOMPOSIÇÃO \nComprimidos de 0,5 mg \nPrincípio ativo: clonazepam...............................................................................................................................0,5 mg. \nExcipientes: lactose, amido de milho, amido pré-gelatinizado, óxido de ferro amarelo, óxido férrico, talco, estearato \nde magnésio. \n \nComprimidos de 2,0 mg \nPrincípio ativo: clonazepam...............................................................................................................................2,0 mg. \nExcipientes: lactose, amido pré-gelatinizado, estearato de magnésio, celulose  microcristalina. \n \nINFORMAÇÕES AO PACIENTE \nLeia com atenção as informações a seguir. Se tiver dúvidas, informe seu  médico. \n \n1."", ""IDENTIFICAÇÃO DO MEDICAMENTO** \n\n## **Rivotril[®]** \n\nclonazepam \n\n**Anticonvulsivante/Ansiolítico** \n\n**APRESENTAÇÕES** \n\n**Comprimidos de 0,5 mg ou 2 mg. Caixa com 20 ou 30 comprimidos.** \n\n**VIA ORAL** \n\n## **USO ADULTO E PEDIÁTRICO** \n\n## **COMPOSIÇÃO** \n\n## **Comprimidos de 0,5 mg** \n\n**Princípio ativo:** clonazepam...............................................................................................................................0,5 mg. **Excipientes:** lactose, amido de milho, amido pré-gelatinizado, óxido de ferro amarelo, óxido férrico, talco, estearato de magnésio. \n\n## **Comprimidos de 2,0 mg** \n\n**Princípio ativo:** clonazepam...............................................................................................................................2,0 mg. **Excipientes:** lactose, amido pré-gelatinizado, estearato de magnésio, celulose  microcristalina. \n\n## **INFORMAÇÕES AO PACIENTE** \n\nLeia com atenção as informações a seguir. Se tiver dúvidas, informe seu  médico. \n\n## **"", ""IDENTIFICAÇÃO DO MEDICAMENTO  \n \nRivotril® \nclonazepam  \n \nAnticonvulsivante/Ansiolítico \n \nAPRESENTAÇÕES \nSolução oral de 2,5 mg/mL. Frasco com 20 mL.  \n \nVIA ORAL \n \nUSO ADULTO E PEDIÁTRICO  \n \n \nCOMPOSIÇÃO \nSolução oral de 2,5 mg/mL (1 gota = 0,1 mg)  \nPrincípio ativo: clonazepam.........................................................................................................................2,5 mg/mL \nExcipientes: sacarina sódica, ácido acético, propilenoglicol, essência de pêssego. Cada 1 mL de Rivotril® solução \noral equivale a cerca de 25 gotas. \n \nINFORMAÇÕES AO PACIENTE \nLeia com atenção as informações a seguir. Se tiver dúvidas, informe seu  médico. \n \n1."", ""IDENTIFICAÇÃO DO MEDICAMENTO  \n \nRivotril® \nclonazepam  \n \nAnticonvulsivante/Ansiolítico \n \nAPRESENTAÇÕES \nComprimidos sublinguais de 0,25 mg. Caixa com 30 comprimidos.  \n \nVIA SUBLINGUAL \n \nUSO ADULTO E PEDIÁTRICO  \n \nCOMPOSIÇÃO \nComprimidos sublinguais de 0,25 mg  \nPrincípio ativo: clonazepam.............................................................................................................................0,25 mg \nExcipientes: celulose microcristalina, manitol, amidoglicolato de sódio e estearilfumarato de sódio. \n \nINFORMAÇÕES AO PACIENTE \nLeia com atenção as informações a seguir. Se tiver dúvidas, informe seu  médico. \n \n1.""]",107.724,117.874
agentic_rag,ollama:gemma4:e4b,RIVOTRIL,"Em pacientes com comprometimento hepático leve a moderado, qual ajuste de dose deve ser considerado?",medio,"Pacientes com insuficiência hepática leve a moderada devem receber a dose mais baixa possível de Rivotril, ajustada individualmente e com monitoramento cuidadoso da resposta clínica.",COMO DEVO USAR ESTE MEDICAMENTO?,"De acordo com a bula do medicamento RIVOTRIL, consta a seguinte informação: Pacientes com comprometimento hepático leve a moderado devem receber a dose mais baixa possível.

---
*Esta resposta se baseia apenas nos trechos da bula recuperados e não substitui orientação médica ou farmacêutica.*","De acordo com a bula do medicamento RIVOTRIL, consta a seguinte informação: Pacientes com comprometimento hepático leve a moderado devem receber a dose mais baixa possível.","COMO DEVO USAR ESTE MEDICAMENTO?, O QUE DEVO SABER ANTES DE USAR ESTE MEDICAMENTO?",,"[""5 \n \n \nEm caso de dúvidas, procure orientação do farmacêu tico, do seu médico ou   cirurgião-dentista. \n \n8. QUAIS OS MALES QUE ESTE MEDICAMENTO PODE ME   CAUSAR?  \nAlgumas reações são transitórias e desaparecem espontaneamente no decorrer do tratamento ou com redução da dose. \nAs reações que ocorreram em ≥ 5% dos pacientes em estudos clínicos foram: sonolência, dor de cabeça, infecção das \nvias aéreas superiores, cansaço, gripe, depressão, vertigem, irritabilidade, insônia, perda da coordenação de \nmovimentos e da marcha, perda do equilíbrio, náusea, sensação de cabeça leve, sinusite e concentração prejudicada. \n \nPós-comercialização: \n \nDistúrbios do sistema imunológico: reações alérgicas e muito poucos casos de anafilaxia (reação alérgica grave). \n \nDistúrbios endócrinos: casos isolados, reversíveis, de puberdade precoce incompleta em  crianças. \n \nDistúrbios psiquiátricos: amnésia, alucinações, histeria, psicose, tentativa de suicídio, despersonalização, distúrbio \nde memória, desinibição orgânica, ideias suicidas, lamentações, distúrbios emocionais e de humor, estado confusional \ne desorientação. Depressão pode estar associada à doença de base. Reações paradoxais: inquietação, agitação, \nirritabilidade, agressividade, nervosismo, hostilidade, ansiedad e, distúrbios do sono, delírio, raiva, pesadelos, sonhos \nanormais, alucinações, psicose, hiperatividade, comp ortamento inapropriado e outros efeitos comportamentais. \nAlterações da libido (casos raros). Dependência e retirada, vide item “Abuso e dependência do medicamento”.  \n \nDistúrbios do sistema nervoso: diminuição da concentração, sonolência, lentificação, hipotonia muscular, tonturas, \nataxia são frequentes e geralmente transitórias. Dor de cabeça (raro). Distúrbios reversíveis: dificuldade para articular \na fala, incoordenação de movimentos e da marcha, movimento anormal dos olhos. Pode haver esquecimento de fatos \nrecentes, associado a altera ção de comportam ento. Pode haver aume nto das crises convulsi vas em determinadas \nformas de epilepsia. Perda da voz, movimento grosseiros e descoordenados de braços e pernas, coma, tremor, perda \nde força de um lado do corpo, sensação de cabeça leve, falta de energia e formigamento e alteração da sensibilidade \nnas extremidades. \n \nDistúrbios oculares: visão dupla reversível, aparência de “olho vítreo”. \n \nDistúrbios cardiovasculares: palpitações, dor torácica, insuficiência cardíaca (incluindo parada  cardíaca). \n \nDistúrbios respiratórios : congestão pulmonar, congestão nasal, hipersecreção, tosse, falta de ar, bronquite, rinite, \nfaringite. Pode ocorrer depressão respiratória. Rivotril® pode aumentar a produção de saliva ou de secreção \nbrônquica (secreção nas vias aéreas) em lactentes e crianças. \n \nDistúrbios gastrintestinais: perda do apetite, língua saburrosa, constipação, diarreia, boca seca, incontinência fecal \n(perda do controle da evacuação), gastrite, aumento do fígado, apetite aumentado, gengivas doloridas, dor abdominal, \ninflamação gastrintestinal, dor de dente. Náuseas e sintomas epigástricos (raro) (sintomas na região do estômago). \n \nDistúrbios da pele / tecido subcutâneo: urticária (placas avermelhadas na pele que coçam bastante), coceira, erupção \ncutânea, perda de cabelo transitória, crescimento anormal de pelos, inchaço na face e tornozelo e alterações da \npigmentação (raro). \n \nDistúrbios musculoesqueléticos / tecido conectivo : fraqueza muscular, frequente e geralmente transitória. Dor \nmuscular, dor nas costas, fratura traumática, dor na nuca, deslocamentos e  tensões. \nDistúrbios renais e urinários: dificuldade para urinar, perda urinária durante o sono, noctúria (levantar à noite para \nurinar), retenção urinária, infecção do trato urinário. Incontinência  (raro). "", ""5 \n \n \nInstruções especiais de administração  \nRivotril® pode ser usado com outros antiepilépticos. Nesse caso, seu médico ajustará a dose de cada medicamento \npara atingir o efeito ideal. \nNão pare de tomar Rivotril® subitamente, você pode ter novas crises epilépticas. Somente seu médico poderá orientar \na interrupção do tratamento reduzindo gradualmente a dose utilizada. \n \nSiga a orientação de seu médico, respeitando sempre os horários, as doses e a duração do tratamento. Não \ninterrompa o tratamento sem o conhecimento do seu  médico.  \n \n7. O QUE DEVO FAZER QUANDO EU ME ES QUECER DE USAR ESTE MEDICAMENTO?  \nNunca dobre a dose na próxima tomada. Apenas continue com a próxima dose no tempo determinado.   \nEm caso de dúvidas, procure orientação do farmacêutico, de seu médico ou   cirurgião-dentista.  \n \n8. QUAIS OS MALES QUE ESTE MEDICAMENTO PODE ME   CAUSAR?  \nAlgumas reações são transitórias e desaparecem espontaneamente no decorrer do tratamento ou com redução da dose. \nAs reações que ocorreram em ≥ 5% dos pacientes em estudos clínicos foram: sonolência, dor de cabeça, infecção das \nvias aéreas superiores, cansaço, gripe, depressão, vertigem, irritabilidade, insônia, perda da coordenação de \nmovimentos e da marcha, perda do equilíbrio, náusea, sensação de cabeça leve, sinusite e concentração prejudicada. \n \nPós-comercialização: \n \nDistúrbios do sistema imunológico: reações alérgicas e muito poucos casos de anafilaxia (reação alérgica grave). \n \nDistúrbios endócrinos: casos isolados, reversíveis, de puberdade precoce  incompleta. \n \nDistúrbios psiquiátricos: amnésia, alucinações, histeria, psicose, tentativa de suicídio, despersonalização, distúrbio \nde memória, desinibição orgânica, ideias suicidas, lamentações, distúrbios emocionais e de humor, estado confusional \ne desorientação. Depressão pode estar associada à doença de base. Reações paradoxais: inquietação, agitação, \nirritabilidade, agressividade, nervosismo, hostilidade, ansiedade, distúrbios do sono, delírio, raiva, pesadelos, sonhos \nanormais, alucinações, psicose, hiperatividade, comp ortamento inapropriado e outros efeitos comportamentais. \nAlterações da libido (casos raros). Dependência e retirada, vide item “Abuso e dependência do medicamento”.  \n \nDistúrbios do sistema nervoso: diminuição da concentração, sonolência, lentificação, hipotonia muscular, tonturas, \nataxia são frequentes e geralmente transitórias. Dor de cabeça (raro). Distúrbios reversíveis: dificuldade para articular \na fala, incoordenação de movimentos e da marcha, movimento anormal dos olhos. Pode haver esquecimento de fatos \nrecentes, associado à altera ção de comportam ento. Pode haver aume nto das crises convulsi vas em determinadas \nformas de epilepsia. Perda da voz, movimentos grosseiros e descoordenados de braços e pernas, coma, tremor, perda \nde força de um lado do corpo, sensação de cabeça leve, falta de energia e formigamento, alteração da sensibilidade \nnas extremidades. \n \nDistúrbios oculares: visão dupla reversível, aparência de “olho vítreo”. \n \nDistúrbios cardiovasculares: palpitações, dor torácica, insuficiência cardíaca (incluindo parada  cardíaca). \n \nDistúrbios respiratórios : congestão pulmonar, congestão nasal, hipersecreção, tosse, falta de ar, bronquite, rinite, \nfaringite. Pode ocorrer depressão respiratória. Rivotril® pode aumentar a produção de saliva ou secreção brônquica \n(secreção nas vias aéreas) em lactentes e  crianças. \nDistúrbios gastrintestinais: perda do apetite, língua saburrosa, constipação, diarreia, boca seca, incontinência fecal \n(perda do controle da evacuação), gastrite, aumento do fígado, apetite aumentado, gengivas doloridas, dor abdominal, \ninflamação gastrintestinal, dor de dente. Náuseas e sintomas epigástricos (raro) (sintomas na região do estômago). "", ""7 \n \n \nVENDA SOB PRESCRIÇÃO MÉDICA. O ABUSO DESTE MEDICAMENTO PODE CAUSAR \nDEPENDÊNCIA. \n \n \nEsta bula foi aprovada pela ANVISA em 03/03/2022. \n \n \nBula_VP_Rivotril_V.01"", ""COMO DEVO USAR ESTE MEDICAMENTO?  \nColocar o comprimido subli ngual debaixo da língua para ser dissolvido na saliva e absorvido por pelo menos, 3 \nminutos, sem ser deglutido. \nEste medicamento não deve ser partido ou  mastigado.  \n \nA dose de Rivotril® depende da doença resposta clínica, idade e tolerabilidade. \nRecomenda-se, que o tratament o inicie com doses mais baixas, que podem ser aumentadas se necessário. Siga a \norientação médica."", ""6 \n \n \nDistúrbios do sistema reprodutivo : cólicas menstruais, diminuição de interesse sexual, impotência (raro). \n \nDistúrbios gerais: fadiga, frequente e geralmente transitória. Reações paradoxais: vide “Distúrbios psiquiátricos”. \n \nLesões e envenenamento: quedas e fraturas. Risco maior em pessoas que usam outros sedativos (incluindo bebidas \nalcoólicas) e em idosos. \n \nExames complementares : diminuição do número de plaquetas (raro). Diminuição dos glóbulos brancos e anemia, \nalterações dos exames da função do fígado. \n \nDistúrbios do ouvido: otite, vertigem. \n \nDiversas: desidratação, deterioração geral, febre, aumento dos gânglios linfáticos, ganho ou perda de peso, infecção \nviral. \n \nInforme ao seu médico, cirurgião-dentista ou farmacêutico o aparecimento de reações indesejáveis pelo uso do \nmedicamento. Informe também à empresa através do seu serviço de atendimento.  \n \n9. O QUE FAZER SE ALGUÉM USAR UMA QUAN TIDADE MAIOR DO QUE A INDICADA DESTE \nMEDICAMENTO? \nSintomas \nOs benzodiazepínicos geralmente causam sonolência, ataxia (perda da coordenação dos movimentos), disartria, \nnistagmo, confusão mental, excitação e lentidão de movimento. A superdose de Rivotril® está raramente associada \ncom risco de morte, caso o medicamento tenha sido tomado isoladamente, mas pode levar à arreflexia (ausência de \nreflexos), apneia, hipotensão arterial, depressão cardiorrespiratória e coma. Se ocorrer coma, normalmente tem \nduração de poucas horas; porém, pode ser prolongado e cíclico, particularmente em idosos. A depressão respiratória \npor benzodiazepínicos é mais séria em pacientes com doença respiratória. \nOs benzodiazepínicos aumentam os efeitos de outros depressores do sistema nervoso central, incluindo o álcool. \nConduta \nMonitorar os sinais vitais e instituir medidas de suporte a critério médico. \nAdvertência \nFlumazenil não é indicado a pacientes com epilepsia que foram tratados com benzodiazepínicos. \n \nEm caso de uso de grande quantid ade deste medicamento, procure rapi damente socorro médico e leve a \nembalagem ou bula do medicamento, se possível. Ligue para 0800 722 6001, se você precisar de mais \norientações. \n \nMS-1.1524.0011 \n \nFarmacêutico Responsável: Dr. Adriano Costa Leite – CRF-SP n° 38.716 \n \nRegistrado por: \nBlanver Farmoquímica e Farmacêutica S.A. \nRua Francisco Tramontano, 101 -Sala 507 \nReal Parque – CEP 05686-010 – São Paulo – SP \nCNPJ 53.359.824/0001-19 \n \nFabricado e Embalado por: \nProdutos Roche Químicos e Farmacêuticos S.A. \nEst. dos Bandeirantes, 2020 \nCEP 22775-109 – Rio de Janeiro – RJ \n \nComercializado por: \nBiopas Brasil Produtos Farmacêuticos Ltda \nEstrada da Lagoinha, 501 - Bloco 3 - Lagoa \nCEP: 06730-000 - Vargem Grande Paulista – SP \n \nIndústria Brasileira \n \nServiço Atendimento ao Consumidor – 0800 591 9210  \n \n "", ""4 \n \n \nDistúrbios epilépticos \nAdultos \nDose inicial: não exceder 1,5 mg/dia, dividida em 3 doses. Aumentar a critério médico. Dose de manutenção: será \ndefinida pelo seu médico, de acordo com sua  resposta. \nDose diária máxima recomendada: 20 mg. \nSe você já usa outro anticonvulsivante, avise seu médico. \n \nCrianças entre 10 e 16 anos de idade: Dose inicial: 1 a 1,5 mg/dia, dividido em 2 a 3 doses. A dose pode ser aumentada, \na critério médico, até atingir a dose de manutenção individual, usualmente de 3 a 6 mg/dia. \nSempre que possível, dividir a dose diária em 3 doses iguais. Caso não seja possível, a maior dose deve ser tomada \nantes de deitar. \n \nTranstornos de ansiedade \n Distúrbio do pânico: Adultos: – Dose inicial: 0,5 mg/dia, dividida em duas doses. Pode-se aumentar a dose, a \ncritério médico. - Dose de manutenção: a critério médico, de acordo com sua resposta. A dose tomada, ao deitar, \nreduz a inconveniência da sonolência e pode ser desejável no início do tratamento. A r etirada deve ser gradual, \naté que o medicamento seja totalmente suspenso.  \n Nas crises agudas de pânico: 1 comprimido de Rivotril® sublingual. \n Como ansiolítico em geral: 0,25 mg a 4,0 mg/dia. Dose recomendada: 0,5 a 1,5 mg/dia (dividida em 3x/dia). \n Fobia social: 0,25 mg/dia até 6,0 mg/dia (2,0 mg, 3x/dia). Dose recomendada: 1,0 a 2,5 mg/dia. \n \nTranstornos do humor \n Transtorno afetivo bipolar (tratamento da mania): 1,5 mg a 8 mg/dia. Dose recomendada: 2,0 a 4,0 mg/dia. \n Depressão maior (associado a antidepressivos): 0,5 a 6,0 mg/dia. Dose recomendada:  2,0 a 4,0 mg/dia. \n \nSíndromes psicóticas \n Acatisia: 0,5 mg a 4,5 mg/dia. Dose recomendada: 0,5 e 3,0 mg/dia.  \n \nSíndrome das pernas inquietas: 0,5 mg a 2,0 mg/dia. \n \nVertigem e distúrbios do equilíbrio : 0,5 mg a 1,0 mg/dia (2x/dia). Doses diárias superiores a 1,0 mg não são \nrecomendáveis. \n \nSíndrome da boca ardente: 0,25 a 6,0 mg/dia. Dose recomendada: 1,0 a 2,0 mg/dia. \n \nUso em idosos: a dose mais baixa possível deve ser utilizada em idosos. Deve-se ter especial cuidado durante as \nalterações na dose. \nComprometimento do fígado: pacientes com comprometimento do fígado grave não devem ser tratados com \nclonazepam e pacientes com comprometimento hepático leve a moderado devem receber a dose mais baixa possível. \n \nInstruções especiais de administração  \nRivotril® pode ser usado com outros antiepilépticos. Nesse caso, seu médico ajustará a dose de cada medicamento \npara atingir o efeito ideal. \nNão pare de tomar Rivotril® subitamente, você pode ter novas crises epilépticas. Somente seu médico poderá orientar \na interrupção do tratamento reduzindo gradualmente a dose utilizada. \n \nSiga a orientação de seu médico, respeitando sempre os horários, as doses e a duração do tratamento.  \nNão interrompa o tratamento sem o conhecimento do seu médico.  \n \n7. O QUE DEVO FAZER QUANDO EU ME ESQU ECER DE USAR ESTE   MEDICAMENTO?  \nNunca dobre a dose na próxima tomada.  Apenas continue com a próxima dose no tempo determinado. "", ""4 \n \n \n \n \n \nA dose de Rivotril® depende da doença, resposta clínica, idade e tolerabilidade. \nRecomenda-se que o tratamento inicie com doses mais baixas, que podem ser aumentadas se necessário. Siga a \norientação médica. \n \nDistúrbios epilépticos \nAdultos \nDose inicial: não exceder 1,5 mg/dia, dividida em 3 doses. Aumentar a critério médico. Dose de manutenção: será \ndefinida pelo seu médico, de acordo com sua resposta. \nDose diária máxima recomendada: 20 mg. \nSe você já usa outro anticonvulsivante, avise seu médico. \n \nRecém-nascidos e crianças até 10 anos de idade ou 30kg de peso: Dose inicial: 0,01 a 0,03mg/kg/dia. Não exceder \n0,05 mg/kg/dia, dividido em 2 ou 3 doses diárias. \n \nCrianças entre 10 e 16 anos de idade: Dose inicial: 1 a 1,5 mg/dia, dividido em 2 a 3 doses. A dose pode ser aumentada \na critério médico, até atingir a dose de manutenção individual, usualmente de 3 a 6 mg/dia. \nSempre que possível, dividir a dose diária em 3 doses iguais. Caso não seja possível, a maior dose deve ser tomada \nantes de deitar. \n \nTranstornos de ansiedade \n Distúrbio do pânico: Adultos: - Dose inicial: 0,5 mg/dia, dividida em 2 doses. Pode-se aumentar a dose a critério \nmédico. - Dose de manutenção: a critério médico, de acordo com sua resposta. A dose tomada ao deitar, reduz a \ninconveniência da sonolência e pode ser desejável no início do tratamento. A retirada deve ser gradual, até que \no medicamento seja totalmente suspenso.  \n Como ansiolítico em geral: 0,25 mg a 4,0 mg/dia. Dose recomendada: 0,5 a 1,5 mg/dia (dividida em 3x/dia). \n Fobia social: 0,25 mg/dia até 6,0 mg/dia (2,0 mg, 3x/dia). Dose recomendada: 1,0 a 2,5 mg/dia. \n \nTranstornos do humor \n Transtorno afetivo bipolar (tratamento da mania): 1,5 mg a 8 mg/dia. Dose recomendada: 2,0 a 4,0 mg/dia. \n Depressão maior (associado a antidepressivos): 0,5 a 6,0 mg/dia. Dose recomendada:  2,0 a 4,0 mg/dia. \n \nSíndromes psicóticas \n Acatisia: 0,5 mg a 4,5 mg/dia. Dose recomendada: 0,5 a 3,0 mg/dia.  \n \nSíndrome das pernas inquietas: 0,5 mg a 2,0 mg/dia. \n \nVertigem e distúrbios do equilíbrio : 0,5 mg a 1,0 mg/dia (2x/dia). Doses diárias superiores a 1,0 mg não são \nrecomendáveis. \n \nSíndrome da boca ardente: 0,25 a 6,0 mg/dia. Dose recomendada: 1,0 a 2,0 mg/dia. \n \nUso em idosos: a dose mais baixa possível deve ser utilizada em idosos. Deve-se ter especial cuidado durante as \nalterações na dose. \nComprometimento do fígado: pacientes com comprometimento do fígado grave não devem ser tratados com \nclonazepam e pacientes com comprometimento hepático leve a moderado devem receber a dose mais baixa possível. \n"", ""COMO DEVO USAR ESTE MEDICAMENTO?  \nAdministrar por via oral. Ver figura abaixo. Dissolver as gotas em um pouco de líquido não alcoólico. Nunca \nadministre as gotas diretamente na boca. \nA tampa possui lacre inviolável. Caso o lacre esteja rompido, não receba o frasco ou retorne ao local da compra."", ""8 \n \n \nHistórico de alteração para bula \n \nDados da submissão eletrônica Dados da petição/notifi cação que altera bula Dados das alterações de bulas \n \nData do \nexpediente \n \nN° do \nexpediente \n \nAssunto \n \nData do \nexpediente \n \nN° do \nexpediente \n \nAssunto \n \nData de \naprovação \n \nItens de bula \n \nVersões \n(VP/VPS)\n* \n \nApresentações \nrelacionadas \n19/10/2021  \n4212952/21-1 \nInclusão \nInicial de \nTexto de Bula \n– RDC 60/12 \n19/10/2021 - \nInclusão Inicial de \nTexto de Bula – \nRDC 60/12 \n19/10/2021 Dizeres legais VP e VPS \nComprimidos de 0,5 \nmg ou 2 mg \ncom 20 ou 30 \ncomprimidos. \n \nComprimidos \nsublinguais de 0,25 \nmg com 30 \ncomprimidos. \n \nSolução oral de 2,5 \nmg/mL com \n20 mL. \n03/03/2022 - \nMEDICAMENTO \nNOVO - \nNotificação de \nAlteração de \nTexto de Bula – \npublicação no \nBulário RDC \n60/12 \n03/03/2022 - \nMEDICAMENTO \nNOVO - Notificação \nde Alteração de \nTexto de Bula – \npublicação no Bulário \nRDC 60/12 \n03/03/2022 Correção ortográfica VP e VPS \nComprimidos de 0,5 \nmg ou 2 mg \ncom 20 ou 30 \ncomprimidos. \n \nComprimidos \nsublinguais de 0,25 \nmg com 30 \ncomprimidos. \n \nSolução oral de 2,5 \nmg/mL com \n20 mL. \n*VP = versão de bula do paciente / VPS = versão de bula do profissional da  saúde "", ""6 \n \n \n \nDistúrbios da pele / tecido subcutâneo: urticária (placas avermelhadas na pele que coçam bastante), coceira, erupção \ncutânea, perda de cabelo transitória, crescimento anormal de pelos, inchaço na face e tornozelo, alterações da \npigmentação (raro). \n \nDistúrbios musculoesqueléticos / tecido conectivo : fraqueza muscular frequente e geralmente transitória. Dor \nmuscular, dor nas costas, fratura traumática, dor na nuca, deslocamentos e tensões. \n \nDistúrbios renais / urinários: dificuldade para urinar, perda urinária durante o sono, noctúria (levantar à noite para \nurinar), retenção urinária, infecção do trato urinário. Incontinência (raro). \n \nDistúrbios do sistema reprodutivo : cólicas menstruais, diminuição de interesse sexual, impotência  (raro). \n \nDistúrbios gerais: fadiga frequente e geralmente transitória. Reações paradoxais: vide “Distúrbios psiquiátricos”. \n \nLesões e envenenamento: quedas e fraturas. Risco maior em pessoas que usam outros sedativos, incluindo bebidas \nalcoólicas e em idosos. \n \nExames complementares : diminuição do número de plaquetas (raro). Diminuição dos glóbulos brancos e anemia, \nalterações dos exames da função do fígado. \n \nDistúrbios do ouvido: otite, vertigem. \n \nDiversas: desidratação, deterioração geral, febre, aumento dos gânglios linfáticos, ganho ou perda de peso, infecção \nviral. \n \nInforme ao seu médico, cirurgião-dentista ou farmacêutico o aparecimento de reações indesejáveis pelo uso do \nmedicamento. Informe também à empresa através do seu serviço de  atendimento.  \n \n9. O QUE FAZER SE ALGUÉM USAR UMA QUANTIDADE MAIOR DO QUE A INDICADADESTE \nMEDICAMENTO? \nSintomas \nOs benzodiazepínicos geralmente causam sonolência, ataxia (perda da coordenação dos movimentos), disartria, \nnistagmo, confusão mental, excitação e lentidão de movimento. A superdose de Rivotril® está raramente associada \ncom risco de morte, caso o medicamento tenha sido tomado isoladamente, mas pode levar à arreflexia (ausência de \nreflexos), apneia, hipotensão arterial, depressão cardiorrespiratória e coma. Se ocorrer coma, normalmente tem \nduração de poucas horas; porém, pode ser prolongado e cíclico, particularmente em idosos. A depressão respiratória \npor benzodiazepínicos é mais séria em pacientes com doença  respiratória. \nOs benzodiazepínicos aumentam os efeitos de outros depressores do sistema nervoso central, incluindo o álcool. \nConduta \nMonitorar sinais vitais e instituir medidas de suporte a critério médico. \nAdvertência \nFlumazenil não é indicado a pacientes com epilepsia que foram tratados com benzodiazepínicos. \n \nEm caso de uso de grande quantid ade deste medicamento, procure rapi damente socorro médico e leve a \nembalagem ou bula do medicamento, se possível. Ligue para 0800 722 6001, se você precisar de mais \norientações. \n \nMS-1.1524.0011 \nFarmacêutico Responsável: Dr. Adriano Costa Leite – CRF-SP n° 38.716 \n \nRegistrado por: \nBlanver Farmoquímica e Farmacêutica S.A. \nRua Francisco Tramontano, 101 -Sala 507 \nReal Parque – CEP 05686-010 – São Paulo – SP \nCNPJ 53.359.824/0001-19 \n \nFabricado e Embalado por: \nProdutos Roche Químicos e Farmacêuticos S.A. \nEst. dos Bandeirantes, 2020 \nCEP 22775-109 – Rio de Janeiro – RJ "", ""7 \n \n \n \nComercializado por: \nBiopas Brasil Produtos Farmacêuticos Ltda \nEstrada da Lagoinha, 501 - Bloco 3 - Lagoa \nCEP: 06730-000 - Vargem Grande Paulista – SP \n \nIndústria Brasileira \n \nServiço Atendimento ao Consumidor – 0800 591 9210  \n \n \nVENDA SOB PRESCRIÇÃO MÉDICA. O ABUSO DESTE MEDICAMENTO PODE CAUSAR \nDEPENDÊNCIA. \n \n \nEsta bula foi aprovada pela ANVISA em 03/03/2022. \n \n \nBula_VP_Rivotril_V.01"", ""8 \n \n \n \n \n \n \n \n \n \n \n \n \n \n \n \nRivotril\n®\n \n(clonazepam) \n \n \nSolução oral    de  2,5 mg/mL \n \n \nBlanver Farmoquímica e Farmacêutica S.A"", ""1"", ""IDENTIFICAÇÃO DO MEDICAMENTO  \n \nRivotril® \nclonazepam  \n \nAnticonvulsivante/Ansiolítico \n \nAPRESENTAÇÕES \n \nComprimidos de 0,5 mg ou 2 mg. Caixa com 20 ou 30 comprimidos.  \n \nVIA ORAL \n \nUSO ADULTO E PEDIÁTRICO  \n \n \nCOMPOSIÇÃO \nComprimidos de 0,5 mg \nPrincípio ativo: clonazepam...............................................................................................................................0,5 mg. \nExcipientes: lactose, amido de milho, amido pré-gelatinizado, óxido de ferro amarelo, óxido férrico, talco, estearato \nde magnésio. \n \nComprimidos de 2,0 mg \nPrincípio ativo: clonazepam...............................................................................................................................2,0 mg. \nExcipientes: lactose, amido pré-gelatinizado, estearato de magnésio, celulose  microcristalina. \n \nINFORMAÇÕES AO PACIENTE \nLeia com atenção as informações a seguir. Se tiver dúvidas, informe seu  médico. \n \n1."", ""IDENTIFICAÇÃO DO MEDICAMENTO** \n\n## **Rivotril[®]** \n\nclonazepam \n\n**Anticonvulsivante/Ansiolítico** \n\n**APRESENTAÇÕES** \n\n**Comprimidos de 0,5 mg ou 2 mg. Caixa com 20 ou 30 comprimidos.** \n\n**VIA ORAL** \n\n## **USO ADULTO E PEDIÁTRICO** \n\n## **COMPOSIÇÃO** \n\n## **Comprimidos de 0,5 mg** \n\n**Princípio ativo:** clonazepam...............................................................................................................................0,5 mg. **Excipientes:** lactose, amido de milho, amido pré-gelatinizado, óxido de ferro amarelo, óxido férrico, talco, estearato de magnésio. \n\n## **Comprimidos de 2,0 mg** \n\n**Princípio ativo:** clonazepam...............................................................................................................................2,0 mg. **Excipientes:** lactose, amido pré-gelatinizado, estearato de magnésio, celulose  microcristalina. \n\n## **INFORMAÇÕES AO PACIENTE** \n\nLeia com atenção as informações a seguir. Se tiver dúvidas, informe seu  médico. \n\n## **"", ""IDENTIFICAÇÃO DO MEDICAMENTO  \n \nRivotril® \nclonazepam  \n \nAnticonvulsivante/Ansiolítico \n \nAPRESENTAÇÕES \nSolução oral de 2,5 mg/mL. Frasco com 20 mL.  \n \nVIA ORAL \n \nUSO ADULTO E PEDIÁTRICO  \n \n \nCOMPOSIÇÃO \nSolução oral de 2,5 mg/mL (1 gota = 0,1 mg)  \nPrincípio ativo: clonazepam.........................................................................................................................2,5 mg/mL \nExcipientes: sacarina sódica, ácido acético, propilenoglicol, essência de pêssego. Cada 1 mL de Rivotril® solução \noral equivale a cerca de 25 gotas. \n \nINFORMAÇÕES AO PACIENTE \nLeia com atenção as informações a seguir. Se tiver dúvidas, informe seu  médico. \n \n1."", ""IDENTIFICAÇÃO DO MEDICAMENTO  \n \nRivotril® \nclonazepam  \n \nAnticonvulsivante/Ansiolítico \n \nAPRESENTAÇÕES \nComprimidos sublinguais de 0,25 mg. Caixa com 30 comprimidos.  \n \nVIA SUBLINGUAL \n \nUSO ADULTO E PEDIÁTRICO  \n \nCOMPOSIÇÃO \nComprimidos sublinguais de 0,25 mg  \nPrincípio ativo: clonazepam.............................................................................................................................0,25 mg \nExcipientes: celulose microcristalina, manitol, amidoglicolato de sódio e estearilfumarato de sódio. \n \nINFORMAÇÕES AO PACIENTE \nLeia com atenção as informações a seguir. Se tiver dúvidas, informe seu  médico. \n \n1.""]",110.223,56.709
agentic_rag,ollama:gemma4:e4b,RIVOTRIL,Quais são as recomendações da bula sobre o uso de Rivotril com alimentos e com álcool?,medio,"Não há interação estabelecida com alimentos, mas o suco de toranja pode aumentar o efeito de Rivotril. Já com álcool (e outros depressores do SNC), a combinação potencializa a sedação, podendo levar a coma ou depressão cardiorrespiratória grave; por isso, o uso concomitante deve ser evitado.",O QUE DEVO SABER ANTES DE USAR ESTE MEDICAMENTO?,"De acordo com a bula do medicamento RIVOTRIL, consta a seguinte informação: O uso de Rivotril® deve ser feito com cautela em relação ao consumo de álcool, pois há um risco maior para pessoas que usam outros sedativos, incluindo bebidas alcoólicas. Além disso, os benzodiazepínicos aumentam os efeitos de outros depressores do sistema nervoso central, o que inclui o álcool. Não foram encontradas recomendações específicas sobre o uso deste medicamento em relação a alimentos.

---
*Esta resposta se baseia apenas nos trechos da bula recuperados e não substitui orientação médica ou farmacêutica.*","De acordo com a bula do medicamento RIVOTRIL, consta a seguinte informação: O uso de Rivotril® deve ser feito com cautela em relação ao consumo de álcool, pois há um risco maior para pessoas que usam outros sedativos, incluindo bebidas alcoólicas. Além disso, os benzodiazepínicos aumentam os efeitos de outros depressores do sistema nervoso central, o que inclui o álcool. Não foram encontradas recomendações específicas sobre o uso deste medicamento em relação a alimentos.","O QUE DEVO SABER ANTES DE USAR ESTE MEDICAMENTO?, COMO DEVO USAR ESTE MEDICAMENTO?",,"[""7 \n \n \nVENDA SOB PRESCRIÇÃO MÉDICA. O ABUSO DESTE MEDICAMENTO PODE CAUSAR \nDEPENDÊNCIA. \n \n \nEsta bula foi aprovada pela ANVISA em 03/03/2022. \n \n \nBula_VP_Rivotril_V.01"", ""COMO DEVO USAR ESTE MEDICAMENTO?  \nColocar o comprimido subli ngual debaixo da língua para ser dissolvido na saliva e absorvido por pelo menos, 3 \nminutos, sem ser deglutido. \nEste medicamento não deve ser partido ou  mastigado.  \n \nA dose de Rivotril® depende da doença resposta clínica, idade e tolerabilidade. \nRecomenda-se, que o tratament o inicie com doses mais baixas, que podem ser aumentadas se necessário. Siga a \norientação médica."", ""COMO DEVO USAR ESTE MEDICAMENTO?  \nAdministrar por via oral. Ver figura abaixo. Dissolver as gotas em um pouco de líquido não alcoólico. Nunca \nadministre as gotas diretamente na boca. \nA tampa possui lacre inviolável. Caso o lacre esteja rompido, não receba o frasco ou retorne ao local da compra."", ""5 \n \n \nInstruções especiais de administração  \nRivotril® pode ser usado com outros antiepilépticos. Nesse caso, seu médico ajustará a dose de cada medicamento \npara atingir o efeito ideal. \nNão pare de tomar Rivotril® subitamente, você pode ter novas crises epilépticas. Somente seu médico poderá orientar \na interrupção do tratamento reduzindo gradualmente a dose utilizada. \n \nSiga a orientação de seu médico, respeitando sempre os horários, as doses e a duração do tratamento. Não \ninterrompa o tratamento sem o conhecimento do seu  médico.  \n \n7. O QUE DEVO FAZER QUANDO EU ME ES QUECER DE USAR ESTE MEDICAMENTO?  \nNunca dobre a dose na próxima tomada. Apenas continue com a próxima dose no tempo determinado.   \nEm caso de dúvidas, procure orientação do farmacêutico, de seu médico ou   cirurgião-dentista.  \n \n8. QUAIS OS MALES QUE ESTE MEDICAMENTO PODE ME   CAUSAR?  \nAlgumas reações são transitórias e desaparecem espontaneamente no decorrer do tratamento ou com redução da dose. \nAs reações que ocorreram em ≥ 5% dos pacientes em estudos clínicos foram: sonolência, dor de cabeça, infecção das \nvias aéreas superiores, cansaço, gripe, depressão, vertigem, irritabilidade, insônia, perda da coordenação de \nmovimentos e da marcha, perda do equilíbrio, náusea, sensação de cabeça leve, sinusite e concentração prejudicada. \n \nPós-comercialização: \n \nDistúrbios do sistema imunológico: reações alérgicas e muito poucos casos de anafilaxia (reação alérgica grave). \n \nDistúrbios endócrinos: casos isolados, reversíveis, de puberdade precoce  incompleta. \n \nDistúrbios psiquiátricos: amnésia, alucinações, histeria, psicose, tentativa de suicídio, despersonalização, distúrbio \nde memória, desinibição orgânica, ideias suicidas, lamentações, distúrbios emocionais e de humor, estado confusional \ne desorientação. Depressão pode estar associada à doença de base. Reações paradoxais: inquietação, agitação, \nirritabilidade, agressividade, nervosismo, hostilidade, ansiedade, distúrbios do sono, delírio, raiva, pesadelos, sonhos \nanormais, alucinações, psicose, hiperatividade, comp ortamento inapropriado e outros efeitos comportamentais. \nAlterações da libido (casos raros). Dependência e retirada, vide item “Abuso e dependência do medicamento”.  \n \nDistúrbios do sistema nervoso: diminuição da concentração, sonolência, lentificação, hipotonia muscular, tonturas, \nataxia são frequentes e geralmente transitórias. Dor de cabeça (raro). Distúrbios reversíveis: dificuldade para articular \na fala, incoordenação de movimentos e da marcha, movimento anormal dos olhos. Pode haver esquecimento de fatos \nrecentes, associado à altera ção de comportam ento. Pode haver aume nto das crises convulsi vas em determinadas \nformas de epilepsia. Perda da voz, movimentos grosseiros e descoordenados de braços e pernas, coma, tremor, perda \nde força de um lado do corpo, sensação de cabeça leve, falta de energia e formigamento, alteração da sensibilidade \nnas extremidades. \n \nDistúrbios oculares: visão dupla reversível, aparência de “olho vítreo”. \n \nDistúrbios cardiovasculares: palpitações, dor torácica, insuficiência cardíaca (incluindo parada  cardíaca). \n \nDistúrbios respiratórios : congestão pulmonar, congestão nasal, hipersecreção, tosse, falta de ar, bronquite, rinite, \nfaringite. Pode ocorrer depressão respiratória. Rivotril® pode aumentar a produção de saliva ou secreção brônquica \n(secreção nas vias aéreas) em lactentes e  crianças. \nDistúrbios gastrintestinais: perda do apetite, língua saburrosa, constipação, diarreia, boca seca, incontinência fecal \n(perda do controle da evacuação), gastrite, aumento do fígado, apetite aumentado, gengivas doloridas, dor abdominal, \ninflamação gastrintestinal, dor de dente. Náuseas e sintomas epigástricos (raro) (sintomas na região do estômago). "", ""7 \n \n \n \nComercializado por: \nBiopas Brasil Produtos Farmacêuticos Ltda \nEstrada da Lagoinha, 501 - Bloco 3 - Lagoa \nCEP: 06730-000 - Vargem Grande Paulista – SP \n \nIndústria Brasileira \n \nServiço Atendimento ao Consumidor – 0800 591 9210  \n \n \nVENDA SOB PRESCRIÇÃO MÉDICA. O ABUSO DESTE MEDICAMENTO PODE CAUSAR \nDEPENDÊNCIA. \n \n \nEsta bula foi aprovada pela ANVISA em 03/03/2022. \n \n \nBula_VP_Rivotril_V.01"", ""8 \n \n \nHistórico de alteração para bula \n \nDados da submissão eletrônica Dados da petição/notifi cação que altera bula Dados das alterações de bulas \n \nData do \nexpediente \n \nN° do \nexpediente \n \nAssunto \n \nData do \nexpediente \n \nN° do \nexpediente \n \nAssunto \n \nData de \naprovação \n \nItens de bula \n \nVersões \n(VP/VPS)\n* \n \nApresentações \nrelacionadas \n19/10/2021  \n4212952/21-1 \nInclusão \nInicial de \nTexto de Bula \n– RDC 60/12 \n19/10/2021 - \nInclusão Inicial de \nTexto de Bula – \nRDC 60/12 \n19/10/2021 Dizeres legais VP e VPS \nComprimidos de 0,5 \nmg ou 2 mg \ncom 20 ou 30 \ncomprimidos. \n \nComprimidos \nsublinguais de 0,25 \nmg com 30 \ncomprimidos. \n \nSolução oral de 2,5 \nmg/mL com \n20 mL. \n03/03/2022 - \nMEDICAMENTO \nNOVO - \nNotificação de \nAlteração de \nTexto de Bula – \npublicação no \nBulário RDC \n60/12 \n03/03/2022 - \nMEDICAMENTO \nNOVO - Notificação \nde Alteração de \nTexto de Bula – \npublicação no Bulário \nRDC 60/12 \n03/03/2022 Correção ortográfica VP e VPS \nComprimidos de 0,5 \nmg ou 2 mg \ncom 20 ou 30 \ncomprimidos. \n \nComprimidos \nsublinguais de 0,25 \nmg com 30 \ncomprimidos. \n \nSolução oral de 2,5 \nmg/mL com \n20 mL. \n*VP = versão de bula do paciente / VPS = versão de bula do profissional da  saúde "", ""5 \n \n \nEm caso de dúvidas, procure orientação do farmacêu tico, do seu médico ou   cirurgião-dentista. \n \n8. QUAIS OS MALES QUE ESTE MEDICAMENTO PODE ME   CAUSAR?  \nAlgumas reações são transitórias e desaparecem espontaneamente no decorrer do tratamento ou com redução da dose. \nAs reações que ocorreram em ≥ 5% dos pacientes em estudos clínicos foram: sonolência, dor de cabeça, infecção das \nvias aéreas superiores, cansaço, gripe, depressão, vertigem, irritabilidade, insônia, perda da coordenação de \nmovimentos e da marcha, perda do equilíbrio, náusea, sensação de cabeça leve, sinusite e concentração prejudicada. \n \nPós-comercialização: \n \nDistúrbios do sistema imunológico: reações alérgicas e muito poucos casos de anafilaxia (reação alérgica grave). \n \nDistúrbios endócrinos: casos isolados, reversíveis, de puberdade precoce incompleta em  crianças. \n \nDistúrbios psiquiátricos: amnésia, alucinações, histeria, psicose, tentativa de suicídio, despersonalização, distúrbio \nde memória, desinibição orgânica, ideias suicidas, lamentações, distúrbios emocionais e de humor, estado confusional \ne desorientação. Depressão pode estar associada à doença de base. Reações paradoxais: inquietação, agitação, \nirritabilidade, agressividade, nervosismo, hostilidade, ansiedad e, distúrbios do sono, delírio, raiva, pesadelos, sonhos \nanormais, alucinações, psicose, hiperatividade, comp ortamento inapropriado e outros efeitos comportamentais. \nAlterações da libido (casos raros). Dependência e retirada, vide item “Abuso e dependência do medicamento”.  \n \nDistúrbios do sistema nervoso: diminuição da concentração, sonolência, lentificação, hipotonia muscular, tonturas, \nataxia são frequentes e geralmente transitórias. Dor de cabeça (raro). Distúrbios reversíveis: dificuldade para articular \na fala, incoordenação de movimentos e da marcha, movimento anormal dos olhos. Pode haver esquecimento de fatos \nrecentes, associado a altera ção de comportam ento. Pode haver aume nto das crises convulsi vas em determinadas \nformas de epilepsia. Perda da voz, movimento grosseiros e descoordenados de braços e pernas, coma, tremor, perda \nde força de um lado do corpo, sensação de cabeça leve, falta de energia e formigamento e alteração da sensibilidade \nnas extremidades. \n \nDistúrbios oculares: visão dupla reversível, aparência de “olho vítreo”. \n \nDistúrbios cardiovasculares: palpitações, dor torácica, insuficiência cardíaca (incluindo parada  cardíaca). \n \nDistúrbios respiratórios : congestão pulmonar, congestão nasal, hipersecreção, tosse, falta de ar, bronquite, rinite, \nfaringite. Pode ocorrer depressão respiratória. Rivotril® pode aumentar a produção de saliva ou de secreção \nbrônquica (secreção nas vias aéreas) em lactentes e crianças. \n \nDistúrbios gastrintestinais: perda do apetite, língua saburrosa, constipação, diarreia, boca seca, incontinência fecal \n(perda do controle da evacuação), gastrite, aumento do fígado, apetite aumentado, gengivas doloridas, dor abdominal, \ninflamação gastrintestinal, dor de dente. Náuseas e sintomas epigástricos (raro) (sintomas na região do estômago). \n \nDistúrbios da pele / tecido subcutâneo: urticária (placas avermelhadas na pele que coçam bastante), coceira, erupção \ncutânea, perda de cabelo transitória, crescimento anormal de pelos, inchaço na face e tornozelo e alterações da \npigmentação (raro). \n \nDistúrbios musculoesqueléticos / tecido conectivo : fraqueza muscular, frequente e geralmente transitória. Dor \nmuscular, dor nas costas, fratura traumática, dor na nuca, deslocamentos e  tensões. \nDistúrbios renais e urinários: dificuldade para urinar, perda urinária durante o sono, noctúria (levantar à noite para \nurinar), retenção urinária, infecção do trato urinário. Incontinência  (raro). "", ""6 \n \n \nDistúrbios do sistema reprodutivo : cólicas menstruais, diminuição de interesse sexual, impotência (raro). \n \nDistúrbios gerais: fadiga, frequente e geralmente transitória. Reações paradoxais: vide “Distúrbios psiquiátricos”. \n \nLesões e envenenamento: quedas e fraturas. Risco maior em pessoas que usam outros sedativos (incluindo bebidas \nalcoólicas) e em idosos. \n \nExames complementares : diminuição do número de plaquetas (raro). Diminuição dos glóbulos brancos e anemia, \nalterações dos exames da função do fígado. \n \nDistúrbios do ouvido: otite, vertigem. \n \nDiversas: desidratação, deterioração geral, febre, aumento dos gânglios linfáticos, ganho ou perda de peso, infecção \nviral. \n \nInforme ao seu médico, cirurgião-dentista ou farmacêutico o aparecimento de reações indesejáveis pelo uso do \nmedicamento. Informe também à empresa através do seu serviço de atendimento.  \n \n9. O QUE FAZER SE ALGUÉM USAR UMA QUAN TIDADE MAIOR DO QUE A INDICADA DESTE \nMEDICAMENTO? \nSintomas \nOs benzodiazepínicos geralmente causam sonolência, ataxia (perda da coordenação dos movimentos), disartria, \nnistagmo, confusão mental, excitação e lentidão de movimento. A superdose de Rivotril® está raramente associada \ncom risco de morte, caso o medicamento tenha sido tomado isoladamente, mas pode levar à arreflexia (ausência de \nreflexos), apneia, hipotensão arterial, depressão cardiorrespiratória e coma. Se ocorrer coma, normalmente tem \nduração de poucas horas; porém, pode ser prolongado e cíclico, particularmente em idosos. A depressão respiratória \npor benzodiazepínicos é mais séria em pacientes com doença respiratória. \nOs benzodiazepínicos aumentam os efeitos de outros depressores do sistema nervoso central, incluindo o álcool. \nConduta \nMonitorar os sinais vitais e instituir medidas de suporte a critério médico. \nAdvertência \nFlumazenil não é indicado a pacientes com epilepsia que foram tratados com benzodiazepínicos. \n \nEm caso de uso de grande quantid ade deste medicamento, procure rapi damente socorro médico e leve a \nembalagem ou bula do medicamento, se possível. Ligue para 0800 722 6001, se você precisar de mais \norientações. \n \nMS-1.1524.0011 \n \nFarmacêutico Responsável: Dr. Adriano Costa Leite – CRF-SP n° 38.716 \n \nRegistrado por: \nBlanver Farmoquímica e Farmacêutica S.A. \nRua Francisco Tramontano, 101 -Sala 507 \nReal Parque – CEP 05686-010 – São Paulo – SP \nCNPJ 53.359.824/0001-19 \n \nFabricado e Embalado por: \nProdutos Roche Químicos e Farmacêuticos S.A. \nEst. dos Bandeirantes, 2020 \nCEP 22775-109 – Rio de Janeiro – RJ \n \nComercializado por: \nBiopas Brasil Produtos Farmacêuticos Ltda \nEstrada da Lagoinha, 501 - Bloco 3 - Lagoa \nCEP: 06730-000 - Vargem Grande Paulista – SP \n \nIndústria Brasileira \n \nServiço Atendimento ao Consumidor – 0800 591 9210  \n \n "", ""8 \n \n \n \n \n \n \n \n \n \n \n \n \n \n \n \nRivotril\n®\n \n(clonazepam) \n \n \nSolução oral    de  2,5 mg/mL \n \n \nBlanver Farmoquímica e Farmacêutica S.A"", ""4 \n \n \n \n \n \nA dose de Rivotril® depende da doença, resposta clínica, idade e tolerabilidade. \nRecomenda-se que o tratamento inicie com doses mais baixas, que podem ser aumentadas se necessário. Siga a \norientação médica. \n \nDistúrbios epilépticos \nAdultos \nDose inicial: não exceder 1,5 mg/dia, dividida em 3 doses. Aumentar a critério médico. Dose de manutenção: será \ndefinida pelo seu médico, de acordo com sua resposta. \nDose diária máxima recomendada: 20 mg. \nSe você já usa outro anticonvulsivante, avise seu médico. \n \nRecém-nascidos e crianças até 10 anos de idade ou 30kg de peso: Dose inicial: 0,01 a 0,03mg/kg/dia. Não exceder \n0,05 mg/kg/dia, dividido em 2 ou 3 doses diárias. \n \nCrianças entre 10 e 16 anos de idade: Dose inicial: 1 a 1,5 mg/dia, dividido em 2 a 3 doses. A dose pode ser aumentada \na critério médico, até atingir a dose de manutenção individual, usualmente de 3 a 6 mg/dia. \nSempre que possível, dividir a dose diária em 3 doses iguais. Caso não seja possível, a maior dose deve ser tomada \nantes de deitar. \n \nTranstornos de ansiedade \n Distúrbio do pânico: Adultos: - Dose inicial: 0,5 mg/dia, dividida em 2 doses. Pode-se aumentar a dose a critério \nmédico. - Dose de manutenção: a critério médico, de acordo com sua resposta. A dose tomada ao deitar, reduz a \ninconveniência da sonolência e pode ser desejável no início do tratamento. A retirada deve ser gradual, até que \no medicamento seja totalmente suspenso.  \n Como ansiolítico em geral: 0,25 mg a 4,0 mg/dia. Dose recomendada: 0,5 a 1,5 mg/dia (dividida em 3x/dia). \n Fobia social: 0,25 mg/dia até 6,0 mg/dia (2,0 mg, 3x/dia). Dose recomendada: 1,0 a 2,5 mg/dia. \n \nTranstornos do humor \n Transtorno afetivo bipolar (tratamento da mania): 1,5 mg a 8 mg/dia. Dose recomendada: 2,0 a 4,0 mg/dia. \n Depressão maior (associado a antidepressivos): 0,5 a 6,0 mg/dia. Dose recomendada:  2,0 a 4,0 mg/dia. \n \nSíndromes psicóticas \n Acatisia: 0,5 mg a 4,5 mg/dia. Dose recomendada: 0,5 a 3,0 mg/dia.  \n \nSíndrome das pernas inquietas: 0,5 mg a 2,0 mg/dia. \n \nVertigem e distúrbios do equilíbrio : 0,5 mg a 1,0 mg/dia (2x/dia). Doses diárias superiores a 1,0 mg não são \nrecomendáveis. \n \nSíndrome da boca ardente: 0,25 a 6,0 mg/dia. Dose recomendada: 1,0 a 2,0 mg/dia. \n \nUso em idosos: a dose mais baixa possível deve ser utilizada em idosos. Deve-se ter especial cuidado durante as \nalterações na dose. \nComprometimento do fígado: pacientes com comprometimento do fígado grave não devem ser tratados com \nclonazepam e pacientes com comprometimento hepático leve a moderado devem receber a dose mais baixa possível. \n"", ""6 \n \n \n \nDistúrbios da pele / tecido subcutâneo: urticária (placas avermelhadas na pele que coçam bastante), coceira, erupção \ncutânea, perda de cabelo transitória, crescimento anormal de pelos, inchaço na face e tornozelo, alterações da \npigmentação (raro). \n \nDistúrbios musculoesqueléticos / tecido conectivo : fraqueza muscular frequente e geralmente transitória. Dor \nmuscular, dor nas costas, fratura traumática, dor na nuca, deslocamentos e tensões. \n \nDistúrbios renais / urinários: dificuldade para urinar, perda urinária durante o sono, noctúria (levantar à noite para \nurinar), retenção urinária, infecção do trato urinário. Incontinência (raro). \n \nDistúrbios do sistema reprodutivo : cólicas menstruais, diminuição de interesse sexual, impotência  (raro). \n \nDistúrbios gerais: fadiga frequente e geralmente transitória. Reações paradoxais: vide “Distúrbios psiquiátricos”. \n \nLesões e envenenamento: quedas e fraturas. Risco maior em pessoas que usam outros sedativos, incluindo bebidas \nalcoólicas e em idosos. \n \nExames complementares : diminuição do número de plaquetas (raro). Diminuição dos glóbulos brancos e anemia, \nalterações dos exames da função do fígado. \n \nDistúrbios do ouvido: otite, vertigem. \n \nDiversas: desidratação, deterioração geral, febre, aumento dos gânglios linfáticos, ganho ou perda de peso, infecção \nviral. \n \nInforme ao seu médico, cirurgião-dentista ou farmacêutico o aparecimento de reações indesejáveis pelo uso do \nmedicamento. Informe também à empresa através do seu serviço de  atendimento.  \n \n9. O QUE FAZER SE ALGUÉM USAR UMA QUANTIDADE MAIOR DO QUE A INDICADADESTE \nMEDICAMENTO? \nSintomas \nOs benzodiazepínicos geralmente causam sonolência, ataxia (perda da coordenação dos movimentos), disartria, \nnistagmo, confusão mental, excitação e lentidão de movimento. A superdose de Rivotril® está raramente associada \ncom risco de morte, caso o medicamento tenha sido tomado isoladamente, mas pode levar à arreflexia (ausência de \nreflexos), apneia, hipotensão arterial, depressão cardiorrespiratória e coma. Se ocorrer coma, normalmente tem \nduração de poucas horas; porém, pode ser prolongado e cíclico, particularmente em idosos. A depressão respiratória \npor benzodiazepínicos é mais séria em pacientes com doença  respiratória. \nOs benzodiazepínicos aumentam os efeitos de outros depressores do sistema nervoso central, incluindo o álcool. \nConduta \nMonitorar sinais vitais e instituir medidas de suporte a critério médico. \nAdvertência \nFlumazenil não é indicado a pacientes com epilepsia que foram tratados com benzodiazepínicos. \n \nEm caso de uso de grande quantid ade deste medicamento, procure rapi damente socorro médico e leve a \nembalagem ou bula do medicamento, se possível. Ligue para 0800 722 6001, se você precisar de mais \norientações. \n \nMS-1.1524.0011 \nFarmacêutico Responsável: Dr. Adriano Costa Leite – CRF-SP n° 38.716 \n \nRegistrado por: \nBlanver Farmoquímica e Farmacêutica S.A. \nRua Francisco Tramontano, 101 -Sala 507 \nReal Parque – CEP 05686-010 – São Paulo – SP \nCNPJ 53.359.824/0001-19 \n \nFabricado e Embalado por: \nProdutos Roche Químicos e Farmacêuticos S.A. \nEst. dos Bandeirantes, 2020 \nCEP 22775-109 – Rio de Janeiro – RJ "", ""4 \n \n \nDistúrbios epilépticos \nAdultos \nDose inicial: não exceder 1,5 mg/dia, dividida em 3 doses. Aumentar a critério médico. Dose de manutenção: será \ndefinida pelo seu médico, de acordo com sua  resposta. \nDose diária máxima recomendada: 20 mg. \nSe você já usa outro anticonvulsivante, avise seu médico. \n \nCrianças entre 10 e 16 anos de idade: Dose inicial: 1 a 1,5 mg/dia, dividido em 2 a 3 doses. A dose pode ser aumentada, \na critério médico, até atingir a dose de manutenção individual, usualmente de 3 a 6 mg/dia. \nSempre que possível, dividir a dose diária em 3 doses iguais. Caso não seja possível, a maior dose deve ser tomada \nantes de deitar. \n \nTranstornos de ansiedade \n Distúrbio do pânico: Adultos: – Dose inicial: 0,5 mg/dia, dividida em duas doses. Pode-se aumentar a dose, a \ncritério médico. - Dose de manutenção: a critério médico, de acordo com sua resposta. A dose tomada, ao deitar, \nreduz a inconveniência da sonolência e pode ser desejável no início do tratamento. A r etirada deve ser gradual, \naté que o medicamento seja totalmente suspenso.  \n Nas crises agudas de pânico: 1 comprimido de Rivotril® sublingual. \n Como ansiolítico em geral: 0,25 mg a 4,0 mg/dia. Dose recomendada: 0,5 a 1,5 mg/dia (dividida em 3x/dia). \n Fobia social: 0,25 mg/dia até 6,0 mg/dia (2,0 mg, 3x/dia). Dose recomendada: 1,0 a 2,5 mg/dia. \n \nTranstornos do humor \n Transtorno afetivo bipolar (tratamento da mania): 1,5 mg a 8 mg/dia. Dose recomendada: 2,0 a 4,0 mg/dia. \n Depressão maior (associado a antidepressivos): 0,5 a 6,0 mg/dia. Dose recomendada:  2,0 a 4,0 mg/dia. \n \nSíndromes psicóticas \n Acatisia: 0,5 mg a 4,5 mg/dia. Dose recomendada: 0,5 e 3,0 mg/dia.  \n \nSíndrome das pernas inquietas: 0,5 mg a 2,0 mg/dia. \n \nVertigem e distúrbios do equilíbrio : 0,5 mg a 1,0 mg/dia (2x/dia). Doses diárias superiores a 1,0 mg não são \nrecomendáveis. \n \nSíndrome da boca ardente: 0,25 a 6,0 mg/dia. Dose recomendada: 1,0 a 2,0 mg/dia. \n \nUso em idosos: a dose mais baixa possível deve ser utilizada em idosos. Deve-se ter especial cuidado durante as \nalterações na dose. \nComprometimento do fígado: pacientes com comprometimento do fígado grave não devem ser tratados com \nclonazepam e pacientes com comprometimento hepático leve a moderado devem receber a dose mais baixa possível. \n \nInstruções especiais de administração  \nRivotril® pode ser usado com outros antiepilépticos. Nesse caso, seu médico ajustará a dose de cada medicamento \npara atingir o efeito ideal. \nNão pare de tomar Rivotril® subitamente, você pode ter novas crises epilépticas. Somente seu médico poderá orientar \na interrupção do tratamento reduzindo gradualmente a dose utilizada. \n \nSiga a orientação de seu médico, respeitando sempre os horários, as doses e a duração do tratamento.  \nNão interrompa o tratamento sem o conhecimento do seu médico.  \n \n7. O QUE DEVO FAZER QUANDO EU ME ESQU ECER DE USAR ESTE   MEDICAMENTO?  \nNunca dobre a dose na próxima tomada.  Apenas continue com a próxima dose no tempo determinado. "", ""1"", ""IDENTIFICAÇÃO DO MEDICAMENTO  \n \nRivotril® \nclonazepam  \n \nAnticonvulsivante/Ansiolítico \n \nAPRESENTAÇÕES \n \nComprimidos de 0,5 mg ou 2 mg. Caixa com 20 ou 30 comprimidos.  \n \nVIA ORAL \n \nUSO ADULTO E PEDIÁTRICO  \n \n \nCOMPOSIÇÃO \nComprimidos de 0,5 mg \nPrincípio ativo: clonazepam...............................................................................................................................0,5 mg. \nExcipientes: lactose, amido de milho, amido pré-gelatinizado, óxido de ferro amarelo, óxido férrico, talco, estearato \nde magnésio. \n \nComprimidos de 2,0 mg \nPrincípio ativo: clonazepam...............................................................................................................................2,0 mg. \nExcipientes: lactose, amido pré-gelatinizado, estearato de magnésio, celulose  microcristalina. \n \nINFORMAÇÕES AO PACIENTE \nLeia com atenção as informações a seguir. Se tiver dúvidas, informe seu  médico. \n \n1."", ""IDENTIFICAÇÃO DO MEDICAMENTO** \n\n## **Rivotril[®]** \n\nclonazepam \n\n**Anticonvulsivante/Ansiolítico** \n\n**APRESENTAÇÕES** \n\n**Comprimidos de 0,5 mg ou 2 mg. Caixa com 20 ou 30 comprimidos.** \n\n**VIA ORAL** \n\n## **USO ADULTO E PEDIÁTRICO** \n\n## **COMPOSIÇÃO** \n\n## **Comprimidos de 0,5 mg** \n\n**Princípio ativo:** clonazepam...............................................................................................................................0,5 mg. **Excipientes:** lactose, amido de milho, amido pré-gelatinizado, óxido de ferro amarelo, óxido férrico, talco, estearato de magnésio. \n\n## **Comprimidos de 2,0 mg** \n\n**Princípio ativo:** clonazepam...............................................................................................................................2,0 mg. **Excipientes:** lactose, amido pré-gelatinizado, estearato de magnésio, celulose  microcristalina. \n\n## **INFORMAÇÕES AO PACIENTE** \n\nLeia com atenção as informações a seguir. Se tiver dúvidas, informe seu  médico. \n\n## **"", ""IDENTIFICAÇÃO DO MEDICAMENTO  \n \nRivotril® \nclonazepam  \n \nAnticonvulsivante/Ansiolítico \n \nAPRESENTAÇÕES \nSolução oral de 2,5 mg/mL. Frasco com 20 mL.  \n \nVIA ORAL \n \nUSO ADULTO E PEDIÁTRICO  \n \n \nCOMPOSIÇÃO \nSolução oral de 2,5 mg/mL (1 gota = 0,1 mg)  \nPrincípio ativo: clonazepam.........................................................................................................................2,5 mg/mL \nExcipientes: sacarina sódica, ácido acético, propilenoglicol, essência de pêssego. Cada 1 mL de Rivotril® solução \noral equivale a cerca de 25 gotas. \n \nINFORMAÇÕES AO PACIENTE \nLeia com atenção as informações a seguir. Se tiver dúvidas, informe seu  médico. \n \n1."", ""IDENTIFICAÇÃO DO MEDICAMENTO  \n \nRivotril® \nclonazepam  \n \nAnticonvulsivante/Ansiolítico \n \nAPRESENTAÇÕES \nComprimidos sublinguais de 0,25 mg. Caixa com 30 comprimidos.  \n \nVIA SUBLINGUAL \n \nUSO ADULTO E PEDIÁTRICO  \n \nCOMPOSIÇÃO \nComprimidos sublinguais de 0,25 mg  \nPrincípio ativo: clonazepam.............................................................................................................................0,25 mg \nExcipientes: celulose microcristalina, manitol, amidoglicolato de sódio e estearilfumarato de sódio. \n \nINFORMAÇÕES AO PACIENTE \nLeia com atenção as informações a seguir. Se tiver dúvidas, informe seu  médico. \n \n1.""]",93.514,112.381
agentic_rag,ollama:gemma4:e4b,RIVOTRIL,Como a duração de ação do Rivotril em adultos orienta a frequência de administração?,medio,"Em adultos, o efeito de uma dose única inicia em 30–60 min e se estende por 8–12 horas. Por isso, na epilepsia, a dose diária total (até 1,5 mg inicialmente) é dividida em três tomadas diárias, distribuídas aproximadamente a cada 8 horas.","COMO ESTE MEDICAMENTO FUNCIONA?

COMO DEVO USAR ESTE MEDICAMENTO?","De acordo com a bula do medicamento RIVOTRIL, consta a seguinte informação: Na bula consultada de RIVOTRIL, não constam informações sobre essa pergunta.

---
*Esta resposta se baseia apenas nos trechos da bula recuperados e não substitui orientação médica ou farmacêutica.*","De acordo com a bula do medicamento RIVOTRIL, consta a seguinte informação: Na bula consultada de RIVOTRIL, não constam informações sobre essa pergunta.",COMO DEVO USAR ESTE MEDICAMENTO?,,"[""7 \n \n \nVENDA SOB PRESCRIÇÃO MÉDICA. O ABUSO DESTE MEDICAMENTO PODE CAUSAR \nDEPENDÊNCIA. \n \n \nEsta bula foi aprovada pela ANVISA em 03/03/2022. \n \n \nBula_VP_Rivotril_V.01"", ""COMO DEVO USAR ESTE MEDICAMENTO?  \nAdministrar por via oral. Ver figura abaixo. Dissolver as gotas em um pouco de líquido não alcoólico. Nunca \nadministre as gotas diretamente na boca. \nA tampa possui lacre inviolável. Caso o lacre esteja rompido, não receba o frasco ou retorne ao local da compra."", ""COMO DEVO USAR ESTE MEDICAMENTO?  \nColocar o comprimido subli ngual debaixo da língua para ser dissolvido na saliva e absorvido por pelo menos, 3 \nminutos, sem ser deglutido. \nEste medicamento não deve ser partido ou  mastigado.  \n \nA dose de Rivotril® depende da doença resposta clínica, idade e tolerabilidade. \nRecomenda-se, que o tratament o inicie com doses mais baixas, que podem ser aumentadas se necessário. Siga a \norientação médica."", ""5 \n \n \nInstruções especiais de administração  \nRivotril® pode ser usado com outros antiepilépticos. Nesse caso, seu médico ajustará a dose de cada medicamento \npara atingir o efeito ideal. \nNão pare de tomar Rivotril® subitamente, você pode ter novas crises epilépticas. Somente seu médico poderá orientar \na interrupção do tratamento reduzindo gradualmente a dose utilizada. \n \nSiga a orientação de seu médico, respeitando sempre os horários, as doses e a duração do tratamento. Não \ninterrompa o tratamento sem o conhecimento do seu  médico.  \n \n7. O QUE DEVO FAZER QUANDO EU ME ES QUECER DE USAR ESTE MEDICAMENTO?  \nNunca dobre a dose na próxima tomada. Apenas continue com a próxima dose no tempo determinado.   \nEm caso de dúvidas, procure orientação do farmacêutico, de seu médico ou   cirurgião-dentista.  \n \n8. QUAIS OS MALES QUE ESTE MEDICAMENTO PODE ME   CAUSAR?  \nAlgumas reações são transitórias e desaparecem espontaneamente no decorrer do tratamento ou com redução da dose. \nAs reações que ocorreram em ≥ 5% dos pacientes em estudos clínicos foram: sonolência, dor de cabeça, infecção das \nvias aéreas superiores, cansaço, gripe, depressão, vertigem, irritabilidade, insônia, perda da coordenação de \nmovimentos e da marcha, perda do equilíbrio, náusea, sensação de cabeça leve, sinusite e concentração prejudicada. \n \nPós-comercialização: \n \nDistúrbios do sistema imunológico: reações alérgicas e muito poucos casos de anafilaxia (reação alérgica grave). \n \nDistúrbios endócrinos: casos isolados, reversíveis, de puberdade precoce  incompleta. \n \nDistúrbios psiquiátricos: amnésia, alucinações, histeria, psicose, tentativa de suicídio, despersonalização, distúrbio \nde memória, desinibição orgânica, ideias suicidas, lamentações, distúrbios emocionais e de humor, estado confusional \ne desorientação. Depressão pode estar associada à doença de base. Reações paradoxais: inquietação, agitação, \nirritabilidade, agressividade, nervosismo, hostilidade, ansiedade, distúrbios do sono, delírio, raiva, pesadelos, sonhos \nanormais, alucinações, psicose, hiperatividade, comp ortamento inapropriado e outros efeitos comportamentais. \nAlterações da libido (casos raros). Dependência e retirada, vide item “Abuso e dependência do medicamento”.  \n \nDistúrbios do sistema nervoso: diminuição da concentração, sonolência, lentificação, hipotonia muscular, tonturas, \nataxia são frequentes e geralmente transitórias. Dor de cabeça (raro). Distúrbios reversíveis: dificuldade para articular \na fala, incoordenação de movimentos e da marcha, movimento anormal dos olhos. Pode haver esquecimento de fatos \nrecentes, associado à altera ção de comportam ento. Pode haver aume nto das crises convulsi vas em determinadas \nformas de epilepsia. Perda da voz, movimentos grosseiros e descoordenados de braços e pernas, coma, tremor, perda \nde força de um lado do corpo, sensação de cabeça leve, falta de energia e formigamento, alteração da sensibilidade \nnas extremidades. \n \nDistúrbios oculares: visão dupla reversível, aparência de “olho vítreo”. \n \nDistúrbios cardiovasculares: palpitações, dor torácica, insuficiência cardíaca (incluindo parada  cardíaca). \n \nDistúrbios respiratórios : congestão pulmonar, congestão nasal, hipersecreção, tosse, falta de ar, bronquite, rinite, \nfaringite. Pode ocorrer depressão respiratória. Rivotril® pode aumentar a produção de saliva ou secreção brônquica \n(secreção nas vias aéreas) em lactentes e  crianças. \nDistúrbios gastrintestinais: perda do apetite, língua saburrosa, constipação, diarreia, boca seca, incontinência fecal \n(perda do controle da evacuação), gastrite, aumento do fígado, apetite aumentado, gengivas doloridas, dor abdominal, \ninflamação gastrintestinal, dor de dente. Náuseas e sintomas epigástricos (raro) (sintomas na região do estômago). "", ""5 \n \n \nEm caso de dúvidas, procure orientação do farmacêu tico, do seu médico ou   cirurgião-dentista. \n \n8. QUAIS OS MALES QUE ESTE MEDICAMENTO PODE ME   CAUSAR?  \nAlgumas reações são transitórias e desaparecem espontaneamente no decorrer do tratamento ou com redução da dose. \nAs reações que ocorreram em ≥ 5% dos pacientes em estudos clínicos foram: sonolência, dor de cabeça, infecção das \nvias aéreas superiores, cansaço, gripe, depressão, vertigem, irritabilidade, insônia, perda da coordenação de \nmovimentos e da marcha, perda do equilíbrio, náusea, sensação de cabeça leve, sinusite e concentração prejudicada. \n \nPós-comercialização: \n \nDistúrbios do sistema imunológico: reações alérgicas e muito poucos casos de anafilaxia (reação alérgica grave). \n \nDistúrbios endócrinos: casos isolados, reversíveis, de puberdade precoce incompleta em  crianças. \n \nDistúrbios psiquiátricos: amnésia, alucinações, histeria, psicose, tentativa de suicídio, despersonalização, distúrbio \nde memória, desinibição orgânica, ideias suicidas, lamentações, distúrbios emocionais e de humor, estado confusional \ne desorientação. Depressão pode estar associada à doença de base. Reações paradoxais: inquietação, agitação, \nirritabilidade, agressividade, nervosismo, hostilidade, ansiedad e, distúrbios do sono, delírio, raiva, pesadelos, sonhos \nanormais, alucinações, psicose, hiperatividade, comp ortamento inapropriado e outros efeitos comportamentais. \nAlterações da libido (casos raros). Dependência e retirada, vide item “Abuso e dependência do medicamento”.  \n \nDistúrbios do sistema nervoso: diminuição da concentração, sonolência, lentificação, hipotonia muscular, tonturas, \nataxia são frequentes e geralmente transitórias. Dor de cabeça (raro). Distúrbios reversíveis: dificuldade para articular \na fala, incoordenação de movimentos e da marcha, movimento anormal dos olhos. Pode haver esquecimento de fatos \nrecentes, associado a altera ção de comportam ento. Pode haver aume nto das crises convulsi vas em determinadas \nformas de epilepsia. Perda da voz, movimento grosseiros e descoordenados de braços e pernas, coma, tremor, perda \nde força de um lado do corpo, sensação de cabeça leve, falta de energia e formigamento e alteração da sensibilidade \nnas extremidades. \n \nDistúrbios oculares: visão dupla reversível, aparência de “olho vítreo”. \n \nDistúrbios cardiovasculares: palpitações, dor torácica, insuficiência cardíaca (incluindo parada  cardíaca). \n \nDistúrbios respiratórios : congestão pulmonar, congestão nasal, hipersecreção, tosse, falta de ar, bronquite, rinite, \nfaringite. Pode ocorrer depressão respiratória. Rivotril® pode aumentar a produção de saliva ou de secreção \nbrônquica (secreção nas vias aéreas) em lactentes e crianças. \n \nDistúrbios gastrintestinais: perda do apetite, língua saburrosa, constipação, diarreia, boca seca, incontinência fecal \n(perda do controle da evacuação), gastrite, aumento do fígado, apetite aumentado, gengivas doloridas, dor abdominal, \ninflamação gastrintestinal, dor de dente. Náuseas e sintomas epigástricos (raro) (sintomas na região do estômago). \n \nDistúrbios da pele / tecido subcutâneo: urticária (placas avermelhadas na pele que coçam bastante), coceira, erupção \ncutânea, perda de cabelo transitória, crescimento anormal de pelos, inchaço na face e tornozelo e alterações da \npigmentação (raro). \n \nDistúrbios musculoesqueléticos / tecido conectivo : fraqueza muscular, frequente e geralmente transitória. Dor \nmuscular, dor nas costas, fratura traumática, dor na nuca, deslocamentos e  tensões. \nDistúrbios renais e urinários: dificuldade para urinar, perda urinária durante o sono, noctúria (levantar à noite para \nurinar), retenção urinária, infecção do trato urinário. Incontinência  (raro). "", ""6 \n \n \n \nDistúrbios da pele / tecido subcutâneo: urticária (placas avermelhadas na pele que coçam bastante), coceira, erupção \ncutânea, perda de cabelo transitória, crescimento anormal de pelos, inchaço na face e tornozelo, alterações da \npigmentação (raro). \n \nDistúrbios musculoesqueléticos / tecido conectivo : fraqueza muscular frequente e geralmente transitória. Dor \nmuscular, dor nas costas, fratura traumática, dor na nuca, deslocamentos e tensões. \n \nDistúrbios renais / urinários: dificuldade para urinar, perda urinária durante o sono, noctúria (levantar à noite para \nurinar), retenção urinária, infecção do trato urinário. Incontinência (raro). \n \nDistúrbios do sistema reprodutivo : cólicas menstruais, diminuição de interesse sexual, impotência  (raro). \n \nDistúrbios gerais: fadiga frequente e geralmente transitória. Reações paradoxais: vide “Distúrbios psiquiátricos”. \n \nLesões e envenenamento: quedas e fraturas. Risco maior em pessoas que usam outros sedativos, incluindo bebidas \nalcoólicas e em idosos. \n \nExames complementares : diminuição do número de plaquetas (raro). Diminuição dos glóbulos brancos e anemia, \nalterações dos exames da função do fígado. \n \nDistúrbios do ouvido: otite, vertigem. \n \nDiversas: desidratação, deterioração geral, febre, aumento dos gânglios linfáticos, ganho ou perda de peso, infecção \nviral. \n \nInforme ao seu médico, cirurgião-dentista ou farmacêutico o aparecimento de reações indesejáveis pelo uso do \nmedicamento. Informe também à empresa através do seu serviço de  atendimento.  \n \n9. O QUE FAZER SE ALGUÉM USAR UMA QUANTIDADE MAIOR DO QUE A INDICADADESTE \nMEDICAMENTO? \nSintomas \nOs benzodiazepínicos geralmente causam sonolência, ataxia (perda da coordenação dos movimentos), disartria, \nnistagmo, confusão mental, excitação e lentidão de movimento. A superdose de Rivotril® está raramente associada \ncom risco de morte, caso o medicamento tenha sido tomado isoladamente, mas pode levar à arreflexia (ausência de \nreflexos), apneia, hipotensão arterial, depressão cardiorrespiratória e coma. Se ocorrer coma, normalmente tem \nduração de poucas horas; porém, pode ser prolongado e cíclico, particularmente em idosos. A depressão respiratória \npor benzodiazepínicos é mais séria em pacientes com doença  respiratória. \nOs benzodiazepínicos aumentam os efeitos de outros depressores do sistema nervoso central, incluindo o álcool. \nConduta \nMonitorar sinais vitais e instituir medidas de suporte a critério médico. \nAdvertência \nFlumazenil não é indicado a pacientes com epilepsia que foram tratados com benzodiazepínicos. \n \nEm caso de uso de grande quantid ade deste medicamento, procure rapi damente socorro médico e leve a \nembalagem ou bula do medicamento, se possível. Ligue para 0800 722 6001, se você precisar de mais \norientações. \n \nMS-1.1524.0011 \nFarmacêutico Responsável: Dr. Adriano Costa Leite – CRF-SP n° 38.716 \n \nRegistrado por: \nBlanver Farmoquímica e Farmacêutica S.A. \nRua Francisco Tramontano, 101 -Sala 507 \nReal Parque – CEP 05686-010 – São Paulo – SP \nCNPJ 53.359.824/0001-19 \n \nFabricado e Embalado por: \nProdutos Roche Químicos e Farmacêuticos S.A. \nEst. dos Bandeirantes, 2020 \nCEP 22775-109 – Rio de Janeiro – RJ "", ""6 \n \n \nDistúrbios do sistema reprodutivo : cólicas menstruais, diminuição de interesse sexual, impotência (raro). \n \nDistúrbios gerais: fadiga, frequente e geralmente transitória. Reações paradoxais: vide “Distúrbios psiquiátricos”. \n \nLesões e envenenamento: quedas e fraturas. Risco maior em pessoas que usam outros sedativos (incluindo bebidas \nalcoólicas) e em idosos. \n \nExames complementares : diminuição do número de plaquetas (raro). Diminuição dos glóbulos brancos e anemia, \nalterações dos exames da função do fígado. \n \nDistúrbios do ouvido: otite, vertigem. \n \nDiversas: desidratação, deterioração geral, febre, aumento dos gânglios linfáticos, ganho ou perda de peso, infecção \nviral. \n \nInforme ao seu médico, cirurgião-dentista ou farmacêutico o aparecimento de reações indesejáveis pelo uso do \nmedicamento. Informe também à empresa através do seu serviço de atendimento.  \n \n9. O QUE FAZER SE ALGUÉM USAR UMA QUAN TIDADE MAIOR DO QUE A INDICADA DESTE \nMEDICAMENTO? \nSintomas \nOs benzodiazepínicos geralmente causam sonolência, ataxia (perda da coordenação dos movimentos), disartria, \nnistagmo, confusão mental, excitação e lentidão de movimento. A superdose de Rivotril® está raramente associada \ncom risco de morte, caso o medicamento tenha sido tomado isoladamente, mas pode levar à arreflexia (ausência de \nreflexos), apneia, hipotensão arterial, depressão cardiorrespiratória e coma. Se ocorrer coma, normalmente tem \nduração de poucas horas; porém, pode ser prolongado e cíclico, particularmente em idosos. A depressão respiratória \npor benzodiazepínicos é mais séria em pacientes com doença respiratória. \nOs benzodiazepínicos aumentam os efeitos de outros depressores do sistema nervoso central, incluindo o álcool. \nConduta \nMonitorar os sinais vitais e instituir medidas de suporte a critério médico. \nAdvertência \nFlumazenil não é indicado a pacientes com epilepsia que foram tratados com benzodiazepínicos. \n \nEm caso de uso de grande quantid ade deste medicamento, procure rapi damente socorro médico e leve a \nembalagem ou bula do medicamento, se possível. Ligue para 0800 722 6001, se você precisar de mais \norientações. \n \nMS-1.1524.0011 \n \nFarmacêutico Responsável: Dr. Adriano Costa Leite – CRF-SP n° 38.716 \n \nRegistrado por: \nBlanver Farmoquímica e Farmacêutica S.A. \nRua Francisco Tramontano, 101 -Sala 507 \nReal Parque – CEP 05686-010 – São Paulo – SP \nCNPJ 53.359.824/0001-19 \n \nFabricado e Embalado por: \nProdutos Roche Químicos e Farmacêuticos S.A. \nEst. dos Bandeirantes, 2020 \nCEP 22775-109 – Rio de Janeiro – RJ \n \nComercializado por: \nBiopas Brasil Produtos Farmacêuticos Ltda \nEstrada da Lagoinha, 501 - Bloco 3 - Lagoa \nCEP: 06730-000 - Vargem Grande Paulista – SP \n \nIndústria Brasileira \n \nServiço Atendimento ao Consumidor – 0800 591 9210  \n \n "", ""7 \n \n \n \nComercializado por: \nBiopas Brasil Produtos Farmacêuticos Ltda \nEstrada da Lagoinha, 501 - Bloco 3 - Lagoa \nCEP: 06730-000 - Vargem Grande Paulista – SP \n \nIndústria Brasileira \n \nServiço Atendimento ao Consumidor – 0800 591 9210  \n \n \nVENDA SOB PRESCRIÇÃO MÉDICA. O ABUSO DESTE MEDICAMENTO PODE CAUSAR \nDEPENDÊNCIA. \n \n \nEsta bula foi aprovada pela ANVISA em 03/03/2022. \n \n \nBula_VP_Rivotril_V.01"", ""8 \n \n \nHistórico de alteração para bula \n \nDados da submissão eletrônica Dados da petição/notifi cação que altera bula Dados das alterações de bulas \n \nData do \nexpediente \n \nN° do \nexpediente \n \nAssunto \n \nData do \nexpediente \n \nN° do \nexpediente \n \nAssunto \n \nData de \naprovação \n \nItens de bula \n \nVersões \n(VP/VPS)\n* \n \nApresentações \nrelacionadas \n19/10/2021  \n4212952/21-1 \nInclusão \nInicial de \nTexto de Bula \n– RDC 60/12 \n19/10/2021 - \nInclusão Inicial de \nTexto de Bula – \nRDC 60/12 \n19/10/2021 Dizeres legais VP e VPS \nComprimidos de 0,5 \nmg ou 2 mg \ncom 20 ou 30 \ncomprimidos. \n \nComprimidos \nsublinguais de 0,25 \nmg com 30 \ncomprimidos. \n \nSolução oral de 2,5 \nmg/mL com \n20 mL. \n03/03/2022 - \nMEDICAMENTO \nNOVO - \nNotificação de \nAlteração de \nTexto de Bula – \npublicação no \nBulário RDC \n60/12 \n03/03/2022 - \nMEDICAMENTO \nNOVO - Notificação \nde Alteração de \nTexto de Bula – \npublicação no Bulário \nRDC 60/12 \n03/03/2022 Correção ortográfica VP e VPS \nComprimidos de 0,5 \nmg ou 2 mg \ncom 20 ou 30 \ncomprimidos. \n \nComprimidos \nsublinguais de 0,25 \nmg com 30 \ncomprimidos. \n \nSolução oral de 2,5 \nmg/mL com \n20 mL. \n*VP = versão de bula do paciente / VPS = versão de bula do profissional da  saúde "", ""4 \n \n \n \n \n \nA dose de Rivotril® depende da doença, resposta clínica, idade e tolerabilidade. \nRecomenda-se que o tratamento inicie com doses mais baixas, que podem ser aumentadas se necessário. Siga a \norientação médica. \n \nDistúrbios epilépticos \nAdultos \nDose inicial: não exceder 1,5 mg/dia, dividida em 3 doses. Aumentar a critério médico. Dose de manutenção: será \ndefinida pelo seu médico, de acordo com sua resposta. \nDose diária máxima recomendada: 20 mg. \nSe você já usa outro anticonvulsivante, avise seu médico. \n \nRecém-nascidos e crianças até 10 anos de idade ou 30kg de peso: Dose inicial: 0,01 a 0,03mg/kg/dia. Não exceder \n0,05 mg/kg/dia, dividido em 2 ou 3 doses diárias. \n \nCrianças entre 10 e 16 anos de idade: Dose inicial: 1 a 1,5 mg/dia, dividido em 2 a 3 doses. A dose pode ser aumentada \na critério médico, até atingir a dose de manutenção individual, usualmente de 3 a 6 mg/dia. \nSempre que possível, dividir a dose diária em 3 doses iguais. Caso não seja possível, a maior dose deve ser tomada \nantes de deitar. \n \nTranstornos de ansiedade \n Distúrbio do pânico: Adultos: - Dose inicial: 0,5 mg/dia, dividida em 2 doses. Pode-se aumentar a dose a critério \nmédico. - Dose de manutenção: a critério médico, de acordo com sua resposta. A dose tomada ao deitar, reduz a \ninconveniência da sonolência e pode ser desejável no início do tratamento. A retirada deve ser gradual, até que \no medicamento seja totalmente suspenso.  \n Como ansiolítico em geral: 0,25 mg a 4,0 mg/dia. Dose recomendada: 0,5 a 1,5 mg/dia (dividida em 3x/dia). \n Fobia social: 0,25 mg/dia até 6,0 mg/dia (2,0 mg, 3x/dia). Dose recomendada: 1,0 a 2,5 mg/dia. \n \nTranstornos do humor \n Transtorno afetivo bipolar (tratamento da mania): 1,5 mg a 8 mg/dia. Dose recomendada: 2,0 a 4,0 mg/dia. \n Depressão maior (associado a antidepressivos): 0,5 a 6,0 mg/dia. Dose recomendada:  2,0 a 4,0 mg/dia. \n \nSíndromes psicóticas \n Acatisia: 0,5 mg a 4,5 mg/dia. Dose recomendada: 0,5 a 3,0 mg/dia.  \n \nSíndrome das pernas inquietas: 0,5 mg a 2,0 mg/dia. \n \nVertigem e distúrbios do equilíbrio : 0,5 mg a 1,0 mg/dia (2x/dia). Doses diárias superiores a 1,0 mg não são \nrecomendáveis. \n \nSíndrome da boca ardente: 0,25 a 6,0 mg/dia. Dose recomendada: 1,0 a 2,0 mg/dia. \n \nUso em idosos: a dose mais baixa possível deve ser utilizada em idosos. Deve-se ter especial cuidado durante as \nalterações na dose. \nComprometimento do fígado: pacientes com comprometimento do fígado grave não devem ser tratados com \nclonazepam e pacientes com comprometimento hepático leve a moderado devem receber a dose mais baixa possível. \n"", ""4 \n \n \nDistúrbios epilépticos \nAdultos \nDose inicial: não exceder 1,5 mg/dia, dividida em 3 doses. Aumentar a critério médico. Dose de manutenção: será \ndefinida pelo seu médico, de acordo com sua  resposta. \nDose diária máxima recomendada: 20 mg. \nSe você já usa outro anticonvulsivante, avise seu médico. \n \nCrianças entre 10 e 16 anos de idade: Dose inicial: 1 a 1,5 mg/dia, dividido em 2 a 3 doses. A dose pode ser aumentada, \na critério médico, até atingir a dose de manutenção individual, usualmente de 3 a 6 mg/dia. \nSempre que possível, dividir a dose diária em 3 doses iguais. Caso não seja possível, a maior dose deve ser tomada \nantes de deitar. \n \nTranstornos de ansiedade \n Distúrbio do pânico: Adultos: – Dose inicial: 0,5 mg/dia, dividida em duas doses. Pode-se aumentar a dose, a \ncritério médico. - Dose de manutenção: a critério médico, de acordo com sua resposta. A dose tomada, ao deitar, \nreduz a inconveniência da sonolência e pode ser desejável no início do tratamento. A r etirada deve ser gradual, \naté que o medicamento seja totalmente suspenso.  \n Nas crises agudas de pânico: 1 comprimido de Rivotril® sublingual. \n Como ansiolítico em geral: 0,25 mg a 4,0 mg/dia. Dose recomendada: 0,5 a 1,5 mg/dia (dividida em 3x/dia). \n Fobia social: 0,25 mg/dia até 6,0 mg/dia (2,0 mg, 3x/dia). Dose recomendada: 1,0 a 2,5 mg/dia. \n \nTranstornos do humor \n Transtorno afetivo bipolar (tratamento da mania): 1,5 mg a 8 mg/dia. Dose recomendada: 2,0 a 4,0 mg/dia. \n Depressão maior (associado a antidepressivos): 0,5 a 6,0 mg/dia. Dose recomendada:  2,0 a 4,0 mg/dia. \n \nSíndromes psicóticas \n Acatisia: 0,5 mg a 4,5 mg/dia. Dose recomendada: 0,5 e 3,0 mg/dia.  \n \nSíndrome das pernas inquietas: 0,5 mg a 2,0 mg/dia. \n \nVertigem e distúrbios do equilíbrio : 0,5 mg a 1,0 mg/dia (2x/dia). Doses diárias superiores a 1,0 mg não são \nrecomendáveis. \n \nSíndrome da boca ardente: 0,25 a 6,0 mg/dia. Dose recomendada: 1,0 a 2,0 mg/dia. \n \nUso em idosos: a dose mais baixa possível deve ser utilizada em idosos. Deve-se ter especial cuidado durante as \nalterações na dose. \nComprometimento do fígado: pacientes com comprometimento do fígado grave não devem ser tratados com \nclonazepam e pacientes com comprometimento hepático leve a moderado devem receber a dose mais baixa possível. \n \nInstruções especiais de administração  \nRivotril® pode ser usado com outros antiepilépticos. Nesse caso, seu médico ajustará a dose de cada medicamento \npara atingir o efeito ideal. \nNão pare de tomar Rivotril® subitamente, você pode ter novas crises epilépticas. Somente seu médico poderá orientar \na interrupção do tratamento reduzindo gradualmente a dose utilizada. \n \nSiga a orientação de seu médico, respeitando sempre os horários, as doses e a duração do tratamento.  \nNão interrompa o tratamento sem o conhecimento do seu médico.  \n \n7. O QUE DEVO FAZER QUANDO EU ME ESQU ECER DE USAR ESTE   MEDICAMENTO?  \nNunca dobre a dose na próxima tomada.  Apenas continue com a próxima dose no tempo determinado. "", ""8 \n \n \n \n \n \n \n \n \n \n \n \n \n \n \n \nRivotril\n®\n \n(clonazepam) \n \n \nSolução oral    de  2,5 mg/mL \n \n \nBlanver Farmoquímica e Farmacêutica S.A"", ""1"", ""IDENTIFICAÇÃO DO MEDICAMENTO  \n \nRivotril® \nclonazepam  \n \nAnticonvulsivante/Ansiolítico \n \nAPRESENTAÇÕES \n \nComprimidos de 0,5 mg ou 2 mg. Caixa com 20 ou 30 comprimidos.  \n \nVIA ORAL \n \nUSO ADULTO E PEDIÁTRICO  \n \n \nCOMPOSIÇÃO \nComprimidos de 0,5 mg \nPrincípio ativo: clonazepam...............................................................................................................................0,5 mg. \nExcipientes: lactose, amido de milho, amido pré-gelatinizado, óxido de ferro amarelo, óxido férrico, talco, estearato \nde magnésio. \n \nComprimidos de 2,0 mg \nPrincípio ativo: clonazepam...............................................................................................................................2,0 mg. \nExcipientes: lactose, amido pré-gelatinizado, estearato de magnésio, celulose  microcristalina. \n \nINFORMAÇÕES AO PACIENTE \nLeia com atenção as informações a seguir. Se tiver dúvidas, informe seu  médico. \n \n1."", ""IDENTIFICAÇÃO DO MEDICAMENTO** \n\n## **Rivotril[®]** \n\nclonazepam \n\n**Anticonvulsivante/Ansiolítico** \n\n**APRESENTAÇÕES** \n\n**Comprimidos de 0,5 mg ou 2 mg. Caixa com 20 ou 30 comprimidos.** \n\n**VIA ORAL** \n\n## **USO ADULTO E PEDIÁTRICO** \n\n## **COMPOSIÇÃO** \n\n## **Comprimidos de 0,5 mg** \n\n**Princípio ativo:** clonazepam...............................................................................................................................0,5 mg. **Excipientes:** lactose, amido de milho, amido pré-gelatinizado, óxido de ferro amarelo, óxido férrico, talco, estearato de magnésio. \n\n## **Comprimidos de 2,0 mg** \n\n**Princípio ativo:** clonazepam...............................................................................................................................2,0 mg. **Excipientes:** lactose, amido pré-gelatinizado, estearato de magnésio, celulose  microcristalina. \n\n## **INFORMAÇÕES AO PACIENTE** \n\nLeia com atenção as informações a seguir. Se tiver dúvidas, informe seu  médico. \n\n## **"", ""IDENTIFICAÇÃO DO MEDICAMENTO  \n \nRivotril® \nclonazepam  \n \nAnticonvulsivante/Ansiolítico \n \nAPRESENTAÇÕES \nSolução oral de 2,5 mg/mL. Frasco com 20 mL.  \n \nVIA ORAL \n \nUSO ADULTO E PEDIÁTRICO  \n \n \nCOMPOSIÇÃO \nSolução oral de 2,5 mg/mL (1 gota = 0,1 mg)  \nPrincípio ativo: clonazepam.........................................................................................................................2,5 mg/mL \nExcipientes: sacarina sódica, ácido acético, propilenoglicol, essência de pêssego. Cada 1 mL de Rivotril® solução \noral equivale a cerca de 25 gotas. \n \nINFORMAÇÕES AO PACIENTE \nLeia com atenção as informações a seguir. Se tiver dúvidas, informe seu  médico. \n \n1."", ""IDENTIFICAÇÃO DO MEDICAMENTO  \n \nRivotril® \nclonazepam  \n \nAnticonvulsivante/Ansiolítico \n \nAPRESENTAÇÕES \nComprimidos sublinguais de 0,25 mg. Caixa com 30 comprimidos.  \n \nVIA SUBLINGUAL \n \nUSO ADULTO E PEDIÁTRICO  \n \nCOMPOSIÇÃO \nComprimidos sublinguais de 0,25 mg  \nPrincípio ativo: clonazepam.............................................................................................................................0,25 mg \nExcipientes: celulose microcristalina, manitol, amidoglicolato de sódio e estearilfumarato de sódio. \n \nINFORMAÇÕES AO PACIENTE \nLeia com atenção as informações a seguir. Se tiver dúvidas, informe seu  médico. \n \n1.""]",98.067,94.808
agentic_rag,ollama:gemma4:e4b,TYLENOL,Crianças menores de 12 anos podem usar TYLENOL?,medio,"Não. Este medicamento é contraindicado para menores de 12 anos e, portanto, não deve ser administrado a essa faixa etária.","QUANDO NÃO DEVO USAR ESTE MEDICAMENTO?

COMO DEVO USAR ESTE MEDICAMENTO?","De acordo com a bula do medicamento TYLENOL, consta a seguinte informação: Este medicamento é contraindicado para menores de 12 anos.

---
*Esta resposta se baseia apenas nos trechos da bula recuperados e não substitui orientação médica ou farmacêutica.*","De acordo com a bula do medicamento TYLENOL, consta a seguinte informação: Este medicamento é contraindicado para menores de 12 anos.","COMO DEVO USAR ESTE MEDICAMENTO?, QUANDO NÃO DEVO USAR ESTE MEDICAMENTO?, O QUE DEVO SABER ANTES DE USAR ESTE MEDICAMENTO?",,"[""3. QUANDO NÃO DEVO USAR ESTE MEDICAMENTO?** \n\nVocê não deve usar **TYLENOL[® ]** se possuir alergia ao paracetamol ou a qualquer componente de sua fórmula. \n\n**Este medicamento é contraindicado para menores de 12 anos.** \n\n## **"", ""4. O QUE DEVO SABER ANTES DE USAR ESTE MEDICAMENTO?** \n\nTYLENOL® - Paciente \n\n**==> picture [114 x 31] intentionally omitted <==**\n\nVocê não deve tomar mais do que a dose recomendada (superdose) para provocar maior alívio, pois pode causar sérios problemas de saúde. Você deve consultar seu médico se a dor ou febre continuarem ou piorarem, ou se surgirem novos sintomas, pois estes sintomas podem ser sinais de doenças graves. \n\n**Uso com álcool** : consumidores de doses abusivas de álcool devem consultar seu médico para saber se podem tomar **TYLENOL[® ]** ou qualquer outro analgésico. \n\n## **Gravidez e Amamentação** \n\n## Se você estiver grávida ou amamentando, consulte o seu médico antes de usar este medicamento. **Este medicamento não deve ser utilizado por mulheres grávidas sem orientação médica ou do cirurgião-dentista.** \n\n**Uso em pacientes com problemas no fígado** : Consulte seu médico antes de usar o medicamento. **Uso em idosos** : Até o momento não são conhecidas restrições específicas ao uso de **TYLENOL[® ]** por pacientes idosos. Não existe necessidade de ajuste de dose neste grupo etário. Muito raramente, foram relatadas reações cutâneas graves em pacientes que administraram paracetamol. Os sintomas podem incluir: vermelhidão na pele, bolhas e erupções cutâneas. Se ocorrerem reações cutâneas ou piora de problemas de pele já existentes, interrompa o uso do medicamento e procure ajuda médica imediatamente. \n\n## **Não use outro produto que contenha paracetamol.** \n\n## **O paracetamol nas doses terapêuticas não foi associado à irritação gástrica.**"", ""6. COMO DEVO USAR ESTE MEDICAMENTO?** \n\nUso oral. Você deve tomar os comprimidos com líquido. O paracetamol pode ser administrado independentemente das refeições. \n\n## **Adultos e crianças acima de 12 anos:** \n\n**TYLENOL[® ] 500 mg:** 1 a 2 comprimidos, 3 a 4 vezes ao dia. \n\n**TYLENOL[® ] 750 mg:** 1 comprimido, 3 a 5 vezes ao dia. \n\nA dose diária máxima recomendada de paracetamol é de 4000 mg ( **8 comprimidos de TYLENOL[® ] 500 mg ou 5 comprimidos de TYLENOL® 750 mg** ) administrada em doses fracionadas, não excedendo 1000 mg/dose ( **2 comprimidos de TYLENOL[® ] 500 mg ou 1 comprimido de TYLENOL[® ] 750 mg** ), em intervalos de 4 a 6 horas, em um período de 24 horas. **Duração do tratamento:** depende do desaparecimento dos sintomas. \n\n**Este medicamento não pode ser partido, aberto ou mastigado.** \n\n**Siga corretamente o modo de usar. Em caso de dúvidas sobre este medicamento, procure orientação do farmacêutico. Não desaparecendo os sintomas, procure orientação médica ou de seu cirurgião-dentista.** \n\n## **"", ""COMO DEVO USAR ESTE MEDICAMENTO? \nUso oral. Você deve tomar os comprimidos com líquido. O paracetamol pode ser administrado \nindependentemente das refeições. \nAdultos e crianças acima de 12 anos: \nTYLENOL® 500 mg: 1 a 2 comprimidos, 3 a 4 vezes ao dia. \nTYLENOL® 750 mg: 1 comprimido, 3 a 5 vezes ao dia. \nA dose diária máxima recomendada de paracetamol é de 4000 mg ( 8 comprimidos de \nTYLENOL® 500 mg ou 5 comprimidos de TYLENOL® 750 mg) administrada em doses \nfracionadas, não excedendo 1000 mg/dose ( 2 comprimidos de TYLENOL ® 500 mg ou 1 \ncomprimido de TYLENOL® 750 mg), em intervalos de 4 a 6 horas, em um período de 24 horas. \nDuração do tratamento: depende do desaparecimento dos sintomas. \nEste medicamento não pode ser partido, aberto ou mastigado. \nSiga corretamente o modo de usar. Em caso de dúvidas sobre este medicamento, procure \norientação do farmacêutico. Não desaparecendo os sintomas, procure orientação médica \nou de seu cirurgião-dentista. \n \n7. O QUE DEVO FAZER QUANDO EU ME ESQUECER DE USAR ESTE \nMEDICAMENTO? \nSe você se esquecer de tomar uma dose do medicamento, faça-o assim que se lembrar, no caso \nde ainda haver necessidade, e então ajuste o horário das próximas  tomadas. Não tome a dose \ndobrada para compensar a dose esquecida. \nEm caso de dúvidas, procure orientação do farmacêutico ou de seu médico, ou cirurgião - \ndentista. \n \n8. "", ""COMO DEVO USAR ESTE MEDICAMENTO? \nQUAIS OS MALES QUE ESTE \nMEDICAMENTO PODE CAUSAR? \n  \n       Notificação inicial de bula contemplando os itens \nmencionados, de acordo com a RDC 47/2009: \n  \n \n \n \n29/05/2013 \n \n \n0429181/13- \n6* \n \n \nInclusão Inicial \nde Texto de Bula \n– RDC 60/12 \n \n \n \n- \n \n \n \n- \n \nInclusão \nInicial de \nTexto de \nBula – RDC \n60/12 \n \n \n \n- \nCOMPOSIÇÃO \nPARA QUE ESTE MEDICAMENTO É \nINDICADO? \nO QUE DEVO SABER ANTES DE USAR ESTE \nMEDICAMENTO?"", ""22/11/2021 \n \n \n \n \n \n \n \n \n \n \n \n4623708/21-7* \n \n \n \n \n \n \n \n \n \n \nNotificação de \nAlteração de texto \nde Bula – RDC \n60/12 \n \n \n \n \n \n \n \n \n \n \n \n- \n \n \n \n \n \n \n \n \n \n \n \n- \n \n \n \n \n \n \n \n \n \n \nNotificação de \nAlteração de \ntexto de Bula – \nRDC 60/12 \n \n \n \n \n \n \n \n \n \n \n \n- \n \n \n \n \n \n \n \n \n \n \n \nAdequação do texto do item: \n9. REAÇÕES ADVERSAS \n \n \n \n \n \n \n \n \n \n \n \n \nVPS \n \n \n \n \n \n \n \nComprimidos \nRevestidos 500 \nmg e 750 mg \n \nSuspensão Oral \n100 mg/ml e 32 \nmg/ml \n \nSolução Oral \n200mg/mL"", ""16/08/2018 \n \n \n \n \n \n \n \n \n0810566/18-9* \n \n \n \n \n \n \n \nAlteração de texto \nde bula \n \n \n \n \n \n \n \n \n- \n \n \n \n \n \n \n \n \n- \n \n \n \n \n \n \n \nAlteração de \ntexto de bula \n \n \n \n \n \n \n \n \n- \n \n \n \n \nInclusão do tratamento de sintomas de arboviroses \nnas indicações. \n1. PARA QUE ESTE MEDICAMENTO FOI \nINDICADO? \n \n1. INDICAÇÕES \n \n \n \n \n \n \n \n \nVP/VPS \n \n \nComprimidos \nRevestidos 500 \nmg e 750 mg \nSuspensão Oral \n100 mg/ml e 32 \nmg/ml \nSolução oral 200 \nmg/mL \nComprimido \nmastigável 160 \nmg \n \n \n \n \n \n \n \n \n13/09/2019 \n \n \n \n \n \n \n \n \n2167731/19-0* \n \n \n \n \n \n \nNotificação de \nAlteração de texto \nde Bula – RDC \n60/12 \n \n \n \n \n \n \n \n \n- \n \n \n \n \n \n \n \n \n- \n \n \n \n \n \n \nNotificação de \nAlteração de \ntexto de Bula – \nRDC 60/12 \n \n \n \n \n \n \n \n \n- \n \n \n \n \n \nAPRESENTAÇÕES \nDIZERES LEGAIS \n8. QUAIS OS MALES QUE ESTE \nMEDICAMENTO PODE ME CAUSAR? \n9. REAÇÕES ADVERSAS \n \n \n \n \n \n \n \n \nVP/VPS \n \n \n \n \n \n \nComprimidos \nRevestidos 750 \nmg"", ""COMO DEVO USAR ESTE MEDICAMENTO? \n \n \n \n \nVP \n \n \n \nSolução oral \n200 mg/mL \n       O QUE DEVO FAZER QUANDO EU ME \nESQUECER DE USAR ESTE \nMEDICAMENTO? \n  \n \n \n \n29/05/2013 \n \n \n \n0429927/13- \n2* \n \n \nNotificação de \nAlteração de \ntexto de Bula – \nRDC 60/12 \n \n \n \n- \n \n \n \n- \nNotificaçã \no de \nAlteração \nde texto de \nBula – \nRDC \n60/12 \n \n \n \n- \nAdequação as novas informações de segurança do \nproduto de acordo com o atual CCDS (company \ncore data sheet) da empresa. \n \nO QUE DEVO SABER ANTES DE USAR ESTE \nMEDICAMENTO? \n \n \n \nVP \n \n \n \nSolução oral \n200 mg/mL"", ""COMO DEVO USAR ESTE MEDICAMENTO? \n \n \n \nVPS \n \n \nSolução oral \n200 mg/mL \n       O QUE DEVO FAZER QUANDO EU ME \nESQUECER DE USAR ESTE \nMEDICAMENTO? \n  \n \n \n \n \n29/05/2013 \n \n \n \n0429927/13- \n2* \n \n \nNotificação de \nAlteração de \ntexto de Bula – \nRDC 60/12 \n \n \n \n \n- \n \n \n \n \n- \n \nNotificação \nde Alteração \nde texto de \nBula – RDC \n60/12 \n \n \n \n \n- \nAdequação as novas informações de segurança do \nproduto de acordo com o atual CCDS (company \ncore data sheet) da empresa. \n \nADVERTÊNCIAS E PRECAUÇÕES \nMODO DE USAR \nREAÇÕES ADVERSAS \n \n \n \n \nVPS \n \n \n \nSolução oral \n200 mg/mL \n \n \n \n \n \n \n30/01/2014 \n \n \n \n \n \n \n0075629/14- \n6* \n \n \n \n \n \nInclusão Inicial \nde Texto de Bula \n– RDC 60/12 \n \n \n \n \n \n \n- \n \n \n \n \n \n \n- \n \n \n \n \nInclusão \ninicial de \nTexto de \nBula – RDC \n0/12 \n \n \n \n \n \n \n- \n \n \nNotificação inicial de bula contemplando os itens \nmencionados, de acordo com a RDC 47/2009: \nPARA QUE ESTE MEDICAMENTO É \nINDICADO? \nCOMO ESSE MEDICAMENTO FUNCIONA? \nQUANDO NÃO DEVO USAR ESTE \nMEDICAMENTO? \nO QUE DEVO SABER ANTES DE USAR ESTE \nMEDICAMENTO? \nONDE, COMO E POR QUANTO TEMPO \nPOSSO GUARDAR ESTE MEDICAMENTO? \n \n \n \n \n \n \nVP \n \n \n \n \n \nComprimidos \nRevestidos \n500mg e \n750mg "", "" \n \n \n \n \n \n \n \n \n \n \n \n \n \n17/09/2019 \n \n \n \n \n \n \n \n \n2192832/19-1* \n \n \n \n \n \n \nNotificação de \nAlteração de texto \nde Bula – RDC \n60/12 \n \n \n \n \n \n \n \n \n- \n \n \n \n \n \n \n \n \n- \n \n \n \n \n \n \nNotificação de \nAlteração de \ntexto de Bula – \nRDC 60/12 \n \n \n \n \n \n \n \n \n- \n \n \n \n \n \n \n \n1. PARA QUE ESTE MEDICAMENTO É \nINDICADO? \n1. INDICAÇÕES \n \n \n \n \n \n \n \n \nVP/VPS \n \n \n \nComprimidos \nRevestidos 500 \nmg e 750 mg \nSuspensão Oral \n100 mg/ml e 32 \nmg/ml \nSolução oral 200 \nmg/mL \nComprimido \nmastigável 160 \nmg \n \n \n \n \n \n \n \n \n06/11/2019 \n \n \n \n \n \n \n \n \n3053936/19-6* \n \n \n \n \n \n \nNotificação de \nAlteração de texto \nde Bula – RDC \n60/12 \n \n \n \n \n \n \n \n \n- \n \n \n \n \n \n \n \n \n- \n \n \n \n \n \n \nNotificação de \nAlteração de \ntexto de Bula – \nRDC 60/12 \n \n \n \n \n \n \n \n \n- \n \n \n \n \n \n8. QUAIS OS MALES QUE ESTE \nMEDICAMENTO PODE ME CAUSAR? \n9. REAÇÕES ADVERSAS \nDIZERES LEGAIS \n \n \n \n \n \n \n \n \nVP/VPS \n \n \n \n \nComprimidos \nRevestidos 500 \nmg e 750 mg \nSuspensão Oral \n100 mg/ml e 32 \nmg/ml. \nComprimidos \nmastigáveis 160 \nmg "", ""## **Não use outro produto que contenha paracetamol.** \n\n## **O paracetamol nas doses terapêuticas não foi associado à irritação gástrica.** \n\nSe você tem pressão alta, não use este produto por mais tempo do que o indicado no rótulo, a menos que indicado por um médico. \n\nA absorção de **TYLENOL[® ]** é mais rápida se você estiver em jejum. Os alimentos podem afetar a velocidade da absorção, mas não a quantidade absorvida do medicamento. A interferência do paracetamol na metabolização de outros medicamentos e a influência destes medicamentos na ação e na toxicidade do paracetamol, em geral, não são relevantes. \n\n**Consulte seu médico antes de utilizar este medicamento se você está tomando flucloxacilina (penicilina - um antibiótico), varfarina (anticoagulante) ou outros derivados cumarínicos.** \n\n**Informe ao seu médico ou cirurgião-dentista se você está fazendo uso de algum outro medicamento.** \n\n**"", ""COMO DEVO USAR ESTE MEDICAMENTO? \nO QUE DEVO FAZER QUANDO EU ME \nESQUECER DE USAR ESTE \nMEDICAMENTO? \nQUAIS OS MALES QUE ESTE \nMEDICAMENTO PODE ME CAUSAR? \nO QUE FAZER SE ALGUÉM USAR UMA \nQUANTIDADE MAIOR DO QUE A \nINDICADA DESTE MEDICAMENTO? \n  \n       Adequação as novas informações de segurança do \nproduto de acordo com o atual CCDS (company \ncore data sheet) da empresa e DCB atualizada: \n  \n \n \n30/01/2014 \n \n0075647/14- \n4* \nNotificação de \nAlteração de \ntexto de Bula – \nRDC 60/12 \n \n \n- \n \n \n- \nNotificação \nde Alteração \nde texto de \nBula – RDC \n60/12 \n \n \n- \nATUALIZAÇÃO DOS SEGUINTES ITENS: \nAPRESENTAÇÃO \nCOMPOSIÇÃO \nO QUE DEVO SABER ANTES DE USAR ESTE \nMEDICAMENTO? \nQUAIS OS MALES QUE ESTE \nMEDICAMENTO PODE ME CAUSAR? \n \n \nVP \nComprimidos \nRevestidos \n500mg e \n750mg \n      \n \n \n \n \nInclusão \nInicial de \nTexto \nde Bula – \nRDC 60/12 \n \nNotificação inicial de bula contemplando os itens \nmencionados, de acordo com a RDC 47/2009: \n  \n \n \n \n \n30/01/2014 \n \n \n \n0075629/14- \n6* \n \n \nInclusão Inicial \nde Texto \nde Bula – RDC \n60/12 \n \n \n \n \n- \n \n \n \n \n- \n \n \n \n \n \n \n- \nINDICAÇÕES \nRESULTADOS DE EFICÁCIA \nCARACTERÍSTICAS FARMACOLÓGICAS \nCONTRA INDICAÇÕES \nADVERTÊNCIAS E PRECAUÇÕES \nINTERAÇÕES MEDICAMENTOSAS \nCUIDADOS DE ARMAZENAMENTO DO \nMEDICAMENTO \nPOSOLOGIA E MODO DE USAR \nREAÇÕES ADVERSAS \nSUPERDOSE \n \n \n \n \nVPS \n \n \nComprimidos \nRevestidos \n500mg e \n750mg "", "" \n \n \n \n \n \n \n \n \n \n \n \n05/08/2014 \n \n \n \n0634811/14- \n4* \n \n \nNotificação de \nAlteração de \ntexto de Bula – \nRDC 60/12 \n \n \n \n \n- \n \n \n \n \n- \n \n \nNotificação \nde Alteração \nde texto de \nBula – RDC \n60/12 \n \n \n \n \n \n \n- \n \n \nInclusão de Informações de advertências e \nprecauções a respeito de uso em pacientes com \nhepatopatias e nefropatias que haviam sido \nretiradas erroneamente da versão anterior de bula \ndos produtos relacionados \n \n \n \n \nVPS \nComprimidos \nRevestidos \n500mg e \n750mg \n \nSuspensão Oral \n100 mg/ml e 32 \nmg/ml \n \n \n \n \n05/08/2014 \n \n \n \n0634811/14- \n4* \n \n \nNotificação de \nAlteração de \ntexto de Bula – \nRDC 60/12 \n \n \n \n \n- \n \n \n \n \n- \n \nNotificação \nde Alteração \nde texto de \nBula – RDC \n60/12 \n \n \n \n \n- \n \nCorreção da formatação da bula para correta \nvisualização das figuras contidas nos itens \n6. COMO DEVO USAR ESTE \nMEDICAMENTO? e 8. POSOLOGIA E MODO \nDE USAR das bulas do paciente e profissional, \nrespectivamente. \n \n \n \n \nVP/VPS \n \n \n \nSolução oral \n200 mg/mL \n \n \n \n \n \n \n \n \n \n18/11/2014 \n \n \n \n \n \n \n \n \n1037202/14- \n4* \n \n \n \n \n \n \n \nNotificação de \nAlteração de \ntexto de Bula – \nRDC 60/12 \n \n \n \n \n \n \n \n \n \n- \n \n \n \n \n \n \n \n \n \n- \n \n \n \n \n \n \nNotificação \nde Alteração \nde texto de \nBula – RDC \n60/12 \n \n \n \n \n \n \n \n \n \n- \n \nMelhorias no texto de bula nos pontos 8. \nPOSOLOGIA E MODO DE USAR e 6. COMO \nDEVO USAR ESTE MEDICAMENTO? Das \nbulas do profissional da saúde e do paciente, \nrespectivamente, para esclarecer doses máximas \ndiárias dos produtos de acordo com a faixa etária \ne o número máximo de gotas por dose para \ncrianças abaixo de 12 anos. \n \nAdequação as novas informações de segurança do \nproduto de acordo com o atual CCDS (company \ncore data sheet) da empresa, nos seguintes pontos: \n4. O QUE DEVO SABER ANTES DE USAR \nESTE MEDICAMENTO? \n5. ADVERTÊNCIAS E PRECAUÇÕES \n \n \n \n \n \n \n \n \n \nVP/VPS \n \n \n \n \n \n \n \n \nSolução oral \n200 mg/mL "", "" \n \n \n \n \n \n \n \n \n \n \n \n \n \n05/02/2020 \n \n \n \n \n \n \n \n \n0368632/20-9* \n \n \n \n \n \n \nNotificação de \nAlteração de texto \nde Bula – RDC \n60/12 \n \n \n \n \n \n \n \n \n07/08/2019 \n \n \n \n \n \n \n \n \n1942142/19-7 \n \n \n \n \n \n \nNotificação de \ndescontinuação \ntemporária de \nfabricação ou \nimportação \n \n \n \n \n \n \n \n \nN/A \n \n \n \n8. QUAIS OS MALES QUE ESTE \nMEDICAMENTO PODE ME CAUSAR? \n9. REAÇÕES ADVERSAS \nDIZERES LEGAIS \n \n \n \n \nRetirada da bula do bulário eletrônico em função da \ndescontinuação temporária de fabricação \n \n \n \n \n \n \n \n \nVP/VPS \n \n \nComprimidos \nRevestidos 500 \nmg e 750 mg \nSuspensão Oral \n100 mg/ml e 32 \nmg/ml. \n \n \nComprimidos \nmastigáveis 160 \nmg \n \n \n \n \n \n \n \n \n \n \n \n19/02/2021 \n \n \n \n \n \n \n \n \n \n \n \n0673553/21-3* \n \n \n \n \n \n \n \n \n \n \nNotificação de \nAlteração de texto \nde Bula – RDC \n60/12 \n \n \n \n \n \n \n \n \n \n \n \n- \n \n \n \n \n \n \n \n \n \n \n \n- \n \n \n \n \n \n \n \n \n \n \nNotificação de \nAlteração de \ntexto de Bula – \nRDC 60/12 \n \n \n \n \n \n \n \n \n \n \n \nN/A \n \nAdequação dos textos dos itens: \n \nVP \n \n“COMPOSIÇÃO” \n“4. O QUE DEVO SABER ANTES DE USAR \nESTE MEDICAMENTO?” \n“6. COMO DEVO USAR ESTE \nEDICAMENTO?” \n“DIZERES LEGAIS” \n \n \n \nVPS \n \n“COMPOSIÇÃO” \n“5. ADVERTÊNCIAS E PRECAUÇÕES” \n“8. POSOLOGIA E MODO DE USAR” \n“DIZERES LEGAIS” \n \n \n \n \n \n \n \n \n \n \n \nVP/VPS \n \n \n \n \n \n \n \n \n \n \n \nSolução Oral \n200mg/mL "", ""COMO DEVO USAR ESTE MEDICAMENTO? \nO QUE FAZER SE ALGUÉM USAR UMA \nGRANDE QUANTIDADE DESTE \nMEDICAMENTO DE UMA SÓ VEZ? \nCOMPOSIÇÃO \nPARA QUE ESTE MEDICAMENTO É \nINDICADO? \nO QUE DEVO SABER ANTES DE USAR ESTE \nMEDICAMENTO? COMO DEVO USAR ESTE \nMEDICAMENTO? O QUE DEVO FAZER \nQUANDO EU ME ESQUECER DE USAR ESTE \nMEDICAMENTO? \n \n \n \n \n \n \n \n \n \n \nVP \n \n \n \n \n \n \n \n \n \nSuspensão Oral \n100 mg/ml e 32 \nmg/ml""]",111.971,51.618
agentic_rag,ollama:gemma4:e4b,TYLENOL,Qual é a dose diária máxima recomendada de TYLENOL e por que não se deve ultrapassar esse limite?,medio,"A dose diária máxima é de 4.000 mg de paracetamol (até 8 comprimidos de 500 mg ou 5 de 750 mg), administrada em doses fracionadas, não excedendo 1.000 mg a cada 4–6 horas. Ultrapassar esse limite pode causar danos ao fígado devido ao risco de superdose hepatotóxica.","COMO DEVO USAR ESTE MEDICAMENTO?

O QUE FAZER SE ALGUÉM USAR UMA QUANTIDADE MAIOR DO QUE A
INDICADA DESTE MEDICAMENTO?","De acordo com a bula do medicamento TYLENOL, consta a seguinte informação: A dose diária máxima recomendada de paracetamol é de 4000 mg, o que equivale a 8 comprimidos de TYLENOL® 500 mg ou 5 comprimidos de TYLENOL® 750 mg. É fundamental não exceder esse limite porque o uso de doses excessivas (superdose) pode causar danos ao fígado. Além disso, as doses devem ser administradas em doses fracionadas, nunca excedendo 1000 mg/dose (2 comprimidos de TYLENOL® 500 mg ou 1 comprimido de TYLENOL® 750 mg), e em intervalos de 4 a 6 horas, durante um período de 24 horas.

---
*Esta resposta se baseia apenas nos trechos da bula recuperados e não substitui orientação médica ou farmacêutica.*","De acordo com a bula do medicamento TYLENOL, consta a seguinte informação: A dose diária máxima recomendada de paracetamol é de 4000 mg, o que equivale a 8 comprimidos de TYLENOL® 500 mg ou 5 comprimidos de TYLENOL® 750 mg. É fundamental não exceder esse limite porque o uso de doses excessivas (superdose) pode causar danos ao fígado. Além disso, as doses devem ser administradas em doses fracionadas, nunca excedendo 1000 mg/dose (2 comprimidos de TYLENOL® 500 mg ou 1 comprimido de TYLENOL® 750 mg), e em intervalos de 4 a 6 horas, durante um período de 24 horas.","COMO DEVO USAR ESTE MEDICAMENTO?, O QUE FAZER SE ALGUÉM USAR UMA QUANTIDADE MAIOR DO QUE A INDICADA DESTE MEDICAMENTO?",,"[""6. COMO DEVO USAR ESTE MEDICAMENTO?** \n\nUso oral. Você deve tomar os comprimidos com líquido. O paracetamol pode ser administrado independentemente das refeições. \n\n## **Adultos e crianças acima de 12 anos:** \n\n**TYLENOL[® ] 500 mg:** 1 a 2 comprimidos, 3 a 4 vezes ao dia. \n\n**TYLENOL[® ] 750 mg:** 1 comprimido, 3 a 5 vezes ao dia. \n\nA dose diária máxima recomendada de paracetamol é de 4000 mg ( **8 comprimidos de TYLENOL[® ] 500 mg ou 5 comprimidos de TYLENOL® 750 mg** ) administrada em doses fracionadas, não excedendo 1000 mg/dose ( **2 comprimidos de TYLENOL[® ] 500 mg ou 1 comprimido de TYLENOL[® ] 750 mg** ), em intervalos de 4 a 6 horas, em um período de 24 horas. **Duração do tratamento:** depende do desaparecimento dos sintomas. \n\n**Este medicamento não pode ser partido, aberto ou mastigado.** \n\n**Siga corretamente o modo de usar. Em caso de dúvidas sobre este medicamento, procure orientação do farmacêutico. Não desaparecendo os sintomas, procure orientação médica ou de seu cirurgião-dentista.** \n\n## **"", ""COMO DEVO USAR ESTE MEDICAMENTO? \nUso oral. Você deve tomar os comprimidos com líquido. O paracetamol pode ser administrado \nindependentemente das refeições. \nAdultos e crianças acima de 12 anos: \nTYLENOL® 500 mg: 1 a 2 comprimidos, 3 a 4 vezes ao dia. \nTYLENOL® 750 mg: 1 comprimido, 3 a 5 vezes ao dia. \nA dose diária máxima recomendada de paracetamol é de 4000 mg ( 8 comprimidos de \nTYLENOL® 500 mg ou 5 comprimidos de TYLENOL® 750 mg) administrada em doses \nfracionadas, não excedendo 1000 mg/dose ( 2 comprimidos de TYLENOL ® 500 mg ou 1 \ncomprimido de TYLENOL® 750 mg), em intervalos de 4 a 6 horas, em um período de 24 horas. \nDuração do tratamento: depende do desaparecimento dos sintomas. \nEste medicamento não pode ser partido, aberto ou mastigado. \nSiga corretamente o modo de usar. Em caso de dúvidas sobre este medicamento, procure \norientação do farmacêutico. Não desaparecendo os sintomas, procure orientação médica \nou de seu cirurgião-dentista. \n \n7. O QUE DEVO FAZER QUANDO EU ME ESQUECER DE USAR ESTE \nMEDICAMENTO? \nSe você se esquecer de tomar uma dose do medicamento, faça-o assim que se lembrar, no caso \nde ainda haver necessidade, e então ajuste o horário das próximas  tomadas. Não tome a dose \ndobrada para compensar a dose esquecida. \nEm caso de dúvidas, procure orientação do farmacêutico ou de seu médico, ou cirurgião - \ndentista. \n \n8. "", ""SAC 0800 728 6767 \n\nwww.tylenol.com.br \n\nSiga corretamente o modo de usar, não desaparecendo os sintomas procure orientação médica. \n\n**==> picture [23 x 19] intentionally omitted <==**\n\nTYLENOL® - Paciente \n\n**==> picture [115 x 30] intentionally omitted <==**\n\n## **"", ""9. O QUE FAZER SE ALGUÉM USAR UMA QUANTIDADE MAIOR DO QUE A INDICADA DESTE MEDICAMENTO?** \n\nO uso de doses excessivas, acima das doses recomendadas (superdose) pode causar danos ao fígado. Em caso de superdose, procure ajuda médica ou um centro de intoxicação imediatamente. O apoio médico imediato é fundamental para adultos e crianças, mesmo se os sinais e sintomas de intoxicação não estiverem presentes. \n\nOs sinais e sintomas iniciais que se seguem a uma dose potencialmente hepatotóxica de paracetamol são: perda de apetite, náusea, vômito, sudorese intensa, palidez e mal-estar geral. **Em caso de uso de grande quantidade deste medicamento, procure rapidamente socorro médico e leve a embalagem ou bula do medicamento, se possível. Ligue para 0800 722 6001, se você precisar de mais orientações.** \n\n## **DIZERES LEGAIS** \n\nMS - 1.5721.1214 \n\nFarmacêutico Responsável: Jean F. L. Festuccia – CRF - SP nº 29.625 \n\nRegistrado por: \n\n## **JOHNSON & JOHNSON INDUSTRIAL LTDA.** \n\nRodovia Presidente Dutra, Km 154, \n\nSão José dos Campos – SP \n\nCNPJ 59.748.988/0001-14 \n\nFabricado por: \n\n## **JOHNSON & JOHNSON INDUSTRIAL LTDA** \n\nRodovia Presidente Dutra, km 154 \n\nSão José dos Campos – SP \n\nCNPJ: 59.748.988/0001-14 Industria Brasileira \n\n®Marca Registrada \n\nTYLENOL® - Paciente \n\n**==> picture [114 x 31] intentionally omitted <==**\n\nSAC 0800 728 6767 \n\nwww.tylenol.com.br \n\nSiga corretamente o modo de usar, não desaparecendo os sintomas procure orientação médica. \n\n**==> picture [23 x 19] intentionally omitted <==**\n\nTYLENOL® - Paciente \n\n**==> picture [115 x 30] intentionally omitted <==**"", ""22/11/2021 \n \n \n \n \n \n \n \n \n \n \n \n4623708/21-7* \n \n \n \n \n \n \n \n \n \n \nNotificação de \nAlteração de texto \nde Bula – RDC \n60/12 \n \n \n \n \n \n \n \n \n \n \n \n- \n \n \n \n \n \n \n \n \n \n \n \n- \n \n \n \n \n \n \n \n \n \n \nNotificação de \nAlteração de \ntexto de Bula – \nRDC 60/12 \n \n \n \n \n \n \n \n \n \n \n \n- \n \n \n \n \n \n \n \n \n \n \n \nAdequação do texto do item: \n9. REAÇÕES ADVERSAS \n \n \n \n \n \n \n \n \n \n \n \n \nVPS \n \n \n \n \n \n \n \nComprimidos \nRevestidos 500 \nmg e 750 mg \n \nSuspensão Oral \n100 mg/ml e 32 \nmg/ml \n \nSolução Oral \n200mg/mL"", ""16/08/2018 \n \n \n \n \n \n \n \n \n0810566/18-9* \n \n \n \n \n \n \n \nAlteração de texto \nde bula \n \n \n \n \n \n \n \n \n- \n \n \n \n \n \n \n \n \n- \n \n \n \n \n \n \n \nAlteração de \ntexto de bula \n \n \n \n \n \n \n \n \n- \n \n \n \n \nInclusão do tratamento de sintomas de arboviroses \nnas indicações. \n1. PARA QUE ESTE MEDICAMENTO FOI \nINDICADO? \n \n1. INDICAÇÕES \n \n \n \n \n \n \n \n \nVP/VPS \n \n \nComprimidos \nRevestidos 500 \nmg e 750 mg \nSuspensão Oral \n100 mg/ml e 32 \nmg/ml \nSolução oral 200 \nmg/mL \nComprimido \nmastigável 160 \nmg \n \n \n \n \n \n \n \n \n13/09/2019 \n \n \n \n \n \n \n \n \n2167731/19-0* \n \n \n \n \n \n \nNotificação de \nAlteração de texto \nde Bula – RDC \n60/12 \n \n \n \n \n \n \n \n \n- \n \n \n \n \n \n \n \n \n- \n \n \n \n \n \n \nNotificação de \nAlteração de \ntexto de Bula – \nRDC 60/12 \n \n \n \n \n \n \n \n \n- \n \n \n \n \n \nAPRESENTAÇÕES \nDIZERES LEGAIS \n8. QUAIS OS MALES QUE ESTE \nMEDICAMENTO PODE ME CAUSAR? \n9. REAÇÕES ADVERSAS \n \n \n \n \n \n \n \n \nVP/VPS \n \n \n \n \n \n \nComprimidos \nRevestidos 750 \nmg"", "" \n \n \n \n \n \n \n \n \n \n \n \n \n \n30/01/2014 \n \n \n \n \n \n0075647/14- \n4* \n \n \n \n \nNotificação de \nAlteração de \ntexto de Bula – \nRDC 60/12 \n \n \n \n \n \n \n- \n \n \n \n \n \n \n- \n \n \n \n \nNotificação \nde Alteração \nde texto de \nBula – RDC \n60/12 \n \n \n \n \n \n \n- \n \nAdequação as novas informações de segurança do \nproduto de acordo com o atual CCDS (company \ncore data sheet) da empresa e DCB atualizada: \nATUALIZAÇÃO DOS SEGUINTES ITENS: \nAPRESENTAÇÃO \nCOMPOSIÇÃO \nPROPRIEDADES FARMACODINÂMICAS \nADVERTÊNCIAS E PRECAUÇÕES \nREAÇÕES ADVERSAS \nSUPERDOSE \n \n \n \n \n \n \nVPS \n \n \n \n \nComprimidos \nRevestidos \n500mg e \n750mg \n \n \n \n \n \n \n \n \n \n \n30/01/2014 \n \n \n \n \n \n \n \n \n \n \n0075644/14- \n0* \n \n \n \n \n \n \n \n \nInclusão Inicial \nde Texto \nde Bula – RDC \n60/12 \n \n \n \n \n \n \n \n \n \n \n- \n \n \n \n \n \n \n \n \n \n \n- \n \n \n \n \n \n \n \n \nInclusão \nInicial de \nTexto \nde Bula – \nRDC 60/12 \n \n \n \n \n \n \n \n \n \n \n- \n \nNotificação inicial de bula contemplando os itens \nmencionados, de acordo com a RDC 47/2009: \n \nPOR QUE ESTE MEDICAMENTO FOI \nINDICADO? \nADVERTÊNCIAS \n"", ""COMO DEVO USAR ESTE MEDICAMENTO? \n \n \n \nVPS \n \n \nSolução oral \n200 mg/mL \n       O QUE DEVO FAZER QUANDO EU ME \nESQUECER DE USAR ESTE \nMEDICAMENTO? \n  \n \n \n \n \n29/05/2013 \n \n \n \n0429927/13- \n2* \n \n \nNotificação de \nAlteração de \ntexto de Bula – \nRDC 60/12 \n \n \n \n \n- \n \n \n \n \n- \n \nNotificação \nde Alteração \nde texto de \nBula – RDC \n60/12 \n \n \n \n \n- \nAdequação as novas informações de segurança do \nproduto de acordo com o atual CCDS (company \ncore data sheet) da empresa. \n \nADVERTÊNCIAS E PRECAUÇÕES \nMODO DE USAR \nREAÇÕES ADVERSAS \n \n \n \n \nVPS \n \n \n \nSolução oral \n200 mg/mL \n \n \n \n \n \n \n30/01/2014 \n \n \n \n \n \n \n0075629/14- \n6* \n \n \n \n \n \nInclusão Inicial \nde Texto de Bula \n– RDC 60/12 \n \n \n \n \n \n \n- \n \n \n \n \n \n \n- \n \n \n \n \nInclusão \ninicial de \nTexto de \nBula – RDC \n0/12 \n \n \n \n \n \n \n- \n \n \nNotificação inicial de bula contemplando os itens \nmencionados, de acordo com a RDC 47/2009: \nPARA QUE ESTE MEDICAMENTO É \nINDICADO? \nCOMO ESSE MEDICAMENTO FUNCIONA? \nQUANDO NÃO DEVO USAR ESTE \nMEDICAMENTO? \nO QUE DEVO SABER ANTES DE USAR ESTE \nMEDICAMENTO? \nONDE, COMO E POR QUANTO TEMPO \nPOSSO GUARDAR ESTE MEDICAMENTO? \n \n \n \n \n \n \nVP \n \n \n \n \n \nComprimidos \nRevestidos \n500mg e \n750mg "", ""COMO DEVO USAR ESTE MEDICAMENTO? \n \n \n \n \nVP \n \n \n \nSolução oral \n200 mg/mL \n       O QUE DEVO FAZER QUANDO EU ME \nESQUECER DE USAR ESTE \nMEDICAMENTO? \n  \n \n \n \n29/05/2013 \n \n \n \n0429927/13- \n2* \n \n \nNotificação de \nAlteração de \ntexto de Bula – \nRDC 60/12 \n \n \n \n- \n \n \n \n- \nNotificaçã \no de \nAlteração \nde texto de \nBula – \nRDC \n60/12 \n \n \n \n- \nAdequação as novas informações de segurança do \nproduto de acordo com o atual CCDS (company \ncore data sheet) da empresa. \n \nO QUE DEVO SABER ANTES DE USAR ESTE \nMEDICAMENTO? \n \n \n \nVP \n \n \n \nSolução oral \n200 mg/mL"", "" \n \n \n \n \n \n \n \n \n \n \n \n \n \n17/09/2019 \n \n \n \n \n \n \n \n \n2192832/19-1* \n \n \n \n \n \n \nNotificação de \nAlteração de texto \nde Bula – RDC \n60/12 \n \n \n \n \n \n \n \n \n- \n \n \n \n \n \n \n \n \n- \n \n \n \n \n \n \nNotificação de \nAlteração de \ntexto de Bula – \nRDC 60/12 \n \n \n \n \n \n \n \n \n- \n \n \n \n \n \n \n \n1. PARA QUE ESTE MEDICAMENTO É \nINDICADO? \n1. INDICAÇÕES \n \n \n \n \n \n \n \n \nVP/VPS \n \n \n \nComprimidos \nRevestidos 500 \nmg e 750 mg \nSuspensão Oral \n100 mg/ml e 32 \nmg/ml \nSolução oral 200 \nmg/mL \nComprimido \nmastigável 160 \nmg \n \n \n \n \n \n \n \n \n06/11/2019 \n \n \n \n \n \n \n \n \n3053936/19-6* \n \n \n \n \n \n \nNotificação de \nAlteração de texto \nde Bula – RDC \n60/12 \n \n \n \n \n \n \n \n \n- \n \n \n \n \n \n \n \n \n- \n \n \n \n \n \n \nNotificação de \nAlteração de \ntexto de Bula – \nRDC 60/12 \n \n \n \n \n \n \n \n \n- \n \n \n \n \n \n8. QUAIS OS MALES QUE ESTE \nMEDICAMENTO PODE ME CAUSAR? \n9. REAÇÕES ADVERSAS \nDIZERES LEGAIS \n \n \n \n \n \n \n \n \nVP/VPS \n \n \n \n \nComprimidos \nRevestidos 500 \nmg e 750 mg \nSuspensão Oral \n100 mg/ml e 32 \nmg/ml. \nComprimidos \nmastigáveis 160 \nmg "", "" \n \n \n \n \n \n \n \n \n \n \n \n \n \n05/02/2020 \n \n \n \n \n \n \n \n \n0368632/20-9* \n \n \n \n \n \n \nNotificação de \nAlteração de texto \nde Bula – RDC \n60/12 \n \n \n \n \n \n \n \n \n07/08/2019 \n \n \n \n \n \n \n \n \n1942142/19-7 \n \n \n \n \n \n \nNotificação de \ndescontinuação \ntemporária de \nfabricação ou \nimportação \n \n \n \n \n \n \n \n \nN/A \n \n \n \n8. QUAIS OS MALES QUE ESTE \nMEDICAMENTO PODE ME CAUSAR? \n9. REAÇÕES ADVERSAS \nDIZERES LEGAIS \n \n \n \n \nRetirada da bula do bulário eletrônico em função da \ndescontinuação temporária de fabricação \n \n \n \n \n \n \n \n \nVP/VPS \n \n \nComprimidos \nRevestidos 500 \nmg e 750 mg \nSuspensão Oral \n100 mg/ml e 32 \nmg/ml. \n \n \nComprimidos \nmastigáveis 160 \nmg \n \n \n \n \n \n \n \n \n \n \n \n19/02/2021 \n \n \n \n \n \n \n \n \n \n \n \n0673553/21-3* \n \n \n \n \n \n \n \n \n \n \nNotificação de \nAlteração de texto \nde Bula – RDC \n60/12 \n \n \n \n \n \n \n \n \n \n \n \n- \n \n \n \n \n \n \n \n \n \n \n \n- \n \n \n \n \n \n \n \n \n \n \nNotificação de \nAlteração de \ntexto de Bula – \nRDC 60/12 \n \n \n \n \n \n \n \n \n \n \n \nN/A \n \nAdequação dos textos dos itens: \n \nVP \n \n“COMPOSIÇÃO” \n“4. O QUE DEVO SABER ANTES DE USAR \nESTE MEDICAMENTO?” \n“6. COMO DEVO USAR ESTE \nEDICAMENTO?” \n“DIZERES LEGAIS” \n \n \n \nVPS \n \n“COMPOSIÇÃO” \n“5. ADVERTÊNCIAS E PRECAUÇÕES” \n“8. POSOLOGIA E MODO DE USAR” \n“DIZERES LEGAIS” \n \n \n \n \n \n \n \n \n \n \n \nVP/VPS \n \n \n \n \n \n \n \n \n \n \n \nSolução Oral \n200mg/mL "", "" \n \n \n \n \n \n \n \n \n \n \n \n04/12/2014 \n \n \n \n \n1086227/14- \n7* \n \n \nNotificação de \nAlteração de \ntexto de Bula \n– RDC 60/12 \n \n \n \n \n- \n \n \n \n \n- \n \n \nNotificação \nde Alteração \nde texto de \nBula – RDC \n60/12 \n \n \n \n \n- \n \nInclusão de informação sobre a validade do \nproduto após aberto nos itens 5. ONDE, COMO E \nPOR QUANTO TEMPO POSSO GUARDAR \nESTE MEDICAMENTO? e 7. CUIDADOS DE \nARMAZENAMENTO DO MEDICAMENTO, \nnas bulas do paciente e profissional da saúde, \nrespectivamente \n \n \n \nVP/VPS \n \n \n \nSuspensão Oral \n100 mg/ml e 32 \nmg/ml \n \n \n08/10/2015 \n \n \n0896694/15- \n0* \nNotificação de \nAlteração de \ntexto de Bula \n– RDC 60/12 \n \n \n- \n \n \n- \nNotificação \nde Alteração \nde texto de \nBula – RDC \n60/12 \n \n \n- \n \nInclusão de nova forma farmacêutica \n(comprimido mastigável), na concentração de \n160mg \n \n \nVP/VPS \n \nComprimido \nmastigável 160 \nmg \n \n \n14/10/2015 \n \n \n0907973/15- \n4* \n \nNotificação de \nAlteração de \ntexto de Bula \n– RDC 60/12 \n \n \n- \n \n \n- \nNotificação \nde Alteração \nde texto de \nBula – RDC \n60/12 \n \n \n- \n \nInclusão de informação sobre a validade do \nproduto após aberto no item 5. ONDE, COMO E \nPOR QUANTO TEMPO POSSO GUARDAR \nESTE MEDICAMENTO? \n \n \nVP/VPS \n \n \nSolução oral \n200 mg/mL \n \n \n04/03/2016 \n \n1328802/16 \n-4* \nNotificação de \nAlteração de \ntexto de Bula \n– RDC 60/12 \n \n \n- \n \n \n- \nNotificação \nde Alteração \nde texto de \nBula – RDC \n60/12 \n \n \n- \n \nInclusão de melhorias nas instruções do modo de \nuso e de como abrir o medicamento. \n \n \nVP/VPS \n \nComprimido \nmastigável 160 \nmg \n \n \n07/08/2017 \n \n1652064/17-5* \nNotificação de \nAlteração de \ntexto de Bula \n– RDC 60/12 \n \n \n- \n \n \n- \nNotificação de \nAlteração de \ntexto de Bula \n– RDC 60/12 \n \n \n- \n \nAdequação do texto do item: \n7. O QUE DEVO FAZER QUANDO EU ME \nESQUECER DE USAR ESTE MEDICAMENTO? \n \n \nVP \n \nComprimidos \nRevestidos \n500mg "", "" \n \n \n \n \n \n \n \n \n \n \n \n05/08/2014 \n \n \n \n0634811/14- \n4* \n \n \nNotificação de \nAlteração de \ntexto de Bula – \nRDC 60/12 \n \n \n \n \n- \n \n \n \n \n- \n \n \nNotificação \nde Alteração \nde texto de \nBula – RDC \n60/12 \n \n \n \n \n \n \n- \n \n \nInclusão de Informações de advertências e \nprecauções a respeito de uso em pacientes com \nhepatopatias e nefropatias que haviam sido \nretiradas erroneamente da versão anterior de bula \ndos produtos relacionados \n \n \n \n \nVPS \nComprimidos \nRevestidos \n500mg e \n750mg \n \nSuspensão Oral \n100 mg/ml e 32 \nmg/ml \n \n \n \n \n05/08/2014 \n \n \n \n0634811/14- \n4* \n \n \nNotificação de \nAlteração de \ntexto de Bula – \nRDC 60/12 \n \n \n \n \n- \n \n \n \n \n- \n \nNotificação \nde Alteração \nde texto de \nBula – RDC \n60/12 \n \n \n \n \n- \n \nCorreção da formatação da bula para correta \nvisualização das figuras contidas nos itens \n6. COMO DEVO USAR ESTE \nMEDICAMENTO? e 8. POSOLOGIA E MODO \nDE USAR das bulas do paciente e profissional, \nrespectivamente. \n \n \n \n \nVP/VPS \n \n \n \nSolução oral \n200 mg/mL \n \n \n \n \n \n \n \n \n \n18/11/2014 \n \n \n \n \n \n \n \n \n1037202/14- \n4* \n \n \n \n \n \n \n \nNotificação de \nAlteração de \ntexto de Bula – \nRDC 60/12 \n \n \n \n \n \n \n \n \n \n- \n \n \n \n \n \n \n \n \n \n- \n \n \n \n \n \n \nNotificação \nde Alteração \nde texto de \nBula – RDC \n60/12 \n \n \n \n \n \n \n \n \n \n- \n \nMelhorias no texto de bula nos pontos 8. \nPOSOLOGIA E MODO DE USAR e 6. COMO \nDEVO USAR ESTE MEDICAMENTO? Das \nbulas do profissional da saúde e do paciente, \nrespectivamente, para esclarecer doses máximas \ndiárias dos produtos de acordo com a faixa etária \ne o número máximo de gotas por dose para \ncrianças abaixo de 12 anos. \n \nAdequação as novas informações de segurança do \nproduto de acordo com o atual CCDS (company \ncore data sheet) da empresa, nos seguintes pontos: \n4. O QUE DEVO SABER ANTES DE USAR \nESTE MEDICAMENTO? \n5. ADVERTÊNCIAS E PRECAUÇÕES \n \n \n \n \n \n \n \n \n \nVP/VPS \n \n \n \n \n \n \n \n \nSolução oral \n200 mg/mL "", "" \n \n \n \n \n \n \n \n   \n \n \n \nde Bula – RDC \n60/12 \n   \n \n \nTexto de \nBula – RDC \n60/12 \n INDICAÇÕES \nRESULTADOS DE EFICÁCIA \nCARACTERÍSTICAS FARMACOLÓGICAS \nCONTRA INDICAÇÕES \nADVERTÊNCIAS E PRECAUÇÕES \nINTERAÇÕES MEDICAMENTOSAS \nCUIDADOS DE ARMAZENAMENTO DO \nMEDICAMENTO \nPOSOLOGIA E MODO DE USAR \nREAÇÕES ADVERSAS \n \n \n \n \n \nVPS \n \n \n \nSuspensão Oral \n100 mg/ml e 32 \nmg/ml \n \n \n \n \n \n \n30/01/2014 \n \n \n \n \n \n0075661/14- \n0* \n \n \n \n \nNotificação de \nAlteração de \ntexto de Bula – \nRDC 60/12 \n \n \n \n \n \n \n- \n \n \n \n \n \n \n- \n \n \n \n \nNotificação \nde Alteração \nde texto de \nBula – RDC \n60/12 \n \n \n \n \n \n \n- \n \nAdequação as novas informações de segurança do \nproduto de acordo com o atual CCDS (company \ncore data sheet) da empresa e DCB atualizada: \n \nCOMPOSIÇÃO \nPROPRIEDADES FARMACODINAMICAS \nPROPRIEDADESFARMACOCINETICAS \nADVERTENCIAS E PRECAUÇÕES \nREAÇÕES ADVERSAS \nSUPERDOSE \n \n \n \n \n \n \nVPS \n \n \n \n \n \nSuspensão Oral \n100 mg/ml e 32 \nmg/ml \n \n \n \n \n \n \n4/02/2014 \n \n \n \n \n \n0086142/14- \n1* \n \n \n \n \nNotificação de \nAlteração de \ntexto de Bula – \nRDC 60/12 \n \n \n \n \n \n \n- \n \n \n \n \n \n \n- \n \n \n \nNotificação \nde Alteração \nde texto de \nBula – RDC \n60/12 \n \n \n \n \n \n \n- \n \n \n \n \nEsta notificação se refere apenas à edição das bulas \nreferentes ao processo de Tylenol compilando em \num único arquivo as bulas que já haviam sido \nsubmetidas previamente. \n \n \n \n \n \n \nVP/VPS \nComprimidos \nRevestidos \n500mg e \n750mg \n \nSuspensão Oral \n100 mg/ml e 32 \nmg/ml \n \nSolução oral \n200 mg/mL "", "" \n \n \n \n \n \n \n \n \n \n \n \n07/08/2017 \n \n \n \n \n \n \n1652064/17-5* \n \n \n \n \nNotificação de \nAlteração de \ntexto de Bula – \nRDC 60/12 \n \n \n \n \n \n \n- \n \n \n \n \n \n \n- \n \n \n \n \nNotificação \nde Alteração \nde texto de \nBula – RDC \n60/12 \n \n \n \n \n \n \n- \n \n \n \n \nComposição: Atualização da nomenclatura DCB \n(Denominação Comum Brasileira) dos excipientes \n \nDizeres Legais: Atualização do endereço da empresa \ndetentora do registro \n \n \n \n \n \n \nVP/VPS \n \nComprimidos \nRevestidos \n500mg \n \nSolução oral 200 \nmg/mL \n \nSuspensão Oral \n100 mg/ml e 32 \nmg/ml \n \n \n \n \n \n \n \n \n12/03/2018 \n \n \n \n \n \n \n \n \n0187443/18-8* \n \n \n \n \n \n \nNotificação de \nAlteração de texto \nde Bula – RDC \n60/12 \n \n \n \n \n \n \n \n \n- \n \n \n \n \n \n \n \n \n- \n \n \n \n \n \n \nNotificação de \nAlteração de \ntexto de Bula – \nRDC 60/12 \n \n \n \n \n \n \n \n \n- \n \n \nAdequação as novas informações de segurança do \nproduto de acordo com o atual CCDS (company core \ndata sheet) da empresa nos itens: \n4. O QUE DEVO SABERANTES DE USAR ESTE \nMEDICAMENTO? \n9. O QUE FAZER SEALGUÉMUSAR UMA \nQUANTIDADEMAIOR DO QUEAINDICADA \nDESTE MEDICAMENTO? e \n6. ADVERTÊNCIAS E PRECAUÇÕES \n10. SUPERDOSE, na bula do paciente e do \nprofissional de saúde, respectivamente. \n \n \n \n \n \n \n \n \nVP/VPS \n \n \nComprimidos \nRevestidos 500 \nmg e 750 mg \nSuspensão Oral \n100 mg/ml e 32 \nmg/ml \nSolução oral 200 \nmg/mL \nComprimido \nmastigável 160 \nmg ""]",103.464,109.193
agentic_rag,ollama:gemma4:e4b,TYLENOL,Como a ingestão de alimentos influencia a absorção e o início de ação de TYLENOL?,medio,"Tomado em jejum, o paracetamol é absorvido mais rapidamente, embora a quantidade total absorvida não seja alterada pelos alimentos. Independentemente de alimentar-se, o efeito começa entre 15 e 30 minutos após a administração.","O QUE DEVO SABER ANTES DE USAR ESTE MEDICAMENTO?

COMO ESTE MEDICAMENTO FUNCIONA?","De acordo com a bula do medicamento TYLENOL, consta a seguinte informação: A absorção de TYLENOL[® ] é mais rápida se for tomada em jejum. Os alimentos podem afetar a velocidade da absorção, mas não alteram a quantidade total do medicamento que será absorvida.

---
*Esta resposta se baseia apenas nos trechos da bula recuperados e não substitui orientação médica ou farmacêutica.*","De acordo com a bula do medicamento TYLENOL, consta a seguinte informação: A absorção de TYLENOL[® ] é mais rápida se for tomada em jejum. Os alimentos podem afetar a velocidade da absorção, mas não alteram a quantidade total do medicamento que será absorvida.","COMO DEVO USAR ESTE MEDICAMENTO?, O QUE DEVO SABER ANTES DE USAR ESTE MEDICAMENTO?",,"[""## **Não use outro produto que contenha paracetamol.** \n\n## **O paracetamol nas doses terapêuticas não foi associado à irritação gástrica.** \n\nSe você tem pressão alta, não use este produto por mais tempo do que o indicado no rótulo, a menos que indicado por um médico. \n\nA absorção de **TYLENOL[® ]** é mais rápida se você estiver em jejum. Os alimentos podem afetar a velocidade da absorção, mas não a quantidade absorvida do medicamento. A interferência do paracetamol na metabolização de outros medicamentos e a influência destes medicamentos na ação e na toxicidade do paracetamol, em geral, não são relevantes. \n\n**Consulte seu médico antes de utilizar este medicamento se você está tomando flucloxacilina (penicilina - um antibiótico), varfarina (anticoagulante) ou outros derivados cumarínicos.** \n\n**Informe ao seu médico ou cirurgião-dentista se você está fazendo uso de algum outro medicamento.** \n\n**"", ""4. O QUE DEVO SABER ANTES DE USAR ESTE MEDICAMENTO?** \n\nTYLENOL® - Paciente \n\n**==> picture [114 x 31] intentionally omitted <==**\n\nVocê não deve tomar mais do que a dose recomendada (superdose) para provocar maior alívio, pois pode causar sérios problemas de saúde. Você deve consultar seu médico se a dor ou febre continuarem ou piorarem, ou se surgirem novos sintomas, pois estes sintomas podem ser sinais de doenças graves. \n\n**Uso com álcool** : consumidores de doses abusivas de álcool devem consultar seu médico para saber se podem tomar **TYLENOL[® ]** ou qualquer outro analgésico. \n\n## **Gravidez e Amamentação** \n\n## Se você estiver grávida ou amamentando, consulte o seu médico antes de usar este medicamento. **Este medicamento não deve ser utilizado por mulheres grávidas sem orientação médica ou do cirurgião-dentista.** \n\n**Uso em pacientes com problemas no fígado** : Consulte seu médico antes de usar o medicamento. **Uso em idosos** : Até o momento não são conhecidas restrições específicas ao uso de **TYLENOL[® ]** por pacientes idosos. Não existe necessidade de ajuste de dose neste grupo etário. Muito raramente, foram relatadas reações cutâneas graves em pacientes que administraram paracetamol. Os sintomas podem incluir: vermelhidão na pele, bolhas e erupções cutâneas. Se ocorrerem reações cutâneas ou piora de problemas de pele já existentes, interrompa o uso do medicamento e procure ajuda médica imediatamente. \n\n## **Não use outro produto que contenha paracetamol.** \n\n## **O paracetamol nas doses terapêuticas não foi associado à irritação gástrica.**"", ""6. COMO DEVO USAR ESTE MEDICAMENTO?** \n\nUso oral. Você deve tomar os comprimidos com líquido. O paracetamol pode ser administrado independentemente das refeições. \n\n## **Adultos e crianças acima de 12 anos:** \n\n**TYLENOL[® ] 500 mg:** 1 a 2 comprimidos, 3 a 4 vezes ao dia. \n\n**TYLENOL[® ] 750 mg:** 1 comprimido, 3 a 5 vezes ao dia. \n\nA dose diária máxima recomendada de paracetamol é de 4000 mg ( **8 comprimidos de TYLENOL[® ] 500 mg ou 5 comprimidos de TYLENOL® 750 mg** ) administrada em doses fracionadas, não excedendo 1000 mg/dose ( **2 comprimidos de TYLENOL[® ] 500 mg ou 1 comprimido de TYLENOL[® ] 750 mg** ), em intervalos de 4 a 6 horas, em um período de 24 horas. **Duração do tratamento:** depende do desaparecimento dos sintomas. \n\n**Este medicamento não pode ser partido, aberto ou mastigado.** \n\n**Siga corretamente o modo de usar. Em caso de dúvidas sobre este medicamento, procure orientação do farmacêutico. Não desaparecendo os sintomas, procure orientação médica ou de seu cirurgião-dentista.** \n\n## **"", ""COMO DEVO USAR ESTE MEDICAMENTO? \nUso oral. Você deve tomar os comprimidos com líquido. O paracetamol pode ser administrado \nindependentemente das refeições. \nAdultos e crianças acima de 12 anos: \nTYLENOL® 500 mg: 1 a 2 comprimidos, 3 a 4 vezes ao dia. \nTYLENOL® 750 mg: 1 comprimido, 3 a 5 vezes ao dia. \nA dose diária máxima recomendada de paracetamol é de 4000 mg ( 8 comprimidos de \nTYLENOL® 500 mg ou 5 comprimidos de TYLENOL® 750 mg) administrada em doses \nfracionadas, não excedendo 1000 mg/dose ( 2 comprimidos de TYLENOL ® 500 mg ou 1 \ncomprimido de TYLENOL® 750 mg), em intervalos de 4 a 6 horas, em um período de 24 horas. \nDuração do tratamento: depende do desaparecimento dos sintomas. \nEste medicamento não pode ser partido, aberto ou mastigado. \nSiga corretamente o modo de usar. Em caso de dúvidas sobre este medicamento, procure \norientação do farmacêutico. Não desaparecendo os sintomas, procure orientação médica \nou de seu cirurgião-dentista. \n \n7. O QUE DEVO FAZER QUANDO EU ME ESQUECER DE USAR ESTE \nMEDICAMENTO? \nSe você se esquecer de tomar uma dose do medicamento, faça-o assim que se lembrar, no caso \nde ainda haver necessidade, e então ajuste o horário das próximas  tomadas. Não tome a dose \ndobrada para compensar a dose esquecida. \nEm caso de dúvidas, procure orientação do farmacêutico ou de seu médico, ou cirurgião - \ndentista. \n \n8. "", ""16/08/2018 \n \n \n \n \n \n \n \n \n0810566/18-9* \n \n \n \n \n \n \n \nAlteração de texto \nde bula \n \n \n \n \n \n \n \n \n- \n \n \n \n \n \n \n \n \n- \n \n \n \n \n \n \n \nAlteração de \ntexto de bula \n \n \n \n \n \n \n \n \n- \n \n \n \n \nInclusão do tratamento de sintomas de arboviroses \nnas indicações. \n1. PARA QUE ESTE MEDICAMENTO FOI \nINDICADO? \n \n1. INDICAÇÕES \n \n \n \n \n \n \n \n \nVP/VPS \n \n \nComprimidos \nRevestidos 500 \nmg e 750 mg \nSuspensão Oral \n100 mg/ml e 32 \nmg/ml \nSolução oral 200 \nmg/mL \nComprimido \nmastigável 160 \nmg \n \n \n \n \n \n \n \n \n13/09/2019 \n \n \n \n \n \n \n \n \n2167731/19-0* \n \n \n \n \n \n \nNotificação de \nAlteração de texto \nde Bula – RDC \n60/12 \n \n \n \n \n \n \n \n \n- \n \n \n \n \n \n \n \n \n- \n \n \n \n \n \n \nNotificação de \nAlteração de \ntexto de Bula – \nRDC 60/12 \n \n \n \n \n \n \n \n \n- \n \n \n \n \n \nAPRESENTAÇÕES \nDIZERES LEGAIS \n8. QUAIS OS MALES QUE ESTE \nMEDICAMENTO PODE ME CAUSAR? \n9. REAÇÕES ADVERSAS \n \n \n \n \n \n \n \n \nVP/VPS \n \n \n \n \n \n \nComprimidos \nRevestidos 750 \nmg"", ""22/11/2021 \n \n \n \n \n \n \n \n \n \n \n \n4623708/21-7* \n \n \n \n \n \n \n \n \n \n \nNotificação de \nAlteração de texto \nde Bula – RDC \n60/12 \n \n \n \n \n \n \n \n \n \n \n \n- \n \n \n \n \n \n \n \n \n \n \n \n- \n \n \n \n \n \n \n \n \n \n \nNotificação de \nAlteração de \ntexto de Bula – \nRDC 60/12 \n \n \n \n \n \n \n \n \n \n \n \n- \n \n \n \n \n \n \n \n \n \n \n \nAdequação do texto do item: \n9. REAÇÕES ADVERSAS \n \n \n \n \n \n \n \n \n \n \n \n \nVPS \n \n \n \n \n \n \n \nComprimidos \nRevestidos 500 \nmg e 750 mg \n \nSuspensão Oral \n100 mg/ml e 32 \nmg/ml \n \nSolução Oral \n200mg/mL"", "" \n \n \n \n \n \n \n \n   \n \n \n \nde Bula – RDC \n60/12 \n   \n \n \nTexto de \nBula – RDC \n60/12 \n INDICAÇÕES \nRESULTADOS DE EFICÁCIA \nCARACTERÍSTICAS FARMACOLÓGICAS \nCONTRA INDICAÇÕES \nADVERTÊNCIAS E PRECAUÇÕES \nINTERAÇÕES MEDICAMENTOSAS \nCUIDADOS DE ARMAZENAMENTO DO \nMEDICAMENTO \nPOSOLOGIA E MODO DE USAR \nREAÇÕES ADVERSAS \n \n \n \n \n \nVPS \n \n \n \nSuspensão Oral \n100 mg/ml e 32 \nmg/ml \n \n \n \n \n \n \n30/01/2014 \n \n \n \n \n \n0075661/14- \n0* \n \n \n \n \nNotificação de \nAlteração de \ntexto de Bula – \nRDC 60/12 \n \n \n \n \n \n \n- \n \n \n \n \n \n \n- \n \n \n \n \nNotificação \nde Alteração \nde texto de \nBula – RDC \n60/12 \n \n \n \n \n \n \n- \n \nAdequação as novas informações de segurança do \nproduto de acordo com o atual CCDS (company \ncore data sheet) da empresa e DCB atualizada: \n \nCOMPOSIÇÃO \nPROPRIEDADES FARMACODINAMICAS \nPROPRIEDADESFARMACOCINETICAS \nADVERTENCIAS E PRECAUÇÕES \nREAÇÕES ADVERSAS \nSUPERDOSE \n \n \n \n \n \n \nVPS \n \n \n \n \n \nSuspensão Oral \n100 mg/ml e 32 \nmg/ml \n \n \n \n \n \n \n4/02/2014 \n \n \n \n \n \n0086142/14- \n1* \n \n \n \n \nNotificação de \nAlteração de \ntexto de Bula – \nRDC 60/12 \n \n \n \n \n \n \n- \n \n \n \n \n \n \n- \n \n \n \nNotificação \nde Alteração \nde texto de \nBula – RDC \n60/12 \n \n \n \n \n \n \n- \n \n \n \n \nEsta notificação se refere apenas à edição das bulas \nreferentes ao processo de Tylenol compilando em \num único arquivo as bulas que já haviam sido \nsubmetidas previamente. \n \n \n \n \n \n \nVP/VPS \nComprimidos \nRevestidos \n500mg e \n750mg \n \nSuspensão Oral \n100 mg/ml e 32 \nmg/ml \n \nSolução oral \n200 mg/mL "", ""COMO DEVO USAR ESTE MEDICAMENTO? \nO QUE FAZER SE ALGUÉM USAR UMA \nGRANDE QUANTIDADE DESTE \nMEDICAMENTO DE UMA SÓ VEZ? \nCOMPOSIÇÃO \nPARA QUE ESTE MEDICAMENTO É \nINDICADO? \nO QUE DEVO SABER ANTES DE USAR ESTE \nMEDICAMENTO? COMO DEVO USAR ESTE \nMEDICAMENTO? O QUE DEVO FAZER \nQUANDO EU ME ESQUECER DE USAR ESTE \nMEDICAMENTO? \n \n \n \n \n \n \n \n \n \n \nVP \n \n \n \n \n \n \n \n \n \nSuspensão Oral \n100 mg/ml e 32 \nmg/ml"", "" \n \n \n \n \n \n \n \n \n \n \n \n07/08/2017 \n \n \n \n \n \n \n1652064/17-5* \n \n \n \n \nNotificação de \nAlteração de \ntexto de Bula – \nRDC 60/12 \n \n \n \n \n \n \n- \n \n \n \n \n \n \n- \n \n \n \n \nNotificação \nde Alteração \nde texto de \nBula – RDC \n60/12 \n \n \n \n \n \n \n- \n \n \n \n \nComposição: Atualização da nomenclatura DCB \n(Denominação Comum Brasileira) dos excipientes \n \nDizeres Legais: Atualização do endereço da empresa \ndetentora do registro \n \n \n \n \n \n \nVP/VPS \n \nComprimidos \nRevestidos \n500mg \n \nSolução oral 200 \nmg/mL \n \nSuspensão Oral \n100 mg/ml e 32 \nmg/ml \n \n \n \n \n \n \n \n \n12/03/2018 \n \n \n \n \n \n \n \n \n0187443/18-8* \n \n \n \n \n \n \nNotificação de \nAlteração de texto \nde Bula – RDC \n60/12 \n \n \n \n \n \n \n \n \n- \n \n \n \n \n \n \n \n \n- \n \n \n \n \n \n \nNotificação de \nAlteração de \ntexto de Bula – \nRDC 60/12 \n \n \n \n \n \n \n \n \n- \n \n \nAdequação as novas informações de segurança do \nproduto de acordo com o atual CCDS (company core \ndata sheet) da empresa nos itens: \n4. O QUE DEVO SABERANTES DE USAR ESTE \nMEDICAMENTO? \n9. O QUE FAZER SEALGUÉMUSAR UMA \nQUANTIDADEMAIOR DO QUEAINDICADA \nDESTE MEDICAMENTO? e \n6. ADVERTÊNCIAS E PRECAUÇÕES \n10. SUPERDOSE, na bula do paciente e do \nprofissional de saúde, respectivamente. \n \n \n \n \n \n \n \n \nVP/VPS \n \n \nComprimidos \nRevestidos 500 \nmg e 750 mg \nSuspensão Oral \n100 mg/ml e 32 \nmg/ml \nSolução oral 200 \nmg/mL \nComprimido \nmastigável 160 \nmg "", ""COMO DEVO USAR ESTE MEDICAMENTO? \n \n \n \n \nVP \n \n \n \nSolução oral \n200 mg/mL \n       O QUE DEVO FAZER QUANDO EU ME \nESQUECER DE USAR ESTE \nMEDICAMENTO? \n  \n \n \n \n29/05/2013 \n \n \n \n0429927/13- \n2* \n \n \nNotificação de \nAlteração de \ntexto de Bula – \nRDC 60/12 \n \n \n \n- \n \n \n \n- \nNotificaçã \no de \nAlteração \nde texto de \nBula – \nRDC \n60/12 \n \n \n \n- \nAdequação as novas informações de segurança do \nproduto de acordo com o atual CCDS (company \ncore data sheet) da empresa. \n \nO QUE DEVO SABER ANTES DE USAR ESTE \nMEDICAMENTO? \n \n \n \nVP \n \n \n \nSolução oral \n200 mg/mL"", "" \n \n \n \n \n \n \n \n \n \n \n \n \n \n05/02/2020 \n \n \n \n \n \n \n \n \n0368632/20-9* \n \n \n \n \n \n \nNotificação de \nAlteração de texto \nde Bula – RDC \n60/12 \n \n \n \n \n \n \n \n \n07/08/2019 \n \n \n \n \n \n \n \n \n1942142/19-7 \n \n \n \n \n \n \nNotificação de \ndescontinuação \ntemporária de \nfabricação ou \nimportação \n \n \n \n \n \n \n \n \nN/A \n \n \n \n8. QUAIS OS MALES QUE ESTE \nMEDICAMENTO PODE ME CAUSAR? \n9. REAÇÕES ADVERSAS \nDIZERES LEGAIS \n \n \n \n \nRetirada da bula do bulário eletrônico em função da \ndescontinuação temporária de fabricação \n \n \n \n \n \n \n \n \nVP/VPS \n \n \nComprimidos \nRevestidos 500 \nmg e 750 mg \nSuspensão Oral \n100 mg/ml e 32 \nmg/ml. \n \n \nComprimidos \nmastigáveis 160 \nmg \n \n \n \n \n \n \n \n \n \n \n \n19/02/2021 \n \n \n \n \n \n \n \n \n \n \n \n0673553/21-3* \n \n \n \n \n \n \n \n \n \n \nNotificação de \nAlteração de texto \nde Bula – RDC \n60/12 \n \n \n \n \n \n \n \n \n \n \n \n- \n \n \n \n \n \n \n \n \n \n \n \n- \n \n \n \n \n \n \n \n \n \n \nNotificação de \nAlteração de \ntexto de Bula – \nRDC 60/12 \n \n \n \n \n \n \n \n \n \n \n \nN/A \n \nAdequação dos textos dos itens: \n \nVP \n \n“COMPOSIÇÃO” \n“4. O QUE DEVO SABER ANTES DE USAR \nESTE MEDICAMENTO?” \n“6. COMO DEVO USAR ESTE \nEDICAMENTO?” \n“DIZERES LEGAIS” \n \n \n \nVPS \n \n“COMPOSIÇÃO” \n“5. ADVERTÊNCIAS E PRECAUÇÕES” \n“8. POSOLOGIA E MODO DE USAR” \n“DIZERES LEGAIS” \n \n \n \n \n \n \n \n \n \n \n \nVP/VPS \n \n \n \n \n \n \n \n \n \n \n \nSolução Oral \n200mg/mL "", "" \n \n \n \n \n \n \n \n \n \n \n \n05/08/2014 \n \n \n \n0634811/14- \n4* \n \n \nNotificação de \nAlteração de \ntexto de Bula – \nRDC 60/12 \n \n \n \n \n- \n \n \n \n \n- \n \n \nNotificação \nde Alteração \nde texto de \nBula – RDC \n60/12 \n \n \n \n \n \n \n- \n \n \nInclusão de Informações de advertências e \nprecauções a respeito de uso em pacientes com \nhepatopatias e nefropatias que haviam sido \nretiradas erroneamente da versão anterior de bula \ndos produtos relacionados \n \n \n \n \nVPS \nComprimidos \nRevestidos \n500mg e \n750mg \n \nSuspensão Oral \n100 mg/ml e 32 \nmg/ml \n \n \n \n \n05/08/2014 \n \n \n \n0634811/14- \n4* \n \n \nNotificação de \nAlteração de \ntexto de Bula – \nRDC 60/12 \n \n \n \n \n- \n \n \n \n \n- \n \nNotificação \nde Alteração \nde texto de \nBula – RDC \n60/12 \n \n \n \n \n- \n \nCorreção da formatação da bula para correta \nvisualização das figuras contidas nos itens \n6. COMO DEVO USAR ESTE \nMEDICAMENTO? e 8. POSOLOGIA E MODO \nDE USAR das bulas do paciente e profissional, \nrespectivamente. \n \n \n \n \nVP/VPS \n \n \n \nSolução oral \n200 mg/mL \n \n \n \n \n \n \n \n \n \n18/11/2014 \n \n \n \n \n \n \n \n \n1037202/14- \n4* \n \n \n \n \n \n \n \nNotificação de \nAlteração de \ntexto de Bula – \nRDC 60/12 \n \n \n \n \n \n \n \n \n \n- \n \n \n \n \n \n \n \n \n \n- \n \n \n \n \n \n \nNotificação \nde Alteração \nde texto de \nBula – RDC \n60/12 \n \n \n \n \n \n \n \n \n \n- \n \nMelhorias no texto de bula nos pontos 8. \nPOSOLOGIA E MODO DE USAR e 6. COMO \nDEVO USAR ESTE MEDICAMENTO? Das \nbulas do profissional da saúde e do paciente, \nrespectivamente, para esclarecer doses máximas \ndiárias dos produtos de acordo com a faixa etária \ne o número máximo de gotas por dose para \ncrianças abaixo de 12 anos. \n \nAdequação as novas informações de segurança do \nproduto de acordo com o atual CCDS (company \ncore data sheet) da empresa, nos seguintes pontos: \n4. O QUE DEVO SABER ANTES DE USAR \nESTE MEDICAMENTO? \n5. ADVERTÊNCIAS E PRECAUÇÕES \n \n \n \n \n \n \n \n \n \nVP/VPS \n \n \n \n \n \n \n \n \nSolução oral \n200 mg/mL "", ""COMO DEVO USAR ESTE MEDICAMENTO? \n \n \n \nVPS \n \n \nSolução oral \n200 mg/mL \n       O QUE DEVO FAZER QUANDO EU ME \nESQUECER DE USAR ESTE \nMEDICAMENTO? \n  \n \n \n \n \n29/05/2013 \n \n \n \n0429927/13- \n2* \n \n \nNotificação de \nAlteração de \ntexto de Bula – \nRDC 60/12 \n \n \n \n \n- \n \n \n \n \n- \n \nNotificação \nde Alteração \nde texto de \nBula – RDC \n60/12 \n \n \n \n \n- \nAdequação as novas informações de segurança do \nproduto de acordo com o atual CCDS (company \ncore data sheet) da empresa. \n \nADVERTÊNCIAS E PRECAUÇÕES \nMODO DE USAR \nREAÇÕES ADVERSAS \n \n \n \n \nVPS \n \n \n \nSolução oral \n200 mg/mL \n \n \n \n \n \n \n30/01/2014 \n \n \n \n \n \n \n0075629/14- \n6* \n \n \n \n \n \nInclusão Inicial \nde Texto de Bula \n– RDC 60/12 \n \n \n \n \n \n \n- \n \n \n \n \n \n \n- \n \n \n \n \nInclusão \ninicial de \nTexto de \nBula – RDC \n0/12 \n \n \n \n \n \n \n- \n \n \nNotificação inicial de bula contemplando os itens \nmencionados, de acordo com a RDC 47/2009: \nPARA QUE ESTE MEDICAMENTO É \nINDICADO? \nCOMO ESSE MEDICAMENTO FUNCIONA? \nQUANDO NÃO DEVO USAR ESTE \nMEDICAMENTO? \nO QUE DEVO SABER ANTES DE USAR ESTE \nMEDICAMENTO? \nONDE, COMO E POR QUANTO TEMPO \nPOSSO GUARDAR ESTE MEDICAMENTO? \n \n \n \n \n \n \nVP \n \n \n \n \n \nComprimidos \nRevestidos \n500mg e \n750mg "", "" \n \n \n \n \n \n \n \n \n \n \n \n04/12/2014 \n \n \n \n \n1086227/14- \n7* \n \n \nNotificação de \nAlteração de \ntexto de Bula \n– RDC 60/12 \n \n \n \n \n- \n \n \n \n \n- \n \n \nNotificação \nde Alteração \nde texto de \nBula – RDC \n60/12 \n \n \n \n \n- \n \nInclusão de informação sobre a validade do \nproduto após aberto nos itens 5. ONDE, COMO E \nPOR QUANTO TEMPO POSSO GUARDAR \nESTE MEDICAMENTO? e 7. CUIDADOS DE \nARMAZENAMENTO DO MEDICAMENTO, \nnas bulas do paciente e profissional da saúde, \nrespectivamente \n \n \n \nVP/VPS \n \n \n \nSuspensão Oral \n100 mg/ml e 32 \nmg/ml \n \n \n08/10/2015 \n \n \n0896694/15- \n0* \nNotificação de \nAlteração de \ntexto de Bula \n– RDC 60/12 \n \n \n- \n \n \n- \nNotificação \nde Alteração \nde texto de \nBula – RDC \n60/12 \n \n \n- \n \nInclusão de nova forma farmacêutica \n(comprimido mastigável), na concentração de \n160mg \n \n \nVP/VPS \n \nComprimido \nmastigável 160 \nmg \n \n \n14/10/2015 \n \n \n0907973/15- \n4* \n \nNotificação de \nAlteração de \ntexto de Bula \n– RDC 60/12 \n \n \n- \n \n \n- \nNotificação \nde Alteração \nde texto de \nBula – RDC \n60/12 \n \n \n- \n \nInclusão de informação sobre a validade do \nproduto após aberto no item 5. ONDE, COMO E \nPOR QUANTO TEMPO POSSO GUARDAR \nESTE MEDICAMENTO? \n \n \nVP/VPS \n \n \nSolução oral \n200 mg/mL \n \n \n04/03/2016 \n \n1328802/16 \n-4* \nNotificação de \nAlteração de \ntexto de Bula \n– RDC 60/12 \n \n \n- \n \n \n- \nNotificação \nde Alteração \nde texto de \nBula – RDC \n60/12 \n \n \n- \n \nInclusão de melhorias nas instruções do modo de \nuso e de como abrir o medicamento. \n \n \nVP/VPS \n \nComprimido \nmastigável 160 \nmg \n \n \n07/08/2017 \n \n1652064/17-5* \nNotificação de \nAlteração de \ntexto de Bula \n– RDC 60/12 \n \n \n- \n \n \n- \nNotificação de \nAlteração de \ntexto de Bula \n– RDC 60/12 \n \n \n- \n \nAdequação do texto do item: \n7. O QUE DEVO FAZER QUANDO EU ME \nESQUECER DE USAR ESTE MEDICAMENTO? \n \n \nVP \n \nComprimidos \nRevestidos \n500mg "", ""COMO DEVO USAR ESTE MEDICAMENTO? \nO QUE DEVO FAZER QUANDO EU ME \nESQUECER DE USAR ESTE \nMEDICAMENTO? \nQUAIS OS MALES QUE ESTE \nMEDICAMENTO PODE ME CAUSAR? \nO QUE FAZER SE ALGUÉM USAR UMA \nQUANTIDADE MAIOR DO QUE A \nINDICADA DESTE MEDICAMENTO? \n  \n       Adequação as novas informações de segurança do \nproduto de acordo com o atual CCDS (company \ncore data sheet) da empresa e DCB atualizada: \n  \n \n \n30/01/2014 \n \n0075647/14- \n4* \nNotificação de \nAlteração de \ntexto de Bula – \nRDC 60/12 \n \n \n- \n \n \n- \nNotificação \nde Alteração \nde texto de \nBula – RDC \n60/12 \n \n \n- \nATUALIZAÇÃO DOS SEGUINTES ITENS: \nAPRESENTAÇÃO \nCOMPOSIÇÃO \nO QUE DEVO SABER ANTES DE USAR ESTE \nMEDICAMENTO? \nQUAIS OS MALES QUE ESTE \nMEDICAMENTO PODE ME CAUSAR? \n \n \nVP \nComprimidos \nRevestidos \n500mg e \n750mg \n      \n \n \n \n \nInclusão \nInicial de \nTexto \nde Bula – \nRDC 60/12 \n \nNotificação inicial de bula contemplando os itens \nmencionados, de acordo com a RDC 47/2009: \n  \n \n \n \n \n30/01/2014 \n \n \n \n0075629/14- \n6* \n \n \nInclusão Inicial \nde Texto \nde Bula – RDC \n60/12 \n \n \n \n \n- \n \n \n \n \n- \n \n \n \n \n \n \n- \nINDICAÇÕES \nRESULTADOS DE EFICÁCIA \nCARACTERÍSTICAS FARMACOLÓGICAS \nCONTRA INDICAÇÕES \nADVERTÊNCIAS E PRECAUÇÕES \nINTERAÇÕES MEDICAMENTOSAS \nCUIDADOS DE ARMAZENAMENTO DO \nMEDICAMENTO \nPOSOLOGIA E MODO DE USAR \nREAÇÕES ADVERSAS \nSUPERDOSE \n \n \n \n \nVPS \n \n \nComprimidos \nRevestidos \n500mg e \n750mg ""]",108.591,73.303
agentic_rag,ollama:gemma4:e4b,TYLENOL,"Se eu esquecer de tomar uma dose de TYLENOL, como devo proceder sem comprometer o tratamento?",medio,"Tome a dose esquecida assim que lembrar, se ainda houver necessidade, e ajuste o horário das doses seguintes, respeitando o intervalo mínimo de 4 horas entre elas. Não dobre a dose para compensar.","COMO DEVO USAR ESTE MEDICAMENTO?

O QUE DEVO FAZER QUANDO EU ME ESQUECER DE USAR ESTE
MEDICAMENTO?","De acordo com a bula do medicamento TYLENOL, consta a seguinte informação: Se você se esquecer de tomar uma dose do medicamento, faça-o assim que se lembrar, no caso de ainda haver necessidade, e então ajuste o horário das próximas tomadas. Não tome a dose dobrada para compensar a dose esquecida. Em caso de dúvidas, procure orientação do farmacêutico ou de seu médico, ou cirurgiãodentista.

---
*Esta resposta se baseia apenas nos trechos da bula recuperados e não substitui orientação médica ou farmacêutica.*","De acordo com a bula do medicamento TYLENOL, consta a seguinte informação: Se você se esquecer de tomar uma dose do medicamento, faça-o assim que se lembrar, no caso de ainda haver necessidade, e então ajuste o horário das próximas tomadas. Não tome a dose dobrada para compensar a dose esquecida. Em caso de dúvidas, procure orientação do farmacêutico ou de seu médico, ou cirurgiãodentista.",O QUE DEVO FAZER QUANDO EU ME ESQUECER DE USAR ESTE MEDICAMENTO?,,"[""7. O QUE DEVO FAZER QUANDO EU ME ESQUECER DE USAR ESTE MEDICAMENTO?** \n\nSe você se esquecer de tomar uma dose do medicamento, faça-o assim que se lembrar, no caso de ainda haver necessidade, e então ajuste o horário das próximas tomadas. Não tome a dose dobrada para compensar a dose esquecida. \n\n**Em caso de dúvidas, procure orientação do farmacêutico ou de seu médico, ou cirurgiãodentista.** \n\n## **""]",21.565,4.664
agentic_rag,ollama:gemma4:e4b,TYLENOL,Quais cuidados especiais devem ser observados em pacientes com problemas no fígado antes de usar TYLENOL e por quê?,medio,"Pacientes com hepatopatias devem consultar um médico antes de usar, pois o paracetamol em doses excessivas ou uso impróprio pode causar danos ao fígado.","O QUE DEVO SABER ANTES DE USAR ESTE MEDICAMENTO?

O QUE FAZER SE ALGUÉM USAR UMA QUANTIDADE MAIOR DO QUE A
INDICADA DESTE MEDICAMENTO?","De acordo com a bula do medicamento TYLENOL, consta a seguinte informação: Em pacientes com problemas no fígado, é necessário consultar o médico antes de usar o medicamento.

---
*Esta resposta se baseia apenas nos trechos da bula recuperados e não substitui orientação médica ou farmacêutica.*","De acordo com a bula do medicamento TYLENOL, consta a seguinte informação: Em pacientes com problemas no fígado, é necessário consultar o médico antes de usar o medicamento.","QUANDO NÃO DEVO USAR ESTE MEDICAMENTO?, O QUE DEVO SABER ANTES DE USAR ESTE MEDICAMENTO?, QUAIS OS MALES QUE ESTE MEDICAMENTO PODE ME CAUSAR?",,"[""4. O QUE DEVO SABER ANTES DE USAR ESTE MEDICAMENTO?** \n\nTYLENOL® - Paciente \n\n**==> picture [114 x 31] intentionally omitted <==**\n\nVocê não deve tomar mais do que a dose recomendada (superdose) para provocar maior alívio, pois pode causar sérios problemas de saúde. Você deve consultar seu médico se a dor ou febre continuarem ou piorarem, ou se surgirem novos sintomas, pois estes sintomas podem ser sinais de doenças graves. \n\n**Uso com álcool** : consumidores de doses abusivas de álcool devem consultar seu médico para saber se podem tomar **TYLENOL[® ]** ou qualquer outro analgésico. \n\n## **Gravidez e Amamentação** \n\n## Se você estiver grávida ou amamentando, consulte o seu médico antes de usar este medicamento. **Este medicamento não deve ser utilizado por mulheres grávidas sem orientação médica ou do cirurgião-dentista.** \n\n**Uso em pacientes com problemas no fígado** : Consulte seu médico antes de usar o medicamento. **Uso em idosos** : Até o momento não são conhecidas restrições específicas ao uso de **TYLENOL[® ]** por pacientes idosos. Não existe necessidade de ajuste de dose neste grupo etário. Muito raramente, foram relatadas reações cutâneas graves em pacientes que administraram paracetamol. Os sintomas podem incluir: vermelhidão na pele, bolhas e erupções cutâneas. Se ocorrerem reações cutâneas ou piora de problemas de pele já existentes, interrompa o uso do medicamento e procure ajuda médica imediatamente. \n\n## **Não use outro produto que contenha paracetamol.** \n\n## **O paracetamol nas doses terapêuticas não foi associado à irritação gástrica.**"", ""TYLENOL® - Paciente \n \n \n \nSAC 0800 728 6767 \nwww.tylenol.com.br \n \n \nSiga corretamente o modo de usar, não desaparecendo os sintomas procure orientação médica."", ""3. QUANDO NÃO DEVO USAR ESTE MEDICAMENTO?** \n\nVocê não deve usar **TYLENOL[® ]** se possuir alergia ao paracetamol ou a qualquer componente de sua fórmula. \n\n**Este medicamento é contraindicado para menores de 12 anos.** \n\n## **"", "" \n \nTYLENOL® - Paciente \n \n \nReação muito rara (ocorre em menos de 0,01% dos pacientes que utilizam este medicamento): \nurticária, coceira e vermelhidão no corpo, reações alérgicas a este medicamento, aumento das \ntransaminases e erupção fixa medicamentosa. \nInforme ao seu médico, cirurgião -dentista ou farmacêutico o aparecimento de reações \nindesejáveis pelo uso do medicamento. Informe também à empresa através do seu serviço \nde atendimento. \n \n9. O QUE FAZER SE ALGUÉM USAR UMA QUANTIDADE MAIOR DO QUE A \nINDICADA DESTE MEDICAMENTO? \nO uso de doses excessivas, acima das doses recomendadas (superdose) pode causar danos ao \nfígado. Em caso de  superdose, procure ajuda médica ou um centro de intoxicação \nimediatamente. O apoio médico imediato é fundamental para adultos e crianças, mesmo se os \nsinais e sintomas de intoxicação não estiverem presentes. \nOs sinais e sintomas iniciais que se seguem a uma dose potencialmente hepatotóxica de \nparacetamol são: perda de apetite, náusea, vômito, sudorese intensa, palidez e mal-estar geral. \nEm caso de uso de grande quantidade deste medicamento, procure rapidamente socorro \nmédico e leve a embalagem ou bula do medicamento, se possível. Ligue para 0800 722 6001, \nse você precisar de mais orientações. \n \nDIZERES LEGAIS \nMS - 1.5721.1214 \nFarmacêutico Responsável: Jean F. L. Festuccia – CRF - SP nº 29.625 \n \n \nRegistrado por: \nJOHNSON & JOHNSON INDUSTRIAL LTDA. \nRodovia Presidente Dutra, Km 154, \nSão José dos Campos – SP \nCNPJ 59.748.988/0001-14 \n \n \nFabricado por: \nJOHNSON & JOHNSON INDUSTRIAL LTDA \nRodovia Presidente Dutra, km 154 \nSão José dos Campos – SP \nCNPJ: 59.748.988/0001-14 \nIndustria Brasileira \n®Marca Registrada "", ""8. QUAIS OS MALES QUE ESTE MEDICAMENTO PODE ME CAUSAR?** \n\nEste medicamento pode causar algumas reações desagradáveis inesperadas. Caso você tenha uma reação alérgica, deve parar de tomar o medicamento. \n\nTYLENOL® - Paciente \n\n**==> picture [114 x 31] intentionally omitted <==**\n\nReação muito rara (ocorre em menos de 0,01% dos pacientes que utilizam este medicamento): urticária, coceira e vermelhidão no corpo, reações alérgicas a este medicamento, aumento das transaminases e erupção fixa medicamentosa. \n\n**Informe ao seu médico, cirurgião-dentista ou farmacêutico o aparecimento de reações indesejáveis pelo uso do medicamento. Informe também à empresa através do seu serviço de atendimento.** \n\n## **"", ""## **Não use outro produto que contenha paracetamol.** \n\n## **O paracetamol nas doses terapêuticas não foi associado à irritação gástrica.** \n\nSe você tem pressão alta, não use este produto por mais tempo do que o indicado no rótulo, a menos que indicado por um médico. \n\nA absorção de **TYLENOL[® ]** é mais rápida se você estiver em jejum. Os alimentos podem afetar a velocidade da absorção, mas não a quantidade absorvida do medicamento. A interferência do paracetamol na metabolização de outros medicamentos e a influência destes medicamentos na ação e na toxicidade do paracetamol, em geral, não são relevantes. \n\n**Consulte seu médico antes de utilizar este medicamento se você está tomando flucloxacilina (penicilina - um antibiótico), varfarina (anticoagulante) ou outros derivados cumarínicos.** \n\n**Informe ao seu médico ou cirurgião-dentista se você está fazendo uso de algum outro medicamento.** \n\n**"", ""QUAIS OS MALES QUE ESTE MEDICAMENTO PODE ME CAUSAR? \nEste medicamento pode causar algumas reações desagradáveis inesperadas. Caso você tenha \numa reação alérgica, deve parar de tomar o medicamento.""]",29.344,20.312
