pipeline,modelo,nome_remedio,nivel,pergunta,dificuldade,resposta_esperada,secoes_esperadas,resposta_gerada,resposta_crua,secoes_recuperadas,chunk_ids_recuperados,textos_recuperados,tempo_recuperacao_segundos,tempo_inferencia_segundos
fusion_rag,ollama:medgemma:4b,AMOXIL,dificil,"Em um paciente que usa varfarina e apresenta insuficiência renal moderada, quais cuidados a bula orienta quanto ao anticoagulante e como a posologia de Amoxil deve ser ajustada? Explique a relação entre eliminação renal e necessidade de ajuste.",dificil,"A bula orienta informar o médico sobre o uso de anticoagulantes como varfarina; o médico fará monitoramento e, se necessário, poderá ajustar a dose dos anticoagulantes. Em insuficiência renal moderada, a dose máxima para adultos e crianças acima de 40 kg é 500 mg duas vezes ao dia, de 12 em 12 horas, porque na insuficiência renal a eliminação do antibiótico é mais lenta e a dose diária total pode precisar ser reduzida.",O QUE DEVO SABER ANTES DE USAR ESTE MEDICAMENTO? / COMO DEVO USAR ESTE MEDICAMENTO?,"De acordo com a bula do medicamento AMOXIL, consta a seguinte informação:

**Cuidados com o varfarina:** O uso de Amoxil pode causar efeitos indesejáveis se você os ingerir durante o tratamento com varfarina. Não deixe de avisar seu médico caso você esteja tomando varfarina. Ele fará um monitoramento e, se necessário, poderá sugerir ajustes na dose dos anticoagulantes.

**Ajuste da posologia em insuficiência renal:** Na insuficiência renal, a eliminação do antibiótico é mais lenta. Conforme o grau dessa condição, seu médico pode indicar a redução da dose diária total de acordo com o esquema descrito a seguir.
*   Insuficiência leve: nenhuma alteração de dose;
*   Insuficiência moderada: máximo de 500 mg (uma cápsula) duas vezes ao dia (de 12 em 12 horas);
*   Insuficiência grave: máximo de 500 mg (uma cápsula) ao dia.

A relação entre eliminação renal e necessidade de ajuste é que a insuficiência renal reduz a capacidade do organismo de eliminar o medicamento, resultando em níveis plasmáticos mais elevados e potencial aumento dos efeitos colaterais ou toxicidade. Portanto, para pacientes com insuficiência renal, a dose deve ser ajustada para reduzir a quantidade de medicamento que circula no corpo, minimizando os riscos.

---
*Esta resposta se baseia apenas nos trechos da bula recuperados e não substitui orientação médica ou farmacêutica. É recomendável consultar um profissional de saúde para orientação individualizada.*","De acordo com a bula do medicamento AMOXIL, consta a seguinte informação:

**Cuidados com o varfarina:** O uso de Amoxil pode causar efeitos indesejáveis se você os ingerir durante o tratamento com varfarina. Não deixe de avisar seu médico caso você esteja tomando varfarina. Ele fará um monitoramento e, se necessário, poderá sugerir ajustes na dose dos anticoagulantes.

**Ajuste da posologia em insuficiência renal:** Na insuficiência renal, a eliminação do antibiótico é mais lenta. Conforme o grau dessa condição, seu médico pode indicar a redução da dose diária total de acordo com o esquema descrito a seguir.
*   Insuficiência leve: nenhuma alteração de dose;
*   Insuficiência moderada: máximo de 500 mg (uma cápsula) duas vezes ao dia (de 12 em 12 horas);
*   Insuficiência grave: máximo de 500 mg (uma cápsula) ao dia.

A relação entre eliminação renal e necessidade de ajuste é que a insuficiência renal reduz a capacidade do organismo de eliminar o medicamento, resultando em níveis plasmáticos mais elevados e potencial aumento dos efeitos colaterais ou toxicidade. Portanto, para pacientes com insuficiência renal, a dose deve ser ajustada para reduzir a quantidade de medicamento que circula no corpo, minimizando os riscos.","QUANDO NÃO DEVO USAR ESTE MEDICAMENTO?, COMO DEVO USAR ESTE MEDICAMENTO?","chunk_05bc48672ff1, chunk_622fb4d46c7e, chunk_d22f44452468, chunk_7d57d737a19d, chunk_9d0ab2325c26","[""## **- Tratamento de curta duração (gonorreia): dose única de 3 g.** \n\n**Erradicação de** _**Helicobacter pylori:**_ para combater o _Helicobacter_ (bactéria que ataca o estômago e o duodeno), recomenda-se o uso de Amoxil[®] no esquema de 1 g duas vezes ao dia (de 12 em 12 horas), em associação com um medicamento conhecido como inibidor da bomba de prótons (exemplo: omeprazol, lanzoprazol) e outro agente antimicrobiano (por exemplo claritromicina, metronidazol), por 7 dias. \n\n## **Pacientes com insuficiência renal (dos rins)** \n\nNa insuficiência renal, a eliminação do antibiótico é mais lenta. Conforme o grau dessa condição, seu médico pode indicar a redução da dose diária total de acordo com o esquema descrito a seguir. \n\nAdultos e crianças acima de 40 kg \n\n- insuficiência leve: nenhuma alteração de dose; \n\n- insuficiência moderada: máximo de 500 mg (uma cápsula) duas vezes ao dia (de 12 em 12 horas); \n\n- insuficiência grave: máximo de 500 mg (uma cápsula) ao dia. \n\n3 \n\n**==> picture [87 x 28] intentionally omitted <==**\n\n## Modelo de Texto de Bula – Pacientes Amoxil[®] Cápsulas \n\n## **Pacientes que recebem diálise peritoneal** \n\nUsa-se a mesma posologia indicada para pacientes com insuficiência renal grave. A diálise peritoneal (processo de limpeza das substâncias tóxicas do organismo através do peritônio, membrana que envolve o abdômen) não remove a amoxicilina do corpo. \n\n## **Pacientes que recebem hemodiálise** \n\nUsa-se a mesma posologia indicada para pacientes com insuficiência renal grave."", ""3. QUANDO NÃO DEVO USAR ESTE MEDICAMENTO?** \n\nEste medicamento não pode ser administrado nem ingerido por pessoas alérgicas à amoxicilina, a outros antibióticos penicilínicos ou antibióticos similares, chamados cefalosporinas. Se você já teve uma reação alérgica (como erupções da pele) ao tomar um antibiótico, deve conversar com seu médico antes de usar **Amoxil[®] .** \n\n## **4. O QUE DEVO SABER ANTES DE USAR ESTE MEDICAMENTO** ? \n\nAntes de iniciar o tratamento com **Amoxil**[] , informe seu médico: \n\n- se você já apresentou reação alérgica a algum antibiótico. Isso pode incluir reações na pele ou inchaço na face ou pescoço ou dores no peito. \n\n- se você apresenta febre glandular. \n\n- se você toma medicamentos usados para prevenir coágulos sanguíneos (anticoagulantes), tais como varfarina, o seu médico fará um monitoramento e, se necessário, poderá sugerir ajustes na dose dos anticoagulantes. \n\n- se você apresenta problema nos rins. \n\n- se você não estiver urinando regularmente. \n\n- se você já teve diarreia durante ou após o uso de antibióticos. \n\n1 \n\n**==> picture [87 x 28] intentionally omitted <==**\n\n## Modelo de Texto de Bula – Pacientes Amoxil[®] Cápsulas \n\nO uso prolongado também pode resultar, ocasionalmente, em supercrescimento de microrganismos resistentes a **Amoxil[®]** ."", ""1 \n\n**==> picture [87 x 28] intentionally omitted <==**\n\n## Modelo de Texto de Bula – Pacientes Amoxil[®] Cápsulas \n\nO uso prolongado também pode resultar, ocasionalmente, em supercrescimento de microrganismos resistentes a **Amoxil[®]** . \n\n**Amoxil[®]** pode piorar algumas condições existentes ou causar efeitos colaterais graves, como reações alérgicas severas, reações cutâneas severas, dor no peito, vômitos repetitivos dentro de 1 a 4 horas após a administração de **Amoxil[®]** ou diarreia grave (colite pseudomembranosa). Você deve estar atento a determinados sintomas enquanto estiver recebendo **Amoxil[®]** para ajudar a reduzir o risco de quaisquer problemas. \n\n## **Efeitos sobre a capacidade de dirigir veículos e de operar máquinas** \n\nNão se observaram efeitos adversos sobre a capacidade de dirigir veículos e de operar máquinas. \n\n## **Gravidez e amamentação** \n\n**Amoxil[®]** pode ser usado na gravidez desde que os benefícios potenciais sejam maiores que os riscos potenciais associados ao tratamento. Informe seu médico se você estiver grávida ou suspeitar que está grávida. Você não deve tomar este medicamento se estiver grávida, exceto se seu médico recomendar. \n\nVocê pode amamentar seu bebê enquanto estiver tomando **Amoxil[®]** , mas há excreção de quantidades mínimas de amoxicilina no leite materno. Se você estiver amamentando, informe ao seu médico antes de iniciar o tratamento com **Amoxil[®]** . \n\n## **Este medicamento não deve ser utilizado por mulheres grávidas sem orientação médica ou do cirurgião-dentista.**"", ""## **Este medicamento não deve ser utilizado por mulheres grávidas sem orientação médica ou do cirurgião-dentista.** \n\n**Uso compatível com o aleitamento ou doação de leite humano. O uso desse medicamento não interfere no aleitamento do bebê.** \n\n## **Uso em idosos, crianças e outros grupos de risco** \n\nAs recomendações especiais se referem às doses . \n\n## **Interações Medicamentosas** \n\nAlguns medicamentos podem causar efeitos indesejáveis se você os ingerir durante o tratamento com **Amoxil[®]** . Não deixe de avisar seu médico caso você esteja tomando: \n\n- medicamentos usados no tratamento de gota (probenecida ou alopurinol); \n\n- outros antibióticos; \n\n- pílulas anticoncepcionais (como acontece com outros antibióticos, talvez sejam necessárias precauções adicionais para evitar a gravidez); \n\n- anticoagulantes; \n\n- metotrexato (usado para tratar doenças como câncer e psoríase grave). A alimentação não interfere na ação de **Amoxil[®]** , que pode ser ingerido nas refeições. \n\n**Informe ao seu médico ou cirurgião-dentista se você está fazendo uso de algum outro medicamento. Não use medicamento sem o conhecimento do seu médico. Pode ser perigoso para a sua saúde.** \n\n**Atenção: Contém os corantes vermelho de eritrosina, azul de indigotina, dióxido de titânio e óxido de ferro amarelo que podem, eventualmente, causar reações alérgicas.**"", ""6. COMO DEVO USAR ESTE MEDICAMENTO?** \n\n## **Modo de usar** \n\nSiga as orientações de seu médico sobre a maneira e a hora correta de tomar o medicamento. Ele vai decidir a quantidade diária que você precisa e o tempo durante o qual você deve usar este medicamento. Leia esta bula com cautela. Se você tiver alguma dúvida, fale com seu médico. \n\nRecomenda-se ingerir o medicamento nas refeições, embora ele continue eficaz mesmo que você o tome em outros horários. \n\nContinue tomando este medicamento até o fim do tratamento prescrito pelo médico. Não pare somente porque se sente melhor. \n\n**As cápsulas devem ser ingeridas inteiras com água. Não as mastigue.** \n\n## **Posologia** \n\nAtenção! Para algumas doses indicadas abaixo (doses inferiores a 500 mg) é necessário o uso da suspensão oral, converse com seu médico ou farmacêutico em caso de dúvida. \n\n## **Dose para adultos e crianças acima de 40 kg** \n\n- Dose padrão: 500 mg (uma cápsula) três vezes ao dia (de 8 em 8 horas) nas infecções mais graves. \n\n- Tratamento com dosagem alta (máximo recomendável de 6 g ao dia em doses divididas): recomenda-se uma dose de 3 g (seis cápsulas) duas vezes ao dia (de 12 em 12 horas) em casos que requerem tratamento de infecção respiratória purulenta (com a presença de pus) grave ou recorrente. \n\n## **- Tratamento de curta duração (gonorreia): dose única de 3 g.**""]",11.401,10.606
fusion_rag,ollama:medgemma:4b,AMOXIL,dificil,"Em pacientes com insuficiência renal grave submetidos a diálise peritoneal ou hemodiálise, como a bula diferencia o manejo posológico de Amoxil e qual é a justificativa relacionada à remoção da amoxicilina?",dificil,"Para diálise peritoneal, usa-se a mesma posologia indicada para insuficiência renal grave, e a bula informa que a diálise peritoneal não remove a amoxicilina do corpo. Para hemodiálise, também se usa a posologia de insuficiência renal grave, mas a amoxicilina é removida do sangue por hemodiálise; por isso, uma dose adicional de 500 mg para adultos e crianças acima de 40 kg, ou 15 mg/kg para crianças abaixo de 40 kg, pode ser administrada durante e ao final de cada diálise.",COMO DEVO USAR ESTE MEDICAMENTO?,"De acordo com a bula do medicamento AMOXIL, consta a seguinte informação:
Em pacientes com insuficiência renal grave submetidos a diálise peritoneal ou hemodiálise, a bula indica que a dose de Amoxil deve ser a mesma utilizada para pacientes com insuficiência renal grave. A justificativa para essa recomendação é que a amoxicilina é removida do sangue por hemodiálise (processo que substitui os rins na filtragem sanguínea). Portanto, uma dose adicional pode ser administrada durante e no final de cada diálise.

---
*Esta resposta se baseia apenas nos trechos da bula recuperados e não substitui orientação médica ou farmacêutica. É recomendável consultar um profissional de saúde para orientação individualizada.*","De acordo com a bula do medicamento AMOXIL, consta a seguinte informação:
Em pacientes com insuficiência renal grave submetidos a diálise peritoneal ou hemodiálise, a bula indica que a dose de Amoxil deve ser a mesma utilizada para pacientes com insuficiência renal grave. A justificativa para essa recomendação é que a amoxicilina é removida do sangue por hemodiálise (processo que substitui os rins na filtragem sanguínea). Portanto, uma dose adicional pode ser administrada durante e no final de cada diálise.","PARA QUE ESTE MEDICAMENTO É INDICADO?, QUANDO NÃO DEVO USAR ESTE MEDICAMENTO?, COMO DEVO USAR ESTE MEDICAMENTO?","chunk_05bc48672ff1, chunk_09405370d2ab, chunk_d22f44452468, chunk_622fb4d46c7e, chunk_2273c1b76ec0","[""## **- Tratamento de curta duração (gonorreia): dose única de 3 g.** \n\n**Erradicação de** _**Helicobacter pylori:**_ para combater o _Helicobacter_ (bactéria que ataca o estômago e o duodeno), recomenda-se o uso de Amoxil[®] no esquema de 1 g duas vezes ao dia (de 12 em 12 horas), em associação com um medicamento conhecido como inibidor da bomba de prótons (exemplo: omeprazol, lanzoprazol) e outro agente antimicrobiano (por exemplo claritromicina, metronidazol), por 7 dias. \n\n## **Pacientes com insuficiência renal (dos rins)** \n\nNa insuficiência renal, a eliminação do antibiótico é mais lenta. Conforme o grau dessa condição, seu médico pode indicar a redução da dose diária total de acordo com o esquema descrito a seguir. \n\nAdultos e crianças acima de 40 kg \n\n- insuficiência leve: nenhuma alteração de dose; \n\n- insuficiência moderada: máximo de 500 mg (uma cápsula) duas vezes ao dia (de 12 em 12 horas); \n\n- insuficiência grave: máximo de 500 mg (uma cápsula) ao dia. \n\n3 \n\n**==> picture [87 x 28] intentionally omitted <==**\n\n## Modelo de Texto de Bula – Pacientes Amoxil[®] Cápsulas \n\n## **Pacientes que recebem diálise peritoneal** \n\nUsa-se a mesma posologia indicada para pacientes com insuficiência renal grave. A diálise peritoneal (processo de limpeza das substâncias tóxicas do organismo através do peritônio, membrana que envolve o abdômen) não remove a amoxicilina do corpo. \n\n## **Pacientes que recebem hemodiálise** \n\nUsa-se a mesma posologia indicada para pacientes com insuficiência renal grave."", ""## **Pacientes que recebem hemodiálise** \n\nUsa-se a mesma posologia indicada para pacientes com insuficiência renal grave. \n\nA amoxicilina é removida do sangue por hemodiálise (processo que substitui os rins na filtragem sanguínea). Portanto, uma dose adicional (500 mg para adultos e crianças acima de 40kg ou 15 mg/kg para crianças abaixo de 40 kg) pode ser administrada durante e no final de cada diálise. \n\nSeu médico poderá indicar tratamento por via parenteral (feito com aplicação de injeções intravenosas, intramusculares ou subcutâneas) nos casos em que a via oral for considerada inadequada (particularmente nos tratamentos urgentes de infecções graves). \n\nConforme o grau de insuficiência renal, talvez seu médico ache necessário reduzir a dose diária total. \n\n**Siga a orientação de seu médico, respeitando sempre os horários, as doses e a duração do tratamento. Não interrompa o tratamento sem o conhecimento de seu médico. Este medicamento não deve ser partido ou mastigado.** \n\n## **"", ""1 \n\n**==> picture [87 x 28] intentionally omitted <==**\n\n## Modelo de Texto de Bula – Pacientes Amoxil[®] Cápsulas \n\nO uso prolongado também pode resultar, ocasionalmente, em supercrescimento de microrganismos resistentes a **Amoxil[®]** . \n\n**Amoxil[®]** pode piorar algumas condições existentes ou causar efeitos colaterais graves, como reações alérgicas severas, reações cutâneas severas, dor no peito, vômitos repetitivos dentro de 1 a 4 horas após a administração de **Amoxil[®]** ou diarreia grave (colite pseudomembranosa). Você deve estar atento a determinados sintomas enquanto estiver recebendo **Amoxil[®]** para ajudar a reduzir o risco de quaisquer problemas. \n\n## **Efeitos sobre a capacidade de dirigir veículos e de operar máquinas** \n\nNão se observaram efeitos adversos sobre a capacidade de dirigir veículos e de operar máquinas. \n\n## **Gravidez e amamentação** \n\n**Amoxil[®]** pode ser usado na gravidez desde que os benefícios potenciais sejam maiores que os riscos potenciais associados ao tratamento. Informe seu médico se você estiver grávida ou suspeitar que está grávida. Você não deve tomar este medicamento se estiver grávida, exceto se seu médico recomendar. \n\nVocê pode amamentar seu bebê enquanto estiver tomando **Amoxil[®]** , mas há excreção de quantidades mínimas de amoxicilina no leite materno. Se você estiver amamentando, informe ao seu médico antes de iniciar o tratamento com **Amoxil[®]** . \n\n## **Este medicamento não deve ser utilizado por mulheres grávidas sem orientação médica ou do cirurgião-dentista.**"", ""3. QUANDO NÃO DEVO USAR ESTE MEDICAMENTO?** \n\nEste medicamento não pode ser administrado nem ingerido por pessoas alérgicas à amoxicilina, a outros antibióticos penicilínicos ou antibióticos similares, chamados cefalosporinas. Se você já teve uma reação alérgica (como erupções da pele) ao tomar um antibiótico, deve conversar com seu médico antes de usar **Amoxil[®] .** \n\n## **4. O QUE DEVO SABER ANTES DE USAR ESTE MEDICAMENTO** ? \n\nAntes de iniciar o tratamento com **Amoxil**[] , informe seu médico: \n\n- se você já apresentou reação alérgica a algum antibiótico. Isso pode incluir reações na pele ou inchaço na face ou pescoço ou dores no peito. \n\n- se você apresenta febre glandular. \n\n- se você toma medicamentos usados para prevenir coágulos sanguíneos (anticoagulantes), tais como varfarina, o seu médico fará um monitoramento e, se necessário, poderá sugerir ajustes na dose dos anticoagulantes. \n\n- se você apresenta problema nos rins. \n\n- se você não estiver urinando regularmente. \n\n- se você já teve diarreia durante ou após o uso de antibióticos. \n\n1 \n\n**==> picture [87 x 28] intentionally omitted <==**\n\n## Modelo de Texto de Bula – Pacientes Amoxil[®] Cápsulas \n\nO uso prolongado também pode resultar, ocasionalmente, em supercrescimento de microrganismos resistentes a **Amoxil[®]** ."", ""1. PARA QUE ESTE MEDICAMENTO É INDICADO?** \n\n**Amoxil[®]** , antibiótico eficaz contra grande variedade de bactérias, é indicado para tratamento de infecções bacterianas causadas por germes sensíveis à ação da amoxicilina. Entretanto, seu médico pode receitar este medicamento para outro uso. Se desejar mais informações, pergunte ao seu médico. \n\n## **""]",9.774,4.602
fusion_rag,ollama:medgemma:4b,AMOXIL,dificil,"Ao escolher entre cápsulas e suspensão oral de Amoxil para um paciente com fenilcetonúria e histórico de reações alérgicas, quais componentes da formulação exigem cautela e como esses alertas diferem entre as apresentações?",dificil,"Na suspensão oral, a bula informa que há aspartamo, fonte de fenilalanina, devendo ser usado com cautela em pacientes com fenilcetonúria; também informa que contém benzoato de sódio, que pode causar reações alérgicas, como asma, especialmente em pessoas alérgicas ao ácido acetilsalicílico. Nas cápsulas, a bula alerta para corantes como vermelho de eritrosina, azul de indigotina, dióxido de titânio e óxido de ferro amarelo, que podem eventualmente causar reações alérgicas. Assim, a avaliação depende da apresentação e do tipo de risco do paciente.",IDENTIFICAÇÃO DO MEDICAMENTO / COMPOSIÇÃO / O QUE DEVO SABER ANTES DE USAR ESTE MEDICAMENTO?,"De acordo com a bula do medicamento AMOXIL, consta a seguinte informação: ""Este medicamento não deve ser utilizado por mulheres grávidas sem orientação médica ou do cirurgião-dentista. Uso compatível com o aleitamento ou doação de leite humano. O uso desse medicamento não interfere no aleitamento do bebê. Este medicamento não deve ser utilizado por mulheres grávidas sem orientação médica ou do cirurgião-dentista.""

---
*Esta resposta se baseia apenas nos trechos da bula recuperados e não substitui orientação médica ou farmacêutica.*","De acordo com a bula do medicamento AMOXIL, consta a seguinte informação: ""Este medicamento não deve ser utilizado por mulheres grávidas sem orientação médica ou do cirurgião-dentista. Uso compatível com o aleitamento ou doação de leite humano. O uso desse medicamento não interfere no aleitamento do bebê. Este medicamento não deve ser utilizado por mulheres grávidas sem orientação médica ou do cirurgião-dentista.""","QUANDO NÃO DEVO USAR ESTE MEDICAMENTO?, QUAIS OS MALES QUE ESTE MEDICAMENTO PODE ME CAUSAR?, COMO DEVO USAR ESTE MEDICAMENTO?","chunk_05bc48672ff1, chunk_1ddf28119f88, chunk_7d57d737a19d, chunk_d22f44452468, chunk_622fb4d46c7e","[""## **- Tratamento de curta duração (gonorreia): dose única de 3 g.** \n\n**Erradicação de** _**Helicobacter pylori:**_ para combater o _Helicobacter_ (bactéria que ataca o estômago e o duodeno), recomenda-se o uso de Amoxil[®] no esquema de 1 g duas vezes ao dia (de 12 em 12 horas), em associação com um medicamento conhecido como inibidor da bomba de prótons (exemplo: omeprazol, lanzoprazol) e outro agente antimicrobiano (por exemplo claritromicina, metronidazol), por 7 dias. \n\n## **Pacientes com insuficiência renal (dos rins)** \n\nNa insuficiência renal, a eliminação do antibiótico é mais lenta. Conforme o grau dessa condição, seu médico pode indicar a redução da dose diária total de acordo com o esquema descrito a seguir. \n\nAdultos e crianças acima de 40 kg \n\n- insuficiência leve: nenhuma alteração de dose; \n\n- insuficiência moderada: máximo de 500 mg (uma cápsula) duas vezes ao dia (de 12 em 12 horas); \n\n- insuficiência grave: máximo de 500 mg (uma cápsula) ao dia. \n\n3 \n\n**==> picture [87 x 28] intentionally omitted <==**\n\n## Modelo de Texto de Bula – Pacientes Amoxil[®] Cápsulas \n\n## **Pacientes que recebem diálise peritoneal** \n\nUsa-se a mesma posologia indicada para pacientes com insuficiência renal grave. A diálise peritoneal (processo de limpeza das substâncias tóxicas do organismo através do peritônio, membrana que envolve o abdômen) não remove a amoxicilina do corpo. \n\n## **Pacientes que recebem hemodiálise** \n\nUsa-se a mesma posologia indicada para pacientes com insuficiência renal grave."", ""- Destruição de glóbulos vermelhos e consequentemente anemia (anemia hemolítica), que pode resultar em cansaço, dores de cabeça e falta de ar causada pela prática de exercícios físicos, vertigem, palidez e amarelamento da pele e/ou dos olhos; \n\n- Sinais repentinos de alergia, como erupções da pele, prurido (coceira) ou urticária, inchaço da face, dos lábios, da língua ou de outras partes do corpo, falta de ar, respiração ofegante ou problemas para respirar; se esses sintomas ocorrerem, pare de usar **Amoxil[®]** e procure socorro médico o mais rápido possível; \n\n4 \n\n**==> picture [87 x 28] intentionally omitted <==**\n\n## Modelo de Texto de Bula – Pacientes Amoxil[®] Cápsulas \n\n- Dor no peito, que pode ser um sinal de uma reação alérgica potencialmente grave chamada síndrome de Kounis; \n\n- Vômitos repetitivos (1 a 4 horas após a administração de **Amoxil[®]** ), dores no estômago, sonolência anormal, diarreia e pressão baixa, que podem ser um sinal de uma reação alérgica grave denominada síndrome de enterocolite induzida por medicamentos; \n\n- Convulsões (ataques) podem ocorrer em pacientes com função renal prejudicada ou que estejam recebendo doses altas do medicamento; \n\n- Hipercinesia (presença de movimentos exacerbados e incontrolados), tontura; \n\n- Candidíase mucocutânea, infecção micótica (causada por fungos) que normalmente afeta as partes íntimas ou a boca; na área genital, pode provocar coceira e queimação (com a presença de uma fina camada de secreção branca), e na boca ou na língua podem surgir pintas brancas dolorosas;"", ""## **Este medicamento não deve ser utilizado por mulheres grávidas sem orientação médica ou do cirurgião-dentista.** \n\n**Uso compatível com o aleitamento ou doação de leite humano. O uso desse medicamento não interfere no aleitamento do bebê.** \n\n## **Uso em idosos, crianças e outros grupos de risco** \n\nAs recomendações especiais se referem às doses . \n\n## **Interações Medicamentosas** \n\nAlguns medicamentos podem causar efeitos indesejáveis se você os ingerir durante o tratamento com **Amoxil[®]** . Não deixe de avisar seu médico caso você esteja tomando: \n\n- medicamentos usados no tratamento de gota (probenecida ou alopurinol); \n\n- outros antibióticos; \n\n- pílulas anticoncepcionais (como acontece com outros antibióticos, talvez sejam necessárias precauções adicionais para evitar a gravidez); \n\n- anticoagulantes; \n\n- metotrexato (usado para tratar doenças como câncer e psoríase grave). A alimentação não interfere na ação de **Amoxil[®]** , que pode ser ingerido nas refeições. \n\n**Informe ao seu médico ou cirurgião-dentista se você está fazendo uso de algum outro medicamento. Não use medicamento sem o conhecimento do seu médico. Pode ser perigoso para a sua saúde.** \n\n**Atenção: Contém os corantes vermelho de eritrosina, azul de indigotina, dióxido de titânio e óxido de ferro amarelo que podem, eventualmente, causar reações alérgicas.**"", ""1 \n\n**==> picture [87 x 28] intentionally omitted <==**\n\n## Modelo de Texto de Bula – Pacientes Amoxil[®] Cápsulas \n\nO uso prolongado também pode resultar, ocasionalmente, em supercrescimento de microrganismos resistentes a **Amoxil[®]** . \n\n**Amoxil[®]** pode piorar algumas condições existentes ou causar efeitos colaterais graves, como reações alérgicas severas, reações cutâneas severas, dor no peito, vômitos repetitivos dentro de 1 a 4 horas após a administração de **Amoxil[®]** ou diarreia grave (colite pseudomembranosa). Você deve estar atento a determinados sintomas enquanto estiver recebendo **Amoxil[®]** para ajudar a reduzir o risco de quaisquer problemas. \n\n## **Efeitos sobre a capacidade de dirigir veículos e de operar máquinas** \n\nNão se observaram efeitos adversos sobre a capacidade de dirigir veículos e de operar máquinas. \n\n## **Gravidez e amamentação** \n\n**Amoxil[®]** pode ser usado na gravidez desde que os benefícios potenciais sejam maiores que os riscos potenciais associados ao tratamento. Informe seu médico se você estiver grávida ou suspeitar que está grávida. Você não deve tomar este medicamento se estiver grávida, exceto se seu médico recomendar. \n\nVocê pode amamentar seu bebê enquanto estiver tomando **Amoxil[®]** , mas há excreção de quantidades mínimas de amoxicilina no leite materno. Se você estiver amamentando, informe ao seu médico antes de iniciar o tratamento com **Amoxil[®]** . \n\n## **Este medicamento não deve ser utilizado por mulheres grávidas sem orientação médica ou do cirurgião-dentista.**"", ""3. QUANDO NÃO DEVO USAR ESTE MEDICAMENTO?** \n\nEste medicamento não pode ser administrado nem ingerido por pessoas alérgicas à amoxicilina, a outros antibióticos penicilínicos ou antibióticos similares, chamados cefalosporinas. Se você já teve uma reação alérgica (como erupções da pele) ao tomar um antibiótico, deve conversar com seu médico antes de usar **Amoxil[®] .** \n\n## **4. O QUE DEVO SABER ANTES DE USAR ESTE MEDICAMENTO** ? \n\nAntes de iniciar o tratamento com **Amoxil**[] , informe seu médico: \n\n- se você já apresentou reação alérgica a algum antibiótico. Isso pode incluir reações na pele ou inchaço na face ou pescoço ou dores no peito. \n\n- se você apresenta febre glandular. \n\n- se você toma medicamentos usados para prevenir coágulos sanguíneos (anticoagulantes), tais como varfarina, o seu médico fará um monitoramento e, se necessário, poderá sugerir ajustes na dose dos anticoagulantes. \n\n- se você apresenta problema nos rins. \n\n- se você não estiver urinando regularmente. \n\n- se você já teve diarreia durante ou após o uso de antibióticos. \n\n1 \n\n**==> picture [87 x 28] intentionally omitted <==**\n\n## Modelo de Texto de Bula – Pacientes Amoxil[®] Cápsulas \n\nO uso prolongado também pode resultar, ocasionalmente, em supercrescimento de microrganismos resistentes a **Amoxil[®]** .""]",13.756,5.0
fusion_rag,ollama:medgemma:4b,AMOXIL,dificil,"Durante o uso de Amoxil, um paciente apresenta diarreia grave com sangue e cólicas abdominais, além de erupção cutânea com bolhas. Que eventos graves descritos na bula devem ser considerados e qual conduta a bula orienta diante de sinais alérgicos importantes?",dificil,"A diarreia grave, possivelmente com sangue e acompanhada de cólicas, é compatível com colite associada a antibióticos descrita na bula. A erupção cutânea com bolhas pode corresponder a reações cutâneas graves, como eritema multiforme, necrólise epidérmica tóxica, síndrome de Stevens-Johnson, dermatite esfoliativa bolhosa, exantema pustuloso, doença IgA linear, DRESS ou SDRIFE. A bula alerta que Amoxil pode causar reações alérgicas severas e reações cutâneas severas; diante de sinais repentinos de alergia, como erupção, coceira, urticária, inchaço da face/lábios/língua, falta de ar ou problemas para respirar, o paciente deve parar de usar Amoxil e procurar socorro médico o mais rápido possível.",O QUE DEVO SABER ANTES DE USAR ESTE MEDICAMENTO? / QUAIS OS MALES QUE ESTE MEDICAMENTO PODE ME CAUSAR?,"De acordo com a bula do medicamento AMOXIL, consta a seguinte informação:

- Vômitos repetitivos (1 a 4 horas após a administração de **Amoxil[®]** ), dores no estômago, sonolência anormal, diarreia e pressão baixa, que podem ser um sinal de uma reação alérgica grave denominada síndrome de enterocolite induzida por medicamentos;
- Sinais repentinos de alergia, como erupções da pele, prurido (coceira) ou urticária, inchaço da face, dos lábios, da língua ou de outras partes do corpo, falta de ar, respiração ofegante ou problemas para respirar; se esses sintomas ocorrerem, pare de usar **Amoxil[®]** e procure socorro médico o mais rápido possível;
- Dor no peito, que pode ser um sinal de uma reação alérgica potencialmente grave chamada síndrome de Kounis;
- Convulsões (ataques) podem ocorrer em pacientes com função renal prejudicada ou que estejam recebendo doses altas do medicamento;
- Hipercinesia (presença de movimentos exacerbados e incontrolados), tontura;
- Candidíase mucocutânea, infecção micótica (causada por fungos) que normalmente afeta as partes íntimas ou a boca; na área genital, pode provocar coceira e queimação (com a presença de uma fina camada de secreção branca), e na boca ou na língua podem surgir pintas brancas dolorosas.

Diante dos sinais alérgicos importantes descritos na bula, como erupções cutâneas com bolhas, diarreia grave com sangue e cólicas abdominais, o paciente deve interromper imediatamente o uso de Amoxil e procurar socorro médico urgente.

---
*Esta resposta se baseia apenas nos trechos da bula recuperados e não substitui orientação médica ou farmacêutica.*","De acordo com a bula do medicamento AMOXIL, consta a seguinte informação:

- Vômitos repetitivos (1 a 4 horas após a administração de **Amoxil[®]** ), dores no estômago, sonolência anormal, diarreia e pressão baixa, que podem ser um sinal de uma reação alérgica grave denominada síndrome de enterocolite induzida por medicamentos;
- Sinais repentinos de alergia, como erupções da pele, prurido (coceira) ou urticária, inchaço da face, dos lábios, da língua ou de outras partes do corpo, falta de ar, respiração ofegante ou problemas para respirar; se esses sintomas ocorrerem, pare de usar **Amoxil[®]** e procure socorro médico o mais rápido possível;
- Dor no peito, que pode ser um sinal de uma reação alérgica potencialmente grave chamada síndrome de Kounis;
- Convulsões (ataques) podem ocorrer em pacientes com função renal prejudicada ou que estejam recebendo doses altas do medicamento;
- Hipercinesia (presença de movimentos exacerbados e incontrolados), tontura;
- Candidíase mucocutânea, infecção micótica (causada por fungos) que normalmente afeta as partes íntimas ou a boca; na área genital, pode provocar coceira e queimação (com a presença de uma fina camada de secreção branca), e na boca ou na língua podem surgir pintas brancas dolorosas.

Diante dos sinais alérgicos importantes descritos na bula, como erupções cutâneas com bolhas, diarreia grave com sangue e cólicas abdominais, o paciente deve interromper imediatamente o uso de Amoxil e procurar socorro médico urgente.","QUANDO NÃO DEVO USAR ESTE MEDICAMENTO?, QUAIS OS MALES QUE ESTE MEDICAMENTO PODE ME CAUSAR?","chunk_1ddf28119f88, chunk_d22f44452468, chunk_622fb4d46c7e, chunk_cb37aafa6f60, chunk_2273c1b76ec0","[""- Destruição de glóbulos vermelhos e consequentemente anemia (anemia hemolítica), que pode resultar em cansaço, dores de cabeça e falta de ar causada pela prática de exercícios físicos, vertigem, palidez e amarelamento da pele e/ou dos olhos; \n\n- Sinais repentinos de alergia, como erupções da pele, prurido (coceira) ou urticária, inchaço da face, dos lábios, da língua ou de outras partes do corpo, falta de ar, respiração ofegante ou problemas para respirar; se esses sintomas ocorrerem, pare de usar **Amoxil[®]** e procure socorro médico o mais rápido possível; \n\n4 \n\n**==> picture [87 x 28] intentionally omitted <==**\n\n## Modelo de Texto de Bula – Pacientes Amoxil[®] Cápsulas \n\n- Dor no peito, que pode ser um sinal de uma reação alérgica potencialmente grave chamada síndrome de Kounis; \n\n- Vômitos repetitivos (1 a 4 horas após a administração de **Amoxil[®]** ), dores no estômago, sonolência anormal, diarreia e pressão baixa, que podem ser um sinal de uma reação alérgica grave denominada síndrome de enterocolite induzida por medicamentos; \n\n- Convulsões (ataques) podem ocorrer em pacientes com função renal prejudicada ou que estejam recebendo doses altas do medicamento; \n\n- Hipercinesia (presença de movimentos exacerbados e incontrolados), tontura; \n\n- Candidíase mucocutânea, infecção micótica (causada por fungos) que normalmente afeta as partes íntimas ou a boca; na área genital, pode provocar coceira e queimação (com a presença de uma fina camada de secreção branca), e na boca ou na língua podem surgir pintas brancas dolorosas;"", ""1 \n\n**==> picture [87 x 28] intentionally omitted <==**\n\n## Modelo de Texto de Bula – Pacientes Amoxil[®] Cápsulas \n\nO uso prolongado também pode resultar, ocasionalmente, em supercrescimento de microrganismos resistentes a **Amoxil[®]** . \n\n**Amoxil[®]** pode piorar algumas condições existentes ou causar efeitos colaterais graves, como reações alérgicas severas, reações cutâneas severas, dor no peito, vômitos repetitivos dentro de 1 a 4 horas após a administração de **Amoxil[®]** ou diarreia grave (colite pseudomembranosa). Você deve estar atento a determinados sintomas enquanto estiver recebendo **Amoxil[®]** para ajudar a reduzir o risco de quaisquer problemas. \n\n## **Efeitos sobre a capacidade de dirigir veículos e de operar máquinas** \n\nNão se observaram efeitos adversos sobre a capacidade de dirigir veículos e de operar máquinas. \n\n## **Gravidez e amamentação** \n\n**Amoxil[®]** pode ser usado na gravidez desde que os benefícios potenciais sejam maiores que os riscos potenciais associados ao tratamento. Informe seu médico se você estiver grávida ou suspeitar que está grávida. Você não deve tomar este medicamento se estiver grávida, exceto se seu médico recomendar. \n\nVocê pode amamentar seu bebê enquanto estiver tomando **Amoxil[®]** , mas há excreção de quantidades mínimas de amoxicilina no leite materno. Se você estiver amamentando, informe ao seu médico antes de iniciar o tratamento com **Amoxil[®]** . \n\n## **Este medicamento não deve ser utilizado por mulheres grávidas sem orientação médica ou do cirurgião-dentista.**"", ""3. QUANDO NÃO DEVO USAR ESTE MEDICAMENTO?** \n\nEste medicamento não pode ser administrado nem ingerido por pessoas alérgicas à amoxicilina, a outros antibióticos penicilínicos ou antibióticos similares, chamados cefalosporinas. Se você já teve uma reação alérgica (como erupções da pele) ao tomar um antibiótico, deve conversar com seu médico antes de usar **Amoxil[®] .** \n\n## **4. O QUE DEVO SABER ANTES DE USAR ESTE MEDICAMENTO** ? \n\nAntes de iniciar o tratamento com **Amoxil**[] , informe seu médico: \n\n- se você já apresentou reação alérgica a algum antibiótico. Isso pode incluir reações na pele ou inchaço na face ou pescoço ou dores no peito. \n\n- se você apresenta febre glandular. \n\n- se você toma medicamentos usados para prevenir coágulos sanguíneos (anticoagulantes), tais como varfarina, o seu médico fará um monitoramento e, se necessário, poderá sugerir ajustes na dose dos anticoagulantes. \n\n- se você apresenta problema nos rins. \n\n- se você não estiver urinando regularmente. \n\n- se você já teve diarreia durante ou após o uso de antibióticos. \n\n1 \n\n**==> picture [87 x 28] intentionally omitted <==**\n\n## Modelo de Texto de Bula – Pacientes Amoxil[®] Cápsulas \n\nO uso prolongado também pode resultar, ocasionalmente, em supercrescimento de microrganismos resistentes a **Amoxil[®]** ."", ""**Informe ao seu médico, cirurgião-dentista ou farmacêutico o aparecimento de reações indesejáveis pelo uso do medicamento. Informe também à empresa através do seu serviço de atendimento.** \n\n## **9. O QUE FAZER SE ALGUÉM USAR UMA QUANTIDADE MAIOR QUE A INDICADA DESTE MEDICAMENTO?** \n\nÉ pouco provável que ocorram problemas graves em caso de superdosagem de amoxicilina. As reações mais comuns são enjoo, vômito e diarreia. Procure seu médico para que os sintomas sejam tratados. \n\n**Em caso de uso de grande quantidade deste medicamento, procure rapidamente socorro médico e leve a embalagem ou bula do medicamento se possível. Ligue para 0800 722 6001, se você precisar de mais orientações.** \n\n## **III) DIZERES LEGAIS** \n\nRegistro: 1.0107.0003 \n\nProduzido por: Glaxo Wellcome Production Zone Industrielle de la Peyennière, 53100, Mayenne – França. \n\n5 \n\n**==> picture [87 x 28] intentionally omitted <==**\n\n## Modelo de Texto de Bula – Pacientes Amoxil[®] Cápsulas \n\nImportado e Registrado por: **GlaxoSmithKline Brasil Ltda.** Estrada dos Bandeirantes, 8464 - Rio de Janeiro - RJ CNPJ: 33.247.743/0001-10 \n\n## **VENDA SOB PRESCRIÇÃO COM RETENÇÃO DA RECEITA** \n\nL1991_amoxil_cap_gel_dura_GDS35_IPI16 \n\n**==> picture [43 x 43] intentionally omitted <==**\n\n**==> picture [50 x 41] intentionally omitted <==**\n\n6 \n\n## **"", ""8. QUAIS OS MALES QUE ESTE MEDICAMENTO PODE ME CAUSAR?** \n\nAvise seu médico o mais cedo possível se você não se sentir bem durante o tratamento com **Amoxil[®]** . Assim como todo medicamento, **Amoxil[®]** pode provocar reações adversas, porém isso não ocorre com todas as pessoas. Os efeitos colaterais deste medicamento geralmente são leves. \n\n## **Reações comuns (ocorrem entre 1% e 10% dos pacientes que utilizam este medicamento):** \n\n- Diarreia (várias evacuações amolecidas por dia) e enjoo; quando isso acontece, os sintomas normalmente são leves e com frequência podem ser evitados tomando-se o medicamento no início das refeições. Se continuarem ou se tornarem graves, consulte o médico. \n\n- Erupções da pele. \n\n## **Reações incomuns (ocorrem entre 0,1% e 1% dos pacientes que utilizam este medicamento):** \n\n- Vômito, urticária e coceira. \n\n## **Reações muito raras (ocorrem em menos de 0,01% dos pacientes que utilizam este medicamento):** \n\n- Diminuição de glóbulos brancos (leucopenia reversível), que pode resultar em infecções frequentes, como febre, calafrios, inflamação da garganta ou úlceras na boca; \n\n- Baixa contagem de plaquetas (trombocitopenia reversível), que pode resultar em sangramento ou hematomas (manchas roxas) que surgem com mais facilidade que o normal; \n\n- Destruição de glóbulos vermelhos e consequentemente anemia (anemia hemolítica), que pode resultar em cansaço, dores de cabeça e falta de ar causada pela prática de exercícios físicos, vertigem, palidez e amarelamento da pele e/ou dos olhos;""]",11.757,12.485
fusion_rag,ollama:medgemma:4b,AMOXIL,dificil,"Compare os esquemas de Amoxil para infecção grave em adultos, infecção respiratória purulenta grave ou recorrente, gonorreia e erradicação de Helicobacter pylori, destacando quando a bula exige associação com outros medicamentos.",dificil,"Para adultos e crianças acima de 40 kg, a dose padrão em infecções mais graves é 500 mg três vezes ao dia, de 8 em 8 horas. Para infecção respiratória purulenta grave ou recorrente, a bula recomenda dose alta de 3 g duas vezes ao dia, de 12 em 12 horas, respeitando o máximo recomendável de 6 g ao dia em doses divididas. Para gonorreia, a bula descreve dose única de 3 g. Para erradicação de Helicobacter pylori, Amoxil deve ser usado em associação com um inibidor da bomba de prótons, como omeprazol ou lanzoprazol, e outro antimicrobiano, como claritromicina ou metronidazol, por 7 dias.",COMO DEVO USAR ESTE MEDICAMENTO?,"De acordo com a bula do medicamento AMOXIL, consta a seguinte informação:

*   **Infecção grave em adultos:** A dose é de 1 g duas vezes ao dia (de 12 em 12 horas) por 7 dias. É necessário associar o Amoxil[®] a um inibidor da bomba de prótons (exemplo: omeprazol, lanzoprazol) e outro agente antimicrobiano (por exemplo claritromicina, metronidazol).
*   **Infecção respiratória purulenta grave ou recorrente em adultos:** A dose é de 1 g duas vezes ao dia (de 12 em 12 horas) por 7 dias. É necessário associar o Amoxil[®] a um inibidor da bomba de prótons (exemplo: omeprazol, lanzoprazol) e outro agente antimicrobiano (por exemplo claritromicina, metronidazol).
*   **Gonorreia:** A dose é de 3 g em uma única tomada. É necessário associar o Amoxil[®] a um inibidor da bomba de prótons (exemplo: omeprazol, lanzoprazol) e outro agente antimicrobiano (por exemplo claritromicina, metronidazol).
*   **Erradicação de Helicobacter pylori:** A dose é de 1 g duas vezes ao dia (de 12 em 12 horas), em associação com um inibidor da bomba de prótons (exemplo: omeprazol, lanzoprazol) e outro agente antimicrobiano (por exemplo claritromicina, metronidazol), por 7 dias.

Em todos os casos, a bula exige a associação do Amoxil[®] com outros medicamentos para aumentar a eficácia do tratamento.

---
*Esta resposta se baseia apenas nos trechos da bula recuperados e não substitui orientação médica ou farmacêutica.*","De acordo com a bula do medicamento AMOXIL, consta a seguinte informação:

*   **Infecção grave em adultos:** A dose é de 1 g duas vezes ao dia (de 12 em 12 horas) por 7 dias. É necessário associar o Amoxil[®] a um inibidor da bomba de prótons (exemplo: omeprazol, lanzoprazol) e outro agente antimicrobiano (por exemplo claritromicina, metronidazol).
*   **Infecção respiratória purulenta grave ou recorrente em adultos:** A dose é de 1 g duas vezes ao dia (de 12 em 12 horas) por 7 dias. É necessário associar o Amoxil[®] a um inibidor da bomba de prótons (exemplo: omeprazol, lanzoprazol) e outro agente antimicrobiano (por exemplo claritromicina, metronidazol).
*   **Gonorreia:** A dose é de 3 g em uma única tomada. É necessário associar o Amoxil[®] a um inibidor da bomba de prótons (exemplo: omeprazol, lanzoprazol) e outro agente antimicrobiano (por exemplo claritromicina, metronidazol).
*   **Erradicação de Helicobacter pylori:** A dose é de 1 g duas vezes ao dia (de 12 em 12 horas), em associação com um inibidor da bomba de prótons (exemplo: omeprazol, lanzoprazol) e outro agente antimicrobiano (por exemplo claritromicina, metronidazol), por 7 dias.

Em todos os casos, a bula exige a associação do Amoxil[®] com outros medicamentos para aumentar a eficácia do tratamento.","PARA QUE ESTE MEDICAMENTO É INDICADO?, COMO ESTE MEDICAMENTO FUNCIONA?, QUANDO NÃO DEVO USAR ESTE MEDICAMENTO?, COMO DEVO USAR ESTE MEDICAMENTO?","chunk_05bc48672ff1, chunk_9514da6bb24d, chunk_622fb4d46c7e, chunk_d22f44452468, chunk_2273c1b76ec0","[""## **- Tratamento de curta duração (gonorreia): dose única de 3 g.** \n\n**Erradicação de** _**Helicobacter pylori:**_ para combater o _Helicobacter_ (bactéria que ataca o estômago e o duodeno), recomenda-se o uso de Amoxil[®] no esquema de 1 g duas vezes ao dia (de 12 em 12 horas), em associação com um medicamento conhecido como inibidor da bomba de prótons (exemplo: omeprazol, lanzoprazol) e outro agente antimicrobiano (por exemplo claritromicina, metronidazol), por 7 dias. \n\n## **Pacientes com insuficiência renal (dos rins)** \n\nNa insuficiência renal, a eliminação do antibiótico é mais lenta. Conforme o grau dessa condição, seu médico pode indicar a redução da dose diária total de acordo com o esquema descrito a seguir. \n\nAdultos e crianças acima de 40 kg \n\n- insuficiência leve: nenhuma alteração de dose; \n\n- insuficiência moderada: máximo de 500 mg (uma cápsula) duas vezes ao dia (de 12 em 12 horas); \n\n- insuficiência grave: máximo de 500 mg (uma cápsula) ao dia. \n\n3 \n\n**==> picture [87 x 28] intentionally omitted <==**\n\n## Modelo de Texto de Bula – Pacientes Amoxil[®] Cápsulas \n\n## **Pacientes que recebem diálise peritoneal** \n\nUsa-se a mesma posologia indicada para pacientes com insuficiência renal grave. A diálise peritoneal (processo de limpeza das substâncias tóxicas do organismo através do peritônio, membrana que envolve o abdômen) não remove a amoxicilina do corpo. \n\n## **Pacientes que recebem hemodiálise** \n\nUsa-se a mesma posologia indicada para pacientes com insuficiência renal grave."", ""2. COMO ESTE MEDICAMENTO FUNCIONA?** \n\n**Amoxil[®]** contém uma penicilina chamada amoxicilina como ingrediente ativo. A amoxicilina pertence ao grupo dos antibióticos penicilânicos. **Amoxil[®]** é usado no tratamento de uma gama de infecções causadas por bactérias, que podem manifestar-se nos pulmões (pneumonia e bronquite), nas amígdalas (amigdalite), nos seios da face (sinusite), no trato urinário e genital, na pele e nas mucosas. **Amoxil[®]** atua destruindo as bactérias que causam essas infecções. \n\n## **"", ""3. QUANDO NÃO DEVO USAR ESTE MEDICAMENTO?** \n\nEste medicamento não pode ser administrado nem ingerido por pessoas alérgicas à amoxicilina, a outros antibióticos penicilínicos ou antibióticos similares, chamados cefalosporinas. Se você já teve uma reação alérgica (como erupções da pele) ao tomar um antibiótico, deve conversar com seu médico antes de usar **Amoxil[®] .** \n\n## **4. O QUE DEVO SABER ANTES DE USAR ESTE MEDICAMENTO** ? \n\nAntes de iniciar o tratamento com **Amoxil**[] , informe seu médico: \n\n- se você já apresentou reação alérgica a algum antibiótico. Isso pode incluir reações na pele ou inchaço na face ou pescoço ou dores no peito. \n\n- se você apresenta febre glandular. \n\n- se você toma medicamentos usados para prevenir coágulos sanguíneos (anticoagulantes), tais como varfarina, o seu médico fará um monitoramento e, se necessário, poderá sugerir ajustes na dose dos anticoagulantes. \n\n- se você apresenta problema nos rins. \n\n- se você não estiver urinando regularmente. \n\n- se você já teve diarreia durante ou após o uso de antibióticos. \n\n1 \n\n**==> picture [87 x 28] intentionally omitted <==**\n\n## Modelo de Texto de Bula – Pacientes Amoxil[®] Cápsulas \n\nO uso prolongado também pode resultar, ocasionalmente, em supercrescimento de microrganismos resistentes a **Amoxil[®]** ."", ""1 \n\n**==> picture [87 x 28] intentionally omitted <==**\n\n## Modelo de Texto de Bula – Pacientes Amoxil[®] Cápsulas \n\nO uso prolongado também pode resultar, ocasionalmente, em supercrescimento de microrganismos resistentes a **Amoxil[®]** . \n\n**Amoxil[®]** pode piorar algumas condições existentes ou causar efeitos colaterais graves, como reações alérgicas severas, reações cutâneas severas, dor no peito, vômitos repetitivos dentro de 1 a 4 horas após a administração de **Amoxil[®]** ou diarreia grave (colite pseudomembranosa). Você deve estar atento a determinados sintomas enquanto estiver recebendo **Amoxil[®]** para ajudar a reduzir o risco de quaisquer problemas. \n\n## **Efeitos sobre a capacidade de dirigir veículos e de operar máquinas** \n\nNão se observaram efeitos adversos sobre a capacidade de dirigir veículos e de operar máquinas. \n\n## **Gravidez e amamentação** \n\n**Amoxil[®]** pode ser usado na gravidez desde que os benefícios potenciais sejam maiores que os riscos potenciais associados ao tratamento. Informe seu médico se você estiver grávida ou suspeitar que está grávida. Você não deve tomar este medicamento se estiver grávida, exceto se seu médico recomendar. \n\nVocê pode amamentar seu bebê enquanto estiver tomando **Amoxil[®]** , mas há excreção de quantidades mínimas de amoxicilina no leite materno. Se você estiver amamentando, informe ao seu médico antes de iniciar o tratamento com **Amoxil[®]** . \n\n## **Este medicamento não deve ser utilizado por mulheres grávidas sem orientação médica ou do cirurgião-dentista.**"", ""1. PARA QUE ESTE MEDICAMENTO É INDICADO?** \n\n**Amoxil[®]** , antibiótico eficaz contra grande variedade de bactérias, é indicado para tratamento de infecções bacterianas causadas por germes sensíveis à ação da amoxicilina. Entretanto, seu médico pode receitar este medicamento para outro uso. Se desejar mais informações, pergunte ao seu médico. \n\n## **""]",6.369,11.207
fusion_rag,ollama:medgemma:4b,RIVOTRIL,dificil,"Em um paciente idoso com comprometimento hepático leve a moderado que também usa depressores do sistema nervoso central, quais riscos e ajustes a bula exige considerar antes de iniciar Rivotril?",dificil,"A bula informa que os efeitos dos benzodiazepínicos parecem ser maiores em idosos, mesmo em concentrações plasmáticas similares, e que nesses pacientes deve ser usada a menor dose possível, com cuidado especial durante alterações de dose. Para comprometimento hepático leve a moderado, a bula também recomenda a menor dose possível; em comprometimento hepático grave, Rivotril não deve ser usado. Além disso, não se deve tomar Rivotril com álcool e/ou depressores do sistema nervoso central, pois a combinação pode aumentar seus efeitos, com potencial sedação grave que pode resultar em coma ou morte, depressão cardiovascular e/ou respiratória.",QUANDO NÃO DEVO USAR ESTE MEDICAMENTO? / O QUE DEVO SABER ANTES DE USAR ESTE MEDICAMENTO? / COMO DEVO USAR ESTE MEDICAMENTO?,"De acordo com a bula do medicamento RIVOTRIL, consta a seguinte informação: Pacientes com comprometimento hepático leve a moderado devem receber a dose mais baixa possível. Deve-se ter especial cuidado durante as alterações na dose.

---
*Esta resposta se baseia apenas nos trechos da bula recuperados e não substitui orientação médica ou farmacêutica. É recomendável consultar um profissional de saúde para orientação individualizada.*","De acordo com a bula do medicamento RIVOTRIL, consta a seguinte informação: Pacientes com comprometimento hepático leve a moderado devem receber a dose mais baixa possível. Deve-se ter especial cuidado durante as alterações na dose.","QUANDO NÃO DEVO USAR ESTE MEDICAMENTO?, O QUE DEVO SABER ANTES DE USAR ESTE MEDICAMENTO?, COMO DEVO USAR ESTE MEDICAMENTO?","chunk_0ce797d87485, chunk_d77c1f8474ad, chunk_5e3d4ac1c930, chunk_d1e77a6a6e34, chunk_138608289ce9","[""- **Como ansiolítico em geral:** 0,25 mg a 4,0 mg/dia. Dose recomendada: 0,5 a 1,5 mg/dia (dividida em 3x/dia). \n\n- **Fobia social:** 0,25 mg/dia até 6,0 mg/dia (2,0 mg, 3x/dia). Dose recomendada: 1,0 a 2,5 mg/dia. \n\n## **Transtornos do humor** \n\n- **Transtorno afetivo bipolar** (tratamento da mania): 1,5 mg a 8 mg/dia. Dose recomendada: 2,0 a 4,0 mg/dia. \n\n- **Depressão maior** (associado a antidepressivos): 0,5 a 6,0 mg/dia. Dose recomendada: 2,0 a 4,0 mg/dia. \n\n## **Síndromes psicóticas** \n\n- **Acatisia** : 0,5 mg a 4,5 mg/dia. Dose recomendada: 0,5 a 3,0 mg/dia. \n\n**Síndrome das pernas inquietas:** 0,5 mg a 2,0 mg/dia. \n\n**Vertigem e distúrbios do equilíbrio** : 0,5 mg a 1,0 mg ao dia (2x/dia). Doses diárias superiores a 1,0 mg não são recomendáveis. \n\n**Síndrome da boca ardente:** 0,25 a 6,0 mg/dia. Dose recomendada: 1,0 a 2,0 mg/dia. \n\n**Uso em idosos:** a dose mais baixa possível deve ser utilizada em idosos. Deve-se ter especial cuidado durante as alterações na dose. \n\n**Comprometimento do fígado:** pacientes com comprometimento do fígado grave não devem ser tratados com clonazepam e pacientes com comprometimento hepático leve a moderado devem receber a dose mais baixa possível. \n\n4 \n\n**==> picture [109 x 35] intentionally omitted <==**\n\n## **Instruções especiais de administração** \n\n**Rivotril[® ]** pode ser usado com outros antiepilépticos. Nesse caso, seu médico ajustará a dose de cada medicamento para atingir o efeito ideal."", ""**Rivotril[® ]** pode precipitar o estado de mal epiléptico (crises epilépticas em sequência rápida). Fale com seu médico antes de aumentar a dose ou interromper abruptamente esta medicação. \n\n## **Abuso e dependência do medicamento** \n\nO uso de benzodiazepínicos pode levar ao desenvolvimento de dependência física e psicológica. O risco de dependência aumenta com a dose, tratamentos prolongados e em pacientes com história de abuso de álcool ou drogas. Em caso de dependência, especialmente com doses elevadas, a descontinuação brusca do tratamento será acompanhada por sintomas de abstinência: psicoses, distúrbio comportamental, tremor, sudorese, agitação, distúrbios do sono e ansiedade, dor de cabeça, diarreia, dores musculares, câimbras, ansiedade extrema, tensão, cansaço, inquietação, alteração de humor, confusão, irritabilidade e convulsões epiléticas que podem ser associadas à doença de base. Em casos graves, desrealização (sentimentos de estranhamento ou distanciamento em relação ao ambiente), despersonalização (processo psíquico, em que se tem a impressão de que se é estranho a si mesmo), hipersensibilidade ao som, à luz, a ruídos e ao contato físico, sensações anormais, formigamentos, alucinações. O risco dos sintomas de abstinência é maior após descontinuação súbita do tratamento, portanto a retirada brusca do medicamento deve ser evitada. O tratamento (mesmo de curta duração) deve ser interrompido pela redução gradativa da dose diária. \n\n## **Efeitos sobre a capacidade de dirigir e operar  máquinas**"", ""4. O QUE DEVO SABER ANTES DE USAR ESTE   MEDICAMENTO?** \n\nAntes de tomar **Rivotril**[®] , informe seu médico se você tem ou teve: \n\n- 1) outros problemas de saúde, como doenças nos rins ou fígado (por exemplo: cirrose hepática), distúrbio neuromuscular ou respiratório, porfiria (doença em que ocorre deficiência de enzimas específicas na via da biossíntese do heme); \n\n- 2) sinais ou sintomas de depressão e/ou tentativa de suicídio; \n\n- 3) intolerância à galactose (açúcar) ou deficiência de lactase (enzima que quebra a lactose); \n\n4) ataxia cerebelar ou espinhal (descoordenação dos movimentos por problema do cerebelo ou medula); \n\n> 5) uso regular ou intoxicação aguda por álcool ou drogas. \n\nPode ocorrer perda de efeito durante o tratamento com clonazepam. \n\nNão tome **Rivotril[® ]** com álcool e/ou depressores do sistema nervoso central, essa combinação pode aumentar os efeitos de **Rivotril[®]** , com potencial sedação grave que pode resultar em coma ou morte, depressão cardiovascular e/ou respiratória. Caso ocorram reações paradoxais ** durante o tratamento, fale com seu médico, pois o uso do medicamento deve ser descontinuado. Pode ocorrer amnésia anterógrada (perda da habilidade de criar novas memórias e absorver novas informações), com o uso de benzodiazepínicos em doses terapêuticas. \n\n**Rivotril[® ]** pode precipitar o estado de mal epiléptico (crises epilépticas em sequência rápida). Fale com seu médico antes de aumentar a dose ou interromper abruptamente esta medicação. \n\n## **Abuso e dependência do medicamento**"", ""Informe seu médico se estiver amamentando. Se você realmente precisar tomar **Rivotril[®]** , a amamentação deve ser descontinuada. \n\n## **Uso em crianças** \n\nAvaliar o risco / benefício do uso de **Rivotril[® ]** a longo prazo em pacientes pediátricos com distúrbios epilépticos. **Rivotril[® ]** pode aumentar a salivação e as secreções brônquicas em lactentes e crianças pequenas. Atenção:  manter as vias aéreas livres. \n\nNão há dados de eficácia / segurança de **Rivotril[® ]** em menores de 18 anos com distúrbio do pânico. \n\n## **Uso em idosos** \n\nOs efeitos dos benzodiazepínicos parecem ser maiores em pacientes idosos do que em pacientes mais jovens, mesmo em concentrações plasmáticas similares. \n\n## **Principais interações medicamentosas** \n\nInforme seu médico se estiver tomando outros medicamentos, incluindo as substâncias a seguir, pois elas podem interagir com **Rivotril[®]** : \n\n– Depressores do sistema nervoso central e álcool; \n\n– Medicamentos que agem no sistema nervoso: antidepressivos, medicamentos para dormir, alguns analgésicos, antipsicóticos, ansiolíticos, anticonvulsivantes; \n\n– Medicamentos para o estômago. \n\n## **Interações fármaco-alimento** \n\nInterações com alimentos não foram estabelecidas. O suco de toranja pode aumentar o efeito de **Rivotril**[®] . \n\n## **Interações fármaco-laboratório** \n\nInterações com testes laboratoriais não foram estabelecidas. \n\n**Informe ao seu médico ou cirurgião-dentista se você está fazendo uso de algum outro medicamento. Não use medicamento sem o conhecimento do seu médico. Pode ser perigoso para a sua   saúde.**"", ""**Síndrome da boca ardente:** 0,25 a 6,0 mg/dia. Dose recomendada: 1,0 a 2,0 mg/dia. \n\n**Uso em idosos:** a dose mais baixa possível deve ser utilizada em idosos. Deve-se ter especial cuidado durante as alterações na dose. \n\n**Comprometimento do fígado:** pacientes com comprometimento do fígado grave não devem ser tratados com clonazepam e pacientes com comprometimento hepático leve a moderado devem receber a dose mais baixa possível. \n\n4 \n\n**==> picture [109 x 35] intentionally omitted <==**\n\n## **Instruções especiais de administração** \n\n**Rivotril[® ]** pode ser usado com outros antiepilépticos. Nesse caso, seu médico ajustará a dose de cada medicamento para atingir o efeito ideal. \n\nNão pare de tomar **Rivotril[® ]** subitamente, você pode ter novas crises epilépticas. Somente seu médico poderá orientar a interrupção do tratamento reduzindo gradualmente a dose utilizada. \n\n**Siga a orientação de seu médico, respeitando sempre os horários, as doses e a duração do tratamento. Não interrompa o tratamento sem o conhecimento do seu médico.** \n\n**""]",10.226,4.287
fusion_rag,ollama:medgemma:4b,RIVOTRIL,dificil,"Um paciente com epilepsia em uso de Rivotril deseja interromper o tratamento subitamente. Quais riscos a bula descreve envolvendo estado de mal epiléptico, dependência e abstinência, e qual deve ser a estratégia de retirada?",dificil,"A bula alerta que Rivotril pode precipitar estado de mal epiléptico e orienta falar com o médico antes de aumentar a dose ou interromper abruptamente a medicação. O uso de benzodiazepínicos pode levar à dependência física e psicológica, com risco maior em doses altas, tratamentos prolongados e história de abuso de álcool ou drogas. A descontinuação brusca pode causar sintomas de abstinência, incluindo psicoses, alterações comportamentais, tremor, sudorese, agitação, distúrbios do sono, ansiedade e convulsões epilépticas. Portanto, a retirada brusca deve ser evitada e o tratamento deve ser interrompido por redução gradativa da dose diária, sob orientação médica.",O QUE DEVO SABER ANTES DE USAR ESTE MEDICAMENTO? / COMO DEVO USAR ESTE MEDICAMENTO?,"De acordo com a bula do medicamento RIVOTRIL, consta a seguinte informação: ""Rivotril[® ] pode precipitar o estado de mal epiléptico (crises epilépticas em sequência rápida). Fale com seu médico antes de aumentar a dose ou interromper abruptamente esta medicação. O uso de benzodiazepínicos pode levar ao desenvolvimento de dependência física e psicológica. O risco de dependência aumenta com a dose, tratamentos prolongados e em pacientes com história de abuso de álcool ou drogas. Em caso de dependência, especialmente com doses elevadas, a descontinuação brusca do tratamento será acompanhada por sintomas de abstinência: psicoses, distúrbio comportamental, tremor, sudorese, agitação, distúrbios do sono e ansiedade, dor de cabeça, diarreia, dores musculares, câimbras, ansiedade extrema, tensão, cansaço, inquietação, alteração de humor, confusão, irritabilidade e convulsões epiléticas que podem ser associadas à doença de base. Em casos graves, desrealização (sentimentos de estranhamento ou distanciamento em relação ao ambiente), despersonalização (processo psíquico, em que se tem a impressão de que se é estranho a si mesmo), hipersensibilidade ao som, à luz, a ruídos e ao contato físico, sensações anormais, formigamentos, alucinações. O risco dos sintomas de abstinência é maior após descontinuação súbita do tratamento, portanto a retirada brusca do medicamento deve ser evitada. O tratamento (mesmo de curta duração) deve ser interrompido pela redução gradativa da dose diária.""

---
*Esta resposta se baseia apenas nos trechos da bula recuperados e não substitui orientação médica ou farmacêutica.*","De acordo com a bula do medicamento RIVOTRIL, consta a seguinte informação: ""Rivotril[® ] pode precipitar o estado de mal epiléptico (crises epilépticas em sequência rápida). Fale com seu médico antes de aumentar a dose ou interromper abruptamente esta medicação. O uso de benzodiazepínicos pode levar ao desenvolvimento de dependência física e psicológica. O risco de dependência aumenta com a dose, tratamentos prolongados e em pacientes com história de abuso de álcool ou drogas. Em caso de dependência, especialmente com doses elevadas, a descontinuação brusca do tratamento será acompanhada por sintomas de abstinência: psicoses, distúrbio comportamental, tremor, sudorese, agitação, distúrbios do sono e ansiedade, dor de cabeça, diarreia, dores musculares, câimbras, ansiedade extrema, tensão, cansaço, inquietação, alteração de humor, confusão, irritabilidade e convulsões epiléticas que podem ser associadas à doença de base. Em casos graves, desrealização (sentimentos de estranhamento ou distanciamento em relação ao ambiente), despersonalização (processo psíquico, em que se tem a impressão de que se é estranho a si mesmo), hipersensibilidade ao som, à luz, a ruídos e ao contato físico, sensações anormais, formigamentos, alucinações. O risco dos sintomas de abstinência é maior após descontinuação súbita do tratamento, portanto a retirada brusca do medicamento deve ser evitada. O tratamento (mesmo de curta duração) deve ser interrompido pela redução gradativa da dose diária.""","QUANDO NÃO DEVO USAR ESTE MEDICAMENTO?, O QUE DEVO SABER ANTES DE USAR ESTE MEDICAMENTO?, COMO DEVO USAR ESTE MEDICAMENTO?","chunk_d77c1f8474ad, chunk_622a72b37a03, chunk_6c577f16cf9f, chunk_5e3d4ac1c930, chunk_eae4150205a2","[""**Rivotril[® ]** pode precipitar o estado de mal epiléptico (crises epilépticas em sequência rápida). Fale com seu médico antes de aumentar a dose ou interromper abruptamente esta medicação. \n\n## **Abuso e dependência do medicamento** \n\nO uso de benzodiazepínicos pode levar ao desenvolvimento de dependência física e psicológica. O risco de dependência aumenta com a dose, tratamentos prolongados e em pacientes com história de abuso de álcool ou drogas. Em caso de dependência, especialmente com doses elevadas, a descontinuação brusca do tratamento será acompanhada por sintomas de abstinência: psicoses, distúrbio comportamental, tremor, sudorese, agitação, distúrbios do sono e ansiedade, dor de cabeça, diarreia, dores musculares, câimbras, ansiedade extrema, tensão, cansaço, inquietação, alteração de humor, confusão, irritabilidade e convulsões epiléticas que podem ser associadas à doença de base. Em casos graves, desrealização (sentimentos de estranhamento ou distanciamento em relação ao ambiente), despersonalização (processo psíquico, em que se tem a impressão de que se é estranho a si mesmo), hipersensibilidade ao som, à luz, a ruídos e ao contato físico, sensações anormais, formigamentos, alucinações. O risco dos sintomas de abstinência é maior após descontinuação súbita do tratamento, portanto a retirada brusca do medicamento deve ser evitada. O tratamento (mesmo de curta duração) deve ser interrompido pela redução gradativa da dose diária. \n\n## **Efeitos sobre a capacidade de dirigir e operar  máquinas**"", ""6. COMO DEVO USAR ESTE  MEDICAMENTO?** \n\nTome os comprimidos por via oral com pouca quantidade de líquido não alcoólico. A dose de **Rivotril[® ]** depende da doença, da resposta clínica, idade e tolerabilidade. \n\nRecomenda-se que o tratamento inicie com doses mais baixas, que podem ser aumentadas se necessário. Siga a orientação médica. \n\n## **Distúrbios epilépticos** \n\n## Adultos \n\nDose inicial: não exceder 1,5 mg/dia, dividida em 3 doses. Aumentar a critério médico. Dose de manutenção: será definida pelo seu médico, de acordo com sua resposta. \n\nDose diária máxima recomendada: 20 mg. \n\nSe você já usa outro anticonvulsivante, avise seu médico. \n\nRecém-nascidos e crianças até 10 anos de idade ou 30 kg de peso \n\nDose inicial média: 0,01 a 0,03 mg/kg/dia. Não exceder 0,05 mg/kg/dia, dividido em 2 ou 3 doses  diárias. \n\nCrianças entre 10 e 16 anos de idade: Dose inicial: 1 a 1,5 mg/dia, dividido em 2 a 3 doses. A dose pode ser aumentada, a critério médico, até atingir a dose de manutenção individual, usualmente de 3 a 6  mg/dia. Sempre que possível, dividir a dose diária em 3 doses iguais. Caso não seja possível, a maior dose deve ser tomada antes de deitar. \n\n## **Transtornos de ansiedade** \n\n- **Distúrbio do pânico:** Adultos: - Dose inicial: 0,5 mg/dia, dividida em 2 doses. Pode-se aumentar a dose a critério médico. - Dose de manutenção: critério médico, de acordo com sua resposta. A dose tomada ao deitar reduz a inconveniência da sonolência e pode ser desejável no início do tratamento. A retirada deve ser gradual, até que o medicamento seja totalmente suspenso."", ""4 \n\n**==> picture [109 x 35] intentionally omitted <==**\n\n## **Instruções especiais de administração** \n\n**Rivotril[® ]** pode ser usado com outros antiepilépticos. Nesse caso, seu médico ajustará a dose de cada medicamento para atingir o efeito ideal. \n\nNão pare de tomar **Rivotril[® ]** subitamente, você pode ter novas crises epilépticas. Somente seu médico poderá orientar a interrupção do tratamento reduzindo gradualmente a dose utilizada. \n\n**Siga a orientação de seu médico, respeitando sempre os horários, as doses e a duração do tratamento. Não interrompa o tratamento sem o conhecimento do seu médico.** \n\n**"", ""4. O QUE DEVO SABER ANTES DE USAR ESTE   MEDICAMENTO?** \n\nAntes de tomar **Rivotril**[®] , informe seu médico se você tem ou teve: \n\n- 1) outros problemas de saúde, como doenças nos rins ou fígado (por exemplo: cirrose hepática), distúrbio neuromuscular ou respiratório, porfiria (doença em que ocorre deficiência de enzimas específicas na via da biossíntese do heme); \n\n- 2) sinais ou sintomas de depressão e/ou tentativa de suicídio; \n\n- 3) intolerância à galactose (açúcar) ou deficiência de lactase (enzima que quebra a lactose); \n\n4) ataxia cerebelar ou espinhal (descoordenação dos movimentos por problema do cerebelo ou medula); \n\n> 5) uso regular ou intoxicação aguda por álcool ou drogas. \n\nPode ocorrer perda de efeito durante o tratamento com clonazepam. \n\nNão tome **Rivotril[® ]** com álcool e/ou depressores do sistema nervoso central, essa combinação pode aumentar os efeitos de **Rivotril[®]** , com potencial sedação grave que pode resultar em coma ou morte, depressão cardiovascular e/ou respiratória. Caso ocorram reações paradoxais ** durante o tratamento, fale com seu médico, pois o uso do medicamento deve ser descontinuado. Pode ocorrer amnésia anterógrada (perda da habilidade de criar novas memórias e absorver novas informações), com o uso de benzodiazepínicos em doses terapêuticas. \n\n**Rivotril[® ]** pode precipitar o estado de mal epiléptico (crises epilépticas em sequência rápida). Fale com seu médico antes de aumentar a dose ou interromper abruptamente esta medicação. \n\n## **Abuso e dependência do medicamento**"", ""## **Efeitos sobre a capacidade de dirigir e operar  máquinas** \n\nClonazepam pode lentificar as reações, efeito agravado com o uso de álcool. \n\n**Durante o tratamento, o paciente não deve dirigir veículos ou operar máquinas, pois sua habilidade e atenção podem estar prejudicadas.** \n\nAté o momento, não há informações de que **Rivotril[®  ]** cause _doping_ . Em caso de dúvidas, consulte o seu  médico. \n\n## **Gravidez e amamentação** \n\n2 \n\n**==> picture [109 x 35] intentionally omitted <==**\n\n## **Este medicamento não deve ser utilizado por mulheres grávidas sem orientação médica ou do cirurgiãodentista.** \n\n**Rivotril[® ]** só deve ser administrado a gestantes se houver indicação absoluta e se os benefícios  potenciais \n\nsuperarem os riscos para o feto. **Rivotril[® ]** pode prejudicar seu bebê. Informe seu médico se estiver grávida ou se está tentando engravidar. O uso de altas doses no último trimestre da gestação ou no trabalho de parto pode  causar irregularidades no batimento cardíaco do feto e baixa temperatura corpórea, falta de tônus muscular, depressão respiratória e dificuldade de sucção no bebê. Tanto a gestação quanto a suspensão de **Rivotril**[® ] podem exacerbar a epilepsia. \n\nInforme seu médico se estiver amamentando. Se você realmente precisar tomar **Rivotril[®]** , a amamentação deve ser descontinuada. \n\n## **Uso em crianças**""]",16.654,12.605
fusion_rag,ollama:medgemma:4b,RIVOTRIL,dificil,"Por que a bula contraindica Rivotril para tratamento de transtorno do pânico em pacientes com histórico de apneia do sono, quando se consideram seus efeitos no sistema nervoso e no sistema respiratório?",dificil,"A bula contraindica Rivotril comprimidos e gotas para tratamento de transtornos do pânico em pacientes com histórico de apneia do sono. Ela informa que clonazepam é um benzodiazepínico que causa inibição leve do sistema nervoso, com ação sedativa leve, relaxante muscular e tranquilizante, e também descreve risco de depressão respiratória. Além disso, álcool e depressores do sistema nervoso central podem aumentar os efeitos de Rivotril, com sedação grave, coma ou morte e depressão cardiovascular e/ou respiratória. Assim, usando apenas a bula, a contraindicação se relaciona ao risco de agravar comprometimento respiratório em pacientes com apneia do sono.",COMO ESTE MEDICAMENTO FUNCIONA? / QUANDO NÃO DEVO USAR ESTE MEDICAMENTO? / O QUE DEVO SABER ANTES DE USAR ESTE MEDICAMENTO? / QUAIS OS MALES QUE ESTE MEDICAMENTO PODE ME CAUSAR?,"De acordo com a bula do medicamento RIVOTRIL, consta a seguinte informação:
**Rivotril[® ]** é contraindicado para o tratamento de transtornos do pânico em pacientes com histórico médico de apneia do sono. Isso ocorre porque os benzodiazepínicos podem levar à ocorrência de comprometimento do sistema nervoso e do sistema respiratório, secundário ao problema no fígado.

---
*Esta resposta se baseia apenas nos trechos da bula recuperados e não substitui orientação médica ou farmacêutica. É recomendável consultar um profissional de saúde para orientação individualizada.*","De acordo com a bula do medicamento RIVOTRIL, consta a seguinte informação:
**Rivotril[® ]** é contraindicado para o tratamento de transtornos do pânico em pacientes com histórico médico de apneia do sono. Isso ocorre porque os benzodiazepínicos podem levar à ocorrência de comprometimento do sistema nervoso e do sistema respiratório, secundário ao problema no fígado.","QUAIS OS MALES QUE ESTE MEDICAMENTO PODE ME CAUSAR?, QUANDO NÃO DEVO USAR ESTE MEDICAMENTO?","chunk_7d57d737a19d, chunk_5e3d4ac1c930, chunk_11cbb1217441, chunk_d1e77a6a6e34, chunk_07b5a2953783","[""3. QUANDO NÃO DEVO USAR ESTE MEDICAMENTO?** \n\n**Rivotril[® ]** é contraindicado a pacientes com hipersensibilidade conhecida a clonazepam ou a qualquer dos excipientes do medicamento, em pacientes com insuficiência respiratória grave ou comprometimento do fígado grave, pois os benzodiazepínicos podem levar à ocorrência de comprometimento do sistema nervoso, secundário ao problema no fígado. \n\n**Rivotril[® ]** comprimidos e **Rivotril[® ]** gotas são contraindicados para o tratamento de transtornos do pânico em pacientes com histórico médico de apneia do sono. \n\n**Rivotril[® ]** é contraindicado a pacientes com glaucoma agudo de ângulo fechado. **Rivotril[® ]** pode ser usado por pacientes com glaucoma de ângulo aberto, desde que estejam recebendo terapia  apropriada. \n\n## **"", ""3. QUANDO NÃO DEVO USAR ESTE MEDICAMENTO?** \n\n**Rivotril[® ]** é contraindicado a pacientes com hipersensibilidade conhecida a clonazepam ou a qualquer dos excipientes do medicamento, em pacientes com insuficiência respiratória grave ou comprometimento do fígado grave, pois os benzodiazepínicos podem levar à ocorrência de comprometimento do sistema nervoso, secundário ao problema no fígado. \n\n**Rivotril[® ]** comprimidos e **Rivotril[® ]** gotas são contraindicados para o tratamento de transtornos do pânico em pacientes com histórico médico de apneia do sono. \n\n**Rivotril[® ]** é contraindicado a pacientes com glaucoma agudo de ângulo fechado. **Rivotril[® ]** pode ser usado por pacientes com glaucoma de ângulo aberto, desde que estejam recebendo terapia  apropriada. \n\n## **4. O QUE DEVO SABER ANTES DE USAR ESTE   MEDICAMENTO?** \n\nAntes de tomar **Rivotril**[®] , informe seu médico se você tem ou teve: \n\n- 1) outros problemas de saúde, como doenças nos rins ou fígado (por exemplo: cirrose hepática), distúrbio neuromuscular ou respiratório, porfiria (doença em que ocorre deficiência de enzimas específicas na via da biossíntese do heme); \n\n- 2) sinais ou sintomas de depressão e/ou tentativa de suicídio; \n\n- 3) intolerância à galactose (açúcar) ou deficiência de lactase (enzima que quebra a lactose); \n\n4) ataxia cerebelar ou espinhal (descoordenação dos movimentos por problema do cerebelo ou medula); \n\n> 5) uso regular ou intoxicação aguda por álcool ou drogas. \n\nPode ocorrer perda de efeito durante o tratamento com clonazepam."", ""**Distúrbios do sistema nervoso** : diminuição da concentração, sonolência, lentificação, hipotonia muscular, tonturas, ataxia são frequentes e geralmente transitórias. Dor de cabeça (raro). Distúrbios reversíveis: dificuldade para articular a fala, incoordenação de movimentos e da marcha, movimento anormal dos olhos. Pode haver esquecimento de fatos recentes, associado a alteração de comportamento. Pode haver aumento das crises convulsivas em determinadas formas de epilepsia. Perda da voz, movimentos grosseiros e descoordenados de braços e pernas, coma, tremor, perda de força de um lado do corpo, sensação de cabeça leve, falta de energia e formigamento e alteração da sensibilidade nas extremidades. \n\n**Distúrbios oculares** : visão dupla reversível, aparência de “olho vítreo”. \n\n**Distúrbios cardiovasculares** : palpitações, dor torácica, insuficiência cardíaca (incluindo parada  cardíaca). \n\n**Distúrbios respiratórios** : congestão pulmonar, congestão nasal, hipersecreção, tosse, falta de ar, bronquite, rinite, faringite. Pode ocorrer depressão respiratória. **Rivotril[® ]** pode aumentar a produção de saliva ou de secreção brônquica (secreção nas vias aéreas) em lactentes e crianças. \n\n**Distúrbios gastrintestinais** : perda do apetite, língua saburrosa, constipação, diarreia, boca seca, incontinência fecal (perda do controle da evacuação), gastrite, aumento do fígado, apetite aumentado, gengivas doloridas, dor abdominal, inflamação gastrintestinal, dor de dente. Náuseas e sintomas epigástricos (raro) (sintomas na região do estômago). \n\n5"", ""Informe seu médico se estiver amamentando. Se você realmente precisar tomar **Rivotril[®]** , a amamentação deve ser descontinuada. \n\n## **Uso em crianças** \n\nAvaliar o risco / benefício do uso de **Rivotril[® ]** a longo prazo em pacientes pediátricos com distúrbios epilépticos. **Rivotril[® ]** pode aumentar a salivação e as secreções brônquicas em lactentes e crianças pequenas. Atenção:  manter as vias aéreas livres. \n\nNão há dados de eficácia / segurança de **Rivotril[® ]** em menores de 18 anos com distúrbio do pânico. \n\n## **Uso em idosos** \n\nOs efeitos dos benzodiazepínicos parecem ser maiores em pacientes idosos do que em pacientes mais jovens, mesmo em concentrações plasmáticas similares. \n\n## **Principais interações medicamentosas** \n\nInforme seu médico se estiver tomando outros medicamentos, incluindo as substâncias a seguir, pois elas podem interagir com **Rivotril[®]** : \n\n– Depressores do sistema nervoso central e álcool; \n\n– Medicamentos que agem no sistema nervoso: antidepressivos, medicamentos para dormir, alguns analgésicos, antipsicóticos, ansiolíticos, anticonvulsivantes; \n\n– Medicamentos para o estômago. \n\n## **Interações fármaco-alimento** \n\nInterações com alimentos não foram estabelecidas. O suco de toranja pode aumentar o efeito de **Rivotril**[®] . \n\n## **Interações fármaco-laboratório** \n\nInterações com testes laboratoriais não foram estabelecidas. \n\n**Informe ao seu médico ou cirurgião-dentista se você está fazendo uso de algum outro medicamento. Não use medicamento sem o conhecimento do seu médico. Pode ser perigoso para a sua   saúde.**"", ""4) ataxia cerebelar ou espinhal (descoordenação dos movimentos por problema do cerebelo ou medula); \n\n> 5) uso regular ou intoxicação aguda por álcool ou drogas. \n\nPode ocorrer perda de efeito durante o tratamento com clonazepam. \n\nNão tome **Rivotril[® ]** com álcool e/ou depressores do sistema nervoso central, essa combinação pode aumentar os efeitos de **Rivotril[®]** , com potencial sedação grave que pode resultar em coma ou morte, depressão cardiovascular e/ou respiratória. Caso ocorram reações paradoxais ** durante o tratamento, fale com seu médico, pois o uso do medicamento deve ser descontinuado. Pode ocorrer amnésia anterógrada (perda da habilidade de criar novas memórias e absorver novas informações), com o uso de benzodiazepínicos em doses terapêuticas. \n\n**Rivotril[® ]** pode precipitar o estado de mal epiléptico (crises epilépticas em sequência rápida). Fale com seu médico antes de aumentar a dose ou interromper abruptamente esta medicação. \n\n## **Abuso e dependência do medicamento**""]",7.758,4.519
fusion_rag,ollama:medgemma:4b,RIVOTRIL,dificil,"Se um paciente em uso de Rivotril consome suco de toranja e também utiliza medicamentos que agem no sistema nervoso, que efeitos potencializados a bula permite prever e quais limites de informação devem ser reconhecidos?",dificil,"A bula informa que interações com alimentos não foram estabelecidas, mas que o suco de toranja pode aumentar o efeito de Rivotril. Também orienta informar o médico sobre medicamentos que agem no sistema nervoso, como antidepressivos, medicamentos para dormir, alguns analgésicos, antipsicóticos, ansiolíticos e anticonvulsivantes, pois podem interagir com Rivotril. Com álcool ou depressores do sistema nervoso central, a combinação pode aumentar os efeitos, com sedação grave, coma ou morte e depressão cardiovascular e/ou respiratória. A bula não quantifica alteração de concentração plasmática nem descreve mecanismo farmacocinético do suco de toranja; portanto, esses detalhes não podem ser respondidos apenas pela bula.",O QUE DEVO SABER ANTES DE USAR ESTE MEDICAMENTO?,"De acordo com a bula do medicamento RIVOTRIL, consta a seguinte informação: ""O suco de toranja pode aumentar o efeito de **Rivotril**[®] . ""

---
*Esta resposta se baseia apenas nos trechos da bula recuperados e não substitui orientação médica ou farmacêutica. É recomendável consultar um profissional de saúde para orientação individualizada.*","De acordo com a bula do medicamento RIVOTRIL, consta a seguinte informação: ""O suco de toranja pode aumentar o efeito de **Rivotril**[®] . ""","QUANDO NÃO DEVO USAR ESTE MEDICAMENTO?, O QUE DEVO SABER ANTES DE USAR ESTE MEDICAMENTO?","chunk_d1e77a6a6e34, chunk_5e3d4ac1c930, chunk_07b5a2953783, chunk_d77c1f8474ad, chunk_5e3d4ac1c930","[""Informe seu médico se estiver amamentando. Se você realmente precisar tomar **Rivotril[®]** , a amamentação deve ser descontinuada. \n\n## **Uso em crianças** \n\nAvaliar o risco / benefício do uso de **Rivotril[® ]** a longo prazo em pacientes pediátricos com distúrbios epilépticos. **Rivotril[® ]** pode aumentar a salivação e as secreções brônquicas em lactentes e crianças pequenas. Atenção:  manter as vias aéreas livres. \n\nNão há dados de eficácia / segurança de **Rivotril[® ]** em menores de 18 anos com distúrbio do pânico. \n\n## **Uso em idosos** \n\nOs efeitos dos benzodiazepínicos parecem ser maiores em pacientes idosos do que em pacientes mais jovens, mesmo em concentrações plasmáticas similares. \n\n## **Principais interações medicamentosas** \n\nInforme seu médico se estiver tomando outros medicamentos, incluindo as substâncias a seguir, pois elas podem interagir com **Rivotril[®]** : \n\n– Depressores do sistema nervoso central e álcool; \n\n– Medicamentos que agem no sistema nervoso: antidepressivos, medicamentos para dormir, alguns analgésicos, antipsicóticos, ansiolíticos, anticonvulsivantes; \n\n– Medicamentos para o estômago. \n\n## **Interações fármaco-alimento** \n\nInterações com alimentos não foram estabelecidas. O suco de toranja pode aumentar o efeito de **Rivotril**[®] . \n\n## **Interações fármaco-laboratório** \n\nInterações com testes laboratoriais não foram estabelecidas. \n\n**Informe ao seu médico ou cirurgião-dentista se você está fazendo uso de algum outro medicamento. Não use medicamento sem o conhecimento do seu médico. Pode ser perigoso para a sua   saúde.**"", ""4. O QUE DEVO SABER ANTES DE USAR ESTE   MEDICAMENTO?** \n\nAntes de tomar **Rivotril**[®] , informe seu médico se você tem ou teve: \n\n- 1) outros problemas de saúde, como doenças nos rins ou fígado (por exemplo: cirrose hepática), distúrbio neuromuscular ou respiratório, porfiria (doença em que ocorre deficiência de enzimas específicas na via da biossíntese do heme); \n\n- 2) sinais ou sintomas de depressão e/ou tentativa de suicídio; \n\n- 3) intolerância à galactose (açúcar) ou deficiência de lactase (enzima que quebra a lactose); \n\n4) ataxia cerebelar ou espinhal (descoordenação dos movimentos por problema do cerebelo ou medula); \n\n> 5) uso regular ou intoxicação aguda por álcool ou drogas. \n\nPode ocorrer perda de efeito durante o tratamento com clonazepam. \n\nNão tome **Rivotril[® ]** com álcool e/ou depressores do sistema nervoso central, essa combinação pode aumentar os efeitos de **Rivotril[®]** , com potencial sedação grave que pode resultar em coma ou morte, depressão cardiovascular e/ou respiratória. Caso ocorram reações paradoxais ** durante o tratamento, fale com seu médico, pois o uso do medicamento deve ser descontinuado. Pode ocorrer amnésia anterógrada (perda da habilidade de criar novas memórias e absorver novas informações), com o uso de benzodiazepínicos em doses terapêuticas. \n\n**Rivotril[® ]** pode precipitar o estado de mal epiléptico (crises epilépticas em sequência rápida). Fale com seu médico antes de aumentar a dose ou interromper abruptamente esta medicação. \n\n## **Abuso e dependência do medicamento**"", ""4) ataxia cerebelar ou espinhal (descoordenação dos movimentos por problema do cerebelo ou medula); \n\n> 5) uso regular ou intoxicação aguda por álcool ou drogas. \n\nPode ocorrer perda de efeito durante o tratamento com clonazepam. \n\nNão tome **Rivotril[® ]** com álcool e/ou depressores do sistema nervoso central, essa combinação pode aumentar os efeitos de **Rivotril[®]** , com potencial sedação grave que pode resultar em coma ou morte, depressão cardiovascular e/ou respiratória. Caso ocorram reações paradoxais ** durante o tratamento, fale com seu médico, pois o uso do medicamento deve ser descontinuado. Pode ocorrer amnésia anterógrada (perda da habilidade de criar novas memórias e absorver novas informações), com o uso de benzodiazepínicos em doses terapêuticas. \n\n**Rivotril[® ]** pode precipitar o estado de mal epiléptico (crises epilépticas em sequência rápida). Fale com seu médico antes de aumentar a dose ou interromper abruptamente esta medicação. \n\n## **Abuso e dependência do medicamento**"", ""**Rivotril[® ]** pode precipitar o estado de mal epiléptico (crises epilépticas em sequência rápida). Fale com seu médico antes de aumentar a dose ou interromper abruptamente esta medicação. \n\n## **Abuso e dependência do medicamento** \n\nO uso de benzodiazepínicos pode levar ao desenvolvimento de dependência física e psicológica. O risco de dependência aumenta com a dose, tratamentos prolongados e em pacientes com história de abuso de álcool ou drogas. Em caso de dependência, especialmente com doses elevadas, a descontinuação brusca do tratamento será acompanhada por sintomas de abstinência: psicoses, distúrbio comportamental, tremor, sudorese, agitação, distúrbios do sono e ansiedade, dor de cabeça, diarreia, dores musculares, câimbras, ansiedade extrema, tensão, cansaço, inquietação, alteração de humor, confusão, irritabilidade e convulsões epiléticas que podem ser associadas à doença de base. Em casos graves, desrealização (sentimentos de estranhamento ou distanciamento em relação ao ambiente), despersonalização (processo psíquico, em que se tem a impressão de que se é estranho a si mesmo), hipersensibilidade ao som, à luz, a ruídos e ao contato físico, sensações anormais, formigamentos, alucinações. O risco dos sintomas de abstinência é maior após descontinuação súbita do tratamento, portanto a retirada brusca do medicamento deve ser evitada. O tratamento (mesmo de curta duração) deve ser interrompido pela redução gradativa da dose diária. \n\n## **Efeitos sobre a capacidade de dirigir e operar  máquinas**"", ""3. QUANDO NÃO DEVO USAR ESTE MEDICAMENTO?** \n\n**Rivotril[® ]** é contraindicado a pacientes com hipersensibilidade conhecida a clonazepam ou a qualquer dos excipientes do medicamento, em pacientes com insuficiência respiratória grave ou comprometimento do fígado grave, pois os benzodiazepínicos podem levar à ocorrência de comprometimento do sistema nervoso, secundário ao problema no fígado. \n\n**Rivotril[® ]** comprimidos e **Rivotril[® ]** gotas são contraindicados para o tratamento de transtornos do pânico em pacientes com histórico médico de apneia do sono. \n\n**Rivotril[® ]** é contraindicado a pacientes com glaucoma agudo de ângulo fechado. **Rivotril[® ]** pode ser usado por pacientes com glaucoma de ângulo aberto, desde que estejam recebendo terapia  apropriada. \n\n## **4. O QUE DEVO SABER ANTES DE USAR ESTE   MEDICAMENTO?** \n\nAntes de tomar **Rivotril**[®] , informe seu médico se você tem ou teve: \n\n- 1) outros problemas de saúde, como doenças nos rins ou fígado (por exemplo: cirrose hepática), distúrbio neuromuscular ou respiratório, porfiria (doença em que ocorre deficiência de enzimas específicas na via da biossíntese do heme); \n\n- 2) sinais ou sintomas de depressão e/ou tentativa de suicídio; \n\n- 3) intolerância à galactose (açúcar) ou deficiência de lactase (enzima que quebra a lactose); \n\n4) ataxia cerebelar ou espinhal (descoordenação dos movimentos por problema do cerebelo ou medula); \n\n> 5) uso regular ou intoxicação aguda por álcool ou drogas. \n\nPode ocorrer perda de efeito durante o tratamento com clonazepam.""]",7.173,3.061
fusion_rag,ollama:medgemma:4b,RIVOTRIL,dificil,"Quais precauções devem ser adotadas antes de iniciar Rivotril em pacientes com depressão, tentativa de suicídio prévia ou risco de alterações comportamentais, e quais eventos psiquiátricos da bula fundamentam essa cautela?",dificil,"Antes de tomar Rivotril, o paciente deve informar o médico se tem ou teve sinais ou sintomas de depressão e/ou tentativa de suicídio. A cautela se fundamenta nos eventos psiquiátricos relatados na bula, como amnésia, alucinações, psicose, tentativa de suicídio, ideias suicidas, distúrbios emocionais e de humor, estado confusional e desorientação. A bula também descreve reações paradoxais como inquietação, agitação, irritabilidade, agressividade, ansiedade, distúrbios do sono, delírio, raiva, pesadelos, alucinações, psicose, hiperatividade e comportamento inapropriado, e informa que depressão pode estar associada à doença de base.",O QUE DEVO SABER ANTES DE USAR ESTE MEDICAMENTO? / QUAIS OS MALES QUE ESTE MEDICAMENTO PODE ME CAUSAR?,"De acordo com a bula do medicamento RIVOTRIL, consta a seguinte informação:

Antes de tomar **Rivotril**[®] , informe seu médico se você tem ou teve:

- 2) sinais ou sintomas de depressão e/ou tentativa de suicídio;

A bula informa que o uso de benzodiazepínicos como o Rivotril pode causar alterações comportamentais, incluindo depressão e risco de tentativa de suicídio. A bula também menciona a importância de informar ao médico sobre histórico de depressão e tentativas de suicídio antes de iniciar o tratamento com Rivotril para que ele possa avaliar os riscos e benefícios do medicamento e monitorar o paciente de perto.

---
*Esta resposta se baseia apenas nos trechos da bula recuperados e não substitui orientação médica ou farmacêutica.*","De acordo com a bula do medicamento RIVOTRIL, consta a seguinte informação:

Antes de tomar **Rivotril**[®] , informe seu médico se você tem ou teve:

- 2) sinais ou sintomas de depressão e/ou tentativa de suicídio;

A bula informa que o uso de benzodiazepínicos como o Rivotril pode causar alterações comportamentais, incluindo depressão e risco de tentativa de suicídio. A bula também menciona a importância de informar ao médico sobre histórico de depressão e tentativas de suicídio antes de iniciar o tratamento com Rivotril para que ele possa avaliar os riscos e benefícios do medicamento e monitorar o paciente de perto.","QUANDO NÃO DEVO USAR ESTE MEDICAMENTO?, O QUE DEVO SABER ANTES DE USAR ESTE MEDICAMENTO?","chunk_5e3d4ac1c930, chunk_d1e77a6a6e34, chunk_d77c1f8474ad, chunk_5e3d4ac1c930, chunk_622a72b37a03","[""4. O QUE DEVO SABER ANTES DE USAR ESTE   MEDICAMENTO?** \n\nAntes de tomar **Rivotril**[®] , informe seu médico se você tem ou teve: \n\n- 1) outros problemas de saúde, como doenças nos rins ou fígado (por exemplo: cirrose hepática), distúrbio neuromuscular ou respiratório, porfiria (doença em que ocorre deficiência de enzimas específicas na via da biossíntese do heme); \n\n- 2) sinais ou sintomas de depressão e/ou tentativa de suicídio; \n\n- 3) intolerância à galactose (açúcar) ou deficiência de lactase (enzima que quebra a lactose); \n\n4) ataxia cerebelar ou espinhal (descoordenação dos movimentos por problema do cerebelo ou medula); \n\n> 5) uso regular ou intoxicação aguda por álcool ou drogas. \n\nPode ocorrer perda de efeito durante o tratamento com clonazepam. \n\nNão tome **Rivotril[® ]** com álcool e/ou depressores do sistema nervoso central, essa combinação pode aumentar os efeitos de **Rivotril[®]** , com potencial sedação grave que pode resultar em coma ou morte, depressão cardiovascular e/ou respiratória. Caso ocorram reações paradoxais ** durante o tratamento, fale com seu médico, pois o uso do medicamento deve ser descontinuado. Pode ocorrer amnésia anterógrada (perda da habilidade de criar novas memórias e absorver novas informações), com o uso de benzodiazepínicos em doses terapêuticas. \n\n**Rivotril[® ]** pode precipitar o estado de mal epiléptico (crises epilépticas em sequência rápida). Fale com seu médico antes de aumentar a dose ou interromper abruptamente esta medicação. \n\n## **Abuso e dependência do medicamento**"", ""Informe seu médico se estiver amamentando. Se você realmente precisar tomar **Rivotril[®]** , a amamentação deve ser descontinuada. \n\n## **Uso em crianças** \n\nAvaliar o risco / benefício do uso de **Rivotril[® ]** a longo prazo em pacientes pediátricos com distúrbios epilépticos. **Rivotril[® ]** pode aumentar a salivação e as secreções brônquicas em lactentes e crianças pequenas. Atenção:  manter as vias aéreas livres. \n\nNão há dados de eficácia / segurança de **Rivotril[® ]** em menores de 18 anos com distúrbio do pânico. \n\n## **Uso em idosos** \n\nOs efeitos dos benzodiazepínicos parecem ser maiores em pacientes idosos do que em pacientes mais jovens, mesmo em concentrações plasmáticas similares. \n\n## **Principais interações medicamentosas** \n\nInforme seu médico se estiver tomando outros medicamentos, incluindo as substâncias a seguir, pois elas podem interagir com **Rivotril[®]** : \n\n– Depressores do sistema nervoso central e álcool; \n\n– Medicamentos que agem no sistema nervoso: antidepressivos, medicamentos para dormir, alguns analgésicos, antipsicóticos, ansiolíticos, anticonvulsivantes; \n\n– Medicamentos para o estômago. \n\n## **Interações fármaco-alimento** \n\nInterações com alimentos não foram estabelecidas. O suco de toranja pode aumentar o efeito de **Rivotril**[®] . \n\n## **Interações fármaco-laboratório** \n\nInterações com testes laboratoriais não foram estabelecidas. \n\n**Informe ao seu médico ou cirurgião-dentista se você está fazendo uso de algum outro medicamento. Não use medicamento sem o conhecimento do seu médico. Pode ser perigoso para a sua   saúde.**"", ""**Rivotril[® ]** pode precipitar o estado de mal epiléptico (crises epilépticas em sequência rápida). Fale com seu médico antes de aumentar a dose ou interromper abruptamente esta medicação. \n\n## **Abuso e dependência do medicamento** \n\nO uso de benzodiazepínicos pode levar ao desenvolvimento de dependência física e psicológica. O risco de dependência aumenta com a dose, tratamentos prolongados e em pacientes com história de abuso de álcool ou drogas. Em caso de dependência, especialmente com doses elevadas, a descontinuação brusca do tratamento será acompanhada por sintomas de abstinência: psicoses, distúrbio comportamental, tremor, sudorese, agitação, distúrbios do sono e ansiedade, dor de cabeça, diarreia, dores musculares, câimbras, ansiedade extrema, tensão, cansaço, inquietação, alteração de humor, confusão, irritabilidade e convulsões epiléticas que podem ser associadas à doença de base. Em casos graves, desrealização (sentimentos de estranhamento ou distanciamento em relação ao ambiente), despersonalização (processo psíquico, em que se tem a impressão de que se é estranho a si mesmo), hipersensibilidade ao som, à luz, a ruídos e ao contato físico, sensações anormais, formigamentos, alucinações. O risco dos sintomas de abstinência é maior após descontinuação súbita do tratamento, portanto a retirada brusca do medicamento deve ser evitada. O tratamento (mesmo de curta duração) deve ser interrompido pela redução gradativa da dose diária. \n\n## **Efeitos sobre a capacidade de dirigir e operar  máquinas**"", ""3. QUANDO NÃO DEVO USAR ESTE MEDICAMENTO?** \n\n**Rivotril[® ]** é contraindicado a pacientes com hipersensibilidade conhecida a clonazepam ou a qualquer dos excipientes do medicamento, em pacientes com insuficiência respiratória grave ou comprometimento do fígado grave, pois os benzodiazepínicos podem levar à ocorrência de comprometimento do sistema nervoso, secundário ao problema no fígado. \n\n**Rivotril[® ]** comprimidos e **Rivotril[® ]** gotas são contraindicados para o tratamento de transtornos do pânico em pacientes com histórico médico de apneia do sono. \n\n**Rivotril[® ]** é contraindicado a pacientes com glaucoma agudo de ângulo fechado. **Rivotril[® ]** pode ser usado por pacientes com glaucoma de ângulo aberto, desde que estejam recebendo terapia  apropriada. \n\n## **4. O QUE DEVO SABER ANTES DE USAR ESTE   MEDICAMENTO?** \n\nAntes de tomar **Rivotril**[®] , informe seu médico se você tem ou teve: \n\n- 1) outros problemas de saúde, como doenças nos rins ou fígado (por exemplo: cirrose hepática), distúrbio neuromuscular ou respiratório, porfiria (doença em que ocorre deficiência de enzimas específicas na via da biossíntese do heme); \n\n- 2) sinais ou sintomas de depressão e/ou tentativa de suicídio; \n\n- 3) intolerância à galactose (açúcar) ou deficiência de lactase (enzima que quebra a lactose); \n\n4) ataxia cerebelar ou espinhal (descoordenação dos movimentos por problema do cerebelo ou medula); \n\n> 5) uso regular ou intoxicação aguda por álcool ou drogas. \n\nPode ocorrer perda de efeito durante o tratamento com clonazepam."", ""3 \n\n**==> picture [109 x 35] intentionally omitted <==**\n\n## **Todo medicamento deve ser mantido fora do alcance das  crianças.** \n\n## **6. COMO DEVO USAR ESTE  MEDICAMENTO?** \n\nTome os comprimidos por via oral com pouca quantidade de líquido não alcoólico. A dose de **Rivotril[® ]** depende da doença, da resposta clínica, idade e tolerabilidade. \n\nRecomenda-se que o tratamento inicie com doses mais baixas, que podem ser aumentadas se necessário. Siga a orientação médica. \n\n## **Distúrbios epilépticos** \n\n## Adultos \n\nDose inicial: não exceder 1,5 mg/dia, dividida em 3 doses. Aumentar a critério médico. Dose de manutenção: será definida pelo seu médico, de acordo com sua resposta. \n\nDose diária máxima recomendada: 20 mg. \n\nSe você já usa outro anticonvulsivante, avise seu médico. \n\nRecém-nascidos e crianças até 10 anos de idade ou 30 kg de peso \n\nDose inicial média: 0,01 a 0,03 mg/kg/dia. Não exceder 0,05 mg/kg/dia, dividido em 2 ou 3 doses  diárias. \n\nCrianças entre 10 e 16 anos de idade: Dose inicial: 1 a 1,5 mg/dia, dividido em 2 a 3 doses. A dose pode ser aumentada, a critério médico, até atingir a dose de manutenção individual, usualmente de 3 a 6  mg/dia. Sempre que possível, dividir a dose diária em 3 doses iguais. Caso não seja possível, a maior dose deve ser tomada antes de deitar. \n\n## **Transtornos de ansiedade**""]",6.925,5.586
fusion_rag,ollama:medgemma:4b,TYLENOL,dificil,"Como a duração de ação farmacológica de TYLENOL se relaciona com o esquema posológico fracionado recomendado, considerando seu mecanismo de ação e o risco hepatotóxico descritos na bula?",dificil,"TYLENOL reduz a febre atuando no centro regulador da temperatura no sistema nervoso central e diminui a sensibilidade à dor; seu efeito começa 15 a 30 minutos após a administração oral e permanece por 4 a 6 horas. A posologia recomenda doses fracionadas em intervalos de 4 a 6 horas, sem exceder 1000 mg por dose nem 4000 mg por dia em 24 horas. Essa relação indica que o intervalo acompanha a duração do efeito, enquanto os limites por dose e por dia reduzem o risco de superdose, que a bula associa a danos ao fígado.",COMO ESTE MEDICAMENTO FUNCIONA? / COMO DEVO USAR ESTE MEDICAMENTO? / O QUE FAZER SE ALGUÉM USAR UMA QUANTIDADE MAIOR DO QUE A INDICADA DESTE MEDICAMENTO?,"De acordo com a bula do medicamento TYLENOL, consta a seguinte informação: O efeito do paracetamol tem início 15 a 30 minutos após a administração oral e permanece por um período de 4 a 6 horas. A dose diária máxima recomendada é de 4000 mg (8 comprimidos de TYLENOL[® ] 500 mg ou 5 comprimidos de TYLENOL® 750 mg) administrada em doses fracionadas, não excedendo 1000 mg/dose (2 comprimidos de TYLENOL[® ] 500 mg ou 1 comprimido de TYLENOL[® ] 750 mg), em intervalos de 4 a 6 horas, em um período de 24 horas. A duração do tratamento depende do desaparecimento dos sintomas.

---
*Esta resposta se baseia apenas nos trechos da bula recuperados e não substitui orientação médica ou farmacêutica.*","De acordo com a bula do medicamento TYLENOL, consta a seguinte informação: O efeito do paracetamol tem início 15 a 30 minutos após a administração oral e permanece por um período de 4 a 6 horas. A dose diária máxima recomendada é de 4000 mg (8 comprimidos de TYLENOL[® ] 500 mg ou 5 comprimidos de TYLENOL® 750 mg) administrada em doses fracionadas, não excedendo 1000 mg/dose (2 comprimidos de TYLENOL[® ] 500 mg ou 1 comprimido de TYLENOL[® ] 750 mg), em intervalos de 4 a 6 horas, em um período de 24 horas. A duração do tratamento depende do desaparecimento dos sintomas.","O QUE DEVO FAZER QUANDO EU ME ESQUECER DE USAR ESTE MEDICAMENTO?, COMO ESTE MEDICAMENTO FUNCIONA?, QUAIS OS MALES QUE ESTE MEDICAMENTO PODE ME CAUSAR?, COMO DEVO USAR ESTE MEDICAMENTO?","chunk_578c6a49ac86, chunk_d4d5a2d20ab2, chunk_a2180c9f13ba, chunk_7d57d737a19d","[""2. COMO ESTE MEDICAMENTO FUNCIONA?** \n\n**TYLENOL[® ]** reduz a febre atuando no centro regulador da temperatura no Sistema Nervoso Central (SNC) e diminui a sensibilidade a dor. Seu efeito tem início 15 a 30 minutos após a administração oral e permanece por um período de 4 a 6 horas. \n\n## **"", ""6. COMO DEVO USAR ESTE MEDICAMENTO?** \n\nUso oral. Você deve tomar os comprimidos com líquido. O paracetamol pode ser administrado independentemente das refeições. \n\n## **Adultos e crianças acima de 12 anos:** \n\n**TYLENOL[® ] 500 mg:** 1 a 2 comprimidos, 3 a 4 vezes ao dia. \n\n**TYLENOL[® ] 750 mg:** 1 comprimido, 3 a 5 vezes ao dia. \n\nA dose diária máxima recomendada de paracetamol é de 4000 mg ( **8 comprimidos de TYLENOL[® ] 500 mg ou 5 comprimidos de TYLENOL® 750 mg** ) administrada em doses fracionadas, não excedendo 1000 mg/dose ( **2 comprimidos de TYLENOL[® ] 500 mg ou 1 comprimido de TYLENOL[® ] 750 mg** ), em intervalos de 4 a 6 horas, em um período de 24 horas. **Duração do tratamento:** depende do desaparecimento dos sintomas. \n\n**Este medicamento não pode ser partido, aberto ou mastigado.** \n\n**Siga corretamente o modo de usar. Em caso de dúvidas sobre este medicamento, procure orientação do farmacêutico. Não desaparecendo os sintomas, procure orientação médica ou de seu cirurgião-dentista.** \n\n## **"", ""8. QUAIS OS MALES QUE ESTE MEDICAMENTO PODE ME CAUSAR?** \n\nEste medicamento pode causar algumas reações desagradáveis inesperadas. Caso você tenha uma reação alérgica, deve parar de tomar o medicamento. \n\nTYLENOL® - Paciente \n\n**==> picture [114 x 31] intentionally omitted <==**\n\nReação muito rara (ocorre em menos de 0,01% dos pacientes que utilizam este medicamento): urticária, coceira e vermelhidão no corpo, reações alérgicas a este medicamento, aumento das transaminases e erupção fixa medicamentosa. \n\n**Informe ao seu médico, cirurgião-dentista ou farmacêutico o aparecimento de reações indesejáveis pelo uso do medicamento. Informe também à empresa através do seu serviço de atendimento.** \n\n## **"", ""7. O QUE DEVO FAZER QUANDO EU ME ESQUECER DE USAR ESTE MEDICAMENTO?** \n\nSe você se esquecer de tomar uma dose do medicamento, faça-o assim que se lembrar, no caso de ainda haver necessidade, e então ajuste o horário das próximas tomadas. Não tome a dose dobrada para compensar a dose esquecida. \n\n**Em caso de dúvidas, procure orientação do farmacêutico ou de seu médico, ou cirurgiãodentista.** \n\n## **""]",3.737,6.358
fusion_rag,ollama:medgemma:4b,TYLENOL,dificil,"Em um paciente idoso que consome doses abusivas de álcool e tem preocupação com função hepática, quais orientações da bula devem ser integradas antes do uso de TYLENOL?",dificil,"Para idosos, a bula informa que até o momento não são conhecidas restrições específicas ao uso de TYLENOL e que não há necessidade de ajuste de dose nesse grupo etário. Porém, consumidores de doses abusivas de álcool devem consultar o médico para saber se podem tomar TYLENOL ou qualquer outro analgésico. A bula também orienta pacientes com problemas no fígado a consultar o médico antes de usar o medicamento e alerta que doses excessivas acima das recomendadas podem causar danos ao fígado. Portanto, apesar de não haver ajuste específico por idade, o consumo abusivo de álcool e a preocupação hepática exigem consulta médica e respeito rigoroso à dose recomendada.",O QUE DEVO SABER ANTES DE USAR ESTE MEDICAMENTO? / COMO DEVO USAR ESTE MEDICAMENTO? / O QUE FAZER SE ALGUÉM USAR UMA QUANTIDADE MAIOR DO QUE A INDICADA DESTE MEDICAMENTO?,"De acordo com a bula do medicamento TYLENOL, consta a seguinte informação: ""Você não deve tomar mais do que a dose recomendada (superdose) para provocar maior alívio, pois pode causar sérios problemas de saúde. Você deve consultar seu médico se a dor ou febre continuarem ou piorarem, ou se surgirem novos sintomas, pois estes sintomas podem ser sinais de doenças graves. 

**Uso com álcool** : consumidores de doses abusivas de álcool devem consultar seu médico para saber se podem tomar **TYLENOL[® ]** ou qualquer outro analgésico. ""

---
*Esta resposta se baseia apenas nos trechos da bula recuperados e não substitui orientação médica ou farmacêutica. É recomendável consultar um profissional de saúde para orientação individualizada.*","De acordo com a bula do medicamento TYLENOL, consta a seguinte informação: ""Você não deve tomar mais do que a dose recomendada (superdose) para provocar maior alívio, pois pode causar sérios problemas de saúde. Você deve consultar seu médico se a dor ou febre continuarem ou piorarem, ou se surgirem novos sintomas, pois estes sintomas podem ser sinais de doenças graves. 

**Uso com álcool** : consumidores de doses abusivas de álcool devem consultar seu médico para saber se podem tomar **TYLENOL[® ]** ou qualquer outro analgésico. ""","QUANDO NÃO DEVO USAR ESTE MEDICAMENTO?, O QUE DEVO SABER ANTES DE USAR ESTE MEDICAMENTO?, QUAIS OS MALES QUE ESTE MEDICAMENTO PODE ME CAUSAR?, COMO DEVO USAR ESTE MEDICAMENTO?","chunk_97251e7ccd85, chunk_01578455e892, chunk_77f72cabf81a, chunk_a2180c9f13ba, chunk_d4d5a2d20ab2","[""4. O QUE DEVO SABER ANTES DE USAR ESTE MEDICAMENTO?** \n\nTYLENOL® - Paciente \n\n**==> picture [114 x 31] intentionally omitted <==**\n\nVocê não deve tomar mais do que a dose recomendada (superdose) para provocar maior alívio, pois pode causar sérios problemas de saúde. Você deve consultar seu médico se a dor ou febre continuarem ou piorarem, ou se surgirem novos sintomas, pois estes sintomas podem ser sinais de doenças graves. \n\n**Uso com álcool** : consumidores de doses abusivas de álcool devem consultar seu médico para saber se podem tomar **TYLENOL[® ]** ou qualquer outro analgésico. \n\n## **Gravidez e Amamentação** \n\n## Se você estiver grávida ou amamentando, consulte o seu médico antes de usar este medicamento. **Este medicamento não deve ser utilizado por mulheres grávidas sem orientação médica ou do cirurgião-dentista.** \n\n**Uso em pacientes com problemas no fígado** : Consulte seu médico antes de usar o medicamento. **Uso em idosos** : Até o momento não são conhecidas restrições específicas ao uso de **TYLENOL[® ]** por pacientes idosos. Não existe necessidade de ajuste de dose neste grupo etário. Muito raramente, foram relatadas reações cutâneas graves em pacientes que administraram paracetamol. Os sintomas podem incluir: vermelhidão na pele, bolhas e erupções cutâneas. Se ocorrerem reações cutâneas ou piora de problemas de pele já existentes, interrompa o uso do medicamento e procure ajuda médica imediatamente. \n\n## **Não use outro produto que contenha paracetamol.** \n\n## **O paracetamol nas doses terapêuticas não foi associado à irritação gástrica.**"", ""## **Não use outro produto que contenha paracetamol.** \n\n## **O paracetamol nas doses terapêuticas não foi associado à irritação gástrica.** \n\nSe você tem pressão alta, não use este produto por mais tempo do que o indicado no rótulo, a menos que indicado por um médico. \n\nA absorção de **TYLENOL[® ]** é mais rápida se você estiver em jejum. Os alimentos podem afetar a velocidade da absorção, mas não a quantidade absorvida do medicamento. A interferência do paracetamol na metabolização de outros medicamentos e a influência destes medicamentos na ação e na toxicidade do paracetamol, em geral, não são relevantes. \n\n**Consulte seu médico antes de utilizar este medicamento se você está tomando flucloxacilina (penicilina - um antibiótico), varfarina (anticoagulante) ou outros derivados cumarínicos.** \n\n**Informe ao seu médico ou cirurgião-dentista se você está fazendo uso de algum outro medicamento.** \n\n**"", ""3. QUANDO NÃO DEVO USAR ESTE MEDICAMENTO?** \n\nVocê não deve usar **TYLENOL[® ]** se possuir alergia ao paracetamol ou a qualquer componente de sua fórmula. \n\n**Este medicamento é contraindicado para menores de 12 anos.** \n\n## **"", ""8. QUAIS OS MALES QUE ESTE MEDICAMENTO PODE ME CAUSAR?** \n\nEste medicamento pode causar algumas reações desagradáveis inesperadas. Caso você tenha uma reação alérgica, deve parar de tomar o medicamento. \n\nTYLENOL® - Paciente \n\n**==> picture [114 x 31] intentionally omitted <==**\n\nReação muito rara (ocorre em menos de 0,01% dos pacientes que utilizam este medicamento): urticária, coceira e vermelhidão no corpo, reações alérgicas a este medicamento, aumento das transaminases e erupção fixa medicamentosa. \n\n**Informe ao seu médico, cirurgião-dentista ou farmacêutico o aparecimento de reações indesejáveis pelo uso do medicamento. Informe também à empresa através do seu serviço de atendimento.** \n\n## **"", ""6. COMO DEVO USAR ESTE MEDICAMENTO?** \n\nUso oral. Você deve tomar os comprimidos com líquido. O paracetamol pode ser administrado independentemente das refeições. \n\n## **Adultos e crianças acima de 12 anos:** \n\n**TYLENOL[® ] 500 mg:** 1 a 2 comprimidos, 3 a 4 vezes ao dia. \n\n**TYLENOL[® ] 750 mg:** 1 comprimido, 3 a 5 vezes ao dia. \n\nA dose diária máxima recomendada de paracetamol é de 4000 mg ( **8 comprimidos de TYLENOL[® ] 500 mg ou 5 comprimidos de TYLENOL® 750 mg** ) administrada em doses fracionadas, não excedendo 1000 mg/dose ( **2 comprimidos de TYLENOL[® ] 500 mg ou 1 comprimido de TYLENOL[® ] 750 mg** ), em intervalos de 4 a 6 horas, em um período de 24 horas. **Duração do tratamento:** depende do desaparecimento dos sintomas. \n\n**Este medicamento não pode ser partido, aberto ou mastigado.** \n\n**Siga corretamente o modo de usar. Em caso de dúvidas sobre este medicamento, procure orientação do farmacêutico. Não desaparecendo os sintomas, procure orientação médica ou de seu cirurgião-dentista.** \n\n## **""]",4.386,5.913
fusion_rag,ollama:medgemma:4b,TYLENOL,dificil,"Ao avaliar TYLENOL para um adolescente de 11 anos e para um paciente idoso, o que a bula permite concluir sobre contraindicação, faixa etária de uso e necessidade de ajuste de dose, e quais limites ela não explica?",dificil,"A bula informa que TYLENOL comprimidos revestidos é de uso adulto e pediátrico acima de 12 anos e contraindicado para menores de 12 anos; portanto, o adolescente de 11 anos não deve usar essa apresentação segundo a bula. Para idosos, a bula informa que não são conhecidas restrições específicas e que não há necessidade de ajuste de dose nesse grupo etário. A bula não fornece a justificativa clínica detalhada para a contraindicação em menores de 12 anos nem para a ausência de ajuste em idosos; apenas estabelece essas orientações.",APRESENTAÇÕES / QUANDO NÃO DEVO USAR ESTE MEDICAMENTO? / O QUE DEVO SABER ANTES DE USAR ESTE MEDICAMENTO? / COMO DEVO USAR ESTE MEDICAMENTO?,"De acordo com a bula do medicamento TYLENOL, consta a seguinte informação:

*   **Contraindicação:** O TYLENOL é contraindicado para menores de 12 anos.
*   **Faixa etária de uso:** Para pacientes idosos, não há restrições específicas ao uso do TYLENOL. Não existe necessidade de ajuste de dose neste grupo etário.
*   **Necessidade de ajuste de dose:** A bula não explica a necessidade de ajuste de dose para adolescentes de 11 anos.
*   **Limites não explicados:** A bula não explica os limites da dose diária máxima recomendada de paracetamol (4000 mg) administrada em doses fracionadas, nem o período de duração do tratamento.

---
*Esta resposta se baseia apenas nos trechos da bula recuperados e não substitui orientação médica ou farmacêutica. É recomendável consultar um profissional de saúde para orientação individualizada.*","De acordo com a bula do medicamento TYLENOL, consta a seguinte informação:

*   **Contraindicação:** O TYLENOL é contraindicado para menores de 12 anos.
*   **Faixa etária de uso:** Para pacientes idosos, não há restrições específicas ao uso do TYLENOL. Não existe necessidade de ajuste de dose neste grupo etário.
*   **Necessidade de ajuste de dose:** A bula não explica a necessidade de ajuste de dose para adolescentes de 11 anos.
*   **Limites não explicados:** A bula não explica os limites da dose diária máxima recomendada de paracetamol (4000 mg) administrada em doses fracionadas, nem o período de duração do tratamento.","QUANDO NÃO DEVO USAR ESTE MEDICAMENTO?, COMO ESTE MEDICAMENTO FUNCIONA?, O QUE DEVO SABER ANTES DE USAR ESTE MEDICAMENTO?, COMO DEVO USAR ESTE MEDICAMENTO?","chunk_97251e7ccd85, chunk_77f72cabf81a, chunk_d4d5a2d20ab2, chunk_01578455e892, chunk_578c6a49ac86","[""4. O QUE DEVO SABER ANTES DE USAR ESTE MEDICAMENTO?** \n\nTYLENOL® - Paciente \n\n**==> picture [114 x 31] intentionally omitted <==**\n\nVocê não deve tomar mais do que a dose recomendada (superdose) para provocar maior alívio, pois pode causar sérios problemas de saúde. Você deve consultar seu médico se a dor ou febre continuarem ou piorarem, ou se surgirem novos sintomas, pois estes sintomas podem ser sinais de doenças graves. \n\n**Uso com álcool** : consumidores de doses abusivas de álcool devem consultar seu médico para saber se podem tomar **TYLENOL[® ]** ou qualquer outro analgésico. \n\n## **Gravidez e Amamentação** \n\n## Se você estiver grávida ou amamentando, consulte o seu médico antes de usar este medicamento. **Este medicamento não deve ser utilizado por mulheres grávidas sem orientação médica ou do cirurgião-dentista.** \n\n**Uso em pacientes com problemas no fígado** : Consulte seu médico antes de usar o medicamento. **Uso em idosos** : Até o momento não são conhecidas restrições específicas ao uso de **TYLENOL[® ]** por pacientes idosos. Não existe necessidade de ajuste de dose neste grupo etário. Muito raramente, foram relatadas reações cutâneas graves em pacientes que administraram paracetamol. Os sintomas podem incluir: vermelhidão na pele, bolhas e erupções cutâneas. Se ocorrerem reações cutâneas ou piora de problemas de pele já existentes, interrompa o uso do medicamento e procure ajuda médica imediatamente. \n\n## **Não use outro produto que contenha paracetamol.** \n\n## **O paracetamol nas doses terapêuticas não foi associado à irritação gástrica.**"", ""3. QUANDO NÃO DEVO USAR ESTE MEDICAMENTO?** \n\nVocê não deve usar **TYLENOL[® ]** se possuir alergia ao paracetamol ou a qualquer componente de sua fórmula. \n\n**Este medicamento é contraindicado para menores de 12 anos.** \n\n## **"", ""6. COMO DEVO USAR ESTE MEDICAMENTO?** \n\nUso oral. Você deve tomar os comprimidos com líquido. O paracetamol pode ser administrado independentemente das refeições. \n\n## **Adultos e crianças acima de 12 anos:** \n\n**TYLENOL[® ] 500 mg:** 1 a 2 comprimidos, 3 a 4 vezes ao dia. \n\n**TYLENOL[® ] 750 mg:** 1 comprimido, 3 a 5 vezes ao dia. \n\nA dose diária máxima recomendada de paracetamol é de 4000 mg ( **8 comprimidos de TYLENOL[® ] 500 mg ou 5 comprimidos de TYLENOL® 750 mg** ) administrada em doses fracionadas, não excedendo 1000 mg/dose ( **2 comprimidos de TYLENOL[® ] 500 mg ou 1 comprimido de TYLENOL[® ] 750 mg** ), em intervalos de 4 a 6 horas, em um período de 24 horas. **Duração do tratamento:** depende do desaparecimento dos sintomas. \n\n**Este medicamento não pode ser partido, aberto ou mastigado.** \n\n**Siga corretamente o modo de usar. Em caso de dúvidas sobre este medicamento, procure orientação do farmacêutico. Não desaparecendo os sintomas, procure orientação médica ou de seu cirurgião-dentista.** \n\n## **"", ""## **Não use outro produto que contenha paracetamol.** \n\n## **O paracetamol nas doses terapêuticas não foi associado à irritação gástrica.** \n\nSe você tem pressão alta, não use este produto por mais tempo do que o indicado no rótulo, a menos que indicado por um médico. \n\nA absorção de **TYLENOL[® ]** é mais rápida se você estiver em jejum. Os alimentos podem afetar a velocidade da absorção, mas não a quantidade absorvida do medicamento. A interferência do paracetamol na metabolização de outros medicamentos e a influência destes medicamentos na ação e na toxicidade do paracetamol, em geral, não são relevantes. \n\n**Consulte seu médico antes de utilizar este medicamento se você está tomando flucloxacilina (penicilina - um antibiótico), varfarina (anticoagulante) ou outros derivados cumarínicos.** \n\n**Informe ao seu médico ou cirurgião-dentista se você está fazendo uso de algum outro medicamento.** \n\n**"", ""2. COMO ESTE MEDICAMENTO FUNCIONA?** \n\n**TYLENOL[® ]** reduz a febre atuando no centro regulador da temperatura no Sistema Nervoso Central (SNC) e diminui a sensibilidade a dor. Seu efeito tem início 15 a 30 minutos após a administração oral e permanece por um período de 4 a 6 horas. \n\n## **""]",8.446,6.092
fusion_rag,ollama:medgemma:4b,TYLENOL,dificil,"Para um paciente com dor leve associada à artrite, hipertensão e preocupação com irritação gástrica, quais benefícios e cautelas sobre TYLENOL podem ser inferidos exclusivamente da bula?",dificil,"A bula indica TYLENOL para alívio temporário de dores leves a moderadas, incluindo dores leves associadas a artrites. Também informa que o paracetamol em doses terapêuticas não foi associado à irritação gástrica, o que pode ser considerado um ponto favorável para o paciente preocupado com esse efeito. Porém, se o paciente tem pressão alta, a bula orienta não usar o produto por mais tempo do que o indicado no rótulo, a menos que indicado por um médico. A resposta deve respeitar que a bula não compara TYLENOL diretamente com outros analgésicos ou anti-inflamatórios.",PARA QUE ESTE MEDICAMENTO É INDICADO? / O QUE DEVO SABER ANTES DE USAR ESTE MEDICAMENTO?,"De acordo com a bula do medicamento TYLENOL, consta a seguinte informação:

*   **Benefícios:** O TYLENOL é indicado para o alívio temporário de dores leves a moderadas associadas a resfriados comuns, dor de cabeça, dor no corpo, dor de dente, dor nas costas, dores musculares, dores leves associadas a artrites e cólicas menstruais.
*   **Cautelas:** O TYLENOL pode causar algumas reações desagradáveis inesperadas. É importante seguir corretamente o modo de usar e procurar orientação do farmacêutico em caso de dúvidas. Em caso de não desaparecimento dos sintomas, é necessário procurar orientação médica ou de seu cirurgião-dentista.
*   **Considerações sobre a hipertensão:** A bula não menciona especificamente a interação com a hipertensão. No entanto, o paracetamol (o princípio ativo do TYLENOL) geralmente é considerado seguro para pessoas com hipertensão, desde que a dose seja adequada e não haja outras condições médicas preexistentes. É importante monitorar a pressão arterial regularmente e consultar um médico se houver qualquer preocupação.
*   **Considerações sobre a irritação gástrica:** O TYLENOL pode causar desconforto gastrointestinal em algumas pessoas. Para minimizar o risco de irritação gástrica, é recomendado tomar o medicamento com líquido e seguir as instruções de dosagem.

Na bula consultada de TYLENOL, não constam informações sobre essa pergunta.

---
*Esta resposta se baseia apenas nos trechos da bula recuperados e não substitui orientação médica ou farmacêutica. É recomendável consultar um profissional de saúde para orientação individualizada.*","De acordo com a bula do medicamento TYLENOL, consta a seguinte informação:

*   **Benefícios:** O TYLENOL é indicado para o alívio temporário de dores leves a moderadas associadas a resfriados comuns, dor de cabeça, dor no corpo, dor de dente, dor nas costas, dores musculares, dores leves associadas a artrites e cólicas menstruais.
*   **Cautelas:** O TYLENOL pode causar algumas reações desagradáveis inesperadas. É importante seguir corretamente o modo de usar e procurar orientação do farmacêutico em caso de dúvidas. Em caso de não desaparecimento dos sintomas, é necessário procurar orientação médica ou de seu cirurgião-dentista.
*   **Considerações sobre a hipertensão:** A bula não menciona especificamente a interação com a hipertensão. No entanto, o paracetamol (o princípio ativo do TYLENOL) geralmente é considerado seguro para pessoas com hipertensão, desde que a dose seja adequada e não haja outras condições médicas preexistentes. É importante monitorar a pressão arterial regularmente e consultar um médico se houver qualquer preocupação.
*   **Considerações sobre a irritação gástrica:** O TYLENOL pode causar desconforto gastrointestinal em algumas pessoas. Para minimizar o risco de irritação gástrica, é recomendado tomar o medicamento com líquido e seguir as instruções de dosagem.

Na bula consultada de TYLENOL, não constam informações sobre essa pergunta.","O QUE DEVO FAZER QUANDO EU ME ESQUECER DE USAR ESTE MEDICAMENTO?, PARA QUE ESTE MEDICAMENTO É INDICADO?, COMO ESTE MEDICAMENTO FUNCIONA?, QUAIS OS MALES QUE ESTE MEDICAMENTO PODE ME CAUSAR?, COMO DEVO USAR ESTE MEDICAMENTO?","chunk_578c6a49ac86, chunk_a508cae3796b, chunk_d4d5a2d20ab2, chunk_a2180c9f13ba, chunk_7d57d737a19d","[""2. COMO ESTE MEDICAMENTO FUNCIONA?** \n\n**TYLENOL[® ]** reduz a febre atuando no centro regulador da temperatura no Sistema Nervoso Central (SNC) e diminui a sensibilidade a dor. Seu efeito tem início 15 a 30 minutos após a administração oral e permanece por um período de 4 a 6 horas. \n\n## **"", ""1. PARA QUE ESTE MEDICAMENTO É INDICADO?** \n\nEste medicamento é indicado para a redução da febre e para o alívio temporário de dores leves a moderadas, tais como: dores associadas a resfriados comuns, dor de cabeça, dor no corpo, dor de dente, dor nas costas, dores musculares, dores leves associadas a artrites e cólicas menstruais. \n\n## **"", ""6. COMO DEVO USAR ESTE MEDICAMENTO?** \n\nUso oral. Você deve tomar os comprimidos com líquido. O paracetamol pode ser administrado independentemente das refeições. \n\n## **Adultos e crianças acima de 12 anos:** \n\n**TYLENOL[® ] 500 mg:** 1 a 2 comprimidos, 3 a 4 vezes ao dia. \n\n**TYLENOL[® ] 750 mg:** 1 comprimido, 3 a 5 vezes ao dia. \n\nA dose diária máxima recomendada de paracetamol é de 4000 mg ( **8 comprimidos de TYLENOL[® ] 500 mg ou 5 comprimidos de TYLENOL® 750 mg** ) administrada em doses fracionadas, não excedendo 1000 mg/dose ( **2 comprimidos de TYLENOL[® ] 500 mg ou 1 comprimido de TYLENOL[® ] 750 mg** ), em intervalos de 4 a 6 horas, em um período de 24 horas. **Duração do tratamento:** depende do desaparecimento dos sintomas. \n\n**Este medicamento não pode ser partido, aberto ou mastigado.** \n\n**Siga corretamente o modo de usar. Em caso de dúvidas sobre este medicamento, procure orientação do farmacêutico. Não desaparecendo os sintomas, procure orientação médica ou de seu cirurgião-dentista.** \n\n## **"", ""8. QUAIS OS MALES QUE ESTE MEDICAMENTO PODE ME CAUSAR?** \n\nEste medicamento pode causar algumas reações desagradáveis inesperadas. Caso você tenha uma reação alérgica, deve parar de tomar o medicamento. \n\nTYLENOL® - Paciente \n\n**==> picture [114 x 31] intentionally omitted <==**\n\nReação muito rara (ocorre em menos de 0,01% dos pacientes que utilizam este medicamento): urticária, coceira e vermelhidão no corpo, reações alérgicas a este medicamento, aumento das transaminases e erupção fixa medicamentosa. \n\n**Informe ao seu médico, cirurgião-dentista ou farmacêutico o aparecimento de reações indesejáveis pelo uso do medicamento. Informe também à empresa através do seu serviço de atendimento.** \n\n## **"", ""7. O QUE DEVO FAZER QUANDO EU ME ESQUECER DE USAR ESTE MEDICAMENTO?** \n\nSe você se esquecer de tomar uma dose do medicamento, faça-o assim que se lembrar, no caso de ainda haver necessidade, e então ajuste o horário das próximas tomadas. Não tome a dose dobrada para compensar a dose esquecida. \n\n**Em caso de dúvidas, procure orientação do farmacêutico ou de seu médico, ou cirurgiãodentista.** \n\n## **""]",5.31,9.188
fusion_rag,ollama:medgemma:4b,TYLENOL,dificil,"Em um paciente que usa flucloxacilina e varfarina ou outros derivados cumarínicos, quais orientações a bula dá antes do uso de TYLENOL e quais riscos descritos na bula tornam essa cautela clinicamente relevante?",dificil,"A bula orienta consultar o médico antes de utilizar TYLENOL se o paciente estiver tomando flucloxacilina, varfarina ou outros derivados cumarínicos. Também orienta informar ao médico ou cirurgião-dentista se estiver fazendo uso de outro medicamento. A cautela é clinicamente relevante porque a bula descreve aumento de transaminases como reação muito rara e danos ao fígado em superdose, além de orientar consulta médica em pacientes com problemas no fígado e em consumidores de doses abusivas de álcool. A bula não fornece mecanismo detalhado nem conduta específica de monitoramento para essas interações.",O QUE DEVO SABER ANTES DE USAR ESTE MEDICAMENTO? / QUAIS OS MALES QUE ESTE MEDICAMENTO PODE ME CAUSAR? / O QUE FAZER SE ALGUÉM USAR UMA QUANTIDADE MAIOR DO QUE A INDICADA DESTE MEDICAMENTO?,"De acordo com a bula do medicamento TYLENOL, consta a seguinte informação: Consulte seu médico antes de utilizar este medicamento se você está tomando flucloxacilina (penicilina - um antibiótico), varfarina (anticoagulante) ou outros derivados cumarínicos.

---
*Esta resposta se baseia apenas nos trechos da bula recuperados e não substitui orientação médica ou farmacêutica.*","De acordo com a bula do medicamento TYLENOL, consta a seguinte informação: Consulte seu médico antes de utilizar este medicamento se você está tomando flucloxacilina (penicilina - um antibiótico), varfarina (anticoagulante) ou outros derivados cumarínicos.","QUANDO NÃO DEVO USAR ESTE MEDICAMENTO?, O QUE DEVO FAZER QUANDO EU ME ESQUECER DE USAR ESTE MEDICAMENTO?, O QUE DEVO SABER ANTES DE USAR ESTE MEDICAMENTO?, COMO DEVO USAR ESTE MEDICAMENTO?","chunk_01578455e892, chunk_97251e7ccd85, chunk_d4d5a2d20ab2, chunk_77f72cabf81a, chunk_7d57d737a19d","[""## **Não use outro produto que contenha paracetamol.** \n\n## **O paracetamol nas doses terapêuticas não foi associado à irritação gástrica.** \n\nSe você tem pressão alta, não use este produto por mais tempo do que o indicado no rótulo, a menos que indicado por um médico. \n\nA absorção de **TYLENOL[® ]** é mais rápida se você estiver em jejum. Os alimentos podem afetar a velocidade da absorção, mas não a quantidade absorvida do medicamento. A interferência do paracetamol na metabolização de outros medicamentos e a influência destes medicamentos na ação e na toxicidade do paracetamol, em geral, não são relevantes. \n\n**Consulte seu médico antes de utilizar este medicamento se você está tomando flucloxacilina (penicilina - um antibiótico), varfarina (anticoagulante) ou outros derivados cumarínicos.** \n\n**Informe ao seu médico ou cirurgião-dentista se você está fazendo uso de algum outro medicamento.** \n\n**"", ""4. O QUE DEVO SABER ANTES DE USAR ESTE MEDICAMENTO?** \n\nTYLENOL® - Paciente \n\n**==> picture [114 x 31] intentionally omitted <==**\n\nVocê não deve tomar mais do que a dose recomendada (superdose) para provocar maior alívio, pois pode causar sérios problemas de saúde. Você deve consultar seu médico se a dor ou febre continuarem ou piorarem, ou se surgirem novos sintomas, pois estes sintomas podem ser sinais de doenças graves. \n\n**Uso com álcool** : consumidores de doses abusivas de álcool devem consultar seu médico para saber se podem tomar **TYLENOL[® ]** ou qualquer outro analgésico. \n\n## **Gravidez e Amamentação** \n\n## Se você estiver grávida ou amamentando, consulte o seu médico antes de usar este medicamento. **Este medicamento não deve ser utilizado por mulheres grávidas sem orientação médica ou do cirurgião-dentista.** \n\n**Uso em pacientes com problemas no fígado** : Consulte seu médico antes de usar o medicamento. **Uso em idosos** : Até o momento não são conhecidas restrições específicas ao uso de **TYLENOL[® ]** por pacientes idosos. Não existe necessidade de ajuste de dose neste grupo etário. Muito raramente, foram relatadas reações cutâneas graves em pacientes que administraram paracetamol. Os sintomas podem incluir: vermelhidão na pele, bolhas e erupções cutâneas. Se ocorrerem reações cutâneas ou piora de problemas de pele já existentes, interrompa o uso do medicamento e procure ajuda médica imediatamente. \n\n## **Não use outro produto que contenha paracetamol.** \n\n## **O paracetamol nas doses terapêuticas não foi associado à irritação gástrica.**"", ""6. COMO DEVO USAR ESTE MEDICAMENTO?** \n\nUso oral. Você deve tomar os comprimidos com líquido. O paracetamol pode ser administrado independentemente das refeições. \n\n## **Adultos e crianças acima de 12 anos:** \n\n**TYLENOL[® ] 500 mg:** 1 a 2 comprimidos, 3 a 4 vezes ao dia. \n\n**TYLENOL[® ] 750 mg:** 1 comprimido, 3 a 5 vezes ao dia. \n\nA dose diária máxima recomendada de paracetamol é de 4000 mg ( **8 comprimidos de TYLENOL[® ] 500 mg ou 5 comprimidos de TYLENOL® 750 mg** ) administrada em doses fracionadas, não excedendo 1000 mg/dose ( **2 comprimidos de TYLENOL[® ] 500 mg ou 1 comprimido de TYLENOL[® ] 750 mg** ), em intervalos de 4 a 6 horas, em um período de 24 horas. **Duração do tratamento:** depende do desaparecimento dos sintomas. \n\n**Este medicamento não pode ser partido, aberto ou mastigado.** \n\n**Siga corretamente o modo de usar. Em caso de dúvidas sobre este medicamento, procure orientação do farmacêutico. Não desaparecendo os sintomas, procure orientação médica ou de seu cirurgião-dentista.** \n\n## **"", ""3. QUANDO NÃO DEVO USAR ESTE MEDICAMENTO?** \n\nVocê não deve usar **TYLENOL[® ]** se possuir alergia ao paracetamol ou a qualquer componente de sua fórmula. \n\n**Este medicamento é contraindicado para menores de 12 anos.** \n\n## **"", ""7. O QUE DEVO FAZER QUANDO EU ME ESQUECER DE USAR ESTE MEDICAMENTO?** \n\nSe você se esquecer de tomar uma dose do medicamento, faça-o assim que se lembrar, no caso de ainda haver necessidade, e então ajuste o horário das próximas tomadas. Não tome a dose dobrada para compensar a dose esquecida. \n\n**Em caso de dúvidas, procure orientação do farmacêutico ou de seu médico, ou cirurgiãodentista.** \n\n## **""]",6.295,3.456
