pipeline,modelo,nome_remedio,pergunta,dificuldade,resposta_esperada,secoes_esperadas,resposta_gerada,resposta_crua,secoes_recuperadas,chunk_ids_recuperados,textos_recuperados,tempo_recuperacao_segundos,tempo_inferencia_segundos,guarded_planner_primary,guarded_planner_secondary,guarded_planner_safety,guarded_expanded_sections,guarded_confidence,guarded_fallback_triggered,guarded_debug_trace
guarded_hybrid_agentic_fusion_rag,ollama:medgemma:4b,AMOXIL,Para que serve o Amoxil?,facil,Amoxil é um antibiótico indicado para o tratamento de infecções bacterianas causadas por germes sensíveis à ação da amoxicilina.,PARA QUE ESTE MEDICAMENTO É INDICADO?,"De acordo com a bula do medicamento AMOXIL, consta a seguinte informação: Para que este medicamento é indicado? Amoxil[®] , antibiótico eficaz contra grande variedade de bactérias, é indicado para tratamento de infecções bacterianas causadas por germes sensíveis à ação da amoxicilina. Entretanto, seu médico pode receitar este medicamento para outro uso. Se desejar mais informações, pergunte ao seu médico.

---
*Esta resposta se baseia apenas nos trechos da bula recuperados e não substitui orientação médica ou farmacêutica.*","De acordo com a bula do medicamento AMOXIL, consta a seguinte informação: Para que este medicamento é indicado? Amoxil[®] , antibiótico eficaz contra grande variedade de bactérias, é indicado para tratamento de infecções bacterianas causadas por germes sensíveis à ação da amoxicilina. Entretanto, seu médico pode receitar este medicamento para outro uso. Se desejar mais informações, pergunte ao seu médico.","PARA QUE ESTE MEDICAMENTO É INDICADO?, COMO DEVO USAR ESTE MEDICAMENTO?, O QUE DEVO SABER ANTES DE USAR ESTE MEDICAMENTO?, QUANDO NÃO DEVO USAR ESTE MEDICAMENTO?, COMO ESTE MEDICAMENTO FUNCIONA?","chunk_29c1314f7e21, chunk_4cbe37a723e5, chunk_9514da6bb24d, chunk_6fd3c193ea42, chunk_6db122270a0d, chunk_e3c9fe99e5cd, chunk_11cbb1217441","[""PARA QUE ESTE MEDICAMENTO É INDICADO?** \n\n**Amoxil[®]** , antibiótico eficaz contra grande variedade de bactérias, é indicado para tratamento de infecções bacterianas causadas por germes sensíveis à ação da amoxicilina. Entretanto, seu médico pode receitar este medicamento para outro uso. Se desejar mais informações, pergunte ao seu médico. \n\n## **2."", ""PARA QUE ESTE MEDICAMENTO É INDICADO?** \n\n**Amoxil[®]** , um antibiótico eficaz contra grande variedade de bactérias, é indicado para tratamento de infecções bacterianas causadas por germes sensíveis à ação da amoxicilina. Entretanto, seu médico pode receitar este medicamento para outro uso. Se desejar mais informações, pergunte ao seu médico. \n\n## **2."", ""COMO ESTE MEDICAMENTO FUNCIONA?** \n\n**Amoxil[®]** contém uma penicilina chamada amoxicilina como ingrediente ativo. A amoxicilina pertence ao grupo dos antibióticos penicilânicos. **Amoxil[®]** é usado no tratamento de uma gama de infecções causadas por bactérias, que podem manifestar-se nos pulmões (pneumonia e bronquite), nas amígdalas (amigdalite), nos seios da face (sinusite), no trato urinário e genital, na pele e nas mucosas. **Amoxil[®]** atua destruindo as bactérias que causam essas infecções. \n\n## **3."", ""utâneas severas, dor no peito, vômitos repetitivos dentro de 1 a 4 horas após a administração de **Amoxil[®]** ou diarreia grave (colite pseudomembranosa). Você deve estar atento a determinados sintomas enquanto estiver recebendo **Amoxil[®]** para ajudar a reduzir o risco de quaisquer problemas. \n\n## **Efeitos sobre a capacidade de dirigir veículos e de operar máquinas** \n\nNão se observaram efeitos adversos sobre a capacidade de dirigir veículos e de operar máquinas. \n\n## **Gravidez e amamentação** \n\n**Amoxil[®]** pode ser usado na gravidez desde que os benefícios potenciais sejam maiores que os riscos potenciais associados ao tratamento. Informe seu médico se você estiver grávida ou suspeitar que está grávida. Você não deve tomar este medicamento se estiver grávida, exceto se seu médico recomendar. \n\nVocê pode amamentar seu bebê enquanto estiver tomando **Amoxil[®]** , mas há excreção de quantidades mínimas de amoxicilina no leite materno. Se você estiver amamentando, informe ao seu médico antes de iniciar o tratamento com **Amoxil[®]** . \n\n## **Este medicamento não deve ser utilizado por mulheres grávidas sem orientação médica ou do cirurgião-dentista.** \n\n**Uso compatível com o aleitamento ou doação de leite humano. O uso desse medicamento não interfere no aleitamento do bebê.** \n\n## **Atenção: Contém fenilalanina.** \n\n**Este produto contém benzoato de sódio, que pode causar reações alérgicas, como asma, especialmente em pessoas alérgicas ao ácido acetilsalicílico.** \n\n## **Uso em idosos, crianças e outros grupos de risco**"", ""COMO DEVO USAR ESTE MEDICAMENTO?** \n\n## **Modo de usar** \n\nSiga as orientações de seu médico sobre a maneira e a hora correta de tomar o medicamento. Ele vai decidir a quantidade diária que você precisa e o tempo durante o qual você deve usar o medicamento. \n\nLeia esta bula com cautela. Se você tiver alguma dúvida, fale com seu médico. \n\nRecomenda-se ingerir o medicamento nas refeições, embora ele continue eficaz mesmo que você o tome em outros horários. \n\nContinue tomando este medicamento até o fim do tratamento prescrito pelo médico. Não pare somente porque se sente melhor. \n\n## Preparo da suspensão \n\n1. Verifique se o selo está intacto antes do uso do produto \n\n2. Para soltar o pó que fica no fundo do frasco, agite-o antes de abri-lo. Isso facilitará a reconstituição. \n\n3. Ponha água filtrada no frasco até a marca indicada e agite-o bem para misturar totalmente o pó com a água. \n\n4. Se a mistura não atingir a marca indicada, espere a espuma baixar e complete (lentamente) com água filtrada. Agite de novo o frasco e espere a espuma baixar até que a solução atinja exatamente a marca indicada. \n\nUtilize a colher dosadora para tomar o medicamento. \n\nA suspensão oral, após a reconstituição, ficará estável por 14 dias se for conservada em geladeira (entre 2[o] C e 8[o] C). \n\n## **Agite a suspensão oral antes de usá-la.** \n\n3 \n\n**==> picture [86 x 28] intentionally omitted <==**\n\n## Modelo de Texto de Bula – Pacientes Amoxil[®] Pó para suspensão oral \n\n## **Posologia** \n\n## **Dose para adultos e crianças acima de 40 kg**"", ""O QUE DEVO SABER ANTES DE USAR ESTE MEDICAMENTO?** \n\n**Amoxil**[] suspensão contém aspartamo, que é fonte de fenilalanina e deve ser usado com cautela em pacientes com fenilcetonúria. Informe seu médico caso você tenha uma doença chamada fenilcetonúria. Antes de iniciar o tratamento com **Amoxil**[] , informe seu médico: \n\n- se você já apresentou reação alérgica a algum antibiótico. Isso pode incluir reações na pele ou inchaço na face ou pescoço ou dores no peito. \n\n1 \n\n**==> picture [86 x 28] intentionally omitted <==**\n\n## Modelo de Texto de Bula – Pacientes Amoxil[®] Pó para suspensão oral \n\n- se você apresenta febre glandular. \n\n- se você toma medicamentos usados para prevenir coágulos sanguíneos (anticoagulantes), tais como varfarina, o seu médico fará um monitoramento e, se necessário, poderá sugerir ajustes na dose dos anticoagulantes. \n\n- se você apresenta problema nos rins. \n\n- se você não estiver urinando regularmente. \n\n- se você já teve diarreia durante ou após o uso de antibióticos. \n\nO uso prolongado também pode resultar, ocasionalmente, em supercrescimento de microrganismos resistentes a **Amoxil[®]** . \n\n**Amoxil[®]** pode piorar algumas condições existentes ou causar efeitos colaterais graves, como reações alérgicas severas, reações cutâneas severas, dor no peito, vômitos repetitivos dentro de 1 a 4 horas após a administração de **Amoxil[®]** ou diarreia grave (colite pseudomembranosa). Você deve estar atento a determinados sintomas enquanto estiver recebendo **Amoxil[®]** para ajudar a reduzir o risco de quaisquer problemas."", ""íase grave). A alimentação não interfere na ação de **Amoxil[®]** , que pode ser ingerido nas refeições. \n\n**Informe ao seu médico ou cirurgião-dentista se você está fazendo uso de algum outro medicamento. Não use medicamento sem o conhecimento do seu médico. Pode ser perigoso para a sua saúde.** \n\n**Atenção: Contém os corantes vermelho de eritrosina, azul de indigotina, dióxido de titânio e óxido de ferro amarelo que podem, eventualmente, causar reações alérgicas.** \n\n**É importante utilizar este medicamento durante todo o tempo prescrito pelo profissional de saúde habilitado, mesmo que os sinais e sintomas da infecção tenham desaparecido, pois isso não significa a cura. A interrupção do tratamento pode contribuir para o aparecimento de infecções mais graves.** \n\n## **5.""]",15.301,4.143,PARA QUE ESTE MEDICAMENTO É INDICADO?,,,COMO ESTE MEDICAMENTO FUNCIONA?,high,False,"{""planner_primary"": [""PARA QUE ESTE MEDICAMENTO É INDICADO?""], ""planner_secondary"": [], ""planner_safety"": [], ""planner_rationale"": ""A pergunta do paciente é sobre a indicação do medicamento, que está diretamente relacionada à seção 'PARA QUE ESTE MEDICAMENTO É INDICADO?'."", ""expanded_sections"": [""COMO ESTE MEDICAMENTO FUNCIONA?""], ""full_sections_used"": [""PARA QUE ESTE MEDICAMENTO É INDICADO?""], ""total_candidates_before_dedup"": 12, ""n_unique_candidates"": 7, ""n_ranked_lists"": 5, ""n_fused"": 7, ""n_reranked"": 7, ""evidence_confidence"": ""high"", ""fallback_triggered"": false}"
guarded_hybrid_agentic_fusion_rag,ollama:medgemma:4b,AMOXIL,Quando não devo usar Amoxil?,facil,"Amoxil não deve ser usado por pessoas alérgicas à amoxicilina, a outros antibióticos penicilínicos ou a antibióticos similares chamados cefalosporinas. Se o paciente já teve reação alérgica, como erupções na pele, ao tomar antibiótico, deve conversar com o médico antes de usar Amoxil.",QUANDO NÃO DEVO USAR ESTE MEDICAMENTO?,"De acordo com a bula do medicamento AMOXIL, consta a seguinte informação: ""Este medicamento não pode ser usado por pessoas alérgicas à amoxicilina, a outros antibióticos penicilínicos ou antibióticos similares, chamados cefalosporinas. Se você já teve uma reação alérgica (como erupções da pele) ao tomar um antibiótico, deve conversar com seu médico antes de usar **Amoxil[®]** . ""

---
*Esta resposta se baseia apenas nos trechos da bula recuperados e não substitui orientação médica ou farmacêutica.*","De acordo com a bula do medicamento AMOXIL, consta a seguinte informação: ""Este medicamento não pode ser usado por pessoas alérgicas à amoxicilina, a outros antibióticos penicilínicos ou antibióticos similares, chamados cefalosporinas. Se você já teve uma reação alérgica (como erupções da pele) ao tomar um antibiótico, deve conversar com seu médico antes de usar **Amoxil[®]** . ""","QUAIS OS MALES QUE ESTE MEDICAMENTO PODE ME CAUSAR?, O QUE DEVO SABER ANTES DE USAR ESTE MEDICAMENTO?, QUANDO NÃO DEVO USAR ESTE MEDICAMENTO?","chunk_9d394eb70d17, chunk_622fb4d46c7e, chunk_11cbb1217441, chunk_6fd3c193ea42, chunk_7d57d737a19d, chunk_cf81874efa63, chunk_2273c1b76ec0, chunk_e3c9fe99e5cd","[""QUANDO NÃO DEVO USAR ESTE MEDICAMENTO?** \n\nEste medicamento não pode ser usado por pessoas alérgicas à amoxicilina, a outros antibióticos penicilínicos ou antibióticos similares, chamados cefalosporinas. Se você já teve uma reação alérgica (como erupções da pele) ao tomar um antibiótico, deve conversar com seu médico antes de usar **Amoxil[®]** . \n\n## **4."", ""QUANDO NÃO DEVO USAR ESTE MEDICAMENTO?** \n\nEste medicamento não pode ser administrado nem ingerido por pessoas alérgicas à amoxicilina, a outros antibióticos penicilínicos ou antibióticos similares, chamados cefalosporinas. Se você já teve uma reação alérgica (como erupções da pele) ao tomar um antibiótico, deve conversar com seu médico antes de usar **Amoxil[®] .** \n\n## **4. O QUE DEVO SABER ANTES DE USAR ESTE MEDICAMENTO** ? \n\nAntes de iniciar o tratamento com **Amoxil**[] , informe seu médico: \n\n- se você já apresentou reação alérgica a algum antibiótico. Isso pode incluir reações na pele ou inchaço na face ou pescoço ou dores no peito. \n\n- se você apresenta febre glandular. \n\n- se você toma medicamentos usados para prevenir coágulos sanguíneos (anticoagulantes), tais como varfarina, o seu médico fará um monitoramento e, se necessário, poderá sugerir ajustes na dose dos anticoagulantes. \n\n- se você apresenta problema nos rins. \n\n- se você não estiver urinando regularmente. \n\n- se você já teve diarreia durante ou após o uso de antibióticos. \n\n1 \n\n**==> picture [87 x 28] intentionally omitted <==**\n\n## Modelo de Texto de Bula – Pacientes Amoxil[®] Cápsulas \n\nO uso prolongado também pode resultar, ocasionalmente, em supercrescimento de microrganismos resistentes a **Amoxil[®]** ."", ""íase grave). A alimentação não interfere na ação de **Amoxil[®]** , que pode ser ingerido nas refeições. \n\n**Informe ao seu médico ou cirurgião-dentista se você está fazendo uso de algum outro medicamento. Não use medicamento sem o conhecimento do seu médico. Pode ser perigoso para a sua saúde.** \n\n**Atenção: Contém os corantes vermelho de eritrosina, azul de indigotina, dióxido de titânio e óxido de ferro amarelo que podem, eventualmente, causar reações alérgicas.** \n\n**É importante utilizar este medicamento durante todo o tempo prescrito pelo profissional de saúde habilitado, mesmo que os sinais e sintomas da infecção tenham desaparecido, pois isso não significa a cura. A interrupção do tratamento pode contribuir para o aparecimento de infecções mais graves.** \n\n## **5."", ""utâneas severas, dor no peito, vômitos repetitivos dentro de 1 a 4 horas após a administração de **Amoxil[®]** ou diarreia grave (colite pseudomembranosa). Você deve estar atento a determinados sintomas enquanto estiver recebendo **Amoxil[®]** para ajudar a reduzir o risco de quaisquer problemas. \n\n## **Efeitos sobre a capacidade de dirigir veículos e de operar máquinas** \n\nNão se observaram efeitos adversos sobre a capacidade de dirigir veículos e de operar máquinas. \n\n## **Gravidez e amamentação** \n\n**Amoxil[®]** pode ser usado na gravidez desde que os benefícios potenciais sejam maiores que os riscos potenciais associados ao tratamento. Informe seu médico se você estiver grávida ou suspeitar que está grávida. Você não deve tomar este medicamento se estiver grávida, exceto se seu médico recomendar. \n\nVocê pode amamentar seu bebê enquanto estiver tomando **Amoxil[®]** , mas há excreção de quantidades mínimas de amoxicilina no leite materno. Se você estiver amamentando, informe ao seu médico antes de iniciar o tratamento com **Amoxil[®]** . \n\n## **Este medicamento não deve ser utilizado por mulheres grávidas sem orientação médica ou do cirurgião-dentista.** \n\n**Uso compatível com o aleitamento ou doação de leite humano. O uso desse medicamento não interfere no aleitamento do bebê.** \n\n## **Atenção: Contém fenilalanina.** \n\n**Este produto contém benzoato de sódio, que pode causar reações alérgicas, como asma, especialmente em pessoas alérgicas ao ácido acetilsalicílico.** \n\n## **Uso em idosos, crianças e outros grupos de risco**"", ""se estiver grávida, exceto se seu médico recomendar. \n\nVocê pode amamentar seu bebê enquanto estiver tomando **Amoxil[®]** , mas há excreção de quantidades mínimas de amoxicilina no leite materno. Se você estiver amamentando, informe ao seu médico antes de iniciar o tratamento com **Amoxil[®]** . \n\n## **Este medicamento não deve ser utilizado por mulheres grávidas sem orientação médica ou do cirurgião-dentista.** \n\n**Uso compatível com o aleitamento ou doação de leite humano. O uso desse medicamento não interfere no aleitamento do bebê.** \n\n## **Uso em idosos, crianças e outros grupos de risco** \n\nAs recomendações especiais se referem às doses . \n\n## **Interações Medicamentosas** \n\nAlguns medicamentos podem causar efeitos indesejáveis se você os ingerir durante o tratamento com **Amoxil[®]** . Não deixe de avisar seu médico caso você esteja tomando: \n\n- medicamentos usados no tratamento de gota (probenecida ou alopurinol); \n\n- outros antibióticos; \n\n- pílulas anticoncepcionais (como acontece com outros antibióticos, talvez sejam necessárias precauções adicionais para evitar a gravidez); \n\n- anticoagulantes; \n\n- metotrexato (usado para tratar doenças como câncer e psoríase grave). A alimentação não interfere na ação de **Amoxil[®]** , que pode ser ingerido nas refeições. \n\n**Informe ao seu médico ou cirurgião-dentista se você está fazendo uso de algum outro medicamento. Não use medicamento sem o conhecimento do seu médico. Pode ser perigoso para a sua saúde.**"", ""QUAIS OS MALES QUE ESTE MEDICAMENTO PODE ME CAUSAR?** \n\nAvise seu médico o mais cedo possível se você não se sentir bem durante o tratamento com **Amoxil[®]** . Assim como todo medicamento, **Amoxil[®]** pode provocar reações adversas, porém isso não ocorre com todas as pessoas. Os efeitos colaterais deste medicamento geralmente são leves. \n\n## **Reações comuns (ocorrem entre 1% e 10% dos pacientes que utilizam este medicamento):** \n\n- Diarreia (várias evacuações amolecidas por dia) e enjoo; quando isso acontece, os sintomas normalmente são leves e com frequência podem ser evitados tomando-se o medicamento no início das refeições. Se continuarem ou se tornarem graves, consulte o médico; \n\n- Erupções da pele. \n\n## **Reações incomuns (ocorrem entre 0,1% e 1% dos pacientes que utilizam este medicamento):** \n\n- Vômito, urticária e coceira. \n\n## **Reações muito raras (ocorrem em menos de 0,01% dos pacientes que utilizam este medicamento):** \n\n- Diminuição de glóbulos brancos (leucopenia reversível), que pode resultar em infecções frequentes, como febre, calafrios, inflamação da garganta ou úlceras na boca; \n\n- Baixa contagem de plaquetas (trombocitopenia reversível), que pode resultar em sangramento ou hematomas (manchas roxas que surgem com mais facilidade que o normal); \n\n- Destruição de glóbulos vermelhos e consequentemente anemia (anemia hemolítica), que pode resultar em cansaço, dores de cabeça e falta de ar causada pela prática de exercícios físicos, vertigem, palidez e amarelamento da pele e/ou dos olhos;"", ""QUAIS OS MALES QUE ESTE MEDICAMENTO PODE ME CAUSAR?** \n\nAvise seu médico o mais cedo possível se você não se sentir bem durante o tratamento com **Amoxil[®]** . Assim como todo medicamento, **Amoxil[®]** pode provocar reações adversas, porém isso não ocorre com todas as pessoas. Os efeitos colaterais deste medicamento geralmente são leves. \n\n## **Reações comuns (ocorrem entre 1% e 10% dos pacientes que utilizam este medicamento):** \n\n- Diarreia (várias evacuações amolecidas por dia) e enjoo; quando isso acontece, os sintomas normalmente são leves e com frequência podem ser evitados tomando-se o medicamento no início das refeições. Se continuarem ou se tornarem graves, consulte o médico. \n\n- Erupções da pele. \n\n## **Reações incomuns (ocorrem entre 0,1% e 1% dos pacientes que utilizam este medicamento):** \n\n- Vômito, urticária e coceira. \n\n## **Reações muito raras (ocorrem em menos de 0,01% dos pacientes que utilizam este medicamento):** \n\n- Diminuição de glóbulos brancos (leucopenia reversível), que pode resultar em infecções frequentes, como febre, calafrios, inflamação da garganta ou úlceras na boca; \n\n- Baixa contagem de plaquetas (trombocitopenia reversível), que pode resultar em sangramento ou hematomas (manchas roxas) que surgem com mais facilidade que o normal; \n\n- Destruição de glóbulos vermelhos e consequentemente anemia (anemia hemolítica), que pode resultar em cansaço, dores de cabeça e falta de ar causada pela prática de exercícios físicos, vertigem, palidez e amarelamento da pele e/ou dos olhos;"", ""O QUE DEVO SABER ANTES DE USAR ESTE MEDICAMENTO?** \n\n**Amoxil**[] suspensão contém aspartamo, que é fonte de fenilalanina e deve ser usado com cautela em pacientes com fenilcetonúria. Informe seu médico caso você tenha uma doença chamada fenilcetonúria. Antes de iniciar o tratamento com **Amoxil**[] , informe seu médico: \n\n- se você já apresentou reação alérgica a algum antibiótico. Isso pode incluir reações na pele ou inchaço na face ou pescoço ou dores no peito. \n\n1 \n\n**==> picture [86 x 28] intentionally omitted <==**\n\n## Modelo de Texto de Bula – Pacientes Amoxil[®] Pó para suspensão oral \n\n- se você apresenta febre glandular. \n\n- se você toma medicamentos usados para prevenir coágulos sanguíneos (anticoagulantes), tais como varfarina, o seu médico fará um monitoramento e, se necessário, poderá sugerir ajustes na dose dos anticoagulantes. \n\n- se você apresenta problema nos rins. \n\n- se você não estiver urinando regularmente. \n\n- se você já teve diarreia durante ou após o uso de antibióticos. \n\nO uso prolongado também pode resultar, ocasionalmente, em supercrescimento de microrganismos resistentes a **Amoxil[®]** . \n\n**Amoxil[®]** pode piorar algumas condições existentes ou causar efeitos colaterais graves, como reações alérgicas severas, reações cutâneas severas, dor no peito, vômitos repetitivos dentro de 1 a 4 horas após a administração de **Amoxil[®]** ou diarreia grave (colite pseudomembranosa). Você deve estar atento a determinados sintomas enquanto estiver recebendo **Amoxil[®]** para ajudar a reduzir o risco de quaisquer problemas.""]",5.344,4.675,QUANDO NÃO DEVO USAR ESTE MEDICAMENTO?,,,"O QUE DEVO SABER ANTES DE USAR ESTE MEDICAMENTO?, QUAIS OS MALES QUE ESTE MEDICAMENTO PODE ME CAUSAR?",high,False,"{""planner_primary"": [""QUANDO NÃO DEVO USAR ESTE MEDICAMENTO?""], ""planner_secondary"": [], ""planner_safety"": [], ""planner_rationale"": ""A pergunta do paciente é diretamente relacionada à seção de contraindicações."", ""expanded_sections"": [""O QUE DEVO SABER ANTES DE USAR ESTE MEDICAMENTO?"", ""QUAIS OS MALES QUE ESTE MEDICAMENTO PODE ME CAUSAR?""], ""full_sections_used"": [""QUANDO NÃO DEVO USAR ESTE MEDICAMENTO?""], ""total_candidates_before_dedup"": 23, ""n_unique_candidates"": 13, ""n_ranked_lists"": 5, ""n_fused"": 13, ""n_reranked"": 8, ""evidence_confidence"": ""high"", ""fallback_triggered"": false}"
guarded_hybrid_agentic_fusion_rag,ollama:medgemma:4b,AMOXIL,"Na apresentação cápsulas, qual é a dose padrão de Amoxil para adultos e crianças acima de 40 kg?",facil,"Na apresentação cápsulas, para adultos e crianças acima de 40 kg, a dose padrão é 500 mg, equivalente a uma cápsula, três vezes ao dia, de 8 em 8 horas, nas infecções mais graves.",COMO DEVO USAR ESTE MEDICAMENTO?,"De acordo com a bula do medicamento AMOXIL, consta a seguinte informação: ""Dose padrão: 500 mg (uma cápsula) três vezes ao dia (de 8 em 8 horas) nas infecções mais graves.""

---
*Esta resposta se baseia apenas nos trechos da bula recuperados e não substitui orientação médica ou farmacêutica.*","De acordo com a bula do medicamento AMOXIL, consta a seguinte informação: ""Dose padrão: 500 mg (uma cápsula) três vezes ao dia (de 8 em 8 horas) nas infecções mais graves.""","IDENTIFICAÇÃO DO MEDICAMENTO, COMO DEVO USAR ESTE MEDICAMENTO?","chunk_c0033b15fe08, chunk_920654c7064a, chunk_619626ac8cd4, chunk_05bc48672ff1, chunk_6db122270a0d, chunk_e88b1f4c2667, chunk_9d0ab2325c26, chunk_381105994f64","[""servada em geladeira (entre 2[o] C e 8[o] C). \n\n## **Agite a suspensão oral antes de usá-la.** \n\n3 \n\n**==> picture [86 x 28] intentionally omitted <==**\n\n## Modelo de Texto de Bula – Pacientes Amoxil[®] Pó para suspensão oral \n\n## **Posologia** \n\n## **Dose para adultos e crianças acima de 40 kg** \n\nDose padrão: 250 mg três vezes ao dia (de 8 em 8 horas), podendo ser aumentada para 500 mg três vezes ao dia (de 8 em 8 horas) nas infecções mais graves. \n\n## **Tratamento com dosagem alta (máximo recomendável de 6 g ao dia em doses divididas)** \n\nRecomenda-se uma dose de 3g duas vezes ao dia (de 12 em 12 horas) nos casos que requerem tratamento de infecção respiratória purulenta (com a presença de pus) grave ou recorrente. \n\n## **Tratamento de curta duração** \n\nGonorreia: dose única de 3 g. \n\n## **Erradicação de** _**Helicobacter pylori**_ **em úlcera péptica (no duodeno ou no estômago)** \n\nPara combater o _Helicobacter_ (bactéria que ataca o estômago e o duodeno), recomenda-se o uso de **Amoxil[®]** no esquema de 750 mg a 1 g duas vezes ao dia, em associação com um inibidor da bomba de prótons (exemplo: omeprazol, lanzoprazol) e outro agente antimicrobiano (por exemplo claritromicina, metronidazol), por 7 dias. \n\n## **Dose para crianças abaixo de 40 kg** \n\nDose padrão para crianças: 20 a 50 mg/kg/dia em doses divididas (de 8 em 8 horas), até um máximo de 150 mg/kg/dia em doses divididas. \n\n## **Pacientes com insuficiência renal (dos rins)**"", ""imo de 500 mg (uma cápsula) duas vezes ao dia (de 12 em 12 horas); \n\n- insuficiência grave: máximo de 500 mg (uma cápsula) ao dia. \n\n3 \n\n**==> picture [87 x 28] intentionally omitted <==**\n\n## Modelo de Texto de Bula – Pacientes Amoxil[®] Cápsulas \n\n## **Pacientes que recebem diálise peritoneal** \n\nUsa-se a mesma posologia indicada para pacientes com insuficiência renal grave. A diálise peritoneal (processo de limpeza das substâncias tóxicas do organismo através do peritônio, membrana que envolve o abdômen) não remove a amoxicilina do corpo. \n\n## **Pacientes que recebem hemodiálise** \n\nUsa-se a mesma posologia indicada para pacientes com insuficiência renal grave. \n\nA amoxicilina é removida do sangue por hemodiálise (processo que substitui os rins na filtragem sanguínea). Portanto, uma dose adicional (500 mg para adultos e crianças acima de 40kg ou 15 mg/kg para crianças abaixo de 40 kg) pode ser administrada durante e no final de cada diálise. \n\nSeu médico poderá indicar tratamento por via parenteral (feito com aplicação de injeções intravenosas, intramusculares ou subcutâneas) nos casos em que a via oral for considerada inadequada (particularmente nos tratamentos urgentes de infecções graves). \n\nConforme o grau de insuficiência renal, talvez seu médico ache necessário reduzir a dose diária total. \n\n**Siga a orientação de seu médico, respeitando sempre os horários, as doses e a duração do tratamento. Não interrompa o tratamento sem o conhecimento de seu médico. Este medicamento não deve ser partido ou mastigado.** \n\n## **7."", ""ave. A diálise peritoneal (processo de limpeza das substâncias tóxicas do organismo através do peritônio, membrana que envolve o abdômen) não remove a amoxicilina do corpo. \n\n## **Pacientes que recebem hemodiálise** \n\nUsa-se a mesma posologia indicada para pacientes com insuficiência renal grave. \n\nA amoxicilina é removida do sangue por hemodiálise (processo que substitui os rins na filtragem sanguínea). Portanto, uma dose adicional (500 mg para adultos e crianças acima de 40kg ou 15 mg/kg para crianças abaixo de 40 kg) pode ser administrada durante e no final de cada diálise. \n\nSeu médico poderá indicar tratamento por via parenteral (feito com aplicação de injeções intravenosas, intramusculares ou subcutâneas) nos casos em que a via oral for considerada inadequada (particularmente nos tratamentos urgentes de infecções graves). \n\nConforme o grau de insuficiência renal, talvez seu médico ache necessário reduzir a dose diária total. \n\n4 \n\n**==> picture [86 x 28] intentionally omitted <==**\n\n## Modelo de Texto de Bula – Pacientes Amoxil[®] Pó para suspensão oral \n\n## **Siga a orientação de seu médico, respeitando sempre os horários, as doses e a duração do tratamento. Não interrompa o tratamento sem o conhecimento de seu médico.** \n\n## **7."", ""g ao dia em doses divididas): recomenda-se uma dose de 3 g (seis cápsulas) duas vezes ao dia (de 12 em 12 horas) em casos que requerem tratamento de infecção respiratória purulenta (com a presença de pus) grave ou recorrente. \n\n## **- Tratamento de curta duração (gonorreia): dose única de 3 g.** \n\n**Erradicação de** _**Helicobacter pylori:**_ para combater o _Helicobacter_ (bactéria que ataca o estômago e o duodeno), recomenda-se o uso de Amoxil[®] no esquema de 1 g duas vezes ao dia (de 12 em 12 horas), em associação com um medicamento conhecido como inibidor da bomba de prótons (exemplo: omeprazol, lanzoprazol) e outro agente antimicrobiano (por exemplo claritromicina, metronidazol), por 7 dias. \n\n## **Pacientes com insuficiência renal (dos rins)** \n\nNa insuficiência renal, a eliminação do antibiótico é mais lenta. Conforme o grau dessa condição, seu médico pode indicar a redução da dose diária total de acordo com o esquema descrito a seguir. \n\nAdultos e crianças acima de 40 kg \n\n- insuficiência leve: nenhuma alteração de dose; \n\n- insuficiência moderada: máximo de 500 mg (uma cápsula) duas vezes ao dia (de 12 em 12 horas); \n\n- insuficiência grave: máximo de 500 mg (uma cápsula) ao dia. \n\n3 \n\n**==> picture [87 x 28] intentionally omitted <==**\n\n## Modelo de Texto de Bula – Pacientes Amoxil[®] Cápsulas \n\n## **Pacientes que recebem diálise peritoneal**"", ""COMO DEVO USAR ESTE MEDICAMENTO?** \n\n## **Modo de usar** \n\nSiga as orientações de seu médico sobre a maneira e a hora correta de tomar o medicamento. Ele vai decidir a quantidade diária que você precisa e o tempo durante o qual você deve usar o medicamento. \n\nLeia esta bula com cautela. Se você tiver alguma dúvida, fale com seu médico. \n\nRecomenda-se ingerir o medicamento nas refeições, embora ele continue eficaz mesmo que você o tome em outros horários. \n\nContinue tomando este medicamento até o fim do tratamento prescrito pelo médico. Não pare somente porque se sente melhor. \n\n## Preparo da suspensão \n\n1. Verifique se o selo está intacto antes do uso do produto \n\n2. Para soltar o pó que fica no fundo do frasco, agite-o antes de abri-lo. Isso facilitará a reconstituição. \n\n3. Ponha água filtrada no frasco até a marca indicada e agite-o bem para misturar totalmente o pó com a água. \n\n4. Se a mistura não atingir a marca indicada, espere a espuma baixar e complete (lentamente) com água filtrada. Agite de novo o frasco e espere a espuma baixar até que a solução atinja exatamente a marca indicada. \n\nUtilize a colher dosadora para tomar o medicamento. \n\nA suspensão oral, após a reconstituição, ficará estável por 14 dias se for conservada em geladeira (entre 2[o] C e 8[o] C). \n\n## **Agite a suspensão oral antes de usá-la.** \n\n3 \n\n**==> picture [86 x 28] intentionally omitted <==**\n\n## Modelo de Texto de Bula – Pacientes Amoxil[®] Pó para suspensão oral \n\n## **Posologia** \n\n## **Dose para adultos e crianças acima de 40 kg**"", ""robiano (por exemplo claritromicina, metronidazol), por 7 dias. \n\n## **Dose para crianças abaixo de 40 kg** \n\nDose padrão para crianças: 20 a 50 mg/kg/dia em doses divididas (de 8 em 8 horas), até um máximo de 150 mg/kg/dia em doses divididas. \n\n## **Pacientes com insuficiência renal (dos rins)** \n\nNa insuficiência renal, a eliminação do antibiótico é mais lenta. Conforme o grau dessa condição, seu médico pode indicar a redução da dose diária total de acordo com o esquema descrito a seguir. \n\nAdultos e crianças acima de 40 kg \n\n- insuficiência leve: nenhuma alteração de dose; \n\n- insuficiência moderada: máximo de 500 mg duas vezes ao dia (de 12 em 12 horas); \n\n- insuficiência grave: máximo de 500 mg uma vez ao dia. \n\nCrianças abaixo de 40 kg \n\n- insuficiência leve: nenhuma alteração de dose; \n\n- insuficiência moderada: 15 mg/kg duas vezes ao dia (de 12/12 horas); (no máximo de 500mg duas vezes ao dia); \n\n- insuficiência grave: 15 mg/kg uma vez ao dia. (no máximo de 500mg). \n\n## **Pacientes que recebem diálise peritoneal** \n\nUsa-se a mesma posologia indicada para pacientes com insuficiência renal grave. A diálise peritoneal (processo de limpeza das substâncias tóxicas do organismo através do peritônio, membrana que envolve o abdômen) não remove a amoxicilina do corpo. \n\n## **Pacientes que recebem hemodiálise** \n\nUsa-se a mesma posologia indicada para pacientes com insuficiência renal grave."", ""COMO DEVO USAR ESTE MEDICAMENTO?** \n\n## **Modo de usar** \n\nSiga as orientações de seu médico sobre a maneira e a hora correta de tomar o medicamento. Ele vai decidir a quantidade diária que você precisa e o tempo durante o qual você deve usar este medicamento. Leia esta bula com cautela. Se você tiver alguma dúvida, fale com seu médico. \n\nRecomenda-se ingerir o medicamento nas refeições, embora ele continue eficaz mesmo que você o tome em outros horários. \n\nContinue tomando este medicamento até o fim do tratamento prescrito pelo médico. Não pare somente porque se sente melhor. \n\n**As cápsulas devem ser ingeridas inteiras com água. Não as mastigue.** \n\n## **Posologia** \n\nAtenção! Para algumas doses indicadas abaixo (doses inferiores a 500 mg) é necessário o uso da suspensão oral, converse com seu médico ou farmacêutico em caso de dúvida. \n\n## **Dose para adultos e crianças acima de 40 kg** \n\n- Dose padrão: 500 mg (uma cápsula) três vezes ao dia (de 8 em 8 horas) nas infecções mais graves. \n\n- Tratamento com dosagem alta (máximo recomendável de 6 g ao dia em doses divididas): recomenda-se uma dose de 3 g (seis cápsulas) duas vezes ao dia (de 12 em 12 horas) em casos que requerem tratamento de infecção respiratória purulenta (com a presença de pus) grave ou recorrente. \n\n## **- Tratamento de curta duração (gonorreia): dose única de 3 g.**"", ""IDENTIFICAÇÃO DO MEDICAMENTO** \n\n**Amoxil**[] \n\namoxicilina \n\n## **APRESENTAÇÕES** \n\nCápsulas de 500 mg em embalagem com 15, 21 ou 30 unidades. \n\n## **USO ORAL** \n\n## **USO ADULTO E PEDIÁTRICO (ACIMA DE 40 KG)** \n\n## **COMPOSIÇÃO** \n\nCada cápsula contém: amoxicilina ................................................................................................................................................................ 500 mg (equivalentes a 575 mg de amoxicilina tri-hidratada) Excipiente[1] q.s.p. .................................................................................................................................................... 1 cápsula \n\n- 1Excipiente: estearato de magnésio. \n\nComposição da cápsula: gelatina, vermelho de eritrosina, azul de indigotina, dióxido de titânio, óxido de ferro amarelo. \n\n## **II) INFORMAÇÕES AO PACIENTE** \n\n## **1.""]",11.413,4.047,"COMO DEVO USAR ESTE MEDICAMENTO?, QUAIS OS MALES QUE ESTE MEDICAMENTO PODE ME CAUSAR?","IDENTIFICAÇÃO DO MEDICAMENTO, PARA QUE ESTE MEDICAMENTO É INDICADO?",,"O QUE DEVO SABER ANTES DE USAR ESTE MEDICAMENTO?, O QUE DEVO FAZER QUANDO EU ME ESQUECER DE USAR ESTE MEDICAMENTO?, O QUE FAZER SE ALGUÉM USAR UMA QUANTIDADE MAIOR DO QUE A INDICADA DESTE MEDICAMENTO?, COMO ESTE MEDICAMENTO FUNCIONA?",high,False,"{""planner_primary"": [""COMO DEVO USAR ESTE MEDICAMENTO?"", ""QUAIS OS MALES QUE ESTE MEDICAMENTO PODE ME CAUSAR?""], ""planner_secondary"": [""IDENTIFICAÇÃO DO MEDICAMENTO"", ""PARA QUE ESTE MEDICAMENTO É INDICADO?""], ""planner_safety"": [], ""planner_rationale"": ""A dose padrão de Amoxil para adultos e crianças acima de 40 kg é geralmente de 500mg a 1g, duas ou quatro vezes ao dia. A seção 'COMO DEVO USAR ESTE MEDICAMENTO?' contém informações sobre a dosagem recomendada. A seção 'QUAIS OS MALES QUE ESTE MEDICAMENTO PODE ME CAUSAR?' pode conter informações sobre efeitos colaterais que podem ocorrer com a dose padrão."", ""expanded_sections"": [""O QUE DEVO SABER ANTES DE USAR ESTE MEDICAMENTO?"", ""O QUE DEVO FAZER QUANDO EU ME ESQUECER DE USAR ESTE MEDICAMENTO?"", ""O QUE FAZER SE ALGUÉM USAR UMA QUANTIDADE MAIOR DO QUE A INDICADA DESTE MEDICAMENTO?"", ""COMO ESTE MEDICAMENTO FUNCIONA?""], ""full_sections_used"": [""COMO DEVO USAR ESTE MEDICAMENTO?"", ""PARA QUE ESTE MEDICAMENTO É INDICADO?""], ""total_candidates_before_dedup"": 41, ""n_unique_candidates"": 28, ""n_ranked_lists"": 8, ""n_fused"": 28, ""n_reranked"": 8, ""evidence_confidence"": ""high"", ""fallback_triggered"": false}"
guarded_hybrid_agentic_fusion_rag,ollama:medgemma:4b,AMOXIL,Amoxil pode causar diarreia?,facil,"Sim. Diarreia é uma reação comum, ocorrendo entre 1% e 10% dos pacientes que utilizam Amoxil.",QUAIS OS MALES QUE ESTE MEDICAMENTO PODE ME CAUSAR?,"De acordo com a bula do medicamento AMOXIL, consta a seguinte informação: ""Quais os males que este medicamento pode me causar? Avise seu médico o mais cedo possível se você não se sentir bem durante o tratamento com Amoxil[®] . Assim como todo medicamento, Amoxil[®] pode provocar reações adversas, porém isso não ocorre com todas as pessoas. Os efeitos colaterais deste medicamento geralmente são leves. Reações comuns (ocorrem entre 1% e 10% dos pacientes que utilizam este medicamento): Diarreia (várias evacuações amolecidas por dia) e enjoo; quando isso acontece, os sintomas normalmente são leves e com frequência podem ser evitados tomando-se o medicamento no início das refeições. Se continuarem ou se tornarem graves, consulte o médico. Erupções da pele. Reações incomuns (ocorrem entre 0,1% e 1% dos pacientes que utilizam este medicamento): Vômito, urticária e coceira. Reações muito raras (ocorrem em menos de 0,01% dos pacientes que utilizam este medicamento): Diminuição de glóbulos brancos (leucopenia reversível), que pode resultar em infecções frequentes, como febre, calafrios, inflamação da garganta ou úlceras na boca; Baixa contagem de plaquetas (trombocitopenia reversível), que pode resultar em sangramento ou hematomas (manchas roxas) que surgem com mais facilidade que o normal; Destruição de glóbulos vermelhos e consequentemente anemia (anemia hemolítica), que pode resultar em cansaço, dores de cabeça e falta de ar causada pela prática de exercícios físicos, vertigem, palidez e amarelamento da pele e/ou dos olhos.""

---
*Esta resposta se baseia apenas nos trechos da bula recuperados e não substitui orientação médica ou farmacêutica.*","De acordo com a bula do medicamento AMOXIL, consta a seguinte informação: ""Quais os males que este medicamento pode me causar? Avise seu médico o mais cedo possível se você não se sentir bem durante o tratamento com Amoxil[®] . Assim como todo medicamento, Amoxil[®] pode provocar reações adversas, porém isso não ocorre com todas as pessoas. Os efeitos colaterais deste medicamento geralmente são leves. Reações comuns (ocorrem entre 1% e 10% dos pacientes que utilizam este medicamento): Diarreia (várias evacuações amolecidas por dia) e enjoo; quando isso acontece, os sintomas normalmente são leves e com frequência podem ser evitados tomando-se o medicamento no início das refeições. Se continuarem ou se tornarem graves, consulte o médico. Erupções da pele. Reações incomuns (ocorrem entre 0,1% e 1% dos pacientes que utilizam este medicamento): Vômito, urticária e coceira. Reações muito raras (ocorrem em menos de 0,01% dos pacientes que utilizam este medicamento): Diminuição de glóbulos brancos (leucopenia reversível), que pode resultar em infecções frequentes, como febre, calafrios, inflamação da garganta ou úlceras na boca; Baixa contagem de plaquetas (trombocitopenia reversível), que pode resultar em sangramento ou hematomas (manchas roxas) que surgem com mais facilidade que o normal; Destruição de glóbulos vermelhos e consequentemente anemia (anemia hemolítica), que pode resultar em cansaço, dores de cabeça e falta de ar causada pela prática de exercícios físicos, vertigem, palidez e amarelamento da pele e/ou dos olhos.""","QUAIS OS MALES QUE ESTE MEDICAMENTO PODE ME CAUSAR?, O QUE DEVO SABER ANTES DE USAR ESTE MEDICAMENTO?, QUANDO NÃO DEVO USAR ESTE MEDICAMENTO?","chunk_2273c1b76ec0, chunk_cf81874efa63, chunk_e3c9fe99e5cd, chunk_6313476f076e, chunk_d22f44452468, chunk_09405370d2ab, chunk_2d77bceb8a02, chunk_1ddf28119f88","[""QUAIS OS MALES QUE ESTE MEDICAMENTO PODE ME CAUSAR?** \n\nAvise seu médico o mais cedo possível se você não se sentir bem durante o tratamento com **Amoxil[®]** . Assim como todo medicamento, **Amoxil[®]** pode provocar reações adversas, porém isso não ocorre com todas as pessoas. Os efeitos colaterais deste medicamento geralmente são leves. \n\n## **Reações comuns (ocorrem entre 1% e 10% dos pacientes que utilizam este medicamento):** \n\n- Diarreia (várias evacuações amolecidas por dia) e enjoo; quando isso acontece, os sintomas normalmente são leves e com frequência podem ser evitados tomando-se o medicamento no início das refeições. Se continuarem ou se tornarem graves, consulte o médico. \n\n- Erupções da pele. \n\n## **Reações incomuns (ocorrem entre 0,1% e 1% dos pacientes que utilizam este medicamento):** \n\n- Vômito, urticária e coceira. \n\n## **Reações muito raras (ocorrem em menos de 0,01% dos pacientes que utilizam este medicamento):** \n\n- Diminuição de glóbulos brancos (leucopenia reversível), que pode resultar em infecções frequentes, como febre, calafrios, inflamação da garganta ou úlceras na boca; \n\n- Baixa contagem de plaquetas (trombocitopenia reversível), que pode resultar em sangramento ou hematomas (manchas roxas) que surgem com mais facilidade que o normal; \n\n- Destruição de glóbulos vermelhos e consequentemente anemia (anemia hemolítica), que pode resultar em cansaço, dores de cabeça e falta de ar causada pela prática de exercícios físicos, vertigem, palidez e amarelamento da pele e/ou dos olhos;"", ""QUAIS OS MALES QUE ESTE MEDICAMENTO PODE ME CAUSAR?** \n\nAvise seu médico o mais cedo possível se você não se sentir bem durante o tratamento com **Amoxil[®]** . Assim como todo medicamento, **Amoxil[®]** pode provocar reações adversas, porém isso não ocorre com todas as pessoas. Os efeitos colaterais deste medicamento geralmente são leves. \n\n## **Reações comuns (ocorrem entre 1% e 10% dos pacientes que utilizam este medicamento):** \n\n- Diarreia (várias evacuações amolecidas por dia) e enjoo; quando isso acontece, os sintomas normalmente são leves e com frequência podem ser evitados tomando-se o medicamento no início das refeições. Se continuarem ou se tornarem graves, consulte o médico; \n\n- Erupções da pele. \n\n## **Reações incomuns (ocorrem entre 0,1% e 1% dos pacientes que utilizam este medicamento):** \n\n- Vômito, urticária e coceira. \n\n## **Reações muito raras (ocorrem em menos de 0,01% dos pacientes que utilizam este medicamento):** \n\n- Diminuição de glóbulos brancos (leucopenia reversível), que pode resultar em infecções frequentes, como febre, calafrios, inflamação da garganta ou úlceras na boca; \n\n- Baixa contagem de plaquetas (trombocitopenia reversível), que pode resultar em sangramento ou hematomas (manchas roxas que surgem com mais facilidade que o normal); \n\n- Destruição de glóbulos vermelhos e consequentemente anemia (anemia hemolítica), que pode resultar em cansaço, dores de cabeça e falta de ar causada pela prática de exercícios físicos, vertigem, palidez e amarelamento da pele e/ou dos olhos;"", ""O QUE DEVO SABER ANTES DE USAR ESTE MEDICAMENTO?** \n\n**Amoxil**[] suspensão contém aspartamo, que é fonte de fenilalanina e deve ser usado com cautela em pacientes com fenilcetonúria. Informe seu médico caso você tenha uma doença chamada fenilcetonúria. Antes de iniciar o tratamento com **Amoxil**[] , informe seu médico: \n\n- se você já apresentou reação alérgica a algum antibiótico. Isso pode incluir reações na pele ou inchaço na face ou pescoço ou dores no peito. \n\n1 \n\n**==> picture [86 x 28] intentionally omitted <==**\n\n## Modelo de Texto de Bula – Pacientes Amoxil[®] Pó para suspensão oral \n\n- se você apresenta febre glandular. \n\n- se você toma medicamentos usados para prevenir coágulos sanguíneos (anticoagulantes), tais como varfarina, o seu médico fará um monitoramento e, se necessário, poderá sugerir ajustes na dose dos anticoagulantes. \n\n- se você apresenta problema nos rins. \n\n- se você não estiver urinando regularmente. \n\n- se você já teve diarreia durante ou após o uso de antibióticos. \n\nO uso prolongado também pode resultar, ocasionalmente, em supercrescimento de microrganismos resistentes a **Amoxil[®]** . \n\n**Amoxil[®]** pode piorar algumas condições existentes ou causar efeitos colaterais graves, como reações alérgicas severas, reações cutâneas severas, dor no peito, vômitos repetitivos dentro de 1 a 4 horas após a administração de **Amoxil[®]** ou diarreia grave (colite pseudomembranosa). Você deve estar atento a determinados sintomas enquanto estiver recebendo **Amoxil[®]** para ajudar a reduzir o risco de quaisquer problemas."", "", tontura; \n\n- Candidíase mucocutânea, infecção micótica (causada por fungos) que normalmente afeta as partes íntimas ou a boca; na área genital, pode provocar coceira e queimação (com a presença de uma fina camada de secreção branca), e na boca ou na língua podem surgir pintas brancas dolorosas; \n\n- Colite associada a antibióticos (inflamação no cólon (intestino grosso), causando diarreia grave, que também pode conter sangue e ser acompanhada de cólicas abdominais; \n\n- Sua língua pode mudar de cor, ficando amarela, marrom ou preta, e dar a impressão de ter pelos (língua pilosa negra); \n\n- Houve relatos de descoloração superficial dos dentes em crianças. Uma boa higiene oral ajuda a prevenir esse efeito porque o produto pode, em geral, ser removido com a escovação (apenas **Amoxil[®]** em suspensão oral); \n\n- Inflamação da membrana que reveste o cérebro (meningite asséptica); \n\n- Erupção cutânea com bolhas dispostas em círculo com crosta central ou como um colar de pérolas (doença IgA linear); \n\n5 \n\n**==> picture [86 x 28] intentionally omitted <==**\n\n## Modelo de Texto de Bula – Pacientes Amoxil[®] Pó para suspensão oral \n\n- Efeitos relacionados ao fígado; esses sintomas podem manifestar-se como enjoo, vômito, perda de apetite, sensação geral de mal-estar, febre, coceira, amarelamento da pele e dos olhos e escurecimento da urina e aumento de algumas substâncias (enzimas) produzidas pelo fígado;"", ""já teve diarreia durante ou após o uso de antibióticos. \n\n1 \n\n**==> picture [87 x 28] intentionally omitted <==**\n\n## Modelo de Texto de Bula – Pacientes Amoxil[®] Cápsulas \n\nO uso prolongado também pode resultar, ocasionalmente, em supercrescimento de microrganismos resistentes a **Amoxil[®]** . \n\n**Amoxil[®]** pode piorar algumas condições existentes ou causar efeitos colaterais graves, como reações alérgicas severas, reações cutâneas severas, dor no peito, vômitos repetitivos dentro de 1 a 4 horas após a administração de **Amoxil[®]** ou diarreia grave (colite pseudomembranosa). Você deve estar atento a determinados sintomas enquanto estiver recebendo **Amoxil[®]** para ajudar a reduzir o risco de quaisquer problemas. \n\n## **Efeitos sobre a capacidade de dirigir veículos e de operar máquinas** \n\nNão se observaram efeitos adversos sobre a capacidade de dirigir veículos e de operar máquinas. \n\n## **Gravidez e amamentação** \n\n**Amoxil[®]** pode ser usado na gravidez desde que os benefícios potenciais sejam maiores que os riscos potenciais associados ao tratamento. Informe seu médico se você estiver grávida ou suspeitar que está grávida. Você não deve tomar este medicamento se estiver grávida, exceto se seu médico recomendar. \n\nVocê pode amamentar seu bebê enquanto estiver tomando **Amoxil[®]** , mas há excreção de quantidades mínimas de amoxicilina no leite materno. Se você estiver amamentando, informe ao seu médico antes de iniciar o tratamento com **Amoxil[®]** ."", ""roxas que surgem com mais facilidade que o normal); \n\n- Destruição de glóbulos vermelhos e consequentemente anemia (anemia hemolítica), que pode resultar em cansaço, dores de cabeça e falta de ar causada pela prática de exercícios físicos, vertigem, palidez e amarelamento da pele e/ou dos olhos; \n\n- Sinais repentinos de alergia, tais como erupções da pele, prurido (coceira) ou urticária, inchaço da face, dos lábios, da língua ou de outras partes do corpo, falta de ar, respiração ofegante ou problemas para respirar; se esses sintomas ocorrerem, pare de usar o medicamento e procure socorro médico o mais rápido possível; \n\n- Dor no peito, que pode ser um sinal de uma reação alérgica potencialmente grave chamada síndrome de Kounis; \n\n- Vômitos repetitivos (1 a 4 horas após a administração de **Amoxil[®]** ), dores no estômago, sonolência anormal, diarreia e pressão baixa, que podem ser um sinal de uma reação alérgica grave denominada síndrome de enterocolite induzida por medicamentos; \n\n- Convulsões podem ocorrer em pacientes com função renal prejudicada ou que estejam recebendo doses altas do medicamento; \n\n- Hipercinesia (presença de movimentos exacerbados e incontroláveis), tontura; \n\n- Candidíase mucocutânea, infecção micótica (causada por fungos) que normalmente afeta as partes íntimas ou a boca; na área genital, pode provocar coceira e queimação (com a presença de uma fina camada de secreção branca), e na boca ou na língua podem surgir pintas brancas dolorosas;"", ""páticas) (Reação do medicamento com eosinofilia e sintomas sistêmicos (DRESS)); \n\n- uma erupção cutânea vermelha comumente observada em ambos os lados das nádegas, parte interna superior das coxas, axilas, pescoço (Exantema Intertriginoso e Flexural Simétrico Relacionado a Medicamentos (SDRIFE)). \n\n**Se qualquer desconforto incomum se manifestar enquanto você estiver tomando o medicamento, informe seu médico o mais breve possível.** \n\n**Informe ao seu médico, cirurgião-dentista ou farmacêutico o aparecimento de reações indesejáveis pelo uso do medicamento. Informe também à empresa através do seu serviço de atendimento.** \n\n## **9. O QUE FAZER SE ALGUÉM USAR UMA QUANTIDADE MAIOR QUE A INDICADA DESTE MEDICAMENTO?** \n\nÉ pouco provável que ocorram problemas graves em caso de superdosagem de amoxicilina. As reações mais comuns são enjoo, vômito e diarreia. Procure seu médico para que os sintomas sejam tratados. \n\n**Em caso de uso de grande quantidade deste medicamento, procure rapidamente socorro médico e leve a embalagem ou bula do medicamento se possível. Ligue para 0800 722 6001, se você precisar de mais orientações.** \n\n## **III) DIZERES LEGAIS** \n\nRegistro: 1.0107.0003 \n\nProduzido por: Glaxo Wellcome Production Zone Industrielle de la Peyennière, 53100, Mayenne – França. \n\n5 \n\n**==> picture [87 x 28] intentionally omitted <==**\n\n## Modelo de Texto de Bula – Pacientes Amoxil[®] Cápsulas \n\nImportado e Registrado por: **GlaxoSmithKline Brasil Ltda.** Estrada dos Bandeirantes, 8464 - Rio de Janeiro - RJ CNPJ: 33.247.743/0001-10"", ""roxas) que surgem com mais facilidade que o normal; \n\n- Destruição de glóbulos vermelhos e consequentemente anemia (anemia hemolítica), que pode resultar em cansaço, dores de cabeça e falta de ar causada pela prática de exercícios físicos, vertigem, palidez e amarelamento da pele e/ou dos olhos; \n\n- Sinais repentinos de alergia, como erupções da pele, prurido (coceira) ou urticária, inchaço da face, dos lábios, da língua ou de outras partes do corpo, falta de ar, respiração ofegante ou problemas para respirar; se esses sintomas ocorrerem, pare de usar **Amoxil[®]** e procure socorro médico o mais rápido possível; \n\n4 \n\n**==> picture [87 x 28] intentionally omitted <==**\n\n## Modelo de Texto de Bula – Pacientes Amoxil[®] Cápsulas \n\n- Dor no peito, que pode ser um sinal de uma reação alérgica potencialmente grave chamada síndrome de Kounis; \n\n- Vômitos repetitivos (1 a 4 horas após a administração de **Amoxil[®]** ), dores no estômago, sonolência anormal, diarreia e pressão baixa, que podem ser um sinal de uma reação alérgica grave denominada síndrome de enterocolite induzida por medicamentos; \n\n- Convulsões (ataques) podem ocorrer em pacientes com função renal prejudicada ou que estejam recebendo doses altas do medicamento; \n\n- Hipercinesia (presença de movimentos exacerbados e incontrolados), tontura;""]",8.033,16.928,QUAIS OS MALES QUE ESTE MEDICAMENTO PODE ME CAUSAR?,,,"O QUE DEVO SABER ANTES DE USAR ESTE MEDICAMENTO?, O QUE FAZER SE ALGUÉM USAR UMA QUANTIDADE MAIOR DO QUE A INDICADA DESTE MEDICAMENTO?",high,False,"{""planner_primary"": [""QUAIS OS MALES QUE ESTE MEDICAMENTO PODE ME CAUSAR?""], ""planner_secondary"": [], ""planner_safety"": [], ""planner_rationale"": ""A pergunta do paciente é sobre a possibilidade de diarreia como efeito colateral. A seção 'QUAIS OS MALES QUE ESTE MEDICAMENTO PODE ME CAUSAR?' é o local mais direto para encontrar informações sobre reações adversas, incluindo diarreia."", ""expanded_sections"": [""O QUE DEVO SABER ANTES DE USAR ESTE MEDICAMENTO?"", ""O QUE FAZER SE ALGUÉM USAR UMA QUANTIDADE MAIOR DO QUE A INDICADA DESTE MEDICAMENTO?""], ""full_sections_used"": [""QUAIS OS MALES QUE ESTE MEDICAMENTO PODE ME CAUSAR?""], ""total_candidates_before_dedup"": 24, ""n_unique_candidates"": 17, ""n_ranked_lists"": 5, ""n_fused"": 17, ""n_reranked"": 8, ""evidence_confidence"": ""high"", ""fallback_triggered"": false}"
guarded_hybrid_agentic_fusion_rag,ollama:medgemma:4b,AMOXIL,Como devo guardar as cápsulas de Amoxil?,facil,"As cápsulas de Amoxil devem ser conservadas na embalagem original, protegidas da umidade e em temperatura ambiente, entre 15 °C e 30 °C. Todo medicamento deve ser mantido fora do alcance das crianças.","ONDE, COMO E POR QUANTO TEMPO POSSO GUARDAR ESTE MEDICAMENTO?","De acordo com a bula do medicamento AMOXIL, consta a seguinte informação: ""Conservar as cápsulas na embalagem original, protegido da umidade e em temperatura ambiente (entre 15[o] C e 30[o] C).""

---
*Esta resposta se baseia apenas nos trechos da bula recuperados e não substitui orientação médica ou farmacêutica.*","De acordo com a bula do medicamento AMOXIL, consta a seguinte informação: ""Conservar as cápsulas na embalagem original, protegido da umidade e em temperatura ambiente (entre 15[o] C e 30[o] C).""","COMO DEVO USAR ESTE MEDICAMENTO?, ONDE, COMO E POR QUANTO TEMPO POSSO GUARDAR ESTE MEDICAMENTO?, QUANDO NÃO DEVO USAR ESTE MEDICAMENTO?, O QUE DEVO SABER ANTES DE USAR ESTE MEDICAMENTO?","chunk_23a1a45ccf28, chunk_6a5892989281, chunk_622fb4d46c7e, chunk_6fd3c193ea42, chunk_d22f44452468, chunk_9d0ab2325c26","[""ONDE, COMO E POR QUANTO TEMPO POSSO GUARDAR ESTE MEDICAMENTO? Cuidados de armazenamento** \n\n2 \n\n**==> picture [87 x 28] intentionally omitted <==**\n\n## Modelo de Texto de Bula – Pacientes Amoxil[®] Cápsulas \n\n## **Manter fora do alcance de crianças** \n\nConservar as cápsulas na embalagem original, protegido da umidade e em temperatura ambiente (entre 15[o] C e 30[o] C). \n\n## **Número de lote e datas de fabricação e validade: vide embalagem. Não use medicamento com o prazo de validade vencido. Guarde-o em sua embalagem original.** \n\n## **Aspecto físico/características organolépticas** \n\nCápsulas de 500 mg de duas cores (corpo amarelo opaco e tampa vermelho opaco) impressa com GS JVL e contendo um pó branco a quase branco. \n\n**Antes de usar, observe o aspecto do medicamento. Caso ele esteja no prazo de validade e você observe alguma mudança no aspecto, consulte o farmacêutico para saber se poderá utilizá-lo. Todo medicamento deve ser mantido fora do alcance das crianças.** \n\n## **6."", ""ONDE, COMO E POR QUANTO TEMPO POSSO GUARDAR ESTE MEDICAMENTO?** \n\n## **Cuidados de armazenamento** \n\n## **Manter fora do alcance de crianças** \n\nConservar o produto em pó na embalagem original, protegido da umidade e em temperatura ambiente entre (15[o] C e 30[o] C). \n\nApós preparo da suspensão, conservar em geladeira (entre 2[o] C e 8[o] C), sendo o produto válido por 14 dias após a reconstituição. \n\n**Número de lote e datas de fabricação e validade: vide embalagem.** \n\n**Não use medicamento com o prazo de validade vencido. Guarde-o em sua embalagem original. Após preparo, manter o produto por 14 dias em geladeira (entre 2[o] C e 8[o] C).** \n\n## **Aspecto físico/características organolépticas Aspecto físico:** \n\nO **Amoxil[®]** (amoxicilina) é um pó branco (para reconstituição) com grânulos amarelados, que após a reconstituição resultará em uma suspensão homogênea quase branca. \n\n## **Características organolépticas:** \n\nSuspensão oral: sabor de tutti frutti e odor característico de frutas. \n\n**Antes de usar, observe o aspecto do medicamento. Caso ele esteja no prazo de validade e você observe alguma mudança no aspecto, consulte o farmacêutico para saber se poderá utilizá-lo. Todo medicamento deve ser mantido fora do alcance das crianças.** \n\n## **6."", ""QUANDO NÃO DEVO USAR ESTE MEDICAMENTO?** \n\nEste medicamento não pode ser administrado nem ingerido por pessoas alérgicas à amoxicilina, a outros antibióticos penicilínicos ou antibióticos similares, chamados cefalosporinas. Se você já teve uma reação alérgica (como erupções da pele) ao tomar um antibiótico, deve conversar com seu médico antes de usar **Amoxil[®] .** \n\n## **4. O QUE DEVO SABER ANTES DE USAR ESTE MEDICAMENTO** ? \n\nAntes de iniciar o tratamento com **Amoxil**[] , informe seu médico: \n\n- se você já apresentou reação alérgica a algum antibiótico. Isso pode incluir reações na pele ou inchaço na face ou pescoço ou dores no peito. \n\n- se você apresenta febre glandular. \n\n- se você toma medicamentos usados para prevenir coágulos sanguíneos (anticoagulantes), tais como varfarina, o seu médico fará um monitoramento e, se necessário, poderá sugerir ajustes na dose dos anticoagulantes. \n\n- se você apresenta problema nos rins. \n\n- se você não estiver urinando regularmente. \n\n- se você já teve diarreia durante ou após o uso de antibióticos. \n\n1 \n\n**==> picture [87 x 28] intentionally omitted <==**\n\n## Modelo de Texto de Bula – Pacientes Amoxil[®] Cápsulas \n\nO uso prolongado também pode resultar, ocasionalmente, em supercrescimento de microrganismos resistentes a **Amoxil[®]** ."", ""utâneas severas, dor no peito, vômitos repetitivos dentro de 1 a 4 horas após a administração de **Amoxil[®]** ou diarreia grave (colite pseudomembranosa). Você deve estar atento a determinados sintomas enquanto estiver recebendo **Amoxil[®]** para ajudar a reduzir o risco de quaisquer problemas. \n\n## **Efeitos sobre a capacidade de dirigir veículos e de operar máquinas** \n\nNão se observaram efeitos adversos sobre a capacidade de dirigir veículos e de operar máquinas. \n\n## **Gravidez e amamentação** \n\n**Amoxil[®]** pode ser usado na gravidez desde que os benefícios potenciais sejam maiores que os riscos potenciais associados ao tratamento. Informe seu médico se você estiver grávida ou suspeitar que está grávida. Você não deve tomar este medicamento se estiver grávida, exceto se seu médico recomendar. \n\nVocê pode amamentar seu bebê enquanto estiver tomando **Amoxil[®]** , mas há excreção de quantidades mínimas de amoxicilina no leite materno. Se você estiver amamentando, informe ao seu médico antes de iniciar o tratamento com **Amoxil[®]** . \n\n## **Este medicamento não deve ser utilizado por mulheres grávidas sem orientação médica ou do cirurgião-dentista.** \n\n**Uso compatível com o aleitamento ou doação de leite humano. O uso desse medicamento não interfere no aleitamento do bebê.** \n\n## **Atenção: Contém fenilalanina.** \n\n**Este produto contém benzoato de sódio, que pode causar reações alérgicas, como asma, especialmente em pessoas alérgicas ao ácido acetilsalicílico.** \n\n## **Uso em idosos, crianças e outros grupos de risco**"", ""já teve diarreia durante ou após o uso de antibióticos. \n\n1 \n\n**==> picture [87 x 28] intentionally omitted <==**\n\n## Modelo de Texto de Bula – Pacientes Amoxil[®] Cápsulas \n\nO uso prolongado também pode resultar, ocasionalmente, em supercrescimento de microrganismos resistentes a **Amoxil[®]** . \n\n**Amoxil[®]** pode piorar algumas condições existentes ou causar efeitos colaterais graves, como reações alérgicas severas, reações cutâneas severas, dor no peito, vômitos repetitivos dentro de 1 a 4 horas após a administração de **Amoxil[®]** ou diarreia grave (colite pseudomembranosa). Você deve estar atento a determinados sintomas enquanto estiver recebendo **Amoxil[®]** para ajudar a reduzir o risco de quaisquer problemas. \n\n## **Efeitos sobre a capacidade de dirigir veículos e de operar máquinas** \n\nNão se observaram efeitos adversos sobre a capacidade de dirigir veículos e de operar máquinas. \n\n## **Gravidez e amamentação** \n\n**Amoxil[®]** pode ser usado na gravidez desde que os benefícios potenciais sejam maiores que os riscos potenciais associados ao tratamento. Informe seu médico se você estiver grávida ou suspeitar que está grávida. Você não deve tomar este medicamento se estiver grávida, exceto se seu médico recomendar. \n\nVocê pode amamentar seu bebê enquanto estiver tomando **Amoxil[®]** , mas há excreção de quantidades mínimas de amoxicilina no leite materno. Se você estiver amamentando, informe ao seu médico antes de iniciar o tratamento com **Amoxil[®]** ."", ""COMO DEVO USAR ESTE MEDICAMENTO?** \n\n## **Modo de usar** \n\nSiga as orientações de seu médico sobre a maneira e a hora correta de tomar o medicamento. Ele vai decidir a quantidade diária que você precisa e o tempo durante o qual você deve usar este medicamento. Leia esta bula com cautela. Se você tiver alguma dúvida, fale com seu médico. \n\nRecomenda-se ingerir o medicamento nas refeições, embora ele continue eficaz mesmo que você o tome em outros horários. \n\nContinue tomando este medicamento até o fim do tratamento prescrito pelo médico. Não pare somente porque se sente melhor. \n\n**As cápsulas devem ser ingeridas inteiras com água. Não as mastigue.** \n\n## **Posologia** \n\nAtenção! Para algumas doses indicadas abaixo (doses inferiores a 500 mg) é necessário o uso da suspensão oral, converse com seu médico ou farmacêutico em caso de dúvida. \n\n## **Dose para adultos e crianças acima de 40 kg** \n\n- Dose padrão: 500 mg (uma cápsula) três vezes ao dia (de 8 em 8 horas) nas infecções mais graves. \n\n- Tratamento com dosagem alta (máximo recomendável de 6 g ao dia em doses divididas): recomenda-se uma dose de 3 g (seis cápsulas) duas vezes ao dia (de 12 em 12 horas) em casos que requerem tratamento de infecção respiratória purulenta (com a presença de pus) grave ou recorrente. \n\n## **- Tratamento de curta duração (gonorreia): dose única de 3 g.**""]",6.399,4.314,"ONDE, COMO E POR QUANTO TEMPO POSSO GUARDAR ESTE MEDICAMENTO?",,,,high,False,"{""planner_primary"": [""ONDE, COMO E POR QUANTO TEMPO POSSO GUARDAR ESTE MEDICAMENTO?""], ""planner_secondary"": [], ""planner_safety"": [], ""planner_rationale"": ""A pergunta do paciente se refere diretamente ao armazenamento das cápsulas de Amoxil, que está especificada na seção 'Onde, como e por quanto tempo posso guardar este medicamento?'."", ""expanded_sections"": [], ""full_sections_used"": [""ONDE, COMO E POR QUANTO TEMPO POSSO GUARDAR ESTE MEDICAMENTO?""], ""total_candidates_before_dedup"": 8, ""n_unique_candidates"": 6, ""n_ranked_lists"": 3, ""n_fused"": 6, ""n_reranked"": 6, ""evidence_confidence"": ""high"", ""fallback_triggered"": false}"
guarded_hybrid_agentic_fusion_rag,ollama:medgemma:4b,RIVOTRIL,Para que serve o Rivotril?,facil,"Rivotril é indicado para tratar crises epilépticas e espasmos infantis, também chamados síndrome de West. Em adultos, também é indicado para transtornos de ansiedade, transtornos do humor, síndromes psicóticas, síndrome das pernas inquietas, vertigem e distúrbios do equilíbrio e síndrome da boca ardente.",PARA QUE ESTE MEDICAMENTO É INDICADO?,"De acordo com a bula do medicamento RIVOTRIL, consta a seguinte informação: ""Rivotril[® ] é indicado para tratar crises epilépticas e espasmos infantis (síndrome de West). Adulto e pediátrico Distúrbio epiléptico** 

**Rivotril[® ]** é indicado para tratar crises epilépticas e espasmos infantis (síndrome de West). 

## **Adulto** 

**Rivotril[® ]** também é indicado para: 

**Transtornos de ansiedade** 

- Como ansiolítico em geral. 

- Distúrbio do pânico com ou sem medo de espaços abertos. 

- Fobia social (medo de situações como falar em público). 

## **Transtornos do humor** 

- Transtorno afetivo bipolar (fases de depressão e mania): tratamento da mania. 

- Depressão maior: associado a antidepressivos na depressão ansiosa e início do tratamento. 

## **Síndromes psicóticas** 

 Acatisia (inquietação extrema, geralmente provocada por medicamentos psiquiátricos). **Síndrome das pernas inquietas (desconforto ou dor nas pernas que leva à necessidade de movimentá-las, prejudicando o sono).** 

**Vertigem e distúrbios do equilíbrio:** náuseas, vômitos, desmaios, quedas, zumbidos e distúrbios  auditivos. **Síndrome da boca ardente (sensação de queimação na parte interna da boca, sem alterações   físicas).** 

**2.

[Forma: COMPRIMIDO] Seção: PARA QUE ESTE MEDICAMENTO É INDICADO?
PARA QUE ESTE MEDICAMENTO É INDICADO? Adulto e pediátrico Distúrbio epiléptico** 

**Rivotril[® ]** é indicado para tratar crises epilépticas e espasmos infantis (síndrome de West). 

## **Adulto** 

**Rivotril[® ]** também é indicado para: 

## **Transtornos de ansiedade** 

- Como ansiolítico em geral. 

- Distúrbio do pânico com ou sem medo de espaços abertos. 

- Fobia social (medo de situações como falar em público). 

## **Transtornos do humor** 

- Transtorno afetivo bipolar (fases de depressão e mania): tratamento da mania. 

- Depressão maior: associado a antidepressivos na depressão ansiosa e início do tratamento. 

## **Síndromes psicóticas** 

 Acatisia (inquietação extrema, geralmente provocada por medicamentos psiquiátricos). **Síndrome das pernas inquietas (desconforto ou dor nas pernas que leva à necessidade de movimentá-las, prejudicando o sono).** 

**Vertigem e distúrbios do equilíbrio:** náuseas, vômitos, desmaios, quedas, zumbidos e distúrbios  auditivos. **Síndrome da boca ardente (sensação de queimação na parte interna da boca, sem alterações   físicas).** 

**2.

[Forma: GOTAS] Seção: PARA QUE ESTE MEDICAMENTO É INDICADO?
PARA QUE ESTE MEDICAMENTO É INDICADO? Adulto e pediátrico Distúrbio epiléptico** 

**Rivotril[®  ]** é indicado para tratar crises epilépticas e espasmos infantis (síndrome de West). 

## **Adulto** 

**Rivotril[® ]** também é indicado para: 

## **Transtornos de ansiedade** 

- Como ansiolítico em geral. 

- Distúrbio do pânico com ou sem medo de espaços abertos. 

- Fobia social (medo de situações como falar em público). 

## **Transtornos do humor** 

- Transtorno afetivo bipolar (fases de depressão e mania): tratamento da mania. 

- Depressão maior: associado a antidepressivos na depressão ansiosa e início do tratamento. 

## **Síndromes psicóticas** 

 Acatisia (inquietação extrema, geralmente provocada por medicamentos  psiquiátricos). **Síndrome das pernas inquietas (desconforto ou dor nas pernas que leva à necessidade de movimentá-las, prejudicando o sono).** 

**Vertigem distúrbios do equilíbrio:** náuseas, vômitos, desmaios, quedas, zumbidos e distúrbios  auditivos. **Síndrome da boca ardente (sensação de queimação na parte interna da boca, sem alterações   físicas).** 

**2.

[Forma: COMPRIMIDO] Seção: COMO ESTE MEDICAMENTO FUNCIONA?
COMO ESTE MEDICAMENTO FUNCIONA? Clonazepam pertence à classe dos benzodiazepínicos, medicamentos que causam inibição leve do sistema nervoso, com consequente ação anticonvulsivante, sedativa leve, relaxante muscular e tranquilizante. 

A ação de **Rivotril[® ]** oral dose única inicia em 30 a 60 minutos e se estende por 6 à 8 h em crianças e 8 a 12 h em adultos. 

1 

**==> picture [109 x 35] intentionally omitted <==**

## **3.

[Forma: GOTAS] Seção: COMO ESTE MEDICAMENTO FUNCIONA?
COMO ESTE MEDICAMENTO FUNCIONA? Clonazepam pertence à classe dos benzodiazepínicos, medicamentos que causam inibição leve do sistema nervoso, com consequente ação anticonvulsivante, sedativa leve, relaxante muscular e tranquilizante. 

A ação de **Rivotril[® ]** oral dose única inicia em 30 a 60 minutos e se estende por 6 a 8 h em crianças e 8 a 12 h em adultos. 

## **3.

[Forma: GOTAS] Seção: QUANDO NÃO DEVO USAR ESTE MEDICAMENTO?
ionally omitted <==**

depressão respiratória e dificuldade de sucção no bebê. Tanto a gestação quanto a suspensão de **Rivotril**[® ] podem exacerbar a epilepsia. 

Informe seu médico se estiver amamentando. Se você realmente precisar tomar **Rivotril[®]** , a amamentação deve ser descontinuada. 

## **Uso em crianças** 

Avaliar o risco / benefício do uso de **Rivotril[® ]** a longo prazo em pacientes pediátricos com distúrbios epilépticos. **Rivotril[® ]** pode aumentar a salivação e as secreções brônquicas em lactentes e crianças pequenas. Atenção:  manter as vias aéreas livres. 

Não há dados de eficácia / segurança de **Rivotril[® ]** em menores de 18 anos com distúrbio do pânico. 

## **Uso em idosos** 

Os efeitos dos benzodiazepínicos parecem ser maiores em pacientes idosos do que em pacientes mais jovens, mesmo em concentrações plasmáticas similares. 

## **Principais interações medicamentosas** 

Informe seu médico, se estiver tomando outros medicamentos, incluindo as substâncias a seguir, pois elas podem interagir com **Rivotril[®]** : 

– Depressores do sistema nervoso central e álcool; 

– Medicamentos que agem no sistema nervoso: antidepressivos, medicamentos para dormir, alguns analgésicos, antipsicóticos, ansiolíticos, anticonvulsivantes; 

– Medicamentos para o estômago. 

## **Interações fármaco-alimento** 

Interações com alimentos não foram estabelecidas. O suco de toranja pode aumentar o efeito de **Rivotril[®]** . 

## **Interações fármaco-laboratório** 

Interações com testes laboratoriais não foram estabelecidas.

[Forma: GOTAS] Seção: QUANDO NÃO DEVO USAR ESTE MEDICAMENTO?
ntes; 

**-** Medicamentos para o estômago. 

## **Interações fármaco-alimento** 

Interações com alimentos não foram estabelecidas. O suco de toranja pode aumentar o efeito de **Rivotril[®]** . 

## **Interações fármaco-laboratório** 

Interações com testes laboratoriais não foram estabelecidas. 

**Informe ao seu médico ou cirurgião-dentista se você está fazendo uso de algum outro medicamento. Não use medicamento sem o conhecimento do seu médico. Pode ser perigoso para a sua saúde.** 

## **5.

[Forma: COMPRIMIDO] Seção: QUANDO NÃO DEVO USAR ESTE MEDICAMENTO?
lta de tônus muscular, depressão respiratória e dificuldade de sucção no bebê. Tanto a gestação quanto a suspensão de **Rivotril**[® ] podem exacerbar a epilepsia. 

Informe seu médico se estiver amamentando. Se você realmente precisar tomar **Rivotril[®]** , a amamentação deve ser descontinuada. 

## **Uso em crianças** 

Avaliar o risco / benefício do uso de **Rivotril[® ]** a longo prazo em pacientes pediátricos com distúrbios epilépticos. **Rivotril[® ]** pode aumentar a salivação e as secreções brônquicas em lactentes e crianças pequenas. Atenção:  manter as vias aéreas livres. 

Não há dados de eficácia / segurança de **Rivotril[® ]** em menores de 18 anos com distúrbio do pânico. 

## **Uso em idosos** 

Os efeitos dos benzodiazepínicos parecem ser maiores em pacientes idosos do que em pacientes mais jovens, mesmo em concentrações plasmáticas similares. 

## **Principais interações medicamentosas** 

Informe seu médico se estiver tomando outros medicamentos, incluindo as substâncias a seguir, pois elas podem interagir com **Rivotril[®]** : 

– Depressores do sistema nervoso central e álcool; 

– Medicamentos que agem no sistema nervoso: antidepressivos, medicamentos para dormir, alguns analgésicos, antipsicóticos, ansiolíticos, anticonvulsivantes; 

– Medicamentos para o estômago. 

## **Interações fármaco-alimento** 

Interações com alimentos não foram estabelecidas. O suco de toranja pode aumentar o efeito de **Rivotril[®]** . 

## **Interações fármaco-laboratório** 

Interações com testes laboratoriais não foram estabelecidas.

Para que serve o Rivotril?

---
*Esta resposta se baseia apenas nos trechos da bula recuperados e não substitui orientação médica ou farmacêutica.*","De acordo com a bula do medicamento RIVOTRIL, consta a seguinte informação: ""Rivotril[® ] é indicado para tratar crises epilépticas e espasmos infantis (síndrome de West). Adulto e pediátrico Distúrbio epiléptico** 

**Rivotril[® ]** é indicado para tratar crises epilépticas e espasmos infantis (síndrome de West). 

## **Adulto** 

**Rivotril[® ]** também é indicado para: 

**Transtornos de ansiedade** 

- Como ansiolítico em geral. 

- Distúrbio do pânico com ou sem medo de espaços abertos. 

- Fobia social (medo de situações como falar em público). 

## **Transtornos do humor** 

- Transtorno afetivo bipolar (fases de depressão e mania): tratamento da mania. 

- Depressão maior: associado a antidepressivos na depressão ansiosa e início do tratamento. 

## **Síndromes psicóticas** 

 Acatisia (inquietação extrema, geralmente provocada por medicamentos psiquiátricos). **Síndrome das pernas inquietas (desconforto ou dor nas pernas que leva à necessidade de movimentá-las, prejudicando o sono).** 

**Vertigem e distúrbios do equilíbrio:** náuseas, vômitos, desmaios, quedas, zumbidos e distúrbios  auditivos. **Síndrome da boca ardente (sensação de queimação na parte interna da boca, sem alterações   físicas).** 

**2.

[Forma: COMPRIMIDO] Seção: PARA QUE ESTE MEDICAMENTO É INDICADO?
PARA QUE ESTE MEDICAMENTO É INDICADO? Adulto e pediátrico Distúrbio epiléptico** 

**Rivotril[® ]** é indicado para tratar crises epilépticas e espasmos infantis (síndrome de West). 

## **Adulto** 

**Rivotril[® ]** também é indicado para: 

## **Transtornos de ansiedade** 

- Como ansiolítico em geral. 

- Distúrbio do pânico com ou sem medo de espaços abertos. 

- Fobia social (medo de situações como falar em público). 

## **Transtornos do humor** 

- Transtorno afetivo bipolar (fases de depressão e mania): tratamento da mania. 

- Depressão maior: associado a antidepressivos na depressão ansiosa e início do tratamento. 

## **Síndromes psicóticas** 

 Acatisia (inquietação extrema, geralmente provocada por medicamentos psiquiátricos). **Síndrome das pernas inquietas (desconforto ou dor nas pernas que leva à necessidade de movimentá-las, prejudicando o sono).** 

**Vertigem e distúrbios do equilíbrio:** náuseas, vômitos, desmaios, quedas, zumbidos e distúrbios  auditivos. **Síndrome da boca ardente (sensação de queimação na parte interna da boca, sem alterações   físicas).** 

**2.

[Forma: GOTAS] Seção: PARA QUE ESTE MEDICAMENTO É INDICADO?
PARA QUE ESTE MEDICAMENTO É INDICADO? Adulto e pediátrico Distúrbio epiléptico** 

**Rivotril[®  ]** é indicado para tratar crises epilépticas e espasmos infantis (síndrome de West). 

## **Adulto** 

**Rivotril[® ]** também é indicado para: 

## **Transtornos de ansiedade** 

- Como ansiolítico em geral. 

- Distúrbio do pânico com ou sem medo de espaços abertos. 

- Fobia social (medo de situações como falar em público). 

## **Transtornos do humor** 

- Transtorno afetivo bipolar (fases de depressão e mania): tratamento da mania. 

- Depressão maior: associado a antidepressivos na depressão ansiosa e início do tratamento. 

## **Síndromes psicóticas** 

 Acatisia (inquietação extrema, geralmente provocada por medicamentos  psiquiátricos). **Síndrome das pernas inquietas (desconforto ou dor nas pernas que leva à necessidade de movimentá-las, prejudicando o sono).** 

**Vertigem distúrbios do equilíbrio:** náuseas, vômitos, desmaios, quedas, zumbidos e distúrbios  auditivos. **Síndrome da boca ardente (sensação de queimação na parte interna da boca, sem alterações   físicas).** 

**2.

[Forma: COMPRIMIDO] Seção: COMO ESTE MEDICAMENTO FUNCIONA?
COMO ESTE MEDICAMENTO FUNCIONA? Clonazepam pertence à classe dos benzodiazepínicos, medicamentos que causam inibição leve do sistema nervoso, com consequente ação anticonvulsivante, sedativa leve, relaxante muscular e tranquilizante. 

A ação de **Rivotril[® ]** oral dose única inicia em 30 a 60 minutos e se estende por 6 à 8 h em crianças e 8 a 12 h em adultos. 

1 

**==> picture [109 x 35] intentionally omitted <==**

## **3.

[Forma: GOTAS] Seção: COMO ESTE MEDICAMENTO FUNCIONA?
COMO ESTE MEDICAMENTO FUNCIONA? Clonazepam pertence à classe dos benzodiazepínicos, medicamentos que causam inibição leve do sistema nervoso, com consequente ação anticonvulsivante, sedativa leve, relaxante muscular e tranquilizante. 

A ação de **Rivotril[® ]** oral dose única inicia em 30 a 60 minutos e se estende por 6 a 8 h em crianças e 8 a 12 h em adultos. 

## **3.

[Forma: GOTAS] Seção: QUANDO NÃO DEVO USAR ESTE MEDICAMENTO?
ionally omitted <==**

depressão respiratória e dificuldade de sucção no bebê. Tanto a gestação quanto a suspensão de **Rivotril**[® ] podem exacerbar a epilepsia. 

Informe seu médico se estiver amamentando. Se você realmente precisar tomar **Rivotril[®]** , a amamentação deve ser descontinuada. 

## **Uso em crianças** 

Avaliar o risco / benefício do uso de **Rivotril[® ]** a longo prazo em pacientes pediátricos com distúrbios epilépticos. **Rivotril[® ]** pode aumentar a salivação e as secreções brônquicas em lactentes e crianças pequenas. Atenção:  manter as vias aéreas livres. 

Não há dados de eficácia / segurança de **Rivotril[® ]** em menores de 18 anos com distúrbio do pânico. 

## **Uso em idosos** 

Os efeitos dos benzodiazepínicos parecem ser maiores em pacientes idosos do que em pacientes mais jovens, mesmo em concentrações plasmáticas similares. 

## **Principais interações medicamentosas** 

Informe seu médico, se estiver tomando outros medicamentos, incluindo as substâncias a seguir, pois elas podem interagir com **Rivotril[®]** : 

– Depressores do sistema nervoso central e álcool; 

– Medicamentos que agem no sistema nervoso: antidepressivos, medicamentos para dormir, alguns analgésicos, antipsicóticos, ansiolíticos, anticonvulsivantes; 

– Medicamentos para o estômago. 

## **Interações fármaco-alimento** 

Interações com alimentos não foram estabelecidas. O suco de toranja pode aumentar o efeito de **Rivotril[®]** . 

## **Interações fármaco-laboratório** 

Interações com testes laboratoriais não foram estabelecidas.

[Forma: GOTAS] Seção: QUANDO NÃO DEVO USAR ESTE MEDICAMENTO?
ntes; 

**-** Medicamentos para o estômago. 

## **Interações fármaco-alimento** 

Interações com alimentos não foram estabelecidas. O suco de toranja pode aumentar o efeito de **Rivotril[®]** . 

## **Interações fármaco-laboratório** 

Interações com testes laboratoriais não foram estabelecidas. 

**Informe ao seu médico ou cirurgião-dentista se você está fazendo uso de algum outro medicamento. Não use medicamento sem o conhecimento do seu médico. Pode ser perigoso para a sua saúde.** 

## **5.

[Forma: COMPRIMIDO] Seção: QUANDO NÃO DEVO USAR ESTE MEDICAMENTO?
lta de tônus muscular, depressão respiratória e dificuldade de sucção no bebê. Tanto a gestação quanto a suspensão de **Rivotril**[® ] podem exacerbar a epilepsia. 

Informe seu médico se estiver amamentando. Se você realmente precisar tomar **Rivotril[®]** , a amamentação deve ser descontinuada. 

## **Uso em crianças** 

Avaliar o risco / benefício do uso de **Rivotril[® ]** a longo prazo em pacientes pediátricos com distúrbios epilépticos. **Rivotril[® ]** pode aumentar a salivação e as secreções brônquicas em lactentes e crianças pequenas. Atenção:  manter as vias aéreas livres. 

Não há dados de eficácia / segurança de **Rivotril[® ]** em menores de 18 anos com distúrbio do pânico. 

## **Uso em idosos** 

Os efeitos dos benzodiazepínicos parecem ser maiores em pacientes idosos do que em pacientes mais jovens, mesmo em concentrações plasmáticas similares. 

## **Principais interações medicamentosas** 

Informe seu médico se estiver tomando outros medicamentos, incluindo as substâncias a seguir, pois elas podem interagir com **Rivotril[®]** : 

– Depressores do sistema nervoso central e álcool; 

– Medicamentos que agem no sistema nervoso: antidepressivos, medicamentos para dormir, alguns analgésicos, antipsicóticos, ansiolíticos, anticonvulsivantes; 

– Medicamentos para o estômago. 

## **Interações fármaco-alimento** 

Interações com alimentos não foram estabelecidas. O suco de toranja pode aumentar o efeito de **Rivotril[®]** . 

## **Interações fármaco-laboratório** 

Interações com testes laboratoriais não foram estabelecidas.

Para que serve o Rivotril?","PARA QUE ESTE MEDICAMENTO É INDICADO?, QUANDO NÃO DEVO USAR ESTE MEDICAMENTO?, COMO ESTE MEDICAMENTO FUNCIONA?","chunk_1f2c88d1dcdf, chunk_3fede5899876, chunk_b5f77dec1fb9, chunk_4569774ff1a4, chunk_d111e9aa94c7, chunk_2ff643ba29cb, chunk_8a2bf413efb7, chunk_d1e77a6a6e34","[""PARA QUE ESTE MEDICAMENTO É INDICADO? Adulto e pediátrico Distúrbio epiléptico** \n\n**Rivotril[® ]** é indicado para tratar crises epilépticas e espasmos infantis (síndrome de West). \n\n## **Adulto** \n\n**Rivotril[® ]** também é indicado para: \n\n**Transtornos de ansiedade** \n\n- Como ansiolítico em geral. \n\n- Distúrbio do pânico com ou sem medo de espaços abertos. \n\n- Fobia social (medo de situações como falar em público). \n\n## **Transtornos do humor** \n\n- Transtorno afetivo bipolar (fases de depressão e mania): tratamento da mania. \n\n- Depressão maior: associado a antidepressivos na depressão ansiosa e início do tratamento. \n\n## **Síndromes psicóticas** \n\n Acatisia (inquietação extrema, geralmente provocada por medicamentos psiquiátricos). **Síndrome das pernas inquietas (desconforto ou dor nas pernas que leva à necessidade de movimentá-las, prejudicando o sono).** \n\n**Vertigem e distúrbios do equilíbrio:** náuseas, vômitos, desmaios, quedas, zumbidos e distúrbios  auditivos. **Síndrome da boca ardente (sensação de queimação na parte interna da boca, sem alterações   físicas).** \n\n**2."", ""PARA QUE ESTE MEDICAMENTO É INDICADO? Adulto e pediátrico Distúrbio epiléptico** \n\n**Rivotril[® ]** é indicado para tratar crises epilépticas e espasmos infantis (síndrome de West). \n\n## **Adulto** \n\n**Rivotril[® ]** também é indicado para: \n\n## **Transtornos de ansiedade** \n\n- Como ansiolítico em geral. \n\n- Distúrbio do pânico com ou sem medo de espaços abertos. \n\n- Fobia social (medo de situações como falar em público). \n\n## **Transtornos do humor** \n\n- Transtorno afetivo bipolar (fases de depressão e mania): tratamento da mania. \n\n- Depressão maior: associado à antidepressivos na depressão ansiosa e início do tratamento. \n\n## **Síndromes psicóticas** \n\n Acatisia (inquietação extrema, geralmente provocada por medicamentos psiquiátricos). **Síndrome das pernas inquietas (desconforto ou dor nas pernas que leva à necessidade de movimentá-las, prejudicando o sono).** \n\n**Vertigem e distúrbios do equilíbrio:** náuseas, vômitos, desmaios, quedas, zumbidos e distúrbios auditivos. **Síndrome da boca ardente (sensação de queimação na parte interna da boca, sem alterações   físicas).** \n\n**2."", ""PARA QUE ESTE MEDICAMENTO É INDICADO? Adulto e pediátrico Distúrbio epiléptico** \n\n**Rivotril[®  ]** é indicado para tratar crises epilépticas e espasmos infantis (síndrome de West). \n\n## **Adulto** \n\n**Rivotril[® ]** também é indicado para: \n\n## **Transtornos de ansiedade** \n\n- Como ansiolítico em geral. \n\n- Distúrbio do pânico com ou sem medo de espaços abertos. \n\n- Fobia social (medo de situações como falar em público). \n\n## **Transtornos do humor** \n\n- Transtorno afetivo bipolar (fases de depressão e mania): tratamento da mania. \n\n- Depressão maior: associado a antidepressivos na depressão ansiosa e início do tratamento. \n\n## **Síndromes psicóticas** \n\n Acatisia (inquietação extrema, geralmente provocada por medicamentos  psiquiátricos). **Síndrome das pernas inquietas (desconforto ou dor nas pernas que leva à necessidade de movimentá-las, prejudicando o sono).** \n\n**Vertigem distúrbios do equilíbrio:** náuseas, vômitos, desmaios, quedas, zumbidos e distúrbios  auditivos. **Síndrome da boca ardente (sensação de queimação na parte interna da boca, sem alterações   físicas).** \n\n**2."", ""COMO ESTE MEDICAMENTO FUNCIONA?** Clonazepam pertence à classe dos benzodiazepínicos, medicamentos que causam inibição leve do sistema nervoso, com consequente ação anticonvulsivante, sedativa leve, relaxante muscular e tranquilizante. \n\nA ação de **Rivotril[® ]** oral dose única inicia em 30 a 60 minutos e se estende por 6 à 8 h em crianças e 8 a 12 h em adultos. \n\n1 \n\n**==> picture [109 x 35] intentionally omitted <==**\n\n## **3."", ""COMO ESTE MEDICAMENTO FUNCIONA?** \n\nClonazepam pertence à classe dos benzodiazepínicos, medicamentos que causam inibição leve do sistema nervoso, com consequente ação anticonvulsivante, sedativa leve, relaxante muscular e tranquilizante. \n\nA ação de **Rivotril[® ]** oral dose única inicia em 30 a 60 minutos e se estende por 6 a 8 h em crianças e 8 a 12 h em adultos. \n\n## **3."", ""ionally omitted <==**\n\ndepressão respiratória e dificuldade de sucção no bebê. Tanto a gestação quanto a suspensão de **Rivotril[® ]** podem exacerbar a epilepsia. \n\nInforme seu médico se estiver amamentando. Se você realmente precisar tomar **Rivotril[®]** , a amamentação deve ser descontinuada. \n\n## **Uso em crianças** \n\nAvaliar o risco / benefício do uso de **Rivotril[® ]** a longo prazo em pacientes pediátricos com distúrbios epilépticos. **Rivotril[® ]** pode aumentar a salivação e as secreções brônquicas em lactentes e crianças pequenas. Atenção:  manter as vias aéreas livres. \n\nNão há dados de eficácia / segurança de **Rivotril[® ]** em menores de 18 anos com distúrbio do pânico. \n\n**Uso em idosos** \n\nOs efeitos dos benzodiazepínicos parecem ser maiores em pacientes idosos do que em pacientes mais jovens, mesmo em concentrações plasmáticas similares, \n\n## **Principais interações medicamentosas** \n\nInforme seu médico, se estiver tomando outros medicamentos, incluindo as substâncias a seguir, pois elas podem interagir com **Rivotril[®]** . \n\n**-** Depressores do sistema nervoso central e álcool; \n\n**-** Medicamentos que agem no sistema nervoso: antidepressivos, medicamentos para dormir, alguns analgésicos, antipsicóticos, ansiolíticos, anticonvulsivantes; \n\n**-** Medicamentos para o estômago. \n\n## **Interações fármaco-alimento** \n\nInterações com alimentos não foram estabelecidas. O suco de toranja pode aumentar o efeito de **Rivotril[®]** . \n\n## **Interações fármaco-laboratório** \n\nInterações com testes laboratoriais não foram estabelecidas."", ""ntes; \n\n**-** Medicamentos para o estômago. \n\n## **Interações fármaco-alimento** \n\nInterações com alimentos não foram estabelecidas. O suco de toranja pode aumentar o efeito de **Rivotril[®]** . \n\n## **Interações fármaco-laboratório** \n\nInterações com testes laboratoriais não foram estabelecidas. \n\n**Informe ao seu médico ou cirurgião-dentista se você está fazendo uso de algum outro medicamento. Não use medicamento sem o conhecimento do seu médico. Pode ser perigoso para a sua saúde.** \n\n## **5."", ""lta de tônus muscular, depressão respiratória e dificuldade de sucção no bebê. Tanto a gestação quanto a suspensão de **Rivotril**[® ] podem exacerbar a epilepsia. \n\nInforme seu médico se estiver amamentando. Se você realmente precisar tomar **Rivotril[®]** , a amamentação deve ser descontinuada. \n\n## **Uso em crianças** \n\nAvaliar o risco / benefício do uso de **Rivotril[® ]** a longo prazo em pacientes pediátricos com distúrbios epilépticos. **Rivotril[® ]** pode aumentar a salivação e as secreções brônquicas em lactentes e crianças pequenas. Atenção:  manter as vias aéreas livres. \n\nNão há dados de eficácia / segurança de **Rivotril[® ]** em menores de 18 anos com distúrbio do pânico. \n\n## **Uso em idosos** \n\nOs efeitos dos benzodiazepínicos parecem ser maiores em pacientes idosos do que em pacientes mais jovens, mesmo em concentrações plasmáticas similares. \n\n## **Principais interações medicamentosas** \n\nInforme seu médico se estiver tomando outros medicamentos, incluindo as substâncias a seguir, pois elas podem interagir com **Rivotril[®]** : \n\n– Depressores do sistema nervoso central e álcool; \n\n– Medicamentos que agem no sistema nervoso: antidepressivos, medicamentos para dormir, alguns analgésicos, antipsicóticos, ansiolíticos, anticonvulsivantes; \n\n– Medicamentos para o estômago. \n\n## **Interações fármaco-alimento** \n\nInterações com alimentos não foram estabelecidas. O suco de toranja pode aumentar o efeito de **Rivotril**[®] . \n\n## **Interações fármaco-laboratório** \n\nInterações com testes laboratoriais não foram estabelecidas.""]",7.89,61.314,PARA QUE ESTE MEDICAMENTO É INDICADO?,,,COMO ESTE MEDICAMENTO FUNCIONA?,high,False,"{""planner_primary"": [""PARA QUE ESTE MEDICAMENTO É INDICADO?""], ""planner_secondary"": [], ""planner_safety"": [], ""planner_rationale"": ""A pergunta do paciente é sobre a indicação do medicamento, que está diretamente relacionada à seção 'PARA QUE ESTE MEDICAMENTO É INDICADO?'."", ""expanded_sections"": [""COMO ESTE MEDICAMENTO FUNCIONA?""], ""full_sections_used"": [""PARA QUE ESTE MEDICAMENTO É INDICADO?""], ""total_candidates_before_dedup"": 15, ""n_unique_candidates"": 11, ""n_ranked_lists"": 5, ""n_fused"": 11, ""n_reranked"": 8, ""evidence_confidence"": ""high"", ""fallback_triggered"": false}"
guarded_hybrid_agentic_fusion_rag,ollama:medgemma:4b,RIVOTRIL,Como o Rivotril age no organismo?,facil,"O clonazepam pertence à classe dos benzodiazepínicos, medicamentos que causam inibição leve do sistema nervoso, com ação anticonvulsivante, sedativa leve, relaxante muscular e tranquilizante.",COMO ESTE MEDICAMENTO FUNCIONA?,"De acordo com a bula do medicamento RIVOTRIL, consta a seguinte informação: Clonazepam pertence à classe dos benzodiazepínicos, medicamentos que causam inibição leve do sistema nervoso, com consequente ação anticonvulsivante, sedativa leve, relaxante muscular e tranquilizante. A ação de Rivotril oral dose única inicia em 30 a 60 minutos e se estende por 6 a 8 h em crianças e 8 a 12 h em adultos.

---
*Esta resposta se baseia apenas nos trechos da bula recuperados e não substitui orientação médica ou farmacêutica.*","De acordo com a bula do medicamento RIVOTRIL, consta a seguinte informação: Clonazepam pertence à classe dos benzodiazepínicos, medicamentos que causam inibição leve do sistema nervoso, com consequente ação anticonvulsivante, sedativa leve, relaxante muscular e tranquilizante. A ação de Rivotril oral dose única inicia em 30 a 60 minutos e se estende por 6 a 8 h em crianças e 8 a 12 h em adultos.","PARA QUE ESTE MEDICAMENTO É INDICADO?, O QUE DEVO FAZER QUANDO EU ME ESQUECER DE USAR ESTE MEDICAMENTO?, COMO DEVO USAR ESTE MEDICAMENTO?, ONDE, COMO E POR QUANTO TEMPO POSSO GUARDAR ESTE MEDICAMENTO?, COMO ESTE MEDICAMENTO FUNCIONA?","chunk_f69004fcc440, chunk_241b8f0d59e6, chunk_d111e9aa94c7, chunk_4569774ff1a4, chunk_e51cd06c2139, chunk_1f2c88d1dcdf, chunk_b5f77dec1fb9, chunk_3fede5899876","[""o, hostilidade, ansiedade, distúrbios do sono, delírio, raiva, pesadelos, sonhos anormais, alucinações, psicose, hiperatividade, comportamento inapropriado e outros efeitos comportamentais. Alterações da libido (casos raros). Dependência e retirada, vide item “Abuso e dependência do medicamento”. \n\n**Distúrbios do sistema nervoso** : diminuição da concentração, sonolência, lentificação, hipotonia muscular, tonturas, ataxia são frequentes e geralmente transitórias. Dor de cabeça (raro). Distúrbios reversíveis: dificuldade para articular a fala, incoordenação de movimentos e da marcha, movimento anormal dos olhos. Pode haver esquecimento de fatos recentes, associado a alteração de comportamento. Pode haver aumento das crises convulsivas em determinadas formas de epilepsia. Perda da voz, movimento grosseiros e descoordenados de braços e pernas, coma, tremor, perda de força de um lado do corpo, sensação de cabeça leve, falta de energia e formigamento e alteração da sensibilidade nas extremidades. \n\n**Distúrbios oculares** : visão dupla reversível, aparência de “olho vítreo”. \n\n**Distúrbios cardiovasculares** : palpitações, dor torácica, insuficiência cardíaca (incluindo parada  cardíaca). \n\n**Distúrbios respiratórios** : congestão pulmonar, congestão nasal, hipersecreção, tosse, falta de ar, bronquite, rinite, faringite. Pode ocorrer depressão respiratória. **Rivotril[® ]** pode aumentar a produção de saliva ou de secreção brônquica (secreção nas vias aéreas) em lactentes e crianças."", ""o, hostilidade, ansiedade, distúrbios do sono, delírio, raiva, pesadelos, sonhos anormais, alucinações, psicose, hiperatividade, comportamento inapropriado e outros efeitos comportamentais. Alterações da libido (casos raros). Dependência e retirada, vide item “Abuso e dependência do medicamento”. \n\n**Distúrbios do sistema nervoso** : diminuição da concentração, sonolência, lentificação, hipotonia muscular, tonturas, ataxia são frequentes e geralmente transitórias. Dor de cabeça (raro). Distúrbios reversíveis: dificuldade para articular a fala, incoordenação de movimentos e da marcha, movimento anormal dos olhos. Pode haver esquecimento de fatos recentes, associado a alteração de comportamento. Pode haver aumento das crises convulsivas em determinadas formas de epilepsia. Perda da voz, movimentos grosseiros e descoordenados de braços e pernas, coma, tremor, perda de força de um lado do corpo, sensação de cabeça leve, falta de energia e formigamento e alteração da sensibilidade nas extremidades. \n\n**Distúrbios oculares** : visão dupla reversível, aparência de “olho vítreo”. \n\n**Distúrbios cardiovasculares** : palpitações, dor torácica, insuficiência cardíaca (incluindo parada  cardíaca). \n\n**Distúrbios respiratórios** : congestão pulmonar, congestão nasal, hipersecreção, tosse, falta de ar, bronquite, rinite, faringite. Pode ocorrer depressão respiratória. **Rivotril[® ]** pode aumentar a produção de saliva ou de secreção brônquica (secreção nas vias aéreas) em lactentes e crianças."", ""COMO ESTE MEDICAMENTO FUNCIONA?** \n\nClonazepam pertence à classe dos benzodiazepínicos, medicamentos que causam inibição leve do sistema nervoso, com consequente ação anticonvulsivante, sedativa leve, relaxante muscular e tranquilizante. \n\nA ação de **Rivotril[® ]** oral dose única inicia em 30 a 60 minutos e se estende por 6 a 8 h em crianças e 8 a 12 h em adultos. \n\n## **3."", ""COMO ESTE MEDICAMENTO FUNCIONA?** Clonazepam pertence à classe dos benzodiazepínicos, medicamentos que causam inibição leve do sistema nervoso, com consequente ação anticonvulsivante, sedativa leve, relaxante muscular e tranquilizante. \n\nA ação de **Rivotril[® ]** oral dose única inicia em 30 a 60 minutos e se estende por 6 à 8 h em crianças e 8 a 12 h em adultos. \n\n1 \n\n**==> picture [109 x 35] intentionally omitted <==**\n\n## **3."", ""ONDE, COMO E POR QUANTO TEMPO POSSO GUARDAR ESTE MEDICAMENTO?** \n\n**Rivotri** l **[®]** solução oral deve ser armazenado em temperatura ambiente (entre 15 e 30 ºC) e protegido do calor. \n\n**Número de lote e datas de fabricação e validade: vide embalagem. Não use medicamento com o prazo de validade vencido. Guarde-o em sua embalagem original.** \n\n## **Aspecto físico** \n\nA solução oral de **Rivotril[® ]** é um líquido límpido a quase límpido, incolor a levemente amarelado ou amarelo esverdeado. \n\n## **Características organolépticas** \n\nA solução oral de **Rivotril[® ]** apresenta aroma de pêssego. \n\n**Antes de usar, observe o aspecto do medicamento. Caso ele esteja no prazo de validade e você observe alguma mudança no aspecto, consulte o farmacêutico para saber se poderá utilizá-lo.** \n\n**Todo medicamento deve ser mantido fora do alcance das crianças.** \n\n## **6."", ""PARA QUE ESTE MEDICAMENTO É INDICADO? Adulto e pediátrico Distúrbio epiléptico** \n\n**Rivotril[® ]** é indicado para tratar crises epilépticas e espasmos infantis (síndrome de West). \n\n## **Adulto** \n\n**Rivotril[® ]** também é indicado para: \n\n**Transtornos de ansiedade** \n\n- Como ansiolítico em geral. \n\n- Distúrbio do pânico com ou sem medo de espaços abertos. \n\n- Fobia social (medo de situações como falar em público). \n\n## **Transtornos do humor** \n\n- Transtorno afetivo bipolar (fases de depressão e mania): tratamento da mania. \n\n- Depressão maior: associado a antidepressivos na depressão ansiosa e início do tratamento. \n\n## **Síndromes psicóticas** \n\n Acatisia (inquietação extrema, geralmente provocada por medicamentos psiquiátricos). **Síndrome das pernas inquietas (desconforto ou dor nas pernas que leva à necessidade de movimentá-las, prejudicando o sono).** \n\n**Vertigem e distúrbios do equilíbrio:** náuseas, vômitos, desmaios, quedas, zumbidos e distúrbios  auditivos. **Síndrome da boca ardente (sensação de queimação na parte interna da boca, sem alterações   físicas).** \n\n**2."", ""PARA QUE ESTE MEDICAMENTO É INDICADO? Adulto e pediátrico Distúrbio epiléptico** \n\n**Rivotril[®  ]** é indicado para tratar crises epilépticas e espasmos infantis (síndrome de West). \n\n## **Adulto** \n\n**Rivotril[® ]** também é indicado para: \n\n## **Transtornos de ansiedade** \n\n- Como ansiolítico em geral. \n\n- Distúrbio do pânico com ou sem medo de espaços abertos. \n\n- Fobia social (medo de situações como falar em público). \n\n## **Transtornos do humor** \n\n- Transtorno afetivo bipolar (fases de depressão e mania): tratamento da mania. \n\n- Depressão maior: associado a antidepressivos na depressão ansiosa e início do tratamento. \n\n## **Síndromes psicóticas** \n\n Acatisia (inquietação extrema, geralmente provocada por medicamentos  psiquiátricos). **Síndrome das pernas inquietas (desconforto ou dor nas pernas que leva à necessidade de movimentá-las, prejudicando o sono).** \n\n**Vertigem distúrbios do equilíbrio:** náuseas, vômitos, desmaios, quedas, zumbidos e distúrbios  auditivos. **Síndrome da boca ardente (sensação de queimação na parte interna da boca, sem alterações   físicas).** \n\n**2."", ""PARA QUE ESTE MEDICAMENTO É INDICADO? Adulto e pediátrico Distúrbio epiléptico** \n\n**Rivotril[® ]** é indicado para tratar crises epilépticas e espasmos infantis (síndrome de West). \n\n## **Adulto** \n\n**Rivotril[® ]** também é indicado para: \n\n## **Transtornos de ansiedade** \n\n- Como ansiolítico em geral. \n\n- Distúrbio do pânico com ou sem medo de espaços abertos. \n\n- Fobia social (medo de situações como falar em público). \n\n## **Transtornos do humor** \n\n- Transtorno afetivo bipolar (fases de depressão e mania): tratamento da mania. \n\n- Depressão maior: associado à antidepressivos na depressão ansiosa e início do tratamento. \n\n## **Síndromes psicóticas** \n\n Acatisia (inquietação extrema, geralmente provocada por medicamentos psiquiátricos). **Síndrome das pernas inquietas (desconforto ou dor nas pernas que leva à necessidade de movimentá-las, prejudicando o sono).** \n\n**Vertigem e distúrbios do equilíbrio:** náuseas, vômitos, desmaios, quedas, zumbidos e distúrbios auditivos. **Síndrome da boca ardente (sensação de queimação na parte interna da boca, sem alterações   físicas).** \n\n**2.""]",10.161,5.437,COMO ESTE MEDICAMENTO FUNCIONA?,,,PARA QUE ESTE MEDICAMENTO É INDICADO?,high,False,"{""planner_primary"": [""COMO ESTE MEDICAMENTO FUNCIONA?""], ""planner_secondary"": [], ""planner_safety"": [], ""planner_rationale"": ""A pergunta se refere ao mecanismo de ação do medicamento, que é a principal informação contida na seção 'COMO ESTE MEDICAMENTO FUNCIONA?'."", ""expanded_sections"": [""PARA QUE ESTE MEDICAMENTO É INDICADO?""], ""full_sections_used"": [""COMO ESTE MEDICAMENTO FUNCIONA?""], ""total_candidates_before_dedup"": 15, ""n_unique_candidates"": 12, ""n_ranked_lists"": 5, ""n_fused"": 12, ""n_reranked"": 8, ""evidence_confidence"": ""high"", ""fallback_triggered"": false}"
guarded_hybrid_agentic_fusion_rag,ollama:medgemma:4b,RIVOTRIL,Quem não deve usar o Rivotril?,facil,"Rivotril é contraindicado para pacientes com hipersensibilidade conhecida ao clonazepam ou a qualquer excipiente, insuficiência respiratória grave, comprometimento grave do fígado ou glaucoma agudo de ângulo fechado. Rivotril comprimidos e gotas também são contraindicados para tratamento de transtornos do pânico em pacientes com histórico de apneia do sono.",QUANDO NÃO DEVO USAR ESTE MEDICAMENTO?,"De acordo com a bula do medicamento RIVOTRIL, consta a seguinte informação: ""Rivotril[® ] é contraindicado a pacientes com hipersensibilidade conhecida a clonazepam ou a qualquer dos excipientes do medicamento e a pacientes com insuficiência respiratória grave ou comprometimento hepático grave, pois os benzodiazepínicos podem levar à ocorrência de encefalopatia hepática. Rivotril[® ] comprimidos e Rivotril[® ] gotas são contraindicados para o tratamento de transtornos do pânico em pacientes com histórico médico de apneia do sono. Rivotril[® ] é contraindicado a pacientes com glaucoma agudo de ângulo fechado. Rivotril[® ] pode ser usado por pacientes com glaucoma de ângulo aberto, desde que estejam recebendo terapia apropriada.""

---
*Esta resposta se baseia apenas nos trechos da bula recuperados e não substitui orientação médica ou farmacêutica.*","De acordo com a bula do medicamento RIVOTRIL, consta a seguinte informação: ""Rivotril[® ] é contraindicado a pacientes com hipersensibilidade conhecida a clonazepam ou a qualquer dos excipientes do medicamento e a pacientes com insuficiência respiratória grave ou comprometimento hepático grave, pois os benzodiazepínicos podem levar à ocorrência de encefalopatia hepática. Rivotril[® ] comprimidos e Rivotril[® ] gotas são contraindicados para o tratamento de transtornos do pânico em pacientes com histórico médico de apneia do sono. Rivotril[® ] é contraindicado a pacientes com glaucoma agudo de ângulo fechado. Rivotril[® ] pode ser usado por pacientes com glaucoma de ângulo aberto, desde que estejam recebendo terapia apropriada.""",QUANDO NÃO DEVO USAR ESTE MEDICAMENTO?,"chunk_551b8de262e2, chunk_6c577f16cf9f, chunk_5e3d4ac1c930, chunk_62242d5d5166, chunk_eae4150205a2, chunk_8cc0cdf740f7, chunk_8437acb2fe62, chunk_39858a900960","[""QUANDO NÃO DEVO USAR ESTE MEDICAMENTO?** \n\n**Rivotril[® ]** é contraindicado a pacientes com hipersensibilidade conhecida a clonazepam ou a qualquer dos excipientes do medicamento e a pacientes com insuficiência respiratória grave ou comprometimento hepático grave, pois os benzodiazepínicos podem levar à ocorrência de encefalopatia hepática. \n\n1 \n\n**==> picture [109 x 35] intentionally omitted <==**\n\n**Rivotril[® ]** comprimidos e **Rivotril[® ]** gotas são contraindicados para o tratamento de transtornos do pânico em pacientes com histórico médico de apneia do sono. \n\n**Rivotril[® ]** é contraindicado a pacientes com glaucoma agudo de ângulo fechado. **Rivotril[® ]** pode ser usado por pacientes com glaucoma de ângulo aberto, desde que estejam recebendo terapia apropriada. \n\n## **4. O QUE DEVO SABER ANTES DE USAR ESTE   MEDICAMENTO?** \n\nAntes de tomar **Rivotril**[®] , informe seu médico se você tem ou teve: \n\n- 1) outros problemas de saúde: doenças nos rins ou fígado (por exemplo: cirrose hepática), distúrbio neuromuscular ou respiratório, porfiria (doença em que ocorre deficiência de enzimas específicas na via da biossíntese do heme). \n\n- 2) sinais ou sintomas de depressão e/ou tentativa de suicídio; \n\n- 3) intolerância à galactose (açúcar) ou deficiência de lactase (enzima que quebra a lactose); \n\n- 4) ataxia cerebelar ou espinhal (descoordenação dos movimentos por problema do cerebelo ou medula); \n\n- 5) uso regular ou intoxicação aguda por álcool ou drogas. \n\nPode ocorrer perda de efeito durante o tratamento com clonazepam."", ""QUANDO NÃO DEVO USAR ESTE MEDICAMENTO?** \n\n**Rivotril[® ]** é contraindicado a pacientes com hipersensibilidade conhecida a clonazepam ou a qualquer dos excipientes do medicamento e a pacientes com insuficiência respiratória grave ou comprometimento do fígado grave, pois os benzodiazepínicos podem levar à ocorrência de comprometimento do sistema nervoso secundário ao problema no fígado. \n\n**Rivotril[® ]** comprimidos e **Rivotril[® ]** gotas são contraindicados para o tratamento de transtornos do pânico em pacientes com histórico médico de apneia do sono. \n\n**Rivotril[® ]** é contraindicado a pacientes com glaucoma agudo de ângulo fechado. **Rivotril[® ]** pode ser usado por pacientes com glaucoma de ângulo aberto, desde que estejam recebendo terapia  apropriada. \n\n1 \n\n**==> picture [109 x 35] intentionally omitted <==**\n\n## **4. O QUE DEVO SABER ANTES DE USAR ESTE   MEDICAMENTO?** \n\nAntes de tomar **Rivotril**[®] , informe seu médico se você tem ou teve: \n\n- 1) outros problemas de saúde: doenças nos rins ou no fígado (por exemplo: cirrose hepática), distúrbio neuromuscular ou respiratório, porfiria (doença em que ocorre deficiência de enzimas específicas na via da biossíntese do heme); \n\n- 2) sinais ou sintomas de depressão e/ou tentativa de suicídio; \n\n- 3) intolerância à galactose (açúcar) ou deficiência de lactase (enzima que quebra a lactose); \n\n- 4) ataxia cerebelar ou espinhal (descoordenação dos movimentos por problema do cerebelo ou medula); \n\n- 5) uso regular ou intoxicação aguda por álcool ou drogas."", ""QUANDO NÃO DEVO USAR ESTE MEDICAMENTO?** \n\n**Rivotril[® ]** é contraindicado a pacientes com hipersensibilidade conhecida a clonazepam ou a qualquer dos excipientes do medicamento, em pacientes com insuficiência respiratória grave ou comprometimento do fígado grave, pois os benzodiazepínicos podem levar à ocorrência de comprometimento do sistema nervoso, secundário ao problema no fígado. \n\n**Rivotril[® ]** comprimidos e **Rivotril[® ]** gotas são contraindicados para o tratamento de transtornos do pânico em pacientes com histórico médico de apneia do sono. \n\n**Rivotril[® ]** é contraindicado a pacientes com glaucoma agudo de ângulo fechado. **Rivotril[® ]** pode ser usado por pacientes com glaucoma de ângulo aberto, desde que estejam recebendo terapia  apropriada. \n\n## **4. O QUE DEVO SABER ANTES DE USAR ESTE   MEDICAMENTO?** \n\nAntes de tomar **Rivotril**[®] , informe seu médico se você tem ou teve: \n\n- 1) outros problemas de saúde, como doenças nos rins ou fígado (por exemplo: cirrose hepática), distúrbio neuromuscular ou respiratório, porfiria (doença em que ocorre deficiência de enzimas específicas na via da biossíntese do heme); \n\n- 2) sinais ou sintomas de depressão e/ou tentativa de suicídio; \n\n- 3) intolerância à galactose (açúcar) ou deficiência de lactase (enzima que quebra a lactose); \n\n4) ataxia cerebelar ou espinhal (descoordenação dos movimentos por problema do cerebelo ou medula); \n\n> 5) uso regular ou intoxicação aguda por álcool ou drogas. \n\nPode ocorrer perda de efeito durante o tratamento com clonazepam."", ""sintomas de abstinência é maior após descontinuação súbita do tratamento, portanto a retirada brusca do medicamento deve ser evitada. O tratamento (mesmo de curta duração) deve ser interrompido pela redução gradativa da dose diária. \n\n## **Efeitos sobre a capacidade de dirigir e operar  máquinas** \n\nClonazepam pode lentificar as reações, efeito agravado com o uso de álcool. \n\n## **Durante o tratamento, o paciente não deve dirigir veículos ou operar máquinas, pois sua habilidade e atenção podem estar prejudicadas.** \n\nAté o momento, não há informações de que **Rivotril[® ]** cause _doping_ . Em caso de dúvidas, consulte o seu médico. \n\n## **Gravidez e amamentação** \n\n## **Este medicamento não deve ser utilizado por mulheres grávidas sem orientação médica ou do cirurgiãodentista.** \n\n**Rivotril[® ]** só deve ser administrado a gestantes se houver indicação absoluta e se os benefícios potenciais \n\nsuperarem os riscos para o feto. **Rivotril[® ]** pode prejudicar seu bebê. Informe seu médico se estiver grávida ou se está tentando engravidar. O uso de altas doses no último trimestre da gestação ou no trabalho de parto pode causar irregularidades no batimento cardíaco do feto e baixa temperatura corpórea, falta de tônus muscular, \n\n2 \n\n**==> picture [109 x 35] intentionally omitted <==**\n\ndepressão respiratória e dificuldade de sucção no bebê. Tanto a gestação quanto a suspensão de **Rivotril[® ]** podem exacerbar a epilepsia. \n\nInforme seu médico se estiver amamentando. Se você realmente precisar tomar **Rivotril[®]** , a amamentação deve ser descontinuada."", ""intomas de abstinência é maior após descontinuação súbita do tratamento, portanto a retirada brusca do medicamento deve ser evitada. O tratamento (mesmo de curta duração) deve ser interrompido pela redução gradativa da dose diária. \n\n## **Efeitos sobre a capacidade de dirigir e operar  máquinas** \n\nClonazepam pode lentificar as reações, efeito agravado com o uso de álcool. \n\n**Durante o tratamento, o paciente não deve dirigir veículos ou operar máquinas, pois sua habilidade e atenção podem estar prejudicadas.** \n\nAté o momento, não há informações de que **Rivotril[®  ]** cause _doping_ . Em caso de dúvidas, consulte o seu  médico. \n\n## **Gravidez e amamentação** \n\n2 \n\n**==> picture [109 x 35] intentionally omitted <==**\n\n## **Este medicamento não deve ser utilizado por mulheres grávidas sem orientação médica ou do cirurgiãodentista.** \n\n**Rivotril[® ]** só deve ser administrado a gestantes se houver indicação absoluta e se os benefícios  potenciais \n\nsuperarem os riscos para o feto. **Rivotril[® ]** pode prejudicar seu bebê. Informe seu médico se estiver grávida ou se está tentando engravidar. O uso de altas doses no último trimestre da gestação ou no trabalho de parto pode  causar irregularidades no batimento cardíaco do feto e baixa temperatura corpórea, falta de tônus muscular, depressão respiratória e dificuldade de sucção no bebê. Tanto a gestação quanto a suspensão de **Rivotril**[® ] podem exacerbar a epilepsia. \n\nInforme seu médico se estiver amamentando. Se você realmente precisar tomar **Rivotril[®]** , a amamentação deve ser descontinuada."", ""ísico sensações anormais formigamentos, alucinações. O risco dos sintomas de abstinência é maior após descontinuação súbita do tratamento, portanto a retirada brusca do medicamento deve ser evitada. O tratamento (mesmo de curta duração) deve ser interrompido pela redução gradativa da dose diária. \n\n## **Efeitos sobre a capacidade de dirigir e operar  máquinas** \n\nClonazepam pode lentificar as reações, efeito agravado com o uso de álcool. \n\n**Durante o tratamento, o paciente não deve dirigir veículos ou operar máquinas, pois sua habilidade e atenção podem estar prejudicadas.** \n\nAté o momento, não há informações de que **Rivotril[® ]** cause _doping_ . Em caso de dúvidas, consulte o seu médico. \n\n## **Gravidez e amamentação** \n\n## **Este medicamento não deve ser utilizado por mulheres grávidas sem orientação médica ou do cirurgiãodentista.** \n\n**Rivotril[® ]** só deve ser administrado a gestantes se houver indicação absoluta e os benefícios potenciais  superarem os riscos para o feto. **Rivotril[® ]** pode prejudicar seu bebê. Informe seu médico se estiver grávida ou se está tentando engravidar. O uso de altas doses no último trimestre da gestação ou no trabalho de parto pode causar irregularidades no batimento cardíaco do feto e baixa temperatura corpórea, falta de tônus muscular, depressão respiratória e \n\ndificuldade de sucção no bebê. Tanto a gestação quanto a suspensão de **Rivotril[® ]** podem exacerbar  a epilepsia. Informe seu médico se estiver amamentando. Se você realmente precisar tomar **Rivotril[®]** , a amamentação deve ser descontinuada. \n\n2"", ""s), com o uso de benzodiazepínicos em doses terapêuticas. \n\n**Rivotril[® ]** pode precipitar o estado de mal epiléptico (crises epilépticas em sequência rápida). Fale com o seu médico antes de aumentar a dose ou interromper abruptamente esta  medicação. \n\n## **Abuso e dependência do medicamento** \n\nO uso de benzodiazepínicos pode levar ao desenvolvimento de dependência física e psicológica. O risco de dependência aumenta com a dose, tratamentos prolongados e em pacientes com história de abuso de álcool ou drogas. Em caso de dependência, especialmente com uso de doses elevadas, a descontinuação brusca do tratamento será acompanhada por sintomas de abstinência: psicoses, distúrbio comportamental, tremor, sudorese, agitação, distúrbios do sono e ansiedade, dor de cabeça, diarreia, dores musculares, câimbras, ansiedade extrema, tensão, cansaço, inquietação, alteração de humor, confusão, irritabilidade e convulsões epiléticas que podem ser associadas à doença de base. Em casos graves, desrealização (sentimento de estranhamento ou distanciamento  em relação ao ambiente), despersonalização (processo psíquico, em que se tem a impressão de que se é estranho  a si mesmo), hipersensibilidade ao som, à luz, a ruídos e ao contato físico sensações anormais formigamentos, alucinações. O risco dos sintomas de abstinência é maior após descontinuação súbita do tratamento, portanto a retirada brusca do medicamento deve ser evitada. O tratamento (mesmo de curta duração) deve ser interrompido pela redução gradativa da dose diária."", ""r, alguns analgésicos, antipsicóticos, ansiolíticos, anticonvulsivantes. \n\n– Medicamentos para o estômago. \n\n## **Interações fármaco-alimento** \n\nInterações com alimentos não foram estabelecidas. O suco de toranja pode aumentar o efeito de **Rivotril**[®] . \n\n## **Interações fármaco-laboratório** \n\nInterações com testes laboratoriais não foram estabelecidas. \n\n**Informe ao seu médico ou cirurgião-dentista se você está fazendo uso de algum outro medicamento. Não use medicamento sem o conhecimento do seu médico. Pode ser perigoso para a sua  saúde.** \n\n## **5. ONDE, COMO E POR QUANTO TEMPO POSSO GUARDAR ESTE   MEDICAMENTO?** \n\n**Rivotril[® ]** comprimidos sublinguais de 0,25 mg devem ser armazenados em temperatura ambiente (entre 15 e 30ºC). \n\n**Número de lote e datas de fabricação e validade: vide embalagem. Não use medicamento com o prazo de validade vencido. Guarde-o em sua embalagem original.** \n\n## **Aspecto físico** \n\nOs comprimidos sublinguais de 0,25 mg de **Rivotril[® ]** apresentam formato cilíndrico de cor branca. \n\n## **Características organolépticas** \n\n**Rivotril[® ]** comprimidos sublinguais não apresentam características marcantes que o diferenciem de outros comprimidos. \n\n**Antes de usar, observe o aspecto do medicamento. Caso ele esteja no prazo de validade e você observe alguma mudança no aspecto, consulte o farmacêutico para saber se poderá utilizá-lo.** \n\n## **Todo medicamento deve ser mantido fora do alcance das crianças.** \n\n## **6.""]",13.917,7.143,QUANDO NÃO DEVO USAR ESTE MEDICAMENTO?,,,"O QUE DEVO SABER ANTES DE USAR ESTE MEDICAMENTO?, QUAIS OS MALES QUE ESTE MEDICAMENTO PODE ME CAUSAR?",high,False,"{""planner_primary"": [""QUANDO NÃO DEVO USAR ESTE MEDICAMENTO?""], ""planner_secondary"": [], ""planner_safety"": [], ""planner_rationale"": ""A pergunta do paciente é sobre contraindicações, que são listadas na seção 'QUANDO NÃO DEVO USAR ESTE MEDICAMENTO?'"", ""expanded_sections"": [""O QUE DEVO SABER ANTES DE USAR ESTE MEDICAMENTO?"", ""QUAIS OS MALES QUE ESTE MEDICAMENTO PODE ME CAUSAR?""], ""full_sections_used"": [""QUANDO NÃO DEVO USAR ESTE MEDICAMENTO?""], ""total_candidates_before_dedup"": 27, ""n_unique_candidates"": 23, ""n_ranked_lists"": 3, ""n_fused"": 23, ""n_reranked"": 8, ""evidence_confidence"": ""high"", ""fallback_triggered"": false}"
guarded_hybrid_agentic_fusion_rag,ollama:medgemma:4b,RIVOTRIL,Qual é a dose inicial recomendada de Rivotril para distúrbio do pânico em adultos?,facil,"Para distúrbio do pânico em adultos, a dose inicial recomendada é 0,5 mg por dia, dividida em duas doses.",COMO DEVO USAR ESTE MEDICAMENTO?,"De acordo com a bula do medicamento RIVOTRIL, consta a seguinte informação: ""A dose inicial de **Rivotril[® ]** para o transtorno do pânico em adultos é de 0,5 mg/dia, dividida em duas doses. Pode-se aumentar a dose, a critério médico.""

---
*Esta resposta se baseia apenas nos trechos da bula recuperados e não substitui orientação médica ou farmacêutica.*","De acordo com a bula do medicamento RIVOTRIL, consta a seguinte informação: ""A dose inicial de **Rivotril[® ]** para o transtorno do pânico em adultos é de 0,5 mg/dia, dividida em duas doses. Pode-se aumentar a dose, a critério médico.""","COMO DEVO USAR ESTE MEDICAMENTO?, QUANDO NÃO DEVO USAR ESTE MEDICAMENTO?","chunk_a942103ead0f, chunk_622a72b37a03, chunk_140011e11d9c, chunk_3eb1bfdbfd3a, chunk_4d9019d9d6fe, chunk_138608289ce9, chunk_78815ccfea71, chunk_5b49c617ebff","[""COMO DEVO USAR ESTE MEDICAMENTO?** \n\nColocar o comprimido sublingual debaixo da língua para ser dissolvido na saliva e absorvido por pelo menos, 3 minutos, sem ser deglutido. \n\n**Este medicamento não deve ser partido ou  mastigado.** \n\nA dose de **Rivotril[® ]** depende da doença resposta clínica, idade e tolerabilidade. \n\nRecomenda-se, que o tratamento inicie com doses mais baixas, que podem ser aumentadas se necessário. Siga a orientação médica. \n\n3 \n\n**==> picture [109 x 35] intentionally omitted <==**\n\n## **Distúrbios epilépticos** \n\nAdultos \n\nDose inicial: não exceder 1,5 mg/dia, dividida em 3 doses. Aumentar a critério médico. Dose de manutenção: será definida pelo seu médico, de acordo com sua  resposta. \n\nDose diária máxima recomendada: 20 mg. \n\nSe você já usa outro anticonvulsivante, avise seu médico. \n\nCrianças entre 10 e 16 anos de idade: Dose inicial: 1 a 1,5 mg/dia, dividido em 2 a 3 doses. A dose pode ser aumentada, a critério médico, até atingir a dose de manutenção individual, usualmente de 3 a 6 mg/dia. Sempre que possível, dividir a dose diária em 3 doses iguais. Caso não seja possível, a maior dose deve ser tomada antes de deitar. \n\n## **Transtornos de ansiedade** \n\n- **Distúrbio do pânico:** Adultos: – Dose inicial: 0,5 mg/dia, dividida em duas doses. Pode-se aumentar a dose, a critério médico. - Dose de manutenção: a critério médico, de acordo com sua resposta. A dose tomada, ao deitar, reduz a inconveniência da sonolência e pode ser desejável no início do tratamento. A retirada deve ser gradual, até que o medicamento seja totalmente suspenso."", ""cantes que o diferenciem de outros comprimidos. \n\n**Antes de usar, observe o aspecto do medicamento. Caso ele esteja no prazo de validade e você observe alguma mudança no aspecto, consulte o farmacêutico para saber se poderá  utilizá-lo.** \n\n3 \n\n**==> picture [109 x 35] intentionally omitted <==**\n\n## **Todo medicamento deve ser mantido fora do alcance das  crianças.** \n\n## **6. COMO DEVO USAR ESTE  MEDICAMENTO?** \n\nTome os comprimidos por via oral com pouca quantidade de líquido não alcoólico. A dose de **Rivotril[® ]** depende da doença, da resposta clínica, idade e tolerabilidade. \n\nRecomenda-se que o tratamento inicie com doses mais baixas, que podem ser aumentadas se necessário. Siga a orientação médica. \n\n## **Distúrbios epilépticos** \n\n## Adultos \n\nDose inicial: não exceder 1,5 mg/dia, dividida em 3 doses. Aumentar a critério médico. Dose de manutenção: será definida pelo seu médico, de acordo com sua resposta. \n\nDose diária máxima recomendada: 20 mg. \n\nSe você já usa outro anticonvulsivante, avise seu médico. \n\nRecém-nascidos e crianças até 10 anos de idade ou 30 kg de peso \n\nDose inicial média: 0,01 a 0,03 mg/kg/dia. Não exceder 0,05 mg/kg/dia, dividido em 2 ou 3 doses  diárias. \n\nCrianças entre 10 e 16 anos de idade: Dose inicial: 1 a 1,5 mg/dia, dividido em 2 a 3 doses. A dose pode ser aumentada, a critério médico, até atingir a dose de manutenção individual, usualmente de 3 a 6  mg/dia. Sempre que possível, dividir a dose diária em 3 doses iguais. Caso não seja possível, a maior dose deve ser tomada antes de deitar. \n\n## **Transtornos de ansiedade**"", ""COMO DEVO USAR ESTE MEDICAMENTO?** \n\nAdministrar por via oral. Ver figura abaixo. Dissolver as gotas em um pouco de líquido não alcoólico. Nunca administre as gotas diretamente na boca. \n\nA tampa possui lacre inviolável. Caso o lacre esteja rompido, não receba o frasco ou retorne ao local da compra. \n\n3 \n\n**==> picture [109 x 35] intentionally omitted <==**\n\n**==> picture [140 x 59] intentionally omitted <==**\n\nA dose de **Rivotril[® ]** depende da doença, resposta clínica, idade e tolerabilidade. \n\nRecomenda-se que o tratamento inicie com doses mais baixas, que podem ser aumentadas se necessário. Siga a orientação médica. \n\n## **Distúrbios epilépticos** \n\n## Adultos \n\nDose inicial: não exceder 1,5 mg/dia, dividida em 3 doses. Aumentar a critério médico. Dose de manutenção: será definida pelo seu médico, de acordo com sua resposta. Dose diária máxima recomendada: 20 mg. \n\nSe você já usa outro anticonvulsivante, avise seu médico. \n\nRecém-nascidos e crianças até 10 anos de idade ou 30kg de peso: Dose inicial: 0,01 a 0,03mg/kg/dia. Não exceder 0,05 mg/kg/dia, dividido em 2 ou 3 doses diárias. \n\nCrianças entre 10 e 16 anos de idade: Dose inicial: 1 a 1,5 mg/dia, dividido em 2 a 3 doses. A dose pode ser aumentada a critério médico, até atingir a dose de manutenção individual, usualmente de 3 a 6 mg/dia. Sempre que possível, dividir a dose diária em 3 doses iguais. Caso não seja possível, a maior dose deve ser tomada antes de deitar. \n\n## **Transtornos de ansiedade**"", ""a 3 doses. A dose pode ser aumentada, a critério médico, até atingir a dose de manutenção individual, usualmente de 3 a 6  mg/dia. Sempre que possível, dividir a dose diária em 3 doses iguais. Caso não seja possível, a maior dose deve ser tomada antes de deitar. \n\n## **Transtornos de ansiedade** \n\n- **Distúrbio do pânico:** Adultos: - Dose inicial: 0,5 mg/dia, dividida em 2 doses. Pode-se aumentar a dose a critério médico. - Dose de manutenção: critério médico, de acordo com sua resposta. A dose tomada ao deitar reduz a inconveniência da sonolência e pode ser desejável no início do tratamento. A retirada deve ser gradual, até que o medicamento seja totalmente suspenso. \n\n- **Como ansiolítico em geral:** 0,25 mg a 4,0 mg/dia. Dose recomendada: 0,5 a 1,5 mg/dia (dividida em 3x/dia). \n\n- **Fobia social:** 0,25 mg/dia até 6,0 mg/dia (2,0 mg, 3x/dia). Dose recomendada: 1,0 a 2,5 mg/dia. \n\n## **Transtornos do humor** \n\n- **Transtorno afetivo bipolar** (tratamento da mania): 1,5 mg a 8 mg/dia. Dose recomendada: 2,0 a 4,0 mg/dia. \n\n- **Depressão maior** (associado a antidepressivos): 0,5 a 6,0 mg/dia. Dose recomendada: 2,0 a 4,0 mg/dia. \n\n## **Síndromes psicóticas** \n\n- **Acatisia** : 0,5 mg a 4,5 mg/dia. Dose recomendada: 0,5 a 3,0 mg/dia. \n\n**Síndrome das pernas inquietas:** 0,5 mg a 2,0 mg/dia. \n\n**Vertigem e distúrbios do equilíbrio** : 0,5 mg a 1,0 mg ao dia (2x/dia). Doses diárias superiores a 1,0 mg não são recomendáveis. \n\n**Síndrome da boca ardente:** 0,25 a 6,0 mg/dia. Dose recomendada: 1,0 a 2,0 mg/dia."", ""2 a 3 doses. A dose pode ser aumentada a critério médico, até atingir a dose de manutenção individual, usualmente de 3 a 6 mg/dia. Sempre que possível, dividir a dose diária em 3 doses iguais. Caso não seja possível, a maior dose deve ser tomada antes de deitar. \n\n## **Transtornos de ansiedade** \n\n- **Distúrbio do pânico:** Adultos: - Dose inicial: 0,5 mg/dia, dividida em 2 doses. Pode-se aumentar a dose a critério médico. - Dose de manutenção: a critério médico, de acordo com sua resposta. A dose tomada ao deitar, reduz a inconveniência da sonolência e pode ser desejável no início do tratamento. A retirada deve ser gradual, até que o medicamento seja totalmente suspenso. \n\n- **Como ansiolítico em geral:** 0,25 mg a 4,0 mg/dia. Dose recomendada: 0,5 a 1,5 mg/dia (dividida em 3x/dia). \n\n- **Fobia social:** 0,25 mg/dia até 6,0 mg/dia (2,0 mg, 3x/dia). Dose recomendada: 1,0 a 2,5 mg/dia. \n\n## **Transtornos do humor** \n\n- **Transtorno afetivo bipolar** (tratamento da mania): 1,5 mg a 8 mg/dia. Dose recomendada: 2,0 a 4,0 mg/dia. \n\n- **Depressão maior** (associado a antidepressivos): 0,5 a 6,0 mg/dia. Dose recomendada:  2,0 a 4,0 mg/dia. \n\n## **Síndromes psicóticas** \n\n- **Acatisia** : 0,5 mg a 4,5 mg/dia. Dose recomendada: 0,5 a 3,0 mg/dia. \n\n## **Síndrome das pernas inquietas:** 0,5 mg a 2,0 mg/dia. \n\n**Vertigem e distúrbios do equilíbrio** : 0,5 mg a 1,0 mg/dia (2x/dia). Doses diárias superiores a 1,0 mg não são recomendáveis. \n\n**Síndrome da boca ardente:** 0,25 a 6,0 mg/dia. Dose recomendada: 1,0 a 2,0 mg/dia."", ""0,5 a 3,0 mg/dia. \n\n**Síndrome das pernas inquietas:** 0,5 mg a 2,0 mg/dia. \n\n**Vertigem e distúrbios do equilíbrio** : 0,5 mg a 1,0 mg ao dia (2x/dia). Doses diárias superiores a 1,0 mg não são recomendáveis. \n\n**Síndrome da boca ardente:** 0,25 a 6,0 mg/dia. Dose recomendada: 1,0 a 2,0 mg/dia. \n\n**Uso em idosos:** a dose mais baixa possível deve ser utilizada em idosos. Deve-se ter especial cuidado durante as alterações na dose. \n\n**Comprometimento do fígado:** pacientes com comprometimento do fígado grave não devem ser tratados com clonazepam e pacientes com comprometimento hepático leve a moderado devem receber a dose mais baixa possível. \n\n4 \n\n**==> picture [109 x 35] intentionally omitted <==**\n\n## **Instruções especiais de administração** \n\n**Rivotril[® ]** pode ser usado com outros antiepilépticos. Nesse caso, seu médico ajustará a dose de cada medicamento para atingir o efeito ideal. \n\nNão pare de tomar **Rivotril[® ]** subitamente, você pode ter novas crises epilépticas. Somente seu médico poderá orientar a interrupção do tratamento reduzindo gradualmente a dose utilizada. \n\n**Siga a orientação de seu médico, respeitando sempre os horários, as doses e a duração do tratamento. Não interrompa o tratamento sem o conhecimento do seu médico.** \n\n**7."", ""ode-se aumentar a dose, a critério médico. - Dose de manutenção: a critério médico, de acordo com sua resposta. A dose tomada, ao deitar, reduz a inconveniência da sonolência e pode ser desejável no início do tratamento. A retirada deve ser gradual, até que o medicamento seja totalmente suspenso. \n\n- **Nas crises agudas de pânico** : 1 comprimido de **Rivotril[® ]** sublingual. \n\n- **Como ansiolítico em geral** : 0,25 mg a 4,0 mg/dia. Dose recomendada: 0,5 a 1,5 mg/dia (dividida em 3x/dia). \n\n- **Fobia social:** 0,25 mg/dia até 6,0 mg/dia (2,0 mg, 3x/dia). Dose recomendada: 1,0 a 2,5 mg/dia. \n\n## **Transtornos do humor** \n\n- **Transtorno afetivo bipolar** (tratamento da mania): 1,5 mg a 8 mg/dia. Dose recomendada: 2,0 a 4,0 mg/dia. \n\n- **Depressão maior** (associado a antidepressivos): 0,5 a 6,0 mg/dia. Dose recomendada:  2,0 a 4,0 mg/dia. \n\n## **Síndromes psicóticas** \n\n- **Acatisia** : 0,5 mg a 4,5 mg/dia. Dose recomendada: 0,5 e 3,0 mg/dia. \n\n**Síndrome das pernas inquietas:** 0,5 mg a 2,0 mg/dia. \n\n**Vertigem e distúrbios do equilíbrio** : 0,5 mg a 1,0 mg/dia (2x/dia). Doses diárias superiores a 1,0 mg não são recomendáveis. \n\n**Síndrome da boca ardente:** 0,25 a 6,0 mg/dia. Dose recomendada: 1,0 a 2,0 mg/dia. \n\n**Uso em idosos:** a dose mais baixa possível deve ser utilizada em idosos. Deve-se ter especial cuidado durante as alterações na dose. \n\n**Comprometimento do fígado:** pacientes com comprometimento do fígado grave não devem ser tratados com clonazepam e pacientes com comprometimento hepático leve a moderado devem receber a dose mais baixa possível."", ""0,5 a 3,0 mg/dia. \n\n## **Síndrome das pernas inquietas:** 0,5 mg a 2,0 mg/dia. \n\n**Vertigem e distúrbios do equilíbrio** : 0,5 mg a 1,0 mg/dia (2x/dia). Doses diárias superiores a 1,0 mg não são recomendáveis. \n\n**Síndrome da boca ardente:** 0,25 a 6,0 mg/dia. Dose recomendada: 1,0 a 2,0 mg/dia. \n\n**Uso em idosos:** a dose mais baixa possível deve ser utilizada em idosos. Deve-se ter especial cuidado durante as alterações na dose. \n\n**Comprometimento do fígado:** pacientes com comprometimento do fígado grave não devem ser tratados com clonazepam e pacientes com comprometimento hepático leve a moderado devem receber a dose mais baixa possível. \n\n4 \n\n**==> picture [109 x 35] intentionally omitted <==**\n\n## **Instruções especiais de administração** \n\n**Rivotril[® ]** pode ser usado com outros antiepilépticos. Nesse caso, seu médico ajustará a dose de cada medicamento para atingir o efeito ideal. \n\nNão pare de tomar **Rivotril[® ]** subitamente, você pode ter novas crises epilépticas. Somente seu médico poderá orientar a interrupção do tratamento reduzindo gradualmente a dose utilizada. \n\n## **Siga a orientação de seu médico, respeitando sempre os horários, as doses e a duração do tratamento. Não interrompa o tratamento sem o conhecimento do seu  médico.** \n\n## **7.""]",16.036,4.893,COMO DEVO USAR ESTE MEDICAMENTO?,"O QUE DEVO SABER ANTES DE USAR ESTE MEDICAMENTO?, QUAIS OS MALES QUE ESTE MEDICAMENTO PODE ME CAUSAR?",,"O QUE DEVO FAZER QUANDO EU ME ESQUECER DE USAR ESTE MEDICAMENTO?, QUANDO NÃO DEVO USAR ESTE MEDICAMENTO?, O QUE FAZER SE ALGUÉM USAR UMA QUANTIDADE MAIOR DO QUE A INDICADA DESTE MEDICAMENTO?",high,False,"{""planner_primary"": [""COMO DEVO USAR ESTE MEDICAMENTO?""], ""planner_secondary"": [""O QUE DEVO SABER ANTES DE USAR ESTE MEDICAMENTO?"", ""QUAIS OS MALES QUE ESTE MEDICAMENTO PODE ME CAUSAR?""], ""planner_safety"": [], ""planner_rationale"": ""A dose inicial de Rivotril para distúrbio do pânico é geralmente iniciada com uma dose baixa e gradualmente aumentada sob supervisão médica. A seção 'COMO DEVO USAR ESTE MEDICAMENTO?' fornece informações sobre a dosagem recomendada, enquanto 'O QUE DEVO SABER ANTES DE USAR ESTE MEDICAMENTO?' pode conter informações adicionais sobre precauções e efeitos colaterais potenciais."", ""expanded_sections"": [""O QUE DEVO FAZER QUANDO EU ME ESQUECER DE USAR ESTE MEDICAMENTO?"", ""QUANDO NÃO DEVO USAR ESTE MEDICAMENTO?"", ""O QUE FAZER SE ALGUÉM USAR UMA QUANTIDADE MAIOR DO QUE A INDICADA DESTE MEDICAMENTO?""], ""full_sections_used"": [""COMO DEVO USAR ESTE MEDICAMENTO?""], ""total_candidates_before_dedup"": 35, ""n_unique_candidates"": 26, ""n_ranked_lists"": 5, ""n_fused"": 26, ""n_reranked"": 8, ""evidence_confidence"": ""high"", ""fallback_triggered"": false}"
guarded_hybrid_agentic_fusion_rag,ollama:medgemma:4b,RIVOTRIL,Rivotril pode causar sonolência?,facil,Sim. Sonolência foi uma das reações que ocorreram em 5% ou mais dos pacientes em estudos clínicos.,QUAIS OS MALES QUE ESTE MEDICAMENTO PODE ME CAUSAR?,"De acordo com a bula do medicamento RIVOTRIL, consta a seguinte informação: ""Os benzodiazepínicos geralmente causam sonolência, ataxia (perda da coordenação dos movimentos), disartria, nistagmo, confusão mental, excitação e lentidão de movimento. A superdose de **Rivotril[® ]** está raramente associada com risco de morte, caso o medicamento tenha sido tomado isoladamente, mas pode levar à arreflexia (ausência de reflexos), apneia, hipotensão arterial, depressão cardiorrespiratória e coma. Se ocorrer coma, normalmente tem duração de poucas horas; porém, pode ser prolongado e cíclico, particularmente em idosos. A depressão respiratória por benzodiazepínicos é mais séria em pacientes com doença respiratória. Os benzodiazepínicos aumentam os efeitos de outros depressores do sistema nervoso central, incluindo o álcool. Conduta Monitorar os sinais vitais e instituir medidas de suporte a critério médico. Advertência Flumazenil não é indicado a pacientes com epilepsia que foram tratados com benzodiazepínicos. Em caso de uso de grande quantidade deste medicamento, procure rapidamente socorro médico e leve a embalagem ou bula do medicamento, se possível. Ligue para 0800 722 6001, se você precisar de mais orientações.""

---
*Esta resposta se baseia apenas nos trechos da bula recuperados e não substitui orientação médica ou farmacêutica.*","De acordo com a bula do medicamento RIVOTRIL, consta a seguinte informação: ""Os benzodiazepínicos geralmente causam sonolência, ataxia (perda da coordenação dos movimentos), disartria, nistagmo, confusão mental, excitação e lentidão de movimento. A superdose de **Rivotril[® ]** está raramente associada com risco de morte, caso o medicamento tenha sido tomado isoladamente, mas pode levar à arreflexia (ausência de reflexos), apneia, hipotensão arterial, depressão cardiorrespiratória e coma. Se ocorrer coma, normalmente tem duração de poucas horas; porém, pode ser prolongado e cíclico, particularmente em idosos. A depressão respiratória por benzodiazepínicos é mais séria em pacientes com doença respiratória. Os benzodiazepínicos aumentam os efeitos de outros depressores do sistema nervoso central, incluindo o álcool. Conduta Monitorar os sinais vitais e instituir medidas de suporte a critério médico. Advertência Flumazenil não é indicado a pacientes com epilepsia que foram tratados com benzodiazepínicos. Em caso de uso de grande quantidade deste medicamento, procure rapidamente socorro médico e leve a embalagem ou bula do medicamento, se possível. Ligue para 0800 722 6001, se você precisar de mais orientações.""","O QUE DEVO FAZER QUANDO EU ME ESQUECER DE USAR ESTE MEDICAMENTO?, COMO DEVO USAR ESTE MEDICAMENTO?, O QUE FAZER SE ALGUÉM USAR UMA QUANTIDADE MAIOR DO QUE A INDICADA DESTE MEDICAMENTO?, QUANDO NÃO DEVO USAR ESTE MEDICAMENTO?","chunk_722e202084fd, chunk_ddd8cf00aa9e, chunk_ebb4d2ecfe4f, chunk_ac2da8a38a0c, chunk_a2180c9f13ba, chunk_6fd00831c65b, chunk_19be835d6dcd, chunk_8cc0cdf740f7, chunk_d1e77a6a6e34, chunk_2ff643ba29cb","[""O QUE FAZER SE ALGUÉM USAR UMA QUANTIDADE MAIOR DO QUE A INDICADA DESTE MEDICAMENTO? Sintomas** \n\nOs benzodiazepínicos geralmente causam sonolência, ataxia (perda da coordenação dos movimentos), disartria, nistagmo, confusão mental, excitação e lentidão de movimento. A superdose de **Rivotril[® ]** está raramente associada com risco de morte, caso o medicamento tenha sido tomado isoladamente, mas pode levar à arreflexia (ausência de reflexos), apneia, hipotensão arterial, depressão cardiorrespiratória e coma. Se ocorrer coma, normalmente tem duração de poucas horas; porém, pode ser prolongado e cíclico, particularmente em idosos. A depressão respiratória por benzodiazepínicos é mais séria em pacientes com doença respiratória. \n\nOs benzodiazepínicos aumentam os efeitos de outros depressores do sistema nervoso central, incluindo o álcool. **Conduta** \n\nMonitorar os sinais vitais e instituir medidas de suporte a critério médico. **Advertência** \n\nFlumazenil não é indicado a pacientes com epilepsia que foram tratados com benzodiazepínicos. \n\n**Em caso de uso de grande quantidade deste medicamento, procure rapidamente socorro médico e leve a embalagem ou bula do medicamento, se possível. Ligue para 0800 722 6001, se você precisar de mais orientações.** \n\nMS-1.1524.0011 \n\nFarmacêutico Responsável: Dr. Adriano Costa Leite – CRF-SP n° 38.716 \n\nRegistrado por: Blanver Farmoquímica e Farmacêutica S.A. Rua Francisco Tramontano, 101 -Sala 507 Real Parque – CEP 05686-010 – São Paulo – SP CNPJ 53.359.824/0001-19"", ""O QUE FAZER SE ALGUÉM USAR UMA QUANTIDADE MAIOR DO QUE A INDICADA DESTE MEDICAMENTO? Sintomas** \n\nOs benzodiazepínicos geralmente causam sonolência, ataxia (perda da coordenação dos movimentos), disartria, nistagmo, confusão mental, excitação e lentidão de movimento. A superdose de **Rivotril[® ]** está raramente associada com risco de morte, caso o medicamento tenha sido tomado isoladamente, mas pode levar à arreflexia (ausência de reflexos), apneia, hipotensão arterial, depressão cardiorrespiratória e coma. Se ocorrer coma, normalmente tem duração de poucas horas; porém, pode ser prolongado e cíclico, particularmente em idosos. A depressão respiratória por benzodiazepínicos é mais séria em pacientes com doença respiratória. \n\nOs benzodiazepínicos aumentam os efeitos de outros depressores do sistema nervoso central, incluindo o álcool. **Conduta** \n\nMonitorar sinais vitais e instituir medidas de suporte a critério médico. **Advertência** \n\nFlumazenil não é indicado a pacientes com epilepsia que foram tratados com benzodiazepínicos. \n\n**Em caso de uso de grande quantidade deste medicamento, procure rapidamente socorro médico e leve a embalagem ou bula do medicamento, se possível. Ligue para 0800 722 6001, se você precisar de mais orientações.** \n\nMS-1.1524.0011 \n\nFarmacêutico Responsável: Dr. Adriano Costa Leite – CRF-SP n° 38.716 \n\nRegistrado por: Blanver Farmoquímica e Farmacêutica S.A. Rua Francisco Tramontano, 101 -Sala 507 Real Parque – CEP 05686-010 – São Paulo – SP CNPJ 53.359.824/0001-19"", ""me ao seu médico, cirurgião-dentista ou farmacêutico o aparecimento de reações indesejáveis pelo uso do medicamento. Informe também à empresa através do seu serviço de  atendimento.** \n\n## **9. O QUE FAZER SE ALGUÉM USAR UMA QUANTIDADE MAIOR DO QUE A INDICADADESTE MEDICAMENTO?** \n\n## **Sintomas** \n\nOs benzodiazepínicos geralmente causam sonolência, ataxia (perda da coordenação dos movimentos), disartria, nistagmo, confusão mental, excitação e lentidão de movimento. A superdose de **Rivotril[® ]** está raramente associada com risco de morte, caso o medicamento tenha sido tomado isoladamente, mas pode levar à arreflexia (ausência de reflexos), apneia, hipotensão arterial, depressão cardiorrespiratória e coma. Se ocorrer coma, normalmente tem duração de poucas horas; porém, pode ser prolongado e cíclico, particularmente em idosos. A depressão respiratória por benzodiazepínicos é mais séria em pacientes com doença  respiratória. \n\nOs benzodiazepínicos aumentam os efeitos de outros depressores do sistema nervoso central, incluindo o álcool. **Conduta** \n\nMonitorar sinais vitais e instituir medidas de suporte a critério médico. **Advertência** \n\nFlumazenil não é indicado a pacientes com epilepsia que foram tratados com benzodiazepínicos. \n\n**Em caso de uso de grande quantidade deste medicamento, procure rapidamente socorro médico e leve a embalagem ou bula do medicamento, se possível. Ligue para 0800 722 6001, se você precisar de mais orientações.** \n\nMS-1.1524.0011 \n\nFarmacêutico Responsável: Dr. Adriano Costa Leite – CRF-SP n° 38.716"", ""o, hostilidade, ansiedade, distúrbios do sono, delírio, raiva, pesadelos, sonhos anormais, alucinações, psicose, hiperatividade, comportamento inapropriado e outros efeitos comportamentais. Alterações da libido (casos raros). Dependência e retirada, vide item “Abuso e dependência do medicamento”. \n\n**Distúrbios do sistema nervoso** : diminuição da concentração, sonolência, lentificação, hipotonia muscular, tonturas, ataxia são frequentes e geralmente transitórias. Dor de cabeça (raro). Distúrbios reversíveis: dificuldade para articular a fala, incoordenação de movimentos e da marcha, movimento anormal dos olhos. Pode haver esquecimento de fatos recentes, associado à alteração de comportamento. Pode haver aumento das crises convulsivas em determinadas formas de epilepsia. Perda da voz, movimentos grosseiros e descoordenados de braços e pernas, coma, tremor, perda de força de um lado do corpo, sensação de cabeça leve, falta de energia e formigamento, alteração da sensibilidade nas extremidades. \n\n**Distúrbios oculares** : visão dupla reversível, aparência de “olho vítreo”. \n\n**Distúrbios cardiovasculares** : palpitações, dor torácica, insuficiência cardíaca (incluindo parada  cardíaca). \n\n**Distúrbios respiratórios** : congestão pulmonar, congestão nasal, hipersecreção, tosse, falta de ar, bronquite, rinite, faringite. Pode ocorrer depressão respiratória. **Rivotril[® ]** pode aumentar a produção de saliva ou secreção brônquica (secreção nas vias aéreas) em lactentes e  crianças."", ""ima tomada.  Apenas continue com a próxima dose no tempo determinado. \n\n4 \n\n**==> picture [109 x 35] intentionally omitted <==**\n\n## **Em caso de dúvidas, procure orientação do farmacêutico, do seu médico ou   cirurgião-dentista.** \n\n## **8. QUAIS OS MALES QUE ESTE MEDICAMENTO PODE ME   CAUSAR?** \n\nAlgumas reações são transitórias e desaparecem espontaneamente no decorrer do tratamento ou com redução da dose. As reações que ocorreram em ≥ 5% dos pacientes em estudos clínicos foram: sonolência, dor de cabeça, infecção das vias aéreas superiores, cansaço, gripe, depressão, vertigem, irritabilidade, insônia, perda da coordenação de movimentos e da marcha, perda do equilíbrio, náusea, sensação de cabeça leve, sinusite e concentração prejudicada. \n\n## **Pós-comercialização:** \n\n**Distúrbios do sistema imunológico** : reações alérgicas e muito poucos casos de anafilaxia (reação alérgica grave). \n\n**Distúrbios endócrinos** : casos isolados, reversíveis, de puberdade precoce incompleta em  crianças."", ""O QUE DEVO FAZER QUANDO EU ME ESQUECER DE USAR ESTE MEDICAMENTO?** Nunca dobre a dose na próxima tomada. Apenas continue com a próxima dose no tempo determinado. **Em caso de dúvidas, procure orientação do farmacêutico, de seu médico ou   cirurgião-dentista.** \n\n**8. QUAIS OS MALES QUE ESTE MEDICAMENTO PODE ME   CAUSAR?** Algumas reações são transitórias e desaparecem espontaneamente no decorrer do tratamento ou com redução da dose. As reações que ocorreram em ≥ 5% dos pacientes em estudos clínicos foram: sonolência, dor de cabeça, infecção das vias aéreas superiores, cansaço, gripe, depressão, vertigem, irritabilidade, insônia, perda da coordenação de movimentos e da marcha, perda do equilíbrio, náusea, sensação de cabeça leve, sinusite e concentração prejudicada. \n\n## **Pós-comercialização:** \n\n**Distúrbios do sistema imunológico** : reações alérgicas e muito poucos casos de anafilaxia (reação alérgica grave). \n\n**Distúrbios endócrinos** : casos isolados, reversíveis, de puberdade precoce incompleta em crianças."", ""O QUE DEVO FAZER QUANDO EU ME ESQUECER DE USAR ESTE MEDICAMENTO?** Nunca dobre a dose na próxima tomada. Apenas continue com a próxima dose no tempo determinado. **Em caso de dúvidas, procure orientação do farmacêutico, de seu médico ou   cirurgião-dentista.** \n\n## **8. QUAIS OS MALES QUE ESTE MEDICAMENTO PODE ME   CAUSAR?** \n\nAlgumas reações são transitórias e desaparecem espontaneamente no decorrer do tratamento ou com redução da dose. As reações que ocorreram em ≥ 5% dos pacientes em estudos clínicos foram: sonolência, dor de cabeça, infecção das vias aéreas superiores, cansaço, gripe, depressão, vertigem, irritabilidade, insônia, perda da coordenação de movimentos e da marcha, perda do equilíbrio, náusea, sensação de cabeça leve, sinusite e concentração prejudicada. \n\n## **Pós-comercialização:** \n\n**Distúrbios do sistema imunológico** : reações alérgicas e muito poucos casos de anafilaxia (reação alérgica grave). \n\n**Distúrbios endócrinos** : casos isolados, reversíveis, de puberdade precoce  incompleta."", ""ísico sensações anormais formigamentos, alucinações. O risco dos sintomas de abstinência é maior após descontinuação súbita do tratamento, portanto a retirada brusca do medicamento deve ser evitada. O tratamento (mesmo de curta duração) deve ser interrompido pela redução gradativa da dose diária. \n\n## **Efeitos sobre a capacidade de dirigir e operar  máquinas** \n\nClonazepam pode lentificar as reações, efeito agravado com o uso de álcool. \n\n**Durante o tratamento, o paciente não deve dirigir veículos ou operar máquinas, pois sua habilidade e atenção podem estar prejudicadas.** \n\nAté o momento, não há informações de que **Rivotril[® ]** cause _doping_ . Em caso de dúvidas, consulte o seu médico. \n\n## **Gravidez e amamentação** \n\n## **Este medicamento não deve ser utilizado por mulheres grávidas sem orientação médica ou do cirurgiãodentista.** \n\n**Rivotril[® ]** só deve ser administrado a gestantes se houver indicação absoluta e os benefícios potenciais  superarem os riscos para o feto. **Rivotril[® ]** pode prejudicar seu bebê. Informe seu médico se estiver grávida ou se está tentando engravidar. O uso de altas doses no último trimestre da gestação ou no trabalho de parto pode causar irregularidades no batimento cardíaco do feto e baixa temperatura corpórea, falta de tônus muscular, depressão respiratória e \n\ndificuldade de sucção no bebê. Tanto a gestação quanto a suspensão de **Rivotril[® ]** podem exacerbar  a epilepsia. Informe seu médico se estiver amamentando. Se você realmente precisar tomar **Rivotril[®]** , a amamentação deve ser descontinuada. \n\n2"", ""lta de tônus muscular, depressão respiratória e dificuldade de sucção no bebê. Tanto a gestação quanto a suspensão de **Rivotril**[® ] podem exacerbar a epilepsia. \n\nInforme seu médico se estiver amamentando. Se você realmente precisar tomar **Rivotril[®]** , a amamentação deve ser descontinuada. \n\n## **Uso em crianças** \n\nAvaliar o risco / benefício do uso de **Rivotril[® ]** a longo prazo em pacientes pediátricos com distúrbios epilépticos. **Rivotril[® ]** pode aumentar a salivação e as secreções brônquicas em lactentes e crianças pequenas. Atenção:  manter as vias aéreas livres. \n\nNão há dados de eficácia / segurança de **Rivotril[® ]** em menores de 18 anos com distúrbio do pânico. \n\n## **Uso em idosos** \n\nOs efeitos dos benzodiazepínicos parecem ser maiores em pacientes idosos do que em pacientes mais jovens, mesmo em concentrações plasmáticas similares. \n\n## **Principais interações medicamentosas** \n\nInforme seu médico se estiver tomando outros medicamentos, incluindo as substâncias a seguir, pois elas podem interagir com **Rivotril[®]** : \n\n– Depressores do sistema nervoso central e álcool; \n\n– Medicamentos que agem no sistema nervoso: antidepressivos, medicamentos para dormir, alguns analgésicos, antipsicóticos, ansiolíticos, anticonvulsivantes; \n\n– Medicamentos para o estômago. \n\n## **Interações fármaco-alimento** \n\nInterações com alimentos não foram estabelecidas. O suco de toranja pode aumentar o efeito de **Rivotril**[®] . \n\n## **Interações fármaco-laboratório** \n\nInterações com testes laboratoriais não foram estabelecidas."", ""ionally omitted <==**\n\ndepressão respiratória e dificuldade de sucção no bebê. Tanto a gestação quanto a suspensão de **Rivotril[® ]** podem exacerbar a epilepsia. \n\nInforme seu médico se estiver amamentando. Se você realmente precisar tomar **Rivotril[®]** , a amamentação deve ser descontinuada. \n\n## **Uso em crianças** \n\nAvaliar o risco / benefício do uso de **Rivotril[® ]** a longo prazo em pacientes pediátricos com distúrbios epilépticos. **Rivotril[® ]** pode aumentar a salivação e as secreções brônquicas em lactentes e crianças pequenas. Atenção:  manter as vias aéreas livres. \n\nNão há dados de eficácia / segurança de **Rivotril[® ]** em menores de 18 anos com distúrbio do pânico. \n\n**Uso em idosos** \n\nOs efeitos dos benzodiazepínicos parecem ser maiores em pacientes idosos do que em pacientes mais jovens, mesmo em concentrações plasmáticas similares, \n\n## **Principais interações medicamentosas** \n\nInforme seu médico, se estiver tomando outros medicamentos, incluindo as substâncias a seguir, pois elas podem interagir com **Rivotril[®]** . \n\n**-** Depressores do sistema nervoso central e álcool; \n\n**-** Medicamentos que agem no sistema nervoso: antidepressivos, medicamentos para dormir, alguns analgésicos, antipsicóticos, ansiolíticos, anticonvulsivantes; \n\n**-** Medicamentos para o estômago. \n\n## **Interações fármaco-alimento** \n\nInterações com alimentos não foram estabelecidas. O suco de toranja pode aumentar o efeito de **Rivotril[®]** . \n\n## **Interações fármaco-laboratório** \n\nInterações com testes laboratoriais não foram estabelecidas.""]",10.84,9.856,QUAIS OS MALES QUE ESTE MEDICAMENTO PODE ME CAUSAR?,"O QUE DEVO SABER ANTES DE USAR ESTE MEDICAMENTO?, QUAIS OS MALES QUE ESTE MEDICAMENTO PODE ME CAUSAR?",,"O QUE FAZER SE ALGUÉM USAR UMA QUANTIDADE MAIOR DO QUE A INDICADA DESTE MEDICAMENTO?, QUANDO NÃO DEVO USAR ESTE MEDICAMENTO?",low,True,"{""planner_primary"": [""QUAIS OS MALES QUE ESTE MEDICAMENTO PODE ME CAUSAR?""], ""planner_secondary"": [""O QUE DEVO SABER ANTES DE USAR ESTE MEDICAMENTO?"", ""QUAIS OS MALES QUE ESTE MEDICAMENTO PODE ME CAUSAR?""], ""planner_safety"": [], ""planner_rationale"": ""A sonolência é uma reação adversa comum do Rivotril, e a seção 'Quais os males que este medicamento pode me causar?' listará essa possibilidade."", ""expanded_sections"": [""O QUE FAZER SE ALGUÉM USAR UMA QUANTIDADE MAIOR DO QUE A INDICADA DESTE MEDICAMENTO?"", ""QUANDO NÃO DEVO USAR ESTE MEDICAMENTO?""], ""full_sections_used"": [], ""total_candidates_before_dedup"": 18, ""n_unique_candidates"": 15, ""n_ranked_lists"": 4, ""n_fused"": 15, ""n_reranked"": 8, ""evidence_confidence"": ""low"", ""fallback_triggered"": true, ""n_reranked_after_fallback"": 10}"
guarded_hybrid_agentic_fusion_rag,ollama:medgemma:4b,TYLENOL,Para que serve o TYLENOL?,facil,"TYLENOL é indicado para redução da febre e para o alívio temporário de dores leves a moderadas, como dores associadas a resfriados comuns, dor de cabeça, dor no corpo, dor de dente, dor nas costas, dores musculares, dores leves associadas a artrites e cólicas menstruais.",PARA QUE ESTE MEDICAMENTO É INDICADO?,"De acordo com a bula do medicamento TYLENOL, consta a seguinte informação: Para que serve o TYLENOL? Este medicamento é indicado para a redução da febre e para o alívio temporário de dores leves a moderadas, tais como: dores associadas a resfriados comuns, dor de cabeça, dor no corpo, dor de dente, dor nas costas, dores musculares, dores leves associadas a artrites e cólicas menstruais.

---
*Esta resposta se baseia apenas nos trechos da bula recuperados e não substitui orientação médica ou farmacêutica.*","De acordo com a bula do medicamento TYLENOL, consta a seguinte informação: Para que serve o TYLENOL? Este medicamento é indicado para a redução da febre e para o alívio temporário de dores leves a moderadas, tais como: dores associadas a resfriados comuns, dor de cabeça, dor no corpo, dor de dente, dor nas costas, dores musculares, dores leves associadas a artrites e cólicas menstruais.","PARA QUE ESTE MEDICAMENTO É INDICADO?, O QUE DEVO FAZER QUANDO EU ME ESQUECER DE USAR ESTE MEDICAMENTO?, O QUE FAZER SE ALGUÉM USAR UMA QUANTIDADE MAIOR DO QUE A INDICADA DESTE MEDICAMENTO?, O QUE DEVO SABER ANTES DE USAR ESTE MEDICAMENTO?, ONDE, COMO E POR QUANTO TEMPO POSSO GUARDAR ESTE MEDICAMENTO?, QUANDO NÃO DEVO USAR ESTE MEDICAMENTO?, COMO ESTE MEDICAMENTO FUNCIONA?","chunk_77f72cabf81a, chunk_97251e7ccd85, chunk_578c6a49ac86, chunk_983a58909e27, chunk_a508cae3796b, chunk_bd0ae4006d5f, chunk_2f6979089ee8","[""QUANDO NÃO DEVO USAR ESTE MEDICAMENTO?** \n\nVocê não deve usar **TYLENOL[® ]** se possuir alergia ao paracetamol ou a qualquer componente de sua fórmula. \n\n**Este medicamento é contraindicado para menores de 12 anos.** \n\n## **4."", ""O QUE DEVO SABER ANTES DE USAR ESTE MEDICAMENTO?** \n\nTYLENOL® - Paciente \n\n**==> picture [114 x 31] intentionally omitted <==**\n\nVocê não deve tomar mais do que a dose recomendada (superdose) para provocar maior alívio, pois pode causar sérios problemas de saúde. Você deve consultar seu médico se a dor ou febre continuarem ou piorarem, ou se surgirem novos sintomas, pois estes sintomas podem ser sinais de doenças graves. \n\n**Uso com álcool** : consumidores de doses abusivas de álcool devem consultar seu médico para saber se podem tomar **TYLENOL[® ]** ou qualquer outro analgésico. \n\n## **Gravidez e Amamentação** \n\n## Se você estiver grávida ou amamentando, consulte o seu médico antes de usar este medicamento. **Este medicamento não deve ser utilizado por mulheres grávidas sem orientação médica ou do cirurgião-dentista.** \n\n**Uso em pacientes com problemas no fígado** : Consulte seu médico antes de usar o medicamento. **Uso em idosos** : Até o momento não são conhecidas restrições específicas ao uso de **TYLENOL[® ]** por pacientes idosos. Não existe necessidade de ajuste de dose neste grupo etário. Muito raramente, foram relatadas reações cutâneas graves em pacientes que administraram paracetamol. Os sintomas podem incluir: vermelhidão na pele, bolhas e erupções cutâneas. Se ocorrerem reações cutâneas ou piora de problemas de pele já existentes, interrompa o uso do medicamento e procure ajuda médica imediatamente. \n\n## **Não use outro produto que contenha paracetamol.** \n\n## **O paracetamol nas doses terapêuticas não foi associado à irritação gástrica.**"", ""COMO ESTE MEDICAMENTO FUNCIONA?** \n\n**TYLENOL[® ]** reduz a febre atuando no centro regulador da temperatura no Sistema Nervoso Central (SNC) e diminui a sensibilidade a dor. Seu efeito tem início 15 a 30 minutos após a administração oral e permanece por um período de 4 a 6 horas. \n\n## **3."", ""O QUE FAZER SE ALGUÉM USAR UMA QUANTIDADE MAIOR DO QUE A INDICADA DESTE MEDICAMENTO?** \n\nO uso de doses excessivas, acima das doses recomendadas (superdose) pode causar danos ao fígado. Em caso de superdose, procure ajuda médica ou um centro de intoxicação imediatamente. O apoio médico imediato é fundamental para adultos e crianças, mesmo se os sinais e sintomas de intoxicação não estiverem presentes. \n\nOs sinais e sintomas iniciais que se seguem a uma dose potencialmente hepatotóxica de paracetamol são: perda de apetite, náusea, vômito, sudorese intensa, palidez e mal-estar geral. **Em caso de uso de grande quantidade deste medicamento, procure rapidamente socorro médico e leve a embalagem ou bula do medicamento, se possível. Ligue para 0800 722 6001, se você precisar de mais orientações.** \n\n## **DIZERES LEGAIS** \n\nMS - 1.5721.1214 \n\nFarmacêutico Responsável: Jean F. L. Festuccia – CRF - SP nº 29.625 \n\nRegistrado por: \n\n## **JOHNSON & JOHNSON INDUSTRIAL LTDA.** \n\nRodovia Presidente Dutra, Km 154, \n\nSão José dos Campos – SP \n\nCNPJ 59.748.988/0001-14 \n\nFabricado por: \n\n## **JOHNSON & JOHNSON INDUSTRIAL LTDA** \n\nRodovia Presidente Dutra, km 154 \n\nSão José dos Campos – SP \n\nCNPJ: 59.748.988/0001-14 Industria Brasileira \n\n®Marca Registrada \n\nTYLENOL® - Paciente \n\n**==> picture [114 x 31] intentionally omitted <==**\n\nSAC 0800 728 6767 \n\nwww.tylenol.com.br \n\nSiga corretamente o modo de usar, não desaparecendo os sintomas procure orientação médica. \n\n**==> picture [23 x 19] intentionally omitted <==**\n\nTYLENOL® - Paciente \n\n**==> picture [115 x 30] intentionally omitted <==**"", ""PARA QUE ESTE MEDICAMENTO É INDICADO?** \n\nEste medicamento é indicado para a redução da febre e para o alívio temporário de dores leves a moderadas, tais como: dores associadas a resfriados comuns, dor de cabeça, dor no corpo, dor de dente, dor nas costas, dores musculares, dores leves associadas a artrites e cólicas menstruais. \n\n## **2."", ""ONDE, COMO E POR QUANTO TEMPO POSSO GUARDAR ESTE MEDICAMENTO?** \n\n**TYLENOL®** deve ser conservado em temperatura ambiente (entre 15°C e 30°C), protegido da luz e umidade. **Número de lote e datas de fabricação e validade: vide embalagem.** \n\nTYLENOL® - Paciente \n\n**==> picture [114 x 31] intentionally omitted <==**\n\n**Não use medicamento com o prazo de validade vencido. Guarde-o em sua embalagem original. TYLENOL[® ] 500 mg e TYLENOL[® ] 750 mg** são comprimidos revestidos oblongos (ovalados) de cor branca. \n\n**Antes de usar, observe o aspecto do medicamento. Caso ele esteja no prazo de validade e você observe alguma mudança no aspecto, consulte o farmacêutico para saber se poderá** \n\n**utilizá-lo.** \n\n**Todo medicamento deve ser mantido fora do alcance das crianças** . \n\n## **6."", ""O QUE DEVO FAZER QUANDO EU ME ESQUECER DE USAR ESTE MEDICAMENTO?** \n\nSe você se esquecer de tomar uma dose do medicamento, faça-o assim que se lembrar, no caso de ainda haver necessidade, e então ajuste o horário das próximas tomadas. Não tome a dose dobrada para compensar a dose esquecida. \n\n**Em caso de dúvidas, procure orientação do farmacêutico ou de seu médico, ou cirurgiãodentista.** \n\n## **8.""]",6.848,4.459,PARA QUE ESTE MEDICAMENTO É INDICADO?,,,COMO ESTE MEDICAMENTO FUNCIONA?,high,False,"{""planner_primary"": [""PARA QUE ESTE MEDICAMENTO É INDICADO?""], ""planner_secondary"": [], ""planner_safety"": [], ""planner_rationale"": ""A pergunta do paciente é sobre a indicação do medicamento, que está diretamente relacionada à seção 'PARA QUE ESTE MEDICAMENTO É INDICADO?'."", ""expanded_sections"": [""COMO ESTE MEDICAMENTO FUNCIONA?""], ""full_sections_used"": [""PARA QUE ESTE MEDICAMENTO É INDICADO?""], ""total_candidates_before_dedup"": 9, ""n_unique_candidates"": 7, ""n_ranked_lists"": 5, ""n_fused"": 7, ""n_reranked"": 7, ""evidence_confidence"": ""high"", ""fallback_triggered"": false}"
guarded_hybrid_agentic_fusion_rag,ollama:medgemma:4b,TYLENOL,Em quanto tempo o TYLENOL começa a fazer efeito?,facil,O efeito de TYLENOL começa 15 a 30 minutos após a administração oral e permanece por 4 a 6 horas.,COMO ESTE MEDICAMENTO FUNCIONA?,"De acordo com a bula do medicamento TYLENOL, consta a seguinte informação: O efeito do TYLENOL começa entre 15 e 30 minutos após a administração oral.

---
*Esta resposta se baseia apenas nos trechos da bula recuperados e não substitui orientação médica ou farmacêutica.*","De acordo com a bula do medicamento TYLENOL, consta a seguinte informação: O efeito do TYLENOL começa entre 15 e 30 minutos após a administração oral.","QUAIS OS MALES QUE ESTE MEDICAMENTO PODE ME CAUSAR?, O QUE FAZER SE ALGUÉM USAR UMA QUANTIDADE MAIOR DO QUE A INDICADA DESTE MEDICAMENTO?, ONDE, COMO E POR QUANTO TEMPO POSSO GUARDAR ESTE MEDICAMENTO?, O QUE DEVO SABER ANTES DE USAR ESTE MEDICAMENTO?, QUANDO NÃO DEVO USAR ESTE MEDICAMENTO?, COMO ESTE MEDICAMENTO FUNCIONA?","chunk_578c6a49ac86, chunk_77f72cabf81a, chunk_983a58909e27, chunk_bd0ae4006d5f, chunk_01578455e892, chunk_bcded81d765f, chunk_97251e7ccd85, chunk_3c190b3ea9f8","[""COMO ESTE MEDICAMENTO FUNCIONA?** \n\n**TYLENOL[® ]** reduz a febre atuando no centro regulador da temperatura no Sistema Nervoso Central (SNC) e diminui a sensibilidade a dor. Seu efeito tem início 15 a 30 minutos após a administração oral e permanece por um período de 4 a 6 horas. \n\n## **3."", ""QUANDO NÃO DEVO USAR ESTE MEDICAMENTO?** \n\nVocê não deve usar **TYLENOL[® ]** se possuir alergia ao paracetamol ou a qualquer componente de sua fórmula. \n\n**Este medicamento é contraindicado para menores de 12 anos.** \n\n## **4."", ""O QUE FAZER SE ALGUÉM USAR UMA QUANTIDADE MAIOR DO QUE A INDICADA DESTE MEDICAMENTO?** \n\nO uso de doses excessivas, acima das doses recomendadas (superdose) pode causar danos ao fígado. Em caso de superdose, procure ajuda médica ou um centro de intoxicação imediatamente. O apoio médico imediato é fundamental para adultos e crianças, mesmo se os sinais e sintomas de intoxicação não estiverem presentes. \n\nOs sinais e sintomas iniciais que se seguem a uma dose potencialmente hepatotóxica de paracetamol são: perda de apetite, náusea, vômito, sudorese intensa, palidez e mal-estar geral. **Em caso de uso de grande quantidade deste medicamento, procure rapidamente socorro médico e leve a embalagem ou bula do medicamento, se possível. Ligue para 0800 722 6001, se você precisar de mais orientações.** \n\n## **DIZERES LEGAIS** \n\nMS - 1.5721.1214 \n\nFarmacêutico Responsável: Jean F. L. Festuccia – CRF - SP nº 29.625 \n\nRegistrado por: \n\n## **JOHNSON & JOHNSON INDUSTRIAL LTDA.** \n\nRodovia Presidente Dutra, Km 154, \n\nSão José dos Campos – SP \n\nCNPJ 59.748.988/0001-14 \n\nFabricado por: \n\n## **JOHNSON & JOHNSON INDUSTRIAL LTDA** \n\nRodovia Presidente Dutra, km 154 \n\nSão José dos Campos – SP \n\nCNPJ: 59.748.988/0001-14 Industria Brasileira \n\n®Marca Registrada \n\nTYLENOL® - Paciente \n\n**==> picture [114 x 31] intentionally omitted <==**\n\nSAC 0800 728 6767 \n\nwww.tylenol.com.br \n\nSiga corretamente o modo de usar, não desaparecendo os sintomas procure orientação médica. \n\n**==> picture [23 x 19] intentionally omitted <==**\n\nTYLENOL® - Paciente \n\n**==> picture [115 x 30] intentionally omitted <==**"", ""ONDE, COMO E POR QUANTO TEMPO POSSO GUARDAR ESTE MEDICAMENTO?** \n\n**TYLENOL®** deve ser conservado em temperatura ambiente (entre 15°C e 30°C), protegido da luz e umidade. **Número de lote e datas de fabricação e validade: vide embalagem.** \n\nTYLENOL® - Paciente \n\n**==> picture [114 x 31] intentionally omitted <==**\n\n**Não use medicamento com o prazo de validade vencido. Guarde-o em sua embalagem original. TYLENOL[® ] 500 mg e TYLENOL[® ] 750 mg** são comprimidos revestidos oblongos (ovalados) de cor branca. \n\n**Antes de usar, observe o aspecto do medicamento. Caso ele esteja no prazo de validade e você observe alguma mudança no aspecto, consulte o farmacêutico para saber se poderá** \n\n**utilizá-lo.** \n\n**Todo medicamento deve ser mantido fora do alcance das crianças** . \n\n## **6."", ""cutâneas. Se ocorrerem reações cutâneas ou piora de problemas de pele já existentes, interrompa o uso do medicamento e procure ajuda médica imediatamente. \n\n## **Não use outro produto que contenha paracetamol.** \n\n## **O paracetamol nas doses terapêuticas não foi associado à irritação gástrica.** \n\nSe você tem pressão alta, não use este produto por mais tempo do que o indicado no rótulo, a menos que indicado por um médico. \n\nA absorção de **TYLENOL[® ]** é mais rápida se você estiver em jejum. Os alimentos podem afetar a velocidade da absorção, mas não a quantidade absorvida do medicamento. A interferência do paracetamol na metabolização de outros medicamentos e a influência destes medicamentos na ação e na toxicidade do paracetamol, em geral, não são relevantes. \n\n**Consulte seu médico antes de utilizar este medicamento se você está tomando flucloxacilina (penicilina - um antibiótico), varfarina (anticoagulante) ou outros derivados cumarínicos.** \n\n**Informe ao seu médico ou cirurgião-dentista se você está fazendo uso de algum outro medicamento.** \n\n**5."", ""QUAIS OS MALES QUE ESTE MEDICAMENTO PODE ME CAUSAR?** \n\nEste medicamento pode causar algumas reações desagradáveis inesperadas. Caso você tenha uma reação alérgica, deve parar de tomar o medicamento. \n\nTYLENOL® - Paciente \n\n**==> picture [114 x 31] intentionally omitted <==**\n\nReação muito rara (ocorre em menos de 0,01% dos pacientes que utilizam este medicamento): urticária, coceira e vermelhidão no corpo, reações alérgicas a este medicamento, aumento das transaminases e erupção fixa medicamentosa. \n\n**Informe ao seu médico, cirurgião-dentista ou farmacêutico o aparecimento de reações indesejáveis pelo uso do medicamento. Informe também à empresa através do seu serviço de atendimento.** \n\n## **9."", ""O QUE DEVO SABER ANTES DE USAR ESTE MEDICAMENTO?** \n\nTYLENOL® - Paciente \n\n**==> picture [114 x 31] intentionally omitted <==**\n\nVocê não deve tomar mais do que a dose recomendada (superdose) para provocar maior alívio, pois pode causar sérios problemas de saúde. Você deve consultar seu médico se a dor ou febre continuarem ou piorarem, ou se surgirem novos sintomas, pois estes sintomas podem ser sinais de doenças graves. \n\n**Uso com álcool** : consumidores de doses abusivas de álcool devem consultar seu médico para saber se podem tomar **TYLENOL[® ]** ou qualquer outro analgésico. \n\n## **Gravidez e Amamentação** \n\n## Se você estiver grávida ou amamentando, consulte o seu médico antes de usar este medicamento. **Este medicamento não deve ser utilizado por mulheres grávidas sem orientação médica ou do cirurgião-dentista.** \n\n**Uso em pacientes com problemas no fígado** : Consulte seu médico antes de usar o medicamento. **Uso em idosos** : Até o momento não são conhecidas restrições específicas ao uso de **TYLENOL[® ]** por pacientes idosos. Não existe necessidade de ajuste de dose neste grupo etário. Muito raramente, foram relatadas reações cutâneas graves em pacientes que administraram paracetamol. Os sintomas podem incluir: vermelhidão na pele, bolhas e erupções cutâneas. Se ocorrerem reações cutâneas ou piora de problemas de pele já existentes, interrompa o uso do medicamento e procure ajuda médica imediatamente. \n\n## **Não use outro produto que contenha paracetamol.** \n\n## **O paracetamol nas doses terapêuticas não foi associado à irritação gástrica.**"", ""4 x 31] intentionally omitted <==**\n\nSAC 0800 728 6767 \n\nwww.tylenol.com.br \n\nSiga corretamente o modo de usar, não desaparecendo os sintomas procure orientação médica. \n\n**==> picture [23 x 19] intentionally omitted <==**\n\nTYLENOL® - Paciente \n\n**==> picture [115 x 30] intentionally omitted <==**\n\n## **""]",10.17,3.63,COMO ESTE MEDICAMENTO FUNCIONA?,"O QUE DEVO SABER ANTES DE USAR ESTE MEDICAMENTO?, QUAIS OS MALES QUE ESTE MEDICAMENTO PODE ME CAUSAR?",,"PARA QUE ESTE MEDICAMENTO É INDICADO?, QUANDO NÃO DEVO USAR ESTE MEDICAMENTO?, O QUE FAZER SE ALGUÉM USAR UMA QUANTIDADE MAIOR DO QUE A INDICADA DESTE MEDICAMENTO?",high,False,"{""planner_primary"": [""COMO ESTE MEDICAMENTO FUNCIONA?""], ""planner_secondary"": [""O QUE DEVO SABER ANTES DE USAR ESTE MEDICAMENTO?"", ""QUAIS OS MALES QUE ESTE MEDICAMENTO PODE ME CAUSAR?""], ""planner_safety"": [], ""planner_rationale"": ""A seção 'COMO ESTE MEDICAMENTO FUNCIONA?' descreve o mecanismo de ação do TYLENOL, que é a inibição da produção de prostaglandinas. A seção 'O QUE DEVO SABER ANTES DE USAR ESTE MEDICAMENTO?' pode conter informações sobre o tempo de ação e efeitos colaterais comuns."", ""expanded_sections"": [""PARA QUE ESTE MEDICAMENTO É INDICADO?"", ""QUANDO NÃO DEVO USAR ESTE MEDICAMENTO?"", ""O QUE FAZER SE ALGUÉM USAR UMA QUANTIDADE MAIOR DO QUE A INDICADA DESTE MEDICAMENTO?""], ""full_sections_used"": [""COMO ESTE MEDICAMENTO FUNCIONA?"", ""O QUE DEVO SABER ANTES DE USAR ESTE MEDICAMENTO?""], ""total_candidates_before_dedup"": 19, ""n_unique_candidates"": 10, ""n_ranked_lists"": 8, ""n_fused"": 10, ""n_reranked"": 8, ""evidence_confidence"": ""high"", ""fallback_triggered"": false}"
guarded_hybrid_agentic_fusion_rag,ollama:medgemma:4b,TYLENOL,Como devo conservar TYLENOL?,facil,"TYLENOL deve ser conservado em temperatura ambiente, entre 15 °C e 30 °C, protegido da luz e da umidade. O medicamento deve ser guardado em sua embalagem original e mantido fora do alcance das crianças.","ONDE, COMO E POR QUANTO TEMPO POSSO GUARDAR ESTE MEDICAMENTO?","De acordo com a bula do medicamento TYLENOL, consta a seguinte informação: ""TYLENOL® deve ser conservado em temperatura ambiente (entre 15°C e 30°C), protegido da luz e umidade. Número de lote e datas de fabricação e validade: vide embalagem.""

---
*Esta resposta se baseia apenas nos trechos da bula recuperados e não substitui orientação médica ou farmacêutica.*","De acordo com a bula do medicamento TYLENOL, consta a seguinte informação: ""TYLENOL® deve ser conservado em temperatura ambiente (entre 15°C e 30°C), protegido da luz e umidade. Número de lote e datas de fabricação e validade: vide embalagem.""","COMO DEVO USAR ESTE MEDICAMENTO?, ONDE, COMO E POR QUANTO TEMPO POSSO GUARDAR ESTE MEDICAMENTO?, QUANDO NÃO DEVO USAR ESTE MEDICAMENTO?, COMO ESTE MEDICAMENTO FUNCIONA?","chunk_bd0ae4006d5f, chunk_77f72cabf81a, chunk_d4d5a2d20ab2, chunk_578c6a49ac86","[""ONDE, COMO E POR QUANTO TEMPO POSSO GUARDAR ESTE MEDICAMENTO?** \n\n**TYLENOL®** deve ser conservado em temperatura ambiente (entre 15°C e 30°C), protegido da luz e umidade. **Número de lote e datas de fabricação e validade: vide embalagem.** \n\nTYLENOL® - Paciente \n\n**==> picture [114 x 31] intentionally omitted <==**\n\n**Não use medicamento com o prazo de validade vencido. Guarde-o em sua embalagem original. TYLENOL[® ] 500 mg e TYLENOL[® ] 750 mg** são comprimidos revestidos oblongos (ovalados) de cor branca. \n\n**Antes de usar, observe o aspecto do medicamento. Caso ele esteja no prazo de validade e você observe alguma mudança no aspecto, consulte o farmacêutico para saber se poderá** \n\n**utilizá-lo.** \n\n**Todo medicamento deve ser mantido fora do alcance das crianças** . \n\n## **6."", ""QUANDO NÃO DEVO USAR ESTE MEDICAMENTO?** \n\nVocê não deve usar **TYLENOL[® ]** se possuir alergia ao paracetamol ou a qualquer componente de sua fórmula. \n\n**Este medicamento é contraindicado para menores de 12 anos.** \n\n## **4."", ""COMO DEVO USAR ESTE MEDICAMENTO?** \n\nUso oral. Você deve tomar os comprimidos com líquido. O paracetamol pode ser administrado independentemente das refeições. \n\n## **Adultos e crianças acima de 12 anos:** \n\n**TYLENOL[® ] 500 mg:** 1 a 2 comprimidos, 3 a 4 vezes ao dia. \n\n**TYLENOL[® ] 750 mg:** 1 comprimido, 3 a 5 vezes ao dia. \n\nA dose diária máxima recomendada de paracetamol é de 4000 mg ( **8 comprimidos de TYLENOL[® ] 500 mg ou 5 comprimidos de TYLENOL® 750 mg** ) administrada em doses fracionadas, não excedendo 1000 mg/dose ( **2 comprimidos de TYLENOL[® ] 500 mg ou 1 comprimido de TYLENOL[® ] 750 mg** ), em intervalos de 4 a 6 horas, em um período de 24 horas. **Duração do tratamento:** depende do desaparecimento dos sintomas. \n\n**Este medicamento não pode ser partido, aberto ou mastigado.** \n\n**Siga corretamente o modo de usar. Em caso de dúvidas sobre este medicamento, procure orientação do farmacêutico. Não desaparecendo os sintomas, procure orientação médica ou de seu cirurgião-dentista.** \n\n## **7."", ""COMO ESTE MEDICAMENTO FUNCIONA?** \n\n**TYLENOL[® ]** reduz a febre atuando no centro regulador da temperatura no Sistema Nervoso Central (SNC) e diminui a sensibilidade a dor. Seu efeito tem início 15 a 30 minutos após a administração oral e permanece por um período de 4 a 6 horas. \n\n## **3.""]",4.363,3.732,"ONDE, COMO E POR QUANTO TEMPO POSSO GUARDAR ESTE MEDICAMENTO?",,,,high,False,"{""planner_primary"": [""ONDE, COMO E POR QUANTO TEMPO POSSO GUARDAR ESTE MEDICAMENTO?""], ""planner_secondary"": [], ""planner_safety"": [], ""planner_rationale"": ""A pergunta do paciente é sobre como armazenar o medicamento, que está diretamente relacionado à seção de armazenamento."", ""expanded_sections"": [], ""full_sections_used"": [""ONDE, COMO E POR QUANTO TEMPO POSSO GUARDAR ESTE MEDICAMENTO?""], ""total_candidates_before_dedup"": 7, ""n_unique_candidates"": 4, ""n_ranked_lists"": 3, ""n_fused"": 4, ""n_reranked"": 4, ""evidence_confidence"": ""high"", ""fallback_triggered"": false}"
guarded_hybrid_agentic_fusion_rag,ollama:medgemma:4b,TYLENOL,Qual é a dose indicada de TYLENOL 500 mg para adultos e crianças acima de 12 anos?,facil,"Para adultos e crianças acima de 12 anos, a dose de TYLENOL 500 mg é de 1 a 2 comprimidos, 3 a 4 vezes ao dia.",COMO DEVO USAR ESTE MEDICAMENTO?,"De acordo com a bula do medicamento TYLENOL, consta a seguinte informação: ""Para adultos e crianças acima de 12 anos, a dose recomendada é de 1 a 2 comprimidos de TYLENOL[® ] 500 mg, 3 a 4 vezes ao dia. A dose diária máxima recomendada de paracetamol é de 4000 mg (8 comprimidos de TYLENOL[® ] 500 mg) administrada em doses fracionadas, não excedendo 1000 mg/dose (2 comprimidos de TYLENOL[® ] 500 mg), em intervalos de 4 a 6 horas, em um período de 24 horas. A duração do tratamento depende do desaparecimento dos sintomas.""

---
*Esta resposta se baseia apenas nos trechos da bula recuperados e não substitui orientação médica ou farmacêutica.*","De acordo com a bula do medicamento TYLENOL, consta a seguinte informação: ""Para adultos e crianças acima de 12 anos, a dose recomendada é de 1 a 2 comprimidos de TYLENOL[® ] 500 mg, 3 a 4 vezes ao dia. A dose diária máxima recomendada de paracetamol é de 4000 mg (8 comprimidos de TYLENOL[® ] 500 mg) administrada em doses fracionadas, não excedendo 1000 mg/dose (2 comprimidos de TYLENOL[® ] 500 mg), em intervalos de 4 a 6 horas, em um período de 24 horas. A duração do tratamento depende do desaparecimento dos sintomas.""","COMO DEVO USAR ESTE MEDICAMENTO?, O QUE FAZER SE ALGUÉM USAR UMA QUANTIDADE MAIOR DO QUE A INDICADA DESTE MEDICAMENTO?, ONDE, COMO E POR QUANTO TEMPO POSSO GUARDAR ESTE MEDICAMENTO?, O QUE DEVO SABER ANTES DE USAR ESTE MEDICAMENTO?, QUANDO NÃO DEVO USAR ESTE MEDICAMENTO?, COMO ESTE MEDICAMENTO FUNCIONA?","chunk_d4d5a2d20ab2, chunk_bd0ae4006d5f, chunk_77f72cabf81a, chunk_983a58909e27, chunk_97251e7ccd85, chunk_01578455e892, chunk_3c190b3ea9f8, chunk_578c6a49ac86","[""COMO DEVO USAR ESTE MEDICAMENTO?** \n\nUso oral. Você deve tomar os comprimidos com líquido. O paracetamol pode ser administrado independentemente das refeições. \n\n## **Adultos e crianças acima de 12 anos:** \n\n**TYLENOL[® ] 500 mg:** 1 a 2 comprimidos, 3 a 4 vezes ao dia. \n\n**TYLENOL[® ] 750 mg:** 1 comprimido, 3 a 5 vezes ao dia. \n\nA dose diária máxima recomendada de paracetamol é de 4000 mg ( **8 comprimidos de TYLENOL[® ] 500 mg ou 5 comprimidos de TYLENOL® 750 mg** ) administrada em doses fracionadas, não excedendo 1000 mg/dose ( **2 comprimidos de TYLENOL[® ] 500 mg ou 1 comprimido de TYLENOL[® ] 750 mg** ), em intervalos de 4 a 6 horas, em um período de 24 horas. **Duração do tratamento:** depende do desaparecimento dos sintomas. \n\n**Este medicamento não pode ser partido, aberto ou mastigado.** \n\n**Siga corretamente o modo de usar. Em caso de dúvidas sobre este medicamento, procure orientação do farmacêutico. Não desaparecendo os sintomas, procure orientação médica ou de seu cirurgião-dentista.** \n\n## **7."", ""ONDE, COMO E POR QUANTO TEMPO POSSO GUARDAR ESTE MEDICAMENTO?** \n\n**TYLENOL®** deve ser conservado em temperatura ambiente (entre 15°C e 30°C), protegido da luz e umidade. **Número de lote e datas de fabricação e validade: vide embalagem.** \n\nTYLENOL® - Paciente \n\n**==> picture [114 x 31] intentionally omitted <==**\n\n**Não use medicamento com o prazo de validade vencido. Guarde-o em sua embalagem original. TYLENOL[® ] 500 mg e TYLENOL[® ] 750 mg** são comprimidos revestidos oblongos (ovalados) de cor branca. \n\n**Antes de usar, observe o aspecto do medicamento. Caso ele esteja no prazo de validade e você observe alguma mudança no aspecto, consulte o farmacêutico para saber se poderá** \n\n**utilizá-lo.** \n\n**Todo medicamento deve ser mantido fora do alcance das crianças** . \n\n## **6."", ""QUANDO NÃO DEVO USAR ESTE MEDICAMENTO?** \n\nVocê não deve usar **TYLENOL[® ]** se possuir alergia ao paracetamol ou a qualquer componente de sua fórmula. \n\n**Este medicamento é contraindicado para menores de 12 anos.** \n\n## **4."", ""O QUE FAZER SE ALGUÉM USAR UMA QUANTIDADE MAIOR DO QUE A INDICADA DESTE MEDICAMENTO?** \n\nO uso de doses excessivas, acima das doses recomendadas (superdose) pode causar danos ao fígado. Em caso de superdose, procure ajuda médica ou um centro de intoxicação imediatamente. O apoio médico imediato é fundamental para adultos e crianças, mesmo se os sinais e sintomas de intoxicação não estiverem presentes. \n\nOs sinais e sintomas iniciais que se seguem a uma dose potencialmente hepatotóxica de paracetamol são: perda de apetite, náusea, vômito, sudorese intensa, palidez e mal-estar geral. **Em caso de uso de grande quantidade deste medicamento, procure rapidamente socorro médico e leve a embalagem ou bula do medicamento, se possível. Ligue para 0800 722 6001, se você precisar de mais orientações.** \n\n## **DIZERES LEGAIS** \n\nMS - 1.5721.1214 \n\nFarmacêutico Responsável: Jean F. L. Festuccia – CRF - SP nº 29.625 \n\nRegistrado por: \n\n## **JOHNSON & JOHNSON INDUSTRIAL LTDA.** \n\nRodovia Presidente Dutra, Km 154, \n\nSão José dos Campos – SP \n\nCNPJ 59.748.988/0001-14 \n\nFabricado por: \n\n## **JOHNSON & JOHNSON INDUSTRIAL LTDA** \n\nRodovia Presidente Dutra, km 154 \n\nSão José dos Campos – SP \n\nCNPJ: 59.748.988/0001-14 Industria Brasileira \n\n®Marca Registrada \n\nTYLENOL® - Paciente \n\n**==> picture [114 x 31] intentionally omitted <==**\n\nSAC 0800 728 6767 \n\nwww.tylenol.com.br \n\nSiga corretamente o modo de usar, não desaparecendo os sintomas procure orientação médica. \n\n**==> picture [23 x 19] intentionally omitted <==**\n\nTYLENOL® - Paciente \n\n**==> picture [115 x 30] intentionally omitted <==**"", ""O QUE DEVO SABER ANTES DE USAR ESTE MEDICAMENTO?** \n\nTYLENOL® - Paciente \n\n**==> picture [114 x 31] intentionally omitted <==**\n\nVocê não deve tomar mais do que a dose recomendada (superdose) para provocar maior alívio, pois pode causar sérios problemas de saúde. Você deve consultar seu médico se a dor ou febre continuarem ou piorarem, ou se surgirem novos sintomas, pois estes sintomas podem ser sinais de doenças graves. \n\n**Uso com álcool** : consumidores de doses abusivas de álcool devem consultar seu médico para saber se podem tomar **TYLENOL[® ]** ou qualquer outro analgésico. \n\n## **Gravidez e Amamentação** \n\n## Se você estiver grávida ou amamentando, consulte o seu médico antes de usar este medicamento. **Este medicamento não deve ser utilizado por mulheres grávidas sem orientação médica ou do cirurgião-dentista.** \n\n**Uso em pacientes com problemas no fígado** : Consulte seu médico antes de usar o medicamento. **Uso em idosos** : Até o momento não são conhecidas restrições específicas ao uso de **TYLENOL[® ]** por pacientes idosos. Não existe necessidade de ajuste de dose neste grupo etário. Muito raramente, foram relatadas reações cutâneas graves em pacientes que administraram paracetamol. Os sintomas podem incluir: vermelhidão na pele, bolhas e erupções cutâneas. Se ocorrerem reações cutâneas ou piora de problemas de pele já existentes, interrompa o uso do medicamento e procure ajuda médica imediatamente. \n\n## **Não use outro produto que contenha paracetamol.** \n\n## **O paracetamol nas doses terapêuticas não foi associado à irritação gástrica.**"", ""cutâneas. Se ocorrerem reações cutâneas ou piora de problemas de pele já existentes, interrompa o uso do medicamento e procure ajuda médica imediatamente. \n\n## **Não use outro produto que contenha paracetamol.** \n\n## **O paracetamol nas doses terapêuticas não foi associado à irritação gástrica.** \n\nSe você tem pressão alta, não use este produto por mais tempo do que o indicado no rótulo, a menos que indicado por um médico. \n\nA absorção de **TYLENOL[® ]** é mais rápida se você estiver em jejum. Os alimentos podem afetar a velocidade da absorção, mas não a quantidade absorvida do medicamento. A interferência do paracetamol na metabolização de outros medicamentos e a influência destes medicamentos na ação e na toxicidade do paracetamol, em geral, não são relevantes. \n\n**Consulte seu médico antes de utilizar este medicamento se você está tomando flucloxacilina (penicilina - um antibiótico), varfarina (anticoagulante) ou outros derivados cumarínicos.** \n\n**Informe ao seu médico ou cirurgião-dentista se você está fazendo uso de algum outro medicamento.** \n\n**5."", ""4 x 31] intentionally omitted <==**\n\nSAC 0800 728 6767 \n\nwww.tylenol.com.br \n\nSiga corretamente o modo de usar, não desaparecendo os sintomas procure orientação médica. \n\n**==> picture [23 x 19] intentionally omitted <==**\n\nTYLENOL® - Paciente \n\n**==> picture [115 x 30] intentionally omitted <==**\n\n## **"", ""COMO ESTE MEDICAMENTO FUNCIONA?** \n\n**TYLENOL[® ]** reduz a febre atuando no centro regulador da temperatura no Sistema Nervoso Central (SNC) e diminui a sensibilidade a dor. Seu efeito tem início 15 a 30 minutos após a administração oral e permanece por um período de 4 a 6 horas. \n\n## **3.""]",10.804,6.48,COMO DEVO USAR ESTE MEDICAMENTO?,"O QUE DEVO SABER ANTES DE USAR ESTE MEDICAMENTO?, QUAIS OS MALES QUE ESTE MEDICAMENTO PODE ME CAUSAR?",,"O QUE DEVO FAZER QUANDO EU ME ESQUECER DE USAR ESTE MEDICAMENTO?, QUANDO NÃO DEVO USAR ESTE MEDICAMENTO?, O QUE FAZER SE ALGUÉM USAR UMA QUANTIDADE MAIOR DO QUE A INDICADA DESTE MEDICAMENTO?",high,False,"{""planner_primary"": [""COMO DEVO USAR ESTE MEDICAMENTO?""], ""planner_secondary"": [""O QUE DEVO SABER ANTES DE USAR ESTE MEDICAMENTO?"", ""QUAIS OS MALES QUE ESTE MEDICAMENTO PODE ME CAUSAR?""], ""planner_safety"": [], ""planner_rationale"": ""A seção 'COMO DEVO USAR ESTE MEDICAMENTO?' contém a informação sobre a dose recomendada para adultos e crianças acima de 12 anos. A seção 'O QUE DEVO SABER ANTES DE USAR ESTE MEDICAMENTO?' pode conter informações adicionais sobre precauções ou advertências relacionadas à dose. A seção 'QUAIS OS MALES QUE ESTE MEDICAMENTO PODE ME CAUSAR?' pode conter informações sobre efeitos colaterais que podem ocorrer com a dose recomendada."", ""expanded_sections"": [""O QUE DEVO FAZER QUANDO EU ME ESQUECER DE USAR ESTE MEDICAMENTO?"", ""QUANDO NÃO DEVO USAR ESTE MEDICAMENTO?"", ""O QUE FAZER SE ALGUÉM USAR UMA QUANTIDADE MAIOR DO QUE A INDICADA DESTE MEDICAMENTO?""], ""full_sections_used"": [""COMO DEVO USAR ESTE MEDICAMENTO?"", ""O QUE DEVO SABER ANTES DE USAR ESTE MEDICAMENTO?""], ""total_candidates_before_dedup"": 19, ""n_unique_candidates"": 10, ""n_ranked_lists"": 8, ""n_fused"": 10, ""n_reranked"": 8, ""evidence_confidence"": ""high"", ""fallback_triggered"": false}"
guarded_hybrid_agentic_fusion_rag,ollama:medgemma:4b,TYLENOL,Quais reações muito raras TYLENOL pode causar segundo a seção de reações adversas?,facil,"Segundo a seção de reações adversas, TYLENOL pode causar, muito raramente, urticária, coceira e vermelhidão no corpo, reações alérgicas ao medicamento, aumento das transaminases e erupção fixa medicamentosa.",QUAIS OS MALES QUE ESTE MEDICAMENTO PODE ME CAUSAR?,"De acordo com a bula do medicamento TYLENOL, consta a seguinte informação: Reação muito rara (ocorre em menos de 0,01% dos pacientes que utilizam este medicamento): urticária, coceira e vermelhidão no corpo, reações alérgicas a este medicamento, aumento das transaminases e erupção fixa medicamentosa.

---
*Esta resposta se baseia apenas nos trechos da bula recuperados e não substitui orientação médica ou farmacêutica.*","De acordo com a bula do medicamento TYLENOL, consta a seguinte informação: Reação muito rara (ocorre em menos de 0,01% dos pacientes que utilizam este medicamento): urticária, coceira e vermelhidão no corpo, reações alérgicas a este medicamento, aumento das transaminases e erupção fixa medicamentosa.","QUAIS OS MALES QUE ESTE MEDICAMENTO PODE ME CAUSAR?, O QUE FAZER SE ALGUÉM USAR UMA QUANTIDADE MAIOR DO QUE A INDICADA DESTE MEDICAMENTO?, O QUE DEVO SABER ANTES DE USAR ESTE MEDICAMENTO?, ONDE, COMO E POR QUANTO TEMPO POSSO GUARDAR ESTE MEDICAMENTO?, QUANDO NÃO DEVO USAR ESTE MEDICAMENTO?, COMO ESTE MEDICAMENTO FUNCIONA?","chunk_bcded81d765f, chunk_97251e7ccd85, chunk_983a58909e27, chunk_01578455e892, chunk_578c6a49ac86, chunk_77f72cabf81a, chunk_3c190b3ea9f8, chunk_bd0ae4006d5f","[""QUAIS OS MALES QUE ESTE MEDICAMENTO PODE ME CAUSAR?** \n\nEste medicamento pode causar algumas reações desagradáveis inesperadas. Caso você tenha uma reação alérgica, deve parar de tomar o medicamento. \n\nTYLENOL® - Paciente \n\n**==> picture [114 x 31] intentionally omitted <==**\n\nReação muito rara (ocorre em menos de 0,01% dos pacientes que utilizam este medicamento): urticária, coceira e vermelhidão no corpo, reações alérgicas a este medicamento, aumento das transaminases e erupção fixa medicamentosa. \n\n**Informe ao seu médico, cirurgião-dentista ou farmacêutico o aparecimento de reações indesejáveis pelo uso do medicamento. Informe também à empresa através do seu serviço de atendimento.** \n\n## **9."", ""O QUE DEVO SABER ANTES DE USAR ESTE MEDICAMENTO?** \n\nTYLENOL® - Paciente \n\n**==> picture [114 x 31] intentionally omitted <==**\n\nVocê não deve tomar mais do que a dose recomendada (superdose) para provocar maior alívio, pois pode causar sérios problemas de saúde. Você deve consultar seu médico se a dor ou febre continuarem ou piorarem, ou se surgirem novos sintomas, pois estes sintomas podem ser sinais de doenças graves. \n\n**Uso com álcool** : consumidores de doses abusivas de álcool devem consultar seu médico para saber se podem tomar **TYLENOL[® ]** ou qualquer outro analgésico. \n\n## **Gravidez e Amamentação** \n\n## Se você estiver grávida ou amamentando, consulte o seu médico antes de usar este medicamento. **Este medicamento não deve ser utilizado por mulheres grávidas sem orientação médica ou do cirurgião-dentista.** \n\n**Uso em pacientes com problemas no fígado** : Consulte seu médico antes de usar o medicamento. **Uso em idosos** : Até o momento não são conhecidas restrições específicas ao uso de **TYLENOL[® ]** por pacientes idosos. Não existe necessidade de ajuste de dose neste grupo etário. Muito raramente, foram relatadas reações cutâneas graves em pacientes que administraram paracetamol. Os sintomas podem incluir: vermelhidão na pele, bolhas e erupções cutâneas. Se ocorrerem reações cutâneas ou piora de problemas de pele já existentes, interrompa o uso do medicamento e procure ajuda médica imediatamente. \n\n## **Não use outro produto que contenha paracetamol.** \n\n## **O paracetamol nas doses terapêuticas não foi associado à irritação gástrica.**"", ""O QUE FAZER SE ALGUÉM USAR UMA QUANTIDADE MAIOR DO QUE A INDICADA DESTE MEDICAMENTO?** \n\nO uso de doses excessivas, acima das doses recomendadas (superdose) pode causar danos ao fígado. Em caso de superdose, procure ajuda médica ou um centro de intoxicação imediatamente. O apoio médico imediato é fundamental para adultos e crianças, mesmo se os sinais e sintomas de intoxicação não estiverem presentes. \n\nOs sinais e sintomas iniciais que se seguem a uma dose potencialmente hepatotóxica de paracetamol são: perda de apetite, náusea, vômito, sudorese intensa, palidez e mal-estar geral. **Em caso de uso de grande quantidade deste medicamento, procure rapidamente socorro médico e leve a embalagem ou bula do medicamento, se possível. Ligue para 0800 722 6001, se você precisar de mais orientações.** \n\n## **DIZERES LEGAIS** \n\nMS - 1.5721.1214 \n\nFarmacêutico Responsável: Jean F. L. Festuccia – CRF - SP nº 29.625 \n\nRegistrado por: \n\n## **JOHNSON & JOHNSON INDUSTRIAL LTDA.** \n\nRodovia Presidente Dutra, Km 154, \n\nSão José dos Campos – SP \n\nCNPJ 59.748.988/0001-14 \n\nFabricado por: \n\n## **JOHNSON & JOHNSON INDUSTRIAL LTDA** \n\nRodovia Presidente Dutra, km 154 \n\nSão José dos Campos – SP \n\nCNPJ: 59.748.988/0001-14 Industria Brasileira \n\n®Marca Registrada \n\nTYLENOL® - Paciente \n\n**==> picture [114 x 31] intentionally omitted <==**\n\nSAC 0800 728 6767 \n\nwww.tylenol.com.br \n\nSiga corretamente o modo de usar, não desaparecendo os sintomas procure orientação médica. \n\n**==> picture [23 x 19] intentionally omitted <==**\n\nTYLENOL® - Paciente \n\n**==> picture [115 x 30] intentionally omitted <==**"", ""cutâneas. Se ocorrerem reações cutâneas ou piora de problemas de pele já existentes, interrompa o uso do medicamento e procure ajuda médica imediatamente. \n\n## **Não use outro produto que contenha paracetamol.** \n\n## **O paracetamol nas doses terapêuticas não foi associado à irritação gástrica.** \n\nSe você tem pressão alta, não use este produto por mais tempo do que o indicado no rótulo, a menos que indicado por um médico. \n\nA absorção de **TYLENOL[® ]** é mais rápida se você estiver em jejum. Os alimentos podem afetar a velocidade da absorção, mas não a quantidade absorvida do medicamento. A interferência do paracetamol na metabolização de outros medicamentos e a influência destes medicamentos na ação e na toxicidade do paracetamol, em geral, não são relevantes. \n\n**Consulte seu médico antes de utilizar este medicamento se você está tomando flucloxacilina (penicilina - um antibiótico), varfarina (anticoagulante) ou outros derivados cumarínicos.** \n\n**Informe ao seu médico ou cirurgião-dentista se você está fazendo uso de algum outro medicamento.** \n\n**5."", ""COMO ESTE MEDICAMENTO FUNCIONA?** \n\n**TYLENOL[® ]** reduz a febre atuando no centro regulador da temperatura no Sistema Nervoso Central (SNC) e diminui a sensibilidade a dor. Seu efeito tem início 15 a 30 minutos após a administração oral e permanece por um período de 4 a 6 horas. \n\n## **3."", ""QUANDO NÃO DEVO USAR ESTE MEDICAMENTO?** \n\nVocê não deve usar **TYLENOL[® ]** se possuir alergia ao paracetamol ou a qualquer componente de sua fórmula. \n\n**Este medicamento é contraindicado para menores de 12 anos.** \n\n## **4."", ""4 x 31] intentionally omitted <==**\n\nSAC 0800 728 6767 \n\nwww.tylenol.com.br \n\nSiga corretamente o modo de usar, não desaparecendo os sintomas procure orientação médica. \n\n**==> picture [23 x 19] intentionally omitted <==**\n\nTYLENOL® - Paciente \n\n**==> picture [115 x 30] intentionally omitted <==**\n\n## **"", ""ONDE, COMO E POR QUANTO TEMPO POSSO GUARDAR ESTE MEDICAMENTO?** \n\n**TYLENOL®** deve ser conservado em temperatura ambiente (entre 15°C e 30°C), protegido da luz e umidade. **Número de lote e datas de fabricação e validade: vide embalagem.** \n\nTYLENOL® - Paciente \n\n**==> picture [114 x 31] intentionally omitted <==**\n\n**Não use medicamento com o prazo de validade vencido. Guarde-o em sua embalagem original. TYLENOL[® ] 500 mg e TYLENOL[® ] 750 mg** são comprimidos revestidos oblongos (ovalados) de cor branca. \n\n**Antes de usar, observe o aspecto do medicamento. Caso ele esteja no prazo de validade e você observe alguma mudança no aspecto, consulte o farmacêutico para saber se poderá** \n\n**utilizá-lo.** \n\n**Todo medicamento deve ser mantido fora do alcance das crianças** . \n\n## **6.""]",7.506,4.145,QUAIS OS MALES QUE ESTE MEDICAMENTO PODE ME CAUSAR?,,,"O QUE DEVO SABER ANTES DE USAR ESTE MEDICAMENTO?, O QUE FAZER SE ALGUÉM USAR UMA QUANTIDADE MAIOR DO QUE A INDICADA DESTE MEDICAMENTO?",high,False,"{""planner_primary"": [""QUAIS OS MALES QUE ESTE MEDICAMENTO PODE ME CAUSAR?""], ""planner_secondary"": [], ""planner_safety"": [], ""planner_rationale"": ""A seção 'QUAIS OS MALES QUE ESTE MEDICAMENTO PODE ME CAUSAR?' é a mais diretamente relevante para identificar reações adversas, incluindo as muito raras."", ""expanded_sections"": [""O QUE DEVO SABER ANTES DE USAR ESTE MEDICAMENTO?"", ""O QUE FAZER SE ALGUÉM USAR UMA QUANTIDADE MAIOR DO QUE A INDICADA DESTE MEDICAMENTO?""], ""full_sections_used"": [""QUAIS OS MALES QUE ESTE MEDICAMENTO PODE ME CAUSAR?""], ""total_candidates_before_dedup"": 15, ""n_unique_candidates"": 8, ""n_ranked_lists"": 5, ""n_fused"": 8, ""n_reranked"": 8, ""evidence_confidence"": ""high"", ""fallback_triggered"": false}"
