pipeline,modelo,nome_remedio,pergunta,dificuldade,resposta_esperada,secoes_esperadas,resposta_gerada,resposta_crua,secoes_recuperadas,chunk_ids_recuperados,textos_recuperados,tempo_recuperacao_segundos,tempo_inferencia_segundos
guarded_hybrid_agentic_fusion_rag,ollama:gemma4:e4b,AMOXIL,Para que serve o Amoxil?,facil,Amoxil é um antibiótico indicado para o tratamento de infecções bacterianas causadas por germes sensíveis à ação da amoxicilina.,PARA QUE ESTE MEDICAMENTO É INDICADO?,"De acordo com a bula do medicamento AMOXIL, consta a seguinte informação: Amoxil® é um antibiótico que contém amoxicilina como ingrediente ativo e é indicado para o tratamento de infecções bacterianas causadas por germes sensíveis à ação da amoxicilina. Ele atua destruindo as bactérias que causam essas infecções, podendo ser usado em casos de manifestações nos pulmões (pneumonia e bronquite), nas amígdalas (amigdalite), nos seios da face (sinusite), no trato urinário e genital, na pele e nas mucosas. É importante notar que o médico pode receitar este medicamento para outros usos.

---
*Esta resposta se baseia apenas nos trechos da bula recuperados e não substitui orientação médica ou farmacêutica.*","De acordo com a bula do medicamento AMOXIL, consta a seguinte informação: Amoxil® é um antibiótico que contém amoxicilina como ingrediente ativo e é indicado para o tratamento de infecções bacterianas causadas por germes sensíveis à ação da amoxicilina. Ele atua destruindo as bactérias que causam essas infecções, podendo ser usado em casos de manifestações nos pulmões (pneumonia e bronquite), nas amígdalas (amigdalite), nos seios da face (sinusite), no trato urinário e genital, na pele e nas mucosas. É importante notar que o médico pode receitar este medicamento para outros usos.","PARA QUE ESTE MEDICAMENTO É INDICADO?, QUAIS OS MALES QUE ESTE MEDICAMENTO PODE ME CAUSAR?, QUANDO NÃO DEVO USAR ESTE MEDICAMENTO?, O QUE DEVO SABER ANTES DE USAR ESTE MEDICAMENTO?, COMO ESTE MEDICAMENTO FUNCIONA?","chunk_9514da6bb24d, chunk_29c1314f7e21, chunk_6fd00831c65b, chunk_6fd3c193ea42, chunk_7d57d737a19d, chunk_9d394eb70d17, chunk_09405370d2ab, chunk_2273c1b76ec0","[""COMO ESTE MEDICAMENTO FUNCIONA? Amoxil® contém uma penicilina chamada amoxicilina como ingrediente ativo. A amoxicilina pertence ao grupo dos antibióticos penicilânicos. Amoxil® é usado no tratamento de uma gama de infecções causadas por bactérias, que podem manifestar-se nos pulmões (pneumonia e bronquite), nas amígdalas (amigdalite), nos seios da face (sinusite), no trato urinário e genital, na pele e nas mucosas. Amoxil® atua destruindo as bactérias que causam essas infecções. 3."", ""PARA QUE ESTE MEDICAMENTO É INDICADO? Amoxil®, antibiótico eficaz contra grande variedade de bactérias, é indicado para tratamento de infecções bacterianas causadas por germes sensíveis à ação da amoxicilina. Entretanto, seu médico pode receitar este medicamento para outro uso. Se desejar mais informações, pergunte ao seu médico. 2."", ""atamento de gota (probenecida ou alopurinol); - outros antibióticos; - pílulas anticoncepcionais (como acontece com outros antibióticos, talvez sejam necessárias precauções adicionais para evitar a gravidez); - anticoagulantes; - metotrexato (usado para tratar doenças como câncer e psoríase grave). A alimentação não interfere na ação de Amoxil®, que pode ser ingerido nas refeições. Informe ao seu médico ou cirurgião-dentista se você está fazendo uso de algum outro medicamento. Não use medicamento sem o conhecimento do seu médico. Pode ser perigoso para a sua saúde. Atenção: Contém os corantes vermelho de eritrosina, azul de indigotina, dióxido de titânio e óxido de ferro amarelo que podem, eventualmente, causar reações alérgicas. É importante utilizar este medicamento durante todo o tempo prescrito pelo profissional de saúde habilitado, mesmo que os sinais e sintomas da infecção tenham desaparecido, pois isso não significa a cura. A interrupção do tratamento pode contribuir para o aparecimento de infecções mais graves. 5."", ""O QUE DEVO SABER ANTES DE USAR ESTE MEDICAMENTO? Antes de iniciar o tratamento com Amoxil, informe seu médico: - se você já apresentou reação alérgica a algum antibiótico. Isso pode incluir reações na pele ou inchaço na face ou pescoço ou dores no peito. - se você apresenta febre glandular. - se você toma medicamentos usados para prevenir coágulos sanguíneos (anticoagulantes), tais como varfarina, o seu médico fará um monitoramento e, se necessário, poderá sugerir ajustes na dose dos anticoagulantes. - se você apresenta problema nos rins. - se você não estiver urinando regularmente. - se você já teve diarreia durante ou após o uso de antibióticos.\nModelo de Texto de Bula – Pacientes Amoxil® Cápsulas 2 O uso prolongado também pode resultar, ocasionalmente, em supercrescimento de microrganismos resistentes a Amoxil®. Amoxil® pode piorar algumas condições existentes ou causar efeitos colaterais graves, como reações alérgicas severas, reações cutâneas severas, dor no peito, vômitos repetitivos dentro de 1 a 4 horas após a administração de Amoxil® ou diarreia grave (colite pseudomembranosa). Você deve estar atento a determinados sintomas enquanto estiver recebendo Amoxil® para ajudar a reduzir o risco de quaisquer problemas. Efeitos sobre a capacidade de dirigir veículos e de operar máquinas Não se observaram efeitos adversos sobre a capacidade de dirigir veículos e de operar máquinas. Gravidez e amamentação Amoxil® pode ser usado na gravidez desde que os benefícios potenciais sejam maiores que os riscos potenciais associados ao tratamento."", ""dade de dirigir veículos e de operar máquinas Não se observaram efeitos adversos sobre a capacidade de dirigir veículos e de operar máquinas. Gravidez e amamentação Amoxil® pode ser usado na gravidez desde que os benefícios potenciais sejam maiores que os riscos potenciais associados ao tratamento. Informe seu médico se você estiver grávida ou suspeitar que está grávida. Você não deve tomar este medicamento se estiver grávida, exceto se seu médico recomendar. Você pode amamentar seu bebê enquanto estiver tomando Amoxil®, mas há excreção de quantidades mínimas de amoxicilina no leite materno. Se você estiver amamentando, informe ao seu médico antes de iniciar o tratamento com Amoxil®. Este medicamento não deve ser utilizado por mulheres grávidas sem orientação médica ou do cirurgião-dentista. Uso compatível com o aleitamento ou doação de leite humano. O uso desse medicamento não interfere no aleitamento do bebê. Uso em idosos, crianças e outros grupos de risco As recomendações especiais se referem às doses . Interações Medicamentosas Alguns medicamentos podem causar efeitos indesejáveis se você os ingerir durante o tratamento com Amoxil®. Não deixe de avisar seu médico caso você esteja tomando: - medicamentos usados no tratamento de gota (probenecida ou alopurinol); - outros antibióticos; - pílulas anticoncepcionais (como acontece com outros antibióticos, talvez sejam necessárias precauções adicionais para evitar a gravidez); - anticoagulantes; - metotrexato (usado para tratar doenças como câncer e psoríase grave)."", ""QUANDO NÃO DEVO USAR ESTE MEDICAMENTO? Este medicamento não pode ser administrado nem ingerido por pessoas alérgicas à amoxicilina, a outros antibióticos penicilínicos ou antibióticos similares, chamados cefalosporinas. Se você já teve uma reação alérgica (como erupções da pele) ao tomar um antibiótico, deve conversar com seu médico antes de usar Amoxil®. 4."", ""nos de alergia, como erupções da pele, prurido (coceira) ou urticária, inchaço da face, dos lábios, da língua ou de outras partes do corpo, falta de ar, respiração ofegante ou problemas para respirar; se esses sintomas ocorrerem, pare de usar Amoxil® e procure socorro médico o mais rápido possível;\nModelo de Texto de Bula – Pacientes Amoxil® Cápsulas 5 - Dor no peito, que pode ser um sinal de uma reação alérgica potencialmente grave chamada síndrome de Kounis; - Vômitos repetitivos (1 a 4 horas após a administração de Amoxil®), dores no estômago, sonolência anormal, diarreia e pressão baixa, que podem ser um sinal de uma reação alérgica grave denominada síndrome de enterocolite induzida por medicamentos; - Convulsões (ataques) podem ocorrer em pacientes com função renal prejudicada ou que estejam recebendo doses altas do medicamento; - Hipercinesia (presença de movimentos exacerbados e incontrolados), tontura ; - Candidíase mucocutânea, infecção micótica (causada por fungos) que normalmente afeta as partes íntimas ou a boca; na área genital, pode provocar coceira e queimação (com a presença de uma fina camada de secreção branca), e na boca ou na língua podem surgir pintas brancas dolorosas; - Colite associada a antibióticos (inflamação no cólon (intestino grosso), causando diarreia grave, que também pode conter sangue e ser acompanhada de cólicas abdominais; - Sua língua pode mudar de cor, ficando amarela, marrom ou preta, e dar a impressão de ter pelos (língua pilosa negra) ; - Inflamação da membrana que reveste o cérebro (meningite asséptica);"", ""lmente são leves e com frequência podem ser evitados tomando -se o medicamento no início das refeições. Se continuarem ou se tornarem graves, consulte o médico. - Erupções da pele. Reações incomuns (ocorrem entre 0,1% e 1% dos pacientes que utilizam este medicamento): - Vômito, urticária e coceira. Reações muito raras (ocorrem em menos de 0,01% dos pacientes que utilizam este medicamento): - Diminuição de glóbulos brancos (leucopenia reversível), que pode resultar em infecções frequentes, como febre, calafrios, inflamação da garganta ou úlceras na boca; - Baixa contagem de plaquetas (trombocitopenia reversível), que pode resultar em sangramento ou hematomas (manchas roxas) que surgem com mais facilidade que o normal; - Destruição de glóbulos vermelhos e consequentemente anemia (anemia hemolítica), que pode resultar em cansaço, dores de cabeça e falta de ar causada pela prática de exercícios físicos, vertigem, palidez e amarelamento da pele e/ou dos olhos; - Sinais repentinos de alergia, como erupções da pele, prurido (coceira) ou urticária, inchaço da face, dos lábios, da língua ou de outras partes do corpo, falta de ar, respiração ofegante ou problemas para respirar; se esses sintomas ocorrerem, pare de usar Amoxil® e procure socorro médico o mais rápido possível;""]",48.321,19.502
guarded_hybrid_agentic_fusion_rag,ollama:gemma4:e4b,AMOXIL,Quando não devo usar Amoxil?,facil,"Amoxil não deve ser usado por pessoas alérgicas à amoxicilina, a outros antibióticos penicilínicos ou a antibióticos similares chamados cefalosporinas. Se o paciente já teve reação alérgica, como erupções na pele, ao tomar antibiótico, deve conversar com o médico antes de usar Amoxil.",QUANDO NÃO DEVO USAR ESTE MEDICAMENTO?,"De acordo com a bula do medicamento AMOXIL, consta a seguinte informação: Este medicamento não pode ser administrado nem ingerido por pessoas alérgicas à amoxicilina, a outros antibióticos penicilínicos ou antibióticos similares, chamados cefalosporinas. Se você já teve uma reação alérgica (como erupções da pele) ao tomar um antibiótico, deve conversar com seu médico antes de usar Amoxil®.

---
*Esta resposta se baseia apenas nos trechos da bula recuperados e não substitui orientação médica ou farmacêutica.*","De acordo com a bula do medicamento AMOXIL, consta a seguinte informação: Este medicamento não pode ser administrado nem ingerido por pessoas alérgicas à amoxicilina, a outros antibióticos penicilínicos ou antibióticos similares, chamados cefalosporinas. Se você já teve uma reação alérgica (como erupções da pele) ao tomar um antibiótico, deve conversar com seu médico antes de usar Amoxil®.","O QUE DEVO SABER ANTES DE USAR ESTE MEDICAMENTO?, QUAIS OS MALES QUE ESTE MEDICAMENTO PODE ME CAUSAR?, QUANDO NÃO DEVO USAR ESTE MEDICAMENTO?, O QUE DEVO FAZER QUANDO EU ME ESQUECER DE USAR ESTE MEDICAMENTO?","chunk_9d394eb70d17, chunk_7d57d737a19d, chunk_6fd3c193ea42, chunk_6fd00831c65b, chunk_2273c1b76ec0, chunk_09405370d2ab, chunk_b0a23e73f642, chunk_cb37aafa6f60","[""QUANDO NÃO DEVO USAR ESTE MEDICAMENTO? Este medicamento não pode ser administrado nem ingerido por pessoas alérgicas à amoxicilina, a outros antibióticos penicilínicos ou antibióticos similares, chamados cefalosporinas. Se você já teve uma reação alérgica (como erupções da pele) ao tomar um antibiótico, deve conversar com seu médico antes de usar Amoxil®. 4."", ""dade de dirigir veículos e de operar máquinas Não se observaram efeitos adversos sobre a capacidade de dirigir veículos e de operar máquinas. Gravidez e amamentação Amoxil® pode ser usado na gravidez desde que os benefícios potenciais sejam maiores que os riscos potenciais associados ao tratamento. Informe seu médico se você estiver grávida ou suspeitar que está grávida. Você não deve tomar este medicamento se estiver grávida, exceto se seu médico recomendar. Você pode amamentar seu bebê enquanto estiver tomando Amoxil®, mas há excreção de quantidades mínimas de amoxicilina no leite materno. Se você estiver amamentando, informe ao seu médico antes de iniciar o tratamento com Amoxil®. Este medicamento não deve ser utilizado por mulheres grávidas sem orientação médica ou do cirurgião-dentista. Uso compatível com o aleitamento ou doação de leite humano. O uso desse medicamento não interfere no aleitamento do bebê. Uso em idosos, crianças e outros grupos de risco As recomendações especiais se referem às doses . Interações Medicamentosas Alguns medicamentos podem causar efeitos indesejáveis se você os ingerir durante o tratamento com Amoxil®. Não deixe de avisar seu médico caso você esteja tomando: - medicamentos usados no tratamento de gota (probenecida ou alopurinol); - outros antibióticos; - pílulas anticoncepcionais (como acontece com outros antibióticos, talvez sejam necessárias precauções adicionais para evitar a gravidez); - anticoagulantes; - metotrexato (usado para tratar doenças como câncer e psoríase grave)."", ""O QUE DEVO SABER ANTES DE USAR ESTE MEDICAMENTO? Antes de iniciar o tratamento com Amoxil, informe seu médico: - se você já apresentou reação alérgica a algum antibiótico. Isso pode incluir reações na pele ou inchaço na face ou pescoço ou dores no peito. - se você apresenta febre glandular. - se você toma medicamentos usados para prevenir coágulos sanguíneos (anticoagulantes), tais como varfarina, o seu médico fará um monitoramento e, se necessário, poderá sugerir ajustes na dose dos anticoagulantes. - se você apresenta problema nos rins. - se você não estiver urinando regularmente. - se você já teve diarreia durante ou após o uso de antibióticos.\nModelo de Texto de Bula – Pacientes Amoxil® Cápsulas 2 O uso prolongado também pode resultar, ocasionalmente, em supercrescimento de microrganismos resistentes a Amoxil®. Amoxil® pode piorar algumas condições existentes ou causar efeitos colaterais graves, como reações alérgicas severas, reações cutâneas severas, dor no peito, vômitos repetitivos dentro de 1 a 4 horas após a administração de Amoxil® ou diarreia grave (colite pseudomembranosa). Você deve estar atento a determinados sintomas enquanto estiver recebendo Amoxil® para ajudar a reduzir o risco de quaisquer problemas. Efeitos sobre a capacidade de dirigir veículos e de operar máquinas Não se observaram efeitos adversos sobre a capacidade de dirigir veículos e de operar máquinas. Gravidez e amamentação Amoxil® pode ser usado na gravidez desde que os benefícios potenciais sejam maiores que os riscos potenciais associados ao tratamento."", ""atamento de gota (probenecida ou alopurinol); - outros antibióticos; - pílulas anticoncepcionais (como acontece com outros antibióticos, talvez sejam necessárias precauções adicionais para evitar a gravidez); - anticoagulantes; - metotrexato (usado para tratar doenças como câncer e psoríase grave). A alimentação não interfere na ação de Amoxil®, que pode ser ingerido nas refeições. Informe ao seu médico ou cirurgião-dentista se você está fazendo uso de algum outro medicamento. Não use medicamento sem o conhecimento do seu médico. Pode ser perigoso para a sua saúde. Atenção: Contém os corantes vermelho de eritrosina, azul de indigotina, dióxido de titânio e óxido de ferro amarelo que podem, eventualmente, causar reações alérgicas. É importante utilizar este medicamento durante todo o tempo prescrito pelo profissional de saúde habilitado, mesmo que os sinais e sintomas da infecção tenham desaparecido, pois isso não significa a cura. A interrupção do tratamento pode contribuir para o aparecimento de infecções mais graves. 5."", ""QUAIS OS MALES QUE ESTE MEDICAMENTO PODE ME CAUSAR? Avise seu médico o mais cedo possível se você não se sentir bem durante o tratamento com Amoxil®. Assim como todo medicamento, Amoxil® pode provocar reações adversas, porém isso não ocorre com todas as pessoas. Os efeitos colaterais deste medicamento geralmente são leves. Reações comuns (ocorrem entre 1% e 10% dos pacientes que utilizam este medicamento): - Diarreia (várias evacuações amolecidas por dia) e enjoo; quando isso acontece, os sintomas normalmente são leves e com frequência podem ser evitados tomando -se o medicamento no início das refeições. Se continuarem ou se tornarem graves, consulte o médico. - Erupções da pele. Reações incomuns (ocorrem entre 0,1% e 1% dos pacientes que utilizam este medicamento): - Vômito, urticária e coceira."", ""nos de alergia, como erupções da pele, prurido (coceira) ou urticária, inchaço da face, dos lábios, da língua ou de outras partes do corpo, falta de ar, respiração ofegante ou problemas para respirar; se esses sintomas ocorrerem, pare de usar Amoxil® e procure socorro médico o mais rápido possível;\nModelo de Texto de Bula – Pacientes Amoxil® Cápsulas 5 - Dor no peito, que pode ser um sinal de uma reação alérgica potencialmente grave chamada síndrome de Kounis; - Vômitos repetitivos (1 a 4 horas após a administração de Amoxil®), dores no estômago, sonolência anormal, diarreia e pressão baixa, que podem ser um sinal de uma reação alérgica grave denominada síndrome de enterocolite induzida por medicamentos; - Convulsões (ataques) podem ocorrer em pacientes com função renal prejudicada ou que estejam recebendo doses altas do medicamento; - Hipercinesia (presença de movimentos exacerbados e incontrolados), tontura ; - Candidíase mucocutânea, infecção micótica (causada por fungos) que normalmente afeta as partes íntimas ou a boca; na área genital, pode provocar coceira e queimação (com a presença de uma fina camada de secreção branca), e na boca ou na língua podem surgir pintas brancas dolorosas; - Colite associada a antibióticos (inflamação no cólon (intestino grosso), causando diarreia grave, que também pode conter sangue e ser acompanhada de cólicas abdominais; - Sua língua pode mudar de cor, ficando amarela, marrom ou preta, e dar a impressão de ter pelos (língua pilosa negra) ; - Inflamação da membrana que reveste o cérebro (meningite asséptica);"", ""O QUE DEVO FAZER QUANDO EU ME ESQUECER DE USAR ESTE MEDICAMENTO? Se você esquecer uma dose, tome -a assim que se lembrar, mas continue com o horário normal das demais. Só não tome duas doses com intervalo igual ou menor que 1 hora. Em caso de dúvidas, procure orientação do farmacêutico ou de seu médico , ou cirurgião-dentista. 8."", ""muns são enjoo, vômito e diarreia. Procure seu médico para que os sintomas sejam tratados. Em caso de uso de grande quantidade deste medicamento, procure rapidamente socorro médico e leve a embalagem ou bula do medicamento se possível. Ligue para 0800 722 6001, se você precisar de mais orientações. III) DIZERES LEGAIS Registro: 1.0107.0003 Produzido por: Glaxo Wellcome Production Zone Industrielle de la Peyennière, 53100, Mayenne – França.\nModelo de Texto de Bula – Pacientes Amoxil® Cápsulas 6 Importado e Registrado por: GlaxoSmithKline Brasil Ltda. Estrada dos Bandeirantes, 8464 - Rio de Janeiro - RJ CNPJ: 33.247.743/0001-10 VENDA SOB PRESCRIÇÃO COM RETENÇÃO DA RECEITA L1991_amoxil_cap_gel_dura_GDS35_IPI16""]",44.481,5.517
guarded_hybrid_agentic_fusion_rag,ollama:gemma4:e4b,AMOXIL,"Na apresentação cápsulas, qual é a dose padrão de Amoxil para adultos e crianças acima de 40 kg?",facil,"Na apresentação cápsulas, para adultos e crianças acima de 40 kg, a dose padrão é 500 mg, equivalente a uma cápsula, três vezes ao dia, de 8 em 8 horas, nas infecções mais graves.",COMO DEVO USAR ESTE MEDICAMENTO?,"De acordo com a bula do medicamento AMOXIL, consta a seguinte informação: Para adultos e crianças acima de 40 kg, a dose padrão é de 500 mg (uma cápsula) três vezes ao dia (de 8 em 8 horas), indicada para infecções mais graves.

---
*Esta resposta se baseia apenas nos trechos da bula recuperados e não substitui orientação médica ou farmacêutica.*","De acordo com a bula do medicamento AMOXIL, consta a seguinte informação: Para adultos e crianças acima de 40 kg, a dose padrão é de 500 mg (uma cápsula) três vezes ao dia (de 8 em 8 horas), indicada para infecções mais graves.","ONDE, COMO E POR QUANTO TEMPO POSSO GUARDAR ESTE MEDICAMENTO?, QUAIS OS MALES QUE ESTE MEDICAMENTO PODE ME CAUSAR?, IDENTIFICAÇÃO DO MEDICAMENTO, O QUE DEVO SABER ANTES DE USAR ESTE MEDICAMENTO?, COMO DEVO USAR ESTE MEDICAMENTO?","chunk_381105994f64, chunk_c0033b15fe08, chunk_9d0ab2325c26, chunk_381105994f64, chunk_6a5892989281, chunk_09405370d2ab, chunk_6fd3c193ea42, chunk_cb37aafa6f60","[""se diária total de acordo com o esquema descrito a seguir. Adultos e crianças acima de 40 kg - insuficiência leve: nenhuma alteração de dose; - insuficiência moderada: máximo de 500 mg (uma cápsula) duas vezes ao dia (de 12 em 12 horas); - insuficiência grave: máximo de 500 mg (uma cápsula) ao dia.\nModelo de Texto de Bula – Pacientes Amoxil® Cápsulas 4 Pacientes que recebem diálise peritoneal Usa-se a mesma posologia indicada para pacientes com insuficiência renal grave. A diálise peritoneal (processo de limpeza das substâncias tóxicas do organismo através do peritônio, membrana que envolve o abdômen) não remove a amoxicilina do corpo. Pacientes que recebem hemodiálise Usa-se a mesma posologia indicada para pacientes com insuficiência renal grave. A amoxicilina é removida do sangue por hemodiálise (processo que substitui os rins na filtragem sanguínea). Portanto, uma dose adicional (500 mg para adultos e crianças acima de 40kg ou 15 mg/kg para crianças abaixo de 40 kg) pode ser administrada durante e no final de cada diálise. Seu médico poderá indicar tratamento por via parenteral (feito com aplicação de injeções intravenosas, intramusculares ou subcutâneas) nos casos em que a via oral for considerada inadequada (particularmente nos tratamentos urgentes de infecções graves). Conforme o grau de insuficiência renal, talvez seu médico ache necessário reduzir a dose diária total. Siga a orientação de seu médico, respeitando sempre os horários, as doses e a duração do tratamento. Não interrompa o tratamento sem o conhecimento de seu médico."", ""dável de 6 g ao dia em doses divididas) : recomenda-se uma dose de 3 g (seis cápsulas) duas vezes ao dia (de 12 em 12 horas) em casos que requerem tratamento de infecção respiratória purulenta (com a presença de pus) grave ou recorrente. - Tratamento de curta duração (gonorreia): dose única de 3 g. Erradicação de Helicobacter pylori: para combater o Helicobacter (bactéria que ataca o estômago e o duodeno), recomenda-se o uso de Amoxil® no esquema de 1 g duas vezes ao dia (de 12 em 12 horas), em associação com um medicamento conhecido como inibidor da bomba de prótons (exemplo: omeprazol , lanzoprazol ) e outro agente antimicrobiano (por exemplo claritromicina, metronidazol), por 7 dias. Pacientes com insuficiência renal (dos rins) Na insuficiência renal, a eliminação do antibiótico é mais lenta. Conforme o grau dessa condição, seu médico pode indicar a redução da dose diária total de acordo com o esquema descrito a seguir. Adultos e crianças acima de 40 kg - insuficiência leve: nenhuma alteração de dose; - insuficiência moderada: máximo de 500 mg (uma cápsula) duas vezes ao dia (de 12 em 12 horas); - insuficiência grave: máximo de 500 mg (uma cápsula) ao dia."", ""COMO DEVO USAR ESTE MEDICAMENTO? Modo de usar Siga as orientações de seu médico sobre a maneira e a hora correta de tomar o medicamento. Ele vai decidir a quantidade diária que você precisa e o tempo durante o qual você deve usar este medicamento. Leia esta bula com cautela. Se você tiver alguma dúvida, fale com seu médico. Recomenda-se ingerir o medicamento nas refeições, embora ele continue eficaz mesmo que você o tome em outros horários. Continue tomando este medicamento até o fim do tratamento prescrito pelo médico. Não pare somente porque se sente melhor. As cápsulas devem ser ingeridas inteiras com água. Não as mastigue. Posologia Atenção! Para algumas doses indicadas abaixo (doses inferiores a 500 mg) é necessário o uso da suspensão oral, converse com seu médico ou farmacêutico em caso de dúvida. Dose para adultos e crianças acima de 40 kg - Dose padrão: 500 mg (uma cápsula) três vezes ao dia (de 8 em 8 horas) nas infecções mais graves. - Tratamento com dosagem alta (máximo recomendável de 6 g ao dia em doses divididas) : recomenda-se uma dose de 3 g (seis cápsulas) duas vezes ao dia (de 12 em 12 horas) em casos que requerem tratamento de infecção respiratória purulenta (com a presença de pus) grave ou recorrente. - Tratamento de curta duração (gonorreia): dose única de 3 g."", ""IDENTIFICAÇÃO DO MEDICAMENTO Amoxil amoxicilina APRESENTAÇÕES Cápsulas de 500 mg em embalagem com 15, 21 ou 30 unidades. USO ORAL USO ADULTO E PEDIÁTRICO (ACIMA DE 40 KG) COMPOSIÇÃO Cada cápsula contém: amoxicilina ................................................................................................................................................................ 500 mg (equivalentes a 575 mg de amoxicilina tri-hidratada) Excipiente1 q.s.p. .................................................................................................................................................... 1 cápsula 1Excipiente: estearato de magnésio. Composição da cápsula: gelatina, vermelho de eritrosina, azul de indigotina, dióxido de titânio, óxido de ferro amarelo . II) INFORMAÇÕES AO PACIENTE 1."", ""ONDE, COMO E POR QUANTO TEMPO POSSO GUARDAR ESTE MEDICAMENTO? Cuidados de armazenamento\nModelo de Texto de Bula – Pacientes Amoxil® Cápsulas 3 Manter fora do alcance de crianças Conservar as cápsulas na embalagem original, protegido da umidade e em temperatura ambiente (entre 15 oC e 30oC). Número de lote e datas de fabricação e validade: vide embalagem. Não use medicamento com o prazo de validade vencido. Guarde-o em sua embalagem original. Aspecto físico/características organolépticas Cápsulas de 500 mg de duas cores (corpo amarelo opaco e tampa vermelho opaco) impressa com GS JVL e contendo um pó branco a quase branco. Antes de usar, observe o aspecto do medicamento. Caso ele esteja no prazo de validade e você observe alguma mudança no aspecto, consulte o farmacêutico para saber se poderá utilizá -lo. Todo medicamento deve ser mantido fora do alcance das crianças. 6."", ""nos de alergia, como erupções da pele, prurido (coceira) ou urticária, inchaço da face, dos lábios, da língua ou de outras partes do corpo, falta de ar, respiração ofegante ou problemas para respirar; se esses sintomas ocorrerem, pare de usar Amoxil® e procure socorro médico o mais rápido possível;\nModelo de Texto de Bula – Pacientes Amoxil® Cápsulas 5 - Dor no peito, que pode ser um sinal de uma reação alérgica potencialmente grave chamada síndrome de Kounis; - Vômitos repetitivos (1 a 4 horas após a administração de Amoxil®), dores no estômago, sonolência anormal, diarreia e pressão baixa, que podem ser um sinal de uma reação alérgica grave denominada síndrome de enterocolite induzida por medicamentos; - Convulsões (ataques) podem ocorrer em pacientes com função renal prejudicada ou que estejam recebendo doses altas do medicamento; - Hipercinesia (presença de movimentos exacerbados e incontrolados), tontura ; - Candidíase mucocutânea, infecção micótica (causada por fungos) que normalmente afeta as partes íntimas ou a boca; na área genital, pode provocar coceira e queimação (com a presença de uma fina camada de secreção branca), e na boca ou na língua podem surgir pintas brancas dolorosas; - Colite associada a antibióticos (inflamação no cólon (intestino grosso), causando diarreia grave, que também pode conter sangue e ser acompanhada de cólicas abdominais; - Sua língua pode mudar de cor, ficando amarela, marrom ou preta, e dar a impressão de ter pelos (língua pilosa negra) ; - Inflamação da membrana que reveste o cérebro (meningite asséptica);"", ""O QUE DEVO SABER ANTES DE USAR ESTE MEDICAMENTO? Antes de iniciar o tratamento com Amoxil, informe seu médico: - se você já apresentou reação alérgica a algum antibiótico. Isso pode incluir reações na pele ou inchaço na face ou pescoço ou dores no peito. - se você apresenta febre glandular. - se você toma medicamentos usados para prevenir coágulos sanguíneos (anticoagulantes), tais como varfarina, o seu médico fará um monitoramento e, se necessário, poderá sugerir ajustes na dose dos anticoagulantes. - se você apresenta problema nos rins. - se você não estiver urinando regularmente. - se você já teve diarreia durante ou após o uso de antibióticos.\nModelo de Texto de Bula – Pacientes Amoxil® Cápsulas 2 O uso prolongado também pode resultar, ocasionalmente, em supercrescimento de microrganismos resistentes a Amoxil®. Amoxil® pode piorar algumas condições existentes ou causar efeitos colaterais graves, como reações alérgicas severas, reações cutâneas severas, dor no peito, vômitos repetitivos dentro de 1 a 4 horas após a administração de Amoxil® ou diarreia grave (colite pseudomembranosa). Você deve estar atento a determinados sintomas enquanto estiver recebendo Amoxil® para ajudar a reduzir o risco de quaisquer problemas. Efeitos sobre a capacidade de dirigir veículos e de operar máquinas Não se observaram efeitos adversos sobre a capacidade de dirigir veículos e de operar máquinas. Gravidez e amamentação Amoxil® pode ser usado na gravidez desde que os benefícios potenciais sejam maiores que os riscos potenciais associados ao tratamento."", ""muns são enjoo, vômito e diarreia. Procure seu médico para que os sintomas sejam tratados. Em caso de uso de grande quantidade deste medicamento, procure rapidamente socorro médico e leve a embalagem ou bula do medicamento se possível. Ligue para 0800 722 6001, se você precisar de mais orientações. III) DIZERES LEGAIS Registro: 1.0107.0003 Produzido por: Glaxo Wellcome Production Zone Industrielle de la Peyennière, 53100, Mayenne – França.\nModelo de Texto de Bula – Pacientes Amoxil® Cápsulas 6 Importado e Registrado por: GlaxoSmithKline Brasil Ltda. Estrada dos Bandeirantes, 8464 - Rio de Janeiro - RJ CNPJ: 33.247.743/0001-10 VENDA SOB PRESCRIÇÃO COM RETENÇÃO DA RECEITA L1991_amoxil_cap_gel_dura_GDS35_IPI16""]",38.15,20.69
guarded_hybrid_agentic_fusion_rag,ollama:gemma4:e4b,AMOXIL,Amoxil pode causar diarreia?,facil,"Sim. Diarreia é uma reação comum, ocorrendo entre 1% e 10% dos pacientes que utilizam Amoxil.",QUAIS OS MALES QUE ESTE MEDICAMENTO PODE ME CAUSAR?,"De acordo com a bula do medicamento AMOXIL, consta a seguinte informação: Sim, o uso de Amoxil® pode causar diarreia, que é listada como uma reação comum (ocorrendo entre 1% e 10% dos pacientes). Outras formas de diarreia associadas ao uso do medicamento incluem colite associada a antibióticos (inflamação no cólon, causando diarreia grave que pode conter sangue e ser acompanhada de cólicas abdominais) e diarreia grave (colite pseudomembranosa). Em caso de diarreia ou enjoo, os sintomas geralmente são leves e podem ser evitados tomando o medicamento no início das refeições; contudo, se persistirem ou se tornarem graves, é necessário consultar um médico.

---
*Esta resposta se baseia apenas nos trechos da bula recuperados e não substitui orientação médica ou farmacêutica.*","De acordo com a bula do medicamento AMOXIL, consta a seguinte informação: Sim, o uso de Amoxil® pode causar diarreia, que é listada como uma reação comum (ocorrendo entre 1% e 10% dos pacientes). Outras formas de diarreia associadas ao uso do medicamento incluem colite associada a antibióticos (inflamação no cólon, causando diarreia grave que pode conter sangue e ser acompanhada de cólicas abdominais) e diarreia grave (colite pseudomembranosa). Em caso de diarreia ou enjoo, os sintomas geralmente são leves e podem ser evitados tomando o medicamento no início das refeições; contudo, se persistirem ou se tornarem graves, é necessário consultar um médico.","QUAIS OS MALES QUE ESTE MEDICAMENTO PODE ME CAUSAR?, QUANDO NÃO DEVO USAR ESTE MEDICAMENTO?, O QUE DEVO SABER ANTES DE USAR ESTE MEDICAMENTO?","chunk_2273c1b76ec0, chunk_6fd3c193ea42, chunk_09405370d2ab, chunk_ddd8cf00aa9e, chunk_cb37aafa6f60, chunk_2273c1b76ec0, chunk_6fd00831c65b, chunk_9d394eb70d17","[""QUAIS OS MALES QUE ESTE MEDICAMENTO PODE ME CAUSAR? Avise seu médico o mais cedo possível se você não se sentir bem durante o tratamento com Amoxil®. Assim como todo medicamento, Amoxil® pode provocar reações adversas, porém isso não ocorre com todas as pessoas. Os efeitos colaterais deste medicamento geralmente são leves. Reações comuns (ocorrem entre 1% e 10% dos pacientes que utilizam este medicamento): - Diarreia (várias evacuações amolecidas por dia) e enjoo; quando isso acontece, os sintomas normalmente são leves e com frequência podem ser evitados tomando -se o medicamento no início das refeições. Se continuarem ou se tornarem graves, consulte o médico. - Erupções da pele. Reações incomuns (ocorrem entre 0,1% e 1% dos pacientes que utilizam este medicamento): - Vômito, urticária e coceira."", ""O QUE DEVO SABER ANTES DE USAR ESTE MEDICAMENTO? Antes de iniciar o tratamento com Amoxil, informe seu médico: - se você já apresentou reação alérgica a algum antibiótico. Isso pode incluir reações na pele ou inchaço na face ou pescoço ou dores no peito. - se você apresenta febre glandular. - se você toma medicamentos usados para prevenir coágulos sanguíneos (anticoagulantes), tais como varfarina, o seu médico fará um monitoramento e, se necessário, poderá sugerir ajustes na dose dos anticoagulantes. - se você apresenta problema nos rins. - se você não estiver urinando regularmente. - se você já teve diarreia durante ou após o uso de antibióticos.\nModelo de Texto de Bula – Pacientes Amoxil® Cápsulas 2 O uso prolongado também pode resultar, ocasionalmente, em supercrescimento de microrganismos resistentes a Amoxil®. Amoxil® pode piorar algumas condições existentes ou causar efeitos colaterais graves, como reações alérgicas severas, reações cutâneas severas, dor no peito, vômitos repetitivos dentro de 1 a 4 horas após a administração de Amoxil® ou diarreia grave (colite pseudomembranosa). Você deve estar atento a determinados sintomas enquanto estiver recebendo Amoxil® para ajudar a reduzir o risco de quaisquer problemas. Efeitos sobre a capacidade de dirigir veículos e de operar máquinas Não se observaram efeitos adversos sobre a capacidade de dirigir veículos e de operar máquinas. Gravidez e amamentação Amoxil® pode ser usado na gravidez desde que os benefícios potenciais sejam maiores que os riscos potenciais associados ao tratamento."", ""nos de alergia, como erupções da pele, prurido (coceira) ou urticária, inchaço da face, dos lábios, da língua ou de outras partes do corpo, falta de ar, respiração ofegante ou problemas para respirar; se esses sintomas ocorrerem, pare de usar Amoxil® e procure socorro médico o mais rápido possível;\nModelo de Texto de Bula – Pacientes Amoxil® Cápsulas 5 - Dor no peito, que pode ser um sinal de uma reação alérgica potencialmente grave chamada síndrome de Kounis; - Vômitos repetitivos (1 a 4 horas após a administração de Amoxil®), dores no estômago, sonolência anormal, diarreia e pressão baixa, que podem ser um sinal de uma reação alérgica grave denominada síndrome de enterocolite induzida por medicamentos; - Convulsões (ataques) podem ocorrer em pacientes com função renal prejudicada ou que estejam recebendo doses altas do medicamento; - Hipercinesia (presença de movimentos exacerbados e incontrolados), tontura ; - Candidíase mucocutânea, infecção micótica (causada por fungos) que normalmente afeta as partes íntimas ou a boca; na área genital, pode provocar coceira e queimação (com a presença de uma fina camada de secreção branca), e na boca ou na língua podem surgir pintas brancas dolorosas; - Colite associada a antibióticos (inflamação no cólon (intestino grosso), causando diarreia grave, que também pode conter sangue e ser acompanhada de cólicas abdominais; - Sua língua pode mudar de cor, ficando amarela, marrom ou preta, e dar a impressão de ter pelos (língua pilosa negra) ; - Inflamação da membrana que reveste o cérebro (meningite asséptica);"", ""tais (síndrome de Stevens -Johnson); erupções na pele com bolhas contendo pus (dermatite esfoliativa bolhosa); erupções escamosas na pele, com bolhas e inchaços sob a pele (exantema pustuloso); - Doença renal (problemas para urinar, possivelmente com dor e presença de sangue ou cristais na urina ); - Sintomas semelhantes aos da gripe com erupção cutânea, febre, glândulas inchadas e resultados anormais de exames de sangue (incluindo o aumento dos glóbulos brancos (eosinofilia) e enzimas hepáticas) (Reação do medicamento com eosinofilia e sintomas sistêmicos (DRESS)); - uma erupção cutânea vermelha comumente observada em ambos os lados das nádegas, parte interna superior das coxas, axilas, pescoço (Exantema Intertriginoso e Flexural Simétrico Relacionado a Medicamentos (SDRIFE)). Se qualquer desconforto incomum se manifestar enquanto você estiver tomando o medicamento, informe seu médico o mais breve possível. Informe ao seu médico, cirurgião -dentista ou farmacêutico o aparecimento de reações indesejáveis pelo uso do medicamento. Informe também à empresa através do seu serviço de atendimento. 9. O QUE FAZER SE ALGUÉM USAR UMA QUANTIDADE MAIOR QUE A INDICADA DESTE MEDICAMENTO? É pouco provável que ocorram problemas graves em caso de superdosagem de amoxicilina. As reações mais comuns são enjoo, vômito e diarreia. Procure seu médico para que os sintomas sejam tratados. Em caso de uso de grande quantidade deste medicamento, procure rapidamente socorro médico e leve a embalagem ou bula do medicamento se possível. Ligue para 0800 722 6001, se você precisar de mais orientações."", ""muns são enjoo, vômito e diarreia. Procure seu médico para que os sintomas sejam tratados. Em caso de uso de grande quantidade deste medicamento, procure rapidamente socorro médico e leve a embalagem ou bula do medicamento se possível. Ligue para 0800 722 6001, se você precisar de mais orientações. III) DIZERES LEGAIS Registro: 1.0107.0003 Produzido por: Glaxo Wellcome Production Zone Industrielle de la Peyennière, 53100, Mayenne – França.\nModelo de Texto de Bula – Pacientes Amoxil® Cápsulas 6 Importado e Registrado por: GlaxoSmithKline Brasil Ltda. Estrada dos Bandeirantes, 8464 - Rio de Janeiro - RJ CNPJ: 33.247.743/0001-10 VENDA SOB PRESCRIÇÃO COM RETENÇÃO DA RECEITA L1991_amoxil_cap_gel_dura_GDS35_IPI16"", ""lmente são leves e com frequência podem ser evitados tomando -se o medicamento no início das refeições. Se continuarem ou se tornarem graves, consulte o médico. - Erupções da pele. Reações incomuns (ocorrem entre 0,1% e 1% dos pacientes que utilizam este medicamento): - Vômito, urticária e coceira. Reações muito raras (ocorrem em menos de 0,01% dos pacientes que utilizam este medicamento): - Diminuição de glóbulos brancos (leucopenia reversível), que pode resultar em infecções frequentes, como febre, calafrios, inflamação da garganta ou úlceras na boca; - Baixa contagem de plaquetas (trombocitopenia reversível), que pode resultar em sangramento ou hematomas (manchas roxas) que surgem com mais facilidade que o normal; - Destruição de glóbulos vermelhos e consequentemente anemia (anemia hemolítica), que pode resultar em cansaço, dores de cabeça e falta de ar causada pela prática de exercícios físicos, vertigem, palidez e amarelamento da pele e/ou dos olhos; - Sinais repentinos de alergia, como erupções da pele, prurido (coceira) ou urticária, inchaço da face, dos lábios, da língua ou de outras partes do corpo, falta de ar, respiração ofegante ou problemas para respirar; se esses sintomas ocorrerem, pare de usar Amoxil® e procure socorro médico o mais rápido possível;"", ""atamento de gota (probenecida ou alopurinol); - outros antibióticos; - pílulas anticoncepcionais (como acontece com outros antibióticos, talvez sejam necessárias precauções adicionais para evitar a gravidez); - anticoagulantes; - metotrexato (usado para tratar doenças como câncer e psoríase grave). A alimentação não interfere na ação de Amoxil®, que pode ser ingerido nas refeições. Informe ao seu médico ou cirurgião-dentista se você está fazendo uso de algum outro medicamento. Não use medicamento sem o conhecimento do seu médico. Pode ser perigoso para a sua saúde. Atenção: Contém os corantes vermelho de eritrosina, azul de indigotina, dióxido de titânio e óxido de ferro amarelo que podem, eventualmente, causar reações alérgicas. É importante utilizar este medicamento durante todo o tempo prescrito pelo profissional de saúde habilitado, mesmo que os sinais e sintomas da infecção tenham desaparecido, pois isso não significa a cura. A interrupção do tratamento pode contribuir para o aparecimento de infecções mais graves. 5."", ""QUANDO NÃO DEVO USAR ESTE MEDICAMENTO? Este medicamento não pode ser administrado nem ingerido por pessoas alérgicas à amoxicilina, a outros antibióticos penicilínicos ou antibióticos similares, chamados cefalosporinas. Se você já teve uma reação alérgica (como erupções da pele) ao tomar um antibiótico, deve conversar com seu médico antes de usar Amoxil®. 4.""]",33.445,7.156
guarded_hybrid_agentic_fusion_rag,ollama:gemma4:e4b,AMOXIL,Como devo guardar as cápsulas de Amoxil?,facil,"As cápsulas de Amoxil devem ser conservadas na embalagem original, protegidas da umidade e em temperatura ambiente, entre 15 °C e 30 °C. Todo medicamento deve ser mantido fora do alcance das crianças.","ONDE, COMO E POR QUANTO TEMPO POSSO GUARDAR ESTE MEDICAMENTO?","De acordo com a bula do medicamento AMOXIL, consta a seguinte informação: Para guardar as cápsulas de Amoxil, é necessário seguir os seguintes cuidados de armazenamento: manter fora do alcance das crianças e conservar o medicamento na embalagem original. As cápsulas devem ser protegidas da umidade e armazenadas em temperatura ambiente, entre 15°C e 30°C. É fundamental verificar o número de lote e as datas de fabricação e validade na embalagem, não utilizando medicamentos com prazo de validade vencido. Além disso, antes do uso, deve-se observar o aspecto físico do medicamento; caso haja alguma mudança, é necessário consultar um farmacêutico.

---
*Esta resposta se baseia apenas nos trechos da bula recuperados e não substitui orientação médica ou farmacêutica.*","De acordo com a bula do medicamento AMOXIL, consta a seguinte informação: Para guardar as cápsulas de Amoxil, é necessário seguir os seguintes cuidados de armazenamento: manter fora do alcance das crianças e conservar o medicamento na embalagem original. As cápsulas devem ser protegidas da umidade e armazenadas em temperatura ambiente, entre 15°C e 30°C. É fundamental verificar o número de lote e as datas de fabricação e validade na embalagem, não utilizando medicamentos com prazo de validade vencido. Além disso, antes do uso, deve-se observar o aspecto físico do medicamento; caso haja alguma mudança, é necessário consultar um farmacêutico.","O QUE DEVO SABER ANTES DE USAR ESTE MEDICAMENTO?, QUAIS OS MALES QUE ESTE MEDICAMENTO PODE ME CAUSAR?, ONDE, COMO E POR QUANTO TEMPO POSSO GUARDAR ESTE MEDICAMENTO?, QUANDO NÃO DEVO USAR ESTE MEDICAMENTO?","chunk_6a5892989281, chunk_6fd3c193ea42, chunk_6fd00831c65b, chunk_cb37aafa6f60, chunk_2273c1b76ec0, chunk_7d57d737a19d, chunk_9d394eb70d17, chunk_09405370d2ab","[""ONDE, COMO E POR QUANTO TEMPO POSSO GUARDAR ESTE MEDICAMENTO? Cuidados de armazenamento\nModelo de Texto de Bula – Pacientes Amoxil® Cápsulas 3 Manter fora do alcance de crianças Conservar as cápsulas na embalagem original, protegido da umidade e em temperatura ambiente (entre 15 oC e 30oC). Número de lote e datas de fabricação e validade: vide embalagem. Não use medicamento com o prazo de validade vencido. Guarde-o em sua embalagem original. Aspecto físico/características organolépticas Cápsulas de 500 mg de duas cores (corpo amarelo opaco e tampa vermelho opaco) impressa com GS JVL e contendo um pó branco a quase branco. Antes de usar, observe o aspecto do medicamento. Caso ele esteja no prazo de validade e você observe alguma mudança no aspecto, consulte o farmacêutico para saber se poderá utilizá -lo. Todo medicamento deve ser mantido fora do alcance das crianças. 6."", ""O QUE DEVO SABER ANTES DE USAR ESTE MEDICAMENTO? Antes de iniciar o tratamento com Amoxil, informe seu médico: - se você já apresentou reação alérgica a algum antibiótico. Isso pode incluir reações na pele ou inchaço na face ou pescoço ou dores no peito. - se você apresenta febre glandular. - se você toma medicamentos usados para prevenir coágulos sanguíneos (anticoagulantes), tais como varfarina, o seu médico fará um monitoramento e, se necessário, poderá sugerir ajustes na dose dos anticoagulantes. - se você apresenta problema nos rins. - se você não estiver urinando regularmente. - se você já teve diarreia durante ou após o uso de antibióticos.\nModelo de Texto de Bula – Pacientes Amoxil® Cápsulas 2 O uso prolongado também pode resultar, ocasionalmente, em supercrescimento de microrganismos resistentes a Amoxil®. Amoxil® pode piorar algumas condições existentes ou causar efeitos colaterais graves, como reações alérgicas severas, reações cutâneas severas, dor no peito, vômitos repetitivos dentro de 1 a 4 horas após a administração de Amoxil® ou diarreia grave (colite pseudomembranosa). Você deve estar atento a determinados sintomas enquanto estiver recebendo Amoxil® para ajudar a reduzir o risco de quaisquer problemas. Efeitos sobre a capacidade de dirigir veículos e de operar máquinas Não se observaram efeitos adversos sobre a capacidade de dirigir veículos e de operar máquinas. Gravidez e amamentação Amoxil® pode ser usado na gravidez desde que os benefícios potenciais sejam maiores que os riscos potenciais associados ao tratamento."", ""atamento de gota (probenecida ou alopurinol); - outros antibióticos; - pílulas anticoncepcionais (como acontece com outros antibióticos, talvez sejam necessárias precauções adicionais para evitar a gravidez); - anticoagulantes; - metotrexato (usado para tratar doenças como câncer e psoríase grave). A alimentação não interfere na ação de Amoxil®, que pode ser ingerido nas refeições. Informe ao seu médico ou cirurgião-dentista se você está fazendo uso de algum outro medicamento. Não use medicamento sem o conhecimento do seu médico. Pode ser perigoso para a sua saúde. Atenção: Contém os corantes vermelho de eritrosina, azul de indigotina, dióxido de titânio e óxido de ferro amarelo que podem, eventualmente, causar reações alérgicas. É importante utilizar este medicamento durante todo o tempo prescrito pelo profissional de saúde habilitado, mesmo que os sinais e sintomas da infecção tenham desaparecido, pois isso não significa a cura. A interrupção do tratamento pode contribuir para o aparecimento de infecções mais graves. 5."", ""muns são enjoo, vômito e diarreia. Procure seu médico para que os sintomas sejam tratados. Em caso de uso de grande quantidade deste medicamento, procure rapidamente socorro médico e leve a embalagem ou bula do medicamento se possível. Ligue para 0800 722 6001, se você precisar de mais orientações. III) DIZERES LEGAIS Registro: 1.0107.0003 Produzido por: Glaxo Wellcome Production Zone Industrielle de la Peyennière, 53100, Mayenne – França.\nModelo de Texto de Bula – Pacientes Amoxil® Cápsulas 6 Importado e Registrado por: GlaxoSmithKline Brasil Ltda. Estrada dos Bandeirantes, 8464 - Rio de Janeiro - RJ CNPJ: 33.247.743/0001-10 VENDA SOB PRESCRIÇÃO COM RETENÇÃO DA RECEITA L1991_amoxil_cap_gel_dura_GDS35_IPI16"", ""lmente são leves e com frequência podem ser evitados tomando -se o medicamento no início das refeições. Se continuarem ou se tornarem graves, consulte o médico. - Erupções da pele. Reações incomuns (ocorrem entre 0,1% e 1% dos pacientes que utilizam este medicamento): - Vômito, urticária e coceira. Reações muito raras (ocorrem em menos de 0,01% dos pacientes que utilizam este medicamento): - Diminuição de glóbulos brancos (leucopenia reversível), que pode resultar em infecções frequentes, como febre, calafrios, inflamação da garganta ou úlceras na boca; - Baixa contagem de plaquetas (trombocitopenia reversível), que pode resultar em sangramento ou hematomas (manchas roxas) que surgem com mais facilidade que o normal; - Destruição de glóbulos vermelhos e consequentemente anemia (anemia hemolítica), que pode resultar em cansaço, dores de cabeça e falta de ar causada pela prática de exercícios físicos, vertigem, palidez e amarelamento da pele e/ou dos olhos; - Sinais repentinos de alergia, como erupções da pele, prurido (coceira) ou urticária, inchaço da face, dos lábios, da língua ou de outras partes do corpo, falta de ar, respiração ofegante ou problemas para respirar; se esses sintomas ocorrerem, pare de usar Amoxil® e procure socorro médico o mais rápido possível;"", ""dade de dirigir veículos e de operar máquinas Não se observaram efeitos adversos sobre a capacidade de dirigir veículos e de operar máquinas. Gravidez e amamentação Amoxil® pode ser usado na gravidez desde que os benefícios potenciais sejam maiores que os riscos potenciais associados ao tratamento. Informe seu médico se você estiver grávida ou suspeitar que está grávida. Você não deve tomar este medicamento se estiver grávida, exceto se seu médico recomendar. Você pode amamentar seu bebê enquanto estiver tomando Amoxil®, mas há excreção de quantidades mínimas de amoxicilina no leite materno. Se você estiver amamentando, informe ao seu médico antes de iniciar o tratamento com Amoxil®. Este medicamento não deve ser utilizado por mulheres grávidas sem orientação médica ou do cirurgião-dentista. Uso compatível com o aleitamento ou doação de leite humano. O uso desse medicamento não interfere no aleitamento do bebê. Uso em idosos, crianças e outros grupos de risco As recomendações especiais se referem às doses . Interações Medicamentosas Alguns medicamentos podem causar efeitos indesejáveis se você os ingerir durante o tratamento com Amoxil®. Não deixe de avisar seu médico caso você esteja tomando: - medicamentos usados no tratamento de gota (probenecida ou alopurinol); - outros antibióticos; - pílulas anticoncepcionais (como acontece com outros antibióticos, talvez sejam necessárias precauções adicionais para evitar a gravidez); - anticoagulantes; - metotrexato (usado para tratar doenças como câncer e psoríase grave)."", ""QUANDO NÃO DEVO USAR ESTE MEDICAMENTO? Este medicamento não pode ser administrado nem ingerido por pessoas alérgicas à amoxicilina, a outros antibióticos penicilínicos ou antibióticos similares, chamados cefalosporinas. Se você já teve uma reação alérgica (como erupções da pele) ao tomar um antibiótico, deve conversar com seu médico antes de usar Amoxil®. 4."", ""nos de alergia, como erupções da pele, prurido (coceira) ou urticária, inchaço da face, dos lábios, da língua ou de outras partes do corpo, falta de ar, respiração ofegante ou problemas para respirar; se esses sintomas ocorrerem, pare de usar Amoxil® e procure socorro médico o mais rápido possível;\nModelo de Texto de Bula – Pacientes Amoxil® Cápsulas 5 - Dor no peito, que pode ser um sinal de uma reação alérgica potencialmente grave chamada síndrome de Kounis; - Vômitos repetitivos (1 a 4 horas após a administração de Amoxil®), dores no estômago, sonolência anormal, diarreia e pressão baixa, que podem ser um sinal de uma reação alérgica grave denominada síndrome de enterocolite induzida por medicamentos; - Convulsões (ataques) podem ocorrer em pacientes com função renal prejudicada ou que estejam recebendo doses altas do medicamento; - Hipercinesia (presença de movimentos exacerbados e incontrolados), tontura ; - Candidíase mucocutânea, infecção micótica (causada por fungos) que normalmente afeta as partes íntimas ou a boca; na área genital, pode provocar coceira e queimação (com a presença de uma fina camada de secreção branca), e na boca ou na língua podem surgir pintas brancas dolorosas; - Colite associada a antibióticos (inflamação no cólon (intestino grosso), causando diarreia grave, que também pode conter sangue e ser acompanhada de cólicas abdominais; - Sua língua pode mudar de cor, ficando amarela, marrom ou preta, e dar a impressão de ter pelos (língua pilosa negra) ; - Inflamação da membrana que reveste o cérebro (meningite asséptica);""]",28.529,18.03
guarded_hybrid_agentic_fusion_rag,ollama:gemma4:e4b,RIVOTRIL,Para que serve o Rivotril?,facil,"Rivotril é indicado para tratar crises epilépticas e espasmos infantis, também chamados síndrome de West. Em adultos, também é indicado para transtornos de ansiedade, transtornos do humor, síndromes psicóticas, síndrome das pernas inquietas, vertigem e distúrbios do equilíbrio e síndrome da boca ardente.",PARA QUE ESTE MEDICAMENTO É INDICADO?,"De acordo com a bula do medicamento RIVOTRIL, consta a seguinte informação: O Rivotril® é indicado para o tratamento de distúrbio epiléptico, sendo usado em adultos e pediátricos para tratar crises epilépticas e espasmos infantis (síndrome de West). Em adultos, ele também é indicado para diversas condições, incluindo:

*   **Transtornos de ansiedade:** Como ansiolítico geral, distúrbio do pânico (com ou sem medo de espaços abertos) e fobia social.
*   **Transtornos do humor:** Para o tratamento da mania no transtorno afetivo bipolar, e associado a antidepressivos na depressão ansiosa e início do tratamento para depressão maior.
*   **Síndromes psicóticas:** Acatisia (inquietação extrema) e síndrome das pernas inquietas.
*   **Vertigem e distúrbios do equilíbrio:** Náuseas, vômitos, desmaios, quedas, zumbidos e distúrbios auditivos.
*   **Outras condições:** Síndrome da boca ardente (sensação de queimação na parte interna da boca).

---
*Esta resposta se baseia apenas nos trechos da bula recuperados e não substitui orientação médica ou farmacêutica.*","De acordo com a bula do medicamento RIVOTRIL, consta a seguinte informação: O Rivotril® é indicado para o tratamento de distúrbio epiléptico, sendo usado em adultos e pediátricos para tratar crises epilépticas e espasmos infantis (síndrome de West). Em adultos, ele também é indicado para diversas condições, incluindo:

*   **Transtornos de ansiedade:** Como ansiolítico geral, distúrbio do pânico (com ou sem medo de espaços abertos) e fobia social.
*   **Transtornos do humor:** Para o tratamento da mania no transtorno afetivo bipolar, e associado a antidepressivos na depressão ansiosa e início do tratamento para depressão maior.
*   **Síndromes psicóticas:** Acatisia (inquietação extrema) e síndrome das pernas inquietas.
*   **Vertigem e distúrbios do equilíbrio:** Náuseas, vômitos, desmaios, quedas, zumbidos e distúrbios auditivos.
*   **Outras condições:** Síndrome da boca ardente (sensação de queimação na parte interna da boca).","PARA QUE ESTE MEDICAMENTO É INDICADO?, QUAIS OS MALES QUE ESTE MEDICAMENTO PODE ME CAUSAR?, QUANDO NÃO DEVO USAR ESTE MEDICAMENTO?, O QUE DEVO SABER ANTES DE USAR ESTE MEDICAMENTO?, O QUE FAZER SE ALGUÉM USAR UMA QUANTIDADE MAIOR DO QUE A INDICADA DESTE MEDICAMENTO?, COMO ESTE MEDICAMENTO FUNCIONA?","chunk_6fd3c193ea42, chunk_3fede5899876, chunk_d111e9aa94c7, chunk_d1e77a6a6e34, chunk_5e3d4ac1c930, chunk_ddd8cf00aa9e, chunk_7d57d737a19d, chunk_f4367282d8f7","[""QUANDO NÃO DEVO USAR ESTE MEDICAMENTO? Rivotril® é contraindicado a pacientes com hipersensibilidade conhecida a clonazepam ou a qualquer dos excipientes do medicamento, em pacientes com insuficiência respiratória grave ou comprometimento do fígado grave, pois os benzodiazepínicos podem lev ar à ocorrência de comprome timento do sistema nervoso, secundário ao problema no fígado. Rivotril® comprimidos e Rivotril® gotas são contraindicados para o tratamento de transtornos do pânico em pacientes com histórico médico de apneia do sono. Rivotril® é contraindicado a pacientes com glaucoma agudo de ângulo fechado. Rivotril® pode ser usado por pacientes com glaucoma de ângulo aberto, desde que estejam recebendo terapia apropriada. 4."", ""PARA QUE ESTE MEDICAMENTO É INDICADO? Adulto e pediátrico Distúrbio epiléptico Rivotril® é indicado para tratar crises epilépticas e espasmos infantis (síndrome de West). Adulto Rivotril® também é indicado para: Transtornos de ansiedade  Como ansiolítico em geral.  Distúrbio do pânico com ou sem medo de espaços abertos.  Fobia social (medo de situações como falar em público). Transtornos do humor  Transtorno afetivo bipolar (fases de depressão e mania): tratamento da mania.  Depressão maior: associado à antidepressivos na depressão ansiosa e início do tratamento. Síndromes psicóticas  Acatisia (inquietação extrema, geralmente provocada por medicamentos psiquiátricos). Síndrome das pernas inquietas (des conforto ou dor nas pernas que le va à necessidade de movimentá-las, prejudicando o sono). Vertigem e distúrbios do equilíbrio: náuseas, vômitos, desmaios, quedas, zumbidos e distúrbios auditivos. Síndrome da boca ardente (sensação de queimação na parte interna da boca, sem alterações físicas). 2."", ""COMO ESTE MEDICAMENTO FUNCIONA? Clonazepam pertence à classe dos benzodiazepínicos, medicamentos que causam inibição leve do sistema nervoso, com consequente ação anticonvulsivante, sedativa leve, relaxante muscular e tranquilizante. A ação de Rivotril® oral dose única inicia em 30 a 60 minutos e se estende por 6 à 8 h em crianças e 8 a 12 h em adultos. \n2 3."", ""de Rivotril® podem exacerbar a epilepsia. Informe seu médico se estiver amamentando. Se você realmente precisar tomar Rivotril®, a amamentação deve ser descontinuada. Uso em crianças Avaliar o risco / benefício do uso de Rivotril® a longo prazo em pacientes pediátr icos com distúrbios epilépticos. Rivotril® pode aumentar a salivação e as secreções brônquicas em lactentes e crianças pequenas. Atenção: manter as vias aéreas livres. Não há dados de eficácia / segurança de Rivotril® em menores de 18 anos com distúrbio do pânico. Uso em idosos Os efeitos dos benzodiazepínicos parecem ser maiores em pacientes idosos do que em pacientes mais jovens, mesmo em concentrações plasmáticas similares. Principais interações medicamentosas Informe seu médico se esti ver tomando outros medica mentos, incluindo as substâncias a seguir, pois elas podem interagir com Rivotril®: – Depressores do sistema nervoso central e álcool; – Medicamentos que agem no sistema nervoso: antidepressivos, medicamento s para dormir, alguns analgésicos, antipsicóticos, ansiolíticos, anticonvulsivantes; – Medicamentos para o estômago. Interações fármaco-alimento Interações com alimentos não foram estabelecidas. O suco de toranja pode aumentar o efeito de Rivotril®. Interações fármaco-laboratório Interações com testes laboratoriais não foram estabelecidas. Informe ao seu médico ou cirurgião-dentista se você está fazendo uso de algum outro medicamento. Não use medicamento sem o conhecimento do seu médico. Pode ser perigoso para a sua saúde. 5."", ""O QUE DEVO SABER ANTES DE USAR ESTE MEDICAMENTO? Antes de tomar Rivotril®, informe seu médico se você tem ou teve: 1) outros problemas de saúde, como doenças nos rins ou fígado (por exemplo: cirrose hepática), distúrbio neuromuscular ou respiratório, porfiria (doença em que ocorre deficiência de enzimas específicas na via da biossíntese do heme); 2) sinais ou sintomas de depressão e/ou tentativa de suicídio; 3) intolerância à galactose (açúcar) ou deficiência de lactase (enzima que quebra a lactose); 4) ataxia cerebelar ou espinhal (descoordenação dos movimentos por problema do cerebelo ou medula); 5) uso regular ou intoxicação aguda por álcool ou drogas. Pode ocorrer perda de efeito durante o tratamento com clonazepam. Não tome Rivotril® com álcool e/ou depressores do sistema nervoso ce ntral, essa combinação pode aumentar os efeitos de Rivotril®, com potencial sedação grave que pode resultar em coma ou morte, depressão cardiovascular e/ou respiratória. Caso ocorram reações paradoxais  durante o tratamento, fale com seu médico, pois o uso do medicamento deve ser descontinuado. Pode ocorrer amnésia anterógrada (perda da habilidade de criar novas memórias e absorver novas informações), com o uso de benzodiazepínicos em doses terapêuticas. Rivotril® pode precipitar o estado de mal epiléptico (crises epilépticas em sequência rápida). Fale com seu médico antes de aumentar a dose ou interromper abruptamente esta medicação. Abuso e dependência do medicamento O uso de benzodiazepínicos pode lev ar ao desenvolvime nto de dependê ncia física e psic ológica."", ""O QUE FAZER SE ALGUÉM USAR UMA QUANTIDADE MAIOR DO QUE A INDICADA DESTE MEDICAMENTO? Sintomas Os benzodiazepínicos geralmente causam sonolência, ataxia (perda da coordenação dos movimentos), disartria, nistagmo, confusão mental, excitação e lentidão de movimento. A superdose de Rivotril® está raramente associada com risco de morte, caso o medicamento tenha sido tomado isoladamente, mas pode levar à arreflexia (ausência de reflexos), apneia, hipotensão arterial, depressão cardiorrespiratória e coma. Se ocorrer coma, normalmente tem duração de poucas horas; porém, pode ser prolongado e cíclico, particularmente em idosos. A depressão respiratória por benzodiazepínicos é mais séria em pacientes com doença respiratória. Os benzodiazepínicos aumentam os efeitos de outros depressores do sistema nervoso central, incluindo o álcool. Conduta Monitorar sinais vitais e instituir medidas de suporte a critério médico. Advertência Flumazenil não é indicado a pacientes com epilepsia que foram tratados com benzodiazepínicos. Em caso de uso de grande quantid ade deste medicamento, procure rapidamente socorro médico e leve a embalagem ou bula do medicamento, se possível. Ligue para 0800 722 6001, se você precisar de mais orientações. MS-1.1524.0011 Farmacêutico Responsável: Dr. Adriano Costa Leite – CRF-SP n° 38.716 Registrado por: Blanver Farmoquímica e Farmacêutica S.A. Rua Francisco Tramontano, 101 -Sala 507 Real Parque – CEP 05686-010 – São Paulo – SP CNPJ 53.359.824/0001-19 Fabricado e Embalado por: Produtos Roche Químicos e Farmacêuticos S.A. Est. dos Bandeirantes, 2020"", ""tamento, portanto a retirada brusca do medicamento deve ser evitada. O tratamento (mesmo de curta duração) deve ser interrompido pela redução gradativa da dose diária. Efeitos sobre a capacidade de dirigir e operar máquinas Clonazepam pode lentificar as reações, efeito agravado com o uso de álcool. Durante o tratamento, o paciente não deve dirigir veíc ulos ou operar máquinas, pois sua habilidade e atenção podem estar prejudicadas. Até o momento, não há informações de que Rivotril® cause doping. Em caso de dúvidas, consulte o seu médico. Gravidez e amamentação \n3 Este medicamento não deve ser utilizado por mulheres grávidas sem orientação médica ou do cirurgião- dentista. Rivotril® só deve ser administrado a gestantes se houver indicação absoluta e se os benefícios potenciais superarem os riscos para o feto. Rivotril® pode prejudicar seu bebê. Informe seu médico se estiver grávida ou se está tentando engravidar. O uso de altas dos es no último trimestre da gestação ou no trabalho de pa rto pode causar irregularidades no batimen to cardíaco do f eto e baixa tempera tura corpórea, f alta de tônus musc ular, depressão respiratória e dificuldade de sucção no bebê. Tanto a gestação quanto a suspensão de Rivotril® podem exacerbar a epilepsia. Informe seu médico se estiver amamentando. Se você realmente precisar tomar Rivotril®, a amamentação deve ser descontinuada. Uso em crianças Avaliar o risco / benefício do uso de Rivotril® a longo prazo em pacientes pediátr icos com distúrbios epilépticos."", ""quedas e fraturas. Risco maior em pessoas que usam outros sedativos incluindo bebidas alcoólicas e em idosos. Exames complementares : diminuição do número de plaquetas (raro). Diminuição dos glóbulos brancos e anemia, alterações dos exames da função do fígado. Distúrbios do ouvido: otite, vertigem. Diversas: desidratação, deterioração geral, febre, aumento dos gânglios linfáticos, ganho ou perda de peso, infecção viral. Informe ao seu médico, cirurgião-dentista ou farmacêutico o aparecimento de reações indesejáveis pelo uso do medicamento. Informe também à empresa através do seu serviço de atendimento. 9.""]",37.28,158.171
guarded_hybrid_agentic_fusion_rag,ollama:gemma4:e4b,RIVOTRIL,Como o Rivotril age no organismo?,facil,"O clonazepam pertence à classe dos benzodiazepínicos, medicamentos que causam inibição leve do sistema nervoso, com ação anticonvulsivante, sedativa leve, relaxante muscular e tranquilizante.",COMO ESTE MEDICAMENTO FUNCIONA?,"De acordo com a bula do medicamento RIVOTRIL, consta a seguinte informação: Clonazepam pertence à classe dos benzodiazepínicos e causa inibição leve do sistema nervoso, resultando em ação anticonvulsivante, sedativa leve, relaxante muscular e tranquilizante.

---
*Esta resposta se baseia apenas nos trechos da bula recuperados e não substitui orientação médica ou farmacêutica.*","De acordo com a bula do medicamento RIVOTRIL, consta a seguinte informação: Clonazepam pertence à classe dos benzodiazepínicos e causa inibição leve do sistema nervoso, resultando em ação anticonvulsivante, sedativa leve, relaxante muscular e tranquilizante.","ONDE, COMO E POR QUANTO TEMPO POSSO GUARDAR ESTE MEDICAMENTO?, QUAIS OS MALES QUE ESTE MEDICAMENTO PODE ME CAUSAR?, O QUE DEVO SABER ANTES DE USAR ESTE MEDICAMENTO?, O QUE FAZER SE ALGUÉM USAR UMA QUANTIDADE MAIOR DO QUE A INDICADA DESTE MEDICAMENTO?, COMO ESTE MEDICAMENTO FUNCIONA?","chunk_d77c1f8474ad, chunk_d111e9aa94c7, chunk_ddd8cf00aa9e, chunk_d1e77a6a6e34, chunk_5e3d4ac1c930, chunk_d77c1f8474ad, chunk_f4367282d8f7, chunk_39858a900960","[""os efeitos comportamentais. Alterações da libido (casos raros). Dependência e retirada, vide item “Abuso e dependência do medicamento”. Distúrbios do sistema nervoso: diminuição da concentração, sonolência, lentificação, hipotonia muscular, tonturas, ataxia são frequentes e geralmente transitórias. Dor de cabeça (raro). Distúrbios reversíveis: dificuldade para articular a fala, incoordenação de movimentos e da marcha, movimento anormal dos olhos. Pode haver esquecimento de fatos recentes, associado a alteração de comp ortamento. Pode haver au mento das crises convul sivas em determinadas formas de epilepsia. Perda da voz, movimentos grosseiros e descoordenados de braços e pernas, coma, tremor, perda de força de um lado do corpo, sensação de cabeça leve, falta de energia e formigamento e alteração da sensibilidade nas extremidades. Distúrbios oculares: visão dupla reversível, aparência de “olho vítreo”. Distúrbios cardiovasculares: palpitações, dor torácica, insuficiência cardíaca (incluindo parada cardíaca). Distúrbios respiratórios : congestão pulmonar, congestão nasal, hipersecreção, tosse, falta de ar, bronquite, rinite, faringite. Pode ocorrer depressão respiratória. Rivotril® pode aumentar a produção de saliva ou de secreção brônquica (secreção nas vias aéreas) em lactentes e crianças. Distúrbios gastrintestinais: perda do apetite, língua saburrosa, constipação, diarreia, boca seca, incontinência fecal (perda do controle da evacuação), gastrite, aumento do fígado, apetite aumentado, gengivas doloridas, dor abdominal, inflamação gastrintestinal, dor de dente."", ""COMO ESTE MEDICAMENTO FUNCIONA? Clonazepam pertence à classe dos benzodiazepínicos, medicamentos que causam inibição leve do sistema nervoso, com consequente ação anticonvulsivante, sedativa leve, relaxante muscular e tranquilizante. A ação de Rivotril® oral dose única inicia em 30 a 60 minutos e se estende por 6 à 8 h em crianças e 8 a 12 h em adultos. \n2 3."", ""O QUE FAZER SE ALGUÉM USAR UMA QUANTIDADE MAIOR DO QUE A INDICADA DESTE MEDICAMENTO? Sintomas Os benzodiazepínicos geralmente causam sonolência, ataxia (perda da coordenação dos movimentos), disartria, nistagmo, confusão mental, excitação e lentidão de movimento. A superdose de Rivotril® está raramente associada com risco de morte, caso o medicamento tenha sido tomado isoladamente, mas pode levar à arreflexia (ausência de reflexos), apneia, hipotensão arterial, depressão cardiorrespiratória e coma. Se ocorrer coma, normalmente tem duração de poucas horas; porém, pode ser prolongado e cíclico, particularmente em idosos. A depressão respiratória por benzodiazepínicos é mais séria em pacientes com doença respiratória. Os benzodiazepínicos aumentam os efeitos de outros depressores do sistema nervoso central, incluindo o álcool. Conduta Monitorar sinais vitais e instituir medidas de suporte a critério médico. Advertência Flumazenil não é indicado a pacientes com epilepsia que foram tratados com benzodiazepínicos. Em caso de uso de grande quantid ade deste medicamento, procure rapidamente socorro médico e leve a embalagem ou bula do medicamento, se possível. Ligue para 0800 722 6001, se você precisar de mais orientações. MS-1.1524.0011 Farmacêutico Responsável: Dr. Adriano Costa Leite – CRF-SP n° 38.716 Registrado por: Blanver Farmoquímica e Farmacêutica S.A. Rua Francisco Tramontano, 101 -Sala 507 Real Parque – CEP 05686-010 – São Paulo – SP CNPJ 53.359.824/0001-19 Fabricado e Embalado por: Produtos Roche Químicos e Farmacêuticos S.A. Est. dos Bandeirantes, 2020"", ""de Rivotril® podem exacerbar a epilepsia. Informe seu médico se estiver amamentando. Se você realmente precisar tomar Rivotril®, a amamentação deve ser descontinuada. Uso em crianças Avaliar o risco / benefício do uso de Rivotril® a longo prazo em pacientes pediátr icos com distúrbios epilépticos. Rivotril® pode aumentar a salivação e as secreções brônquicas em lactentes e crianças pequenas. Atenção: manter as vias aéreas livres. Não há dados de eficácia / segurança de Rivotril® em menores de 18 anos com distúrbio do pânico. Uso em idosos Os efeitos dos benzodiazepínicos parecem ser maiores em pacientes idosos do que em pacientes mais jovens, mesmo em concentrações plasmáticas similares. Principais interações medicamentosas Informe seu médico se esti ver tomando outros medica mentos, incluindo as substâncias a seguir, pois elas podem interagir com Rivotril®: – Depressores do sistema nervoso central e álcool; – Medicamentos que agem no sistema nervoso: antidepressivos, medicamento s para dormir, alguns analgésicos, antipsicóticos, ansiolíticos, anticonvulsivantes; – Medicamentos para o estômago. Interações fármaco-alimento Interações com alimentos não foram estabelecidas. O suco de toranja pode aumentar o efeito de Rivotril®. Interações fármaco-laboratório Interações com testes laboratoriais não foram estabelecidas. Informe ao seu médico ou cirurgião-dentista se você está fazendo uso de algum outro medicamento. Não use medicamento sem o conhecimento do seu médico. Pode ser perigoso para a sua saúde. 5."", ""O QUE DEVO SABER ANTES DE USAR ESTE MEDICAMENTO? Antes de tomar Rivotril®, informe seu médico se você tem ou teve: 1) outros problemas de saúde, como doenças nos rins ou fígado (por exemplo: cirrose hepática), distúrbio neuromuscular ou respiratório, porfiria (doença em que ocorre deficiência de enzimas específicas na via da biossíntese do heme); 2) sinais ou sintomas de depressão e/ou tentativa de suicídio; 3) intolerância à galactose (açúcar) ou deficiência de lactase (enzima que quebra a lactose); 4) ataxia cerebelar ou espinhal (descoordenação dos movimentos por problema do cerebelo ou medula); 5) uso regular ou intoxicação aguda por álcool ou drogas. Pode ocorrer perda de efeito durante o tratamento com clonazepam. Não tome Rivotril® com álcool e/ou depressores do sistema nervoso ce ntral, essa combinação pode aumentar os efeitos de Rivotril®, com potencial sedação grave que pode resultar em coma ou morte, depressão cardiovascular e/ou respiratória. Caso ocorram reações paradoxais  durante o tratamento, fale com seu médico, pois o uso do medicamento deve ser descontinuado. Pode ocorrer amnésia anterógrada (perda da habilidade de criar novas memórias e absorver novas informações), com o uso de benzodiazepínicos em doses terapêuticas. Rivotril® pode precipitar o estado de mal epiléptico (crises epilépticas em sequência rápida). Fale com seu médico antes de aumentar a dose ou interromper abruptamente esta medicação. Abuso e dependência do medicamento O uso de benzodiazepínicos pode lev ar ao desenvolvime nto de dependê ncia física e psic ológica."", ""lactentes e crianças. Distúrbios gastrintestinais: perda do apetite, língua saburrosa, constipação, diarreia, boca seca, incontinência fecal (perda do controle da evacuação), gastrite, aumento do fígado, apetite aumentado, gengivas doloridas, dor abdominal, inflamação gastrintestinal, dor de dente. Náuseas e sintomas epigástricos (raro) (sintomas na região do estômago). \n6 Distúrbios da pele / tecido subcutâneo: urticária (placas avermelhadas na pele que coçam bastante), coceira, erupção cutânea, perda de cabelo transitória, crescimento anormal de pelos, inchaço na face e tornozelo, alterações da pigmentação (raro). Distúrbios musculoesqueléticos / tecido conectivo : fraqueza muscular, frequente e geralmente transitória. Dor muscular, dor nas costas, fratura traumática, dor na nuca, deslocamentos e tensões. Distúrbios renais / urinários : dificuldade para urinar, perda urinária durante o sono, noctúria (levantar para urinar à noite), retenção urinária, infecção do trato urinário. Incontinência (raro). Distúrbios do sistema reprodutivo : cólicas menstruais, diminuição de interesse sexual. Impotência (raro). Distúrbios gerais : fadiga frequente e geralmente transitória. Reações paradoxais: vide item “Distúrbios psiquiátricos”. Lesões e envenenamento : quedas e fraturas. Risco maior em pessoas que usam outros sedativos incluindo bebidas alcoólicas e em idosos. Exames complementares : diminuição do número de plaquetas (raro). Diminuição dos glóbulos brancos e anemia, alterações dos exames da função do fígado. Distúrbios do ouvido: otite, vertigem."", ""quedas e fraturas. Risco maior em pessoas que usam outros sedativos incluindo bebidas alcoólicas e em idosos. Exames complementares : diminuição do número de plaquetas (raro). Diminuição dos glóbulos brancos e anemia, alterações dos exames da função do fígado. Distúrbios do ouvido: otite, vertigem. Diversas: desidratação, deterioração geral, febre, aumento dos gânglios linfáticos, ganho ou perda de peso, infecção viral. Informe ao seu médico, cirurgião-dentista ou farmacêutico o aparecimento de reações indesejáveis pelo uso do medicamento. Informe também à empresa através do seu serviço de atendimento. 9."", ""ONDE, COMO E POR QUANTO TEMPO POSSO GUARDAR ESTE MEDICAMENTO? Rivotril® comprimidos de 0,5 mg e 2,0 mg devem ser armazenados em temperatura ambiente (entre 15 e 30 ºC). Número de lote e datas de fabricação e validade: vide embalagem. Não use medicamento com o prazo de validade vencido. Guarde-o em sua embalagem original. Aspecto físico Os comprimidos de 0,5 mg de Rivotril® apresentam formato cilíndrico biplano com presença de ranhura e cor laranja pálido. Os comprimidos de 2,0 mg de Rivotril® apresentam formato cilíndrico biplano com presença de ranhura e cor branca a levemente amarelada. Características organolépticas Rivotril® comprimidos de 0,5 mg e 2,0 mg não apresenta características marcantes que o diferenciem de outros comprimidos. Antes de usar, observe o aspecto do medicamento. Caso ele esteja no prazo de validade e você observe alguma mudança no aspecto, consulte o farmacêu tico para saber se poderá utilizá-lo. \n4 Todo medicamento deve ser mantid o fora do alcance das crianças. 6.""]",153.632,14.042
guarded_hybrid_agentic_fusion_rag,ollama:gemma4:e4b,RIVOTRIL,Quem não deve usar o Rivotril?,facil,"Rivotril é contraindicado para pacientes com hipersensibilidade conhecida ao clonazepam ou a qualquer excipiente, insuficiência respiratória grave, comprometimento grave do fígado ou glaucoma agudo de ângulo fechado. Rivotril comprimidos e gotas também são contraindicados para tratamento de transtornos do pânico em pacientes com histórico de apneia do sono.",QUANDO NÃO DEVO USAR ESTE MEDICAMENTO?,"De acordo com a bula do medicamento RIVOTRIL, consta a seguinte informação:
O uso de Rivotril® é contraindicado em pacientes que apresentem hipersensibilidade conhecida a clonazepam ou a qualquer dos excipientes do medicamento. Além disso, não deve ser usado em pacientes com insuficiência respiratória grave ou comprometimento do fígado grave, pois os benzodiazepínicos podem causar comprometimento do sistema nervoso secundário a problemas hepáticos.

Especificamente:
*   Rivotril® comprimidos e Rivotril® gotas são contraindicados para o tratamento de transtornos do pânico em pacientes com histórico médico de apneia do sono.
*   É contraindicado para pacientes com glaucoma agudo de ângulo fechado.

Adicionalmente, a bula alerta que não se deve tomar Rivotril® com álcool e/ou depressores do sistema nervoso central, pois essa combinação pode aumentar os efeitos do medicamento, resultando em potencial sedação grave, depressão cardiovascular e/ou respiratória, podendo levar a coma ou morte.

Em geral, é fundamental informar o médico sobre outros problemas de saúde como doenças nos rins ou fígado (por exemplo: cirrose hepática), distúrbio neuromuscular ou respiratório, para avaliar se há contraindicações específicas.

---
*Esta resposta se baseia apenas nos trechos da bula recuperados e não substitui orientação médica ou farmacêutica.*","De acordo com a bula do medicamento RIVOTRIL, consta a seguinte informação:
O uso de Rivotril® é contraindicado em pacientes que apresentem hipersensibilidade conhecida a clonazepam ou a qualquer dos excipientes do medicamento. Além disso, não deve ser usado em pacientes com insuficiência respiratória grave ou comprometimento do fígado grave, pois os benzodiazepínicos podem causar comprometimento do sistema nervoso secundário a problemas hepáticos.

Especificamente:
*   Rivotril® comprimidos e Rivotril® gotas são contraindicados para o tratamento de transtornos do pânico em pacientes com histórico médico de apneia do sono.
*   É contraindicado para pacientes com glaucoma agudo de ângulo fechado.

Adicionalmente, a bula alerta que não se deve tomar Rivotril® com álcool e/ou depressores do sistema nervoso central, pois essa combinação pode aumentar os efeitos do medicamento, resultando em potencial sedação grave, depressão cardiovascular e/ou respiratória, podendo levar a coma ou morte.

Em geral, é fundamental informar o médico sobre outros problemas de saúde como doenças nos rins ou fígado (por exemplo: cirrose hepática), distúrbio neuromuscular ou respiratório, para avaliar se há contraindicações específicas.","ONDE, COMO E POR QUANTO TEMPO POSSO GUARDAR ESTE MEDICAMENTO?, QUAIS OS MALES QUE ESTE MEDICAMENTO PODE ME CAUSAR?, QUANDO NÃO DEVO USAR ESTE MEDICAMENTO?, O QUE DEVO SABER ANTES DE USAR ESTE MEDICAMENTO?, O QUE FAZER SE ALGUÉM USAR UMA QUANTIDADE MAIOR DO QUE A INDICADA DESTE MEDICAMENTO?, COMO DEVO USAR ESTE MEDICAMENTO?","chunk_6fd3c193ea42, chunk_5e3d4ac1c930, chunk_f4367282d8f7, chunk_7d57d737a19d, chunk_d77c1f8474ad, chunk_ddd8cf00aa9e, chunk_39858a900960, chunk_6fd00831c65b","[""QUANDO NÃO DEVO USAR ESTE MEDICAMENTO? Rivotril® é contraindicado a pacientes com hipersensibilidade conhecida a clonazepam ou a qualquer dos excipientes do medicamento, em pacientes com insuficiência respiratória grave ou comprometimento do fígado grave, pois os benzodiazepínicos podem lev ar à ocorrência de comprome timento do sistema nervoso, secundário ao problema no fígado. Rivotril® comprimidos e Rivotril® gotas são contraindicados para o tratamento de transtornos do pânico em pacientes com histórico médico de apneia do sono. Rivotril® é contraindicado a pacientes com glaucoma agudo de ângulo fechado. Rivotril® pode ser usado por pacientes com glaucoma de ângulo aberto, desde que estejam recebendo terapia apropriada. 4."", ""O QUE DEVO SABER ANTES DE USAR ESTE MEDICAMENTO? Antes de tomar Rivotril®, informe seu médico se você tem ou teve: 1) outros problemas de saúde, como doenças nos rins ou fígado (por exemplo: cirrose hepática), distúrbio neuromuscular ou respiratório, porfiria (doença em que ocorre deficiência de enzimas específicas na via da biossíntese do heme); 2) sinais ou sintomas de depressão e/ou tentativa de suicídio; 3) intolerância à galactose (açúcar) ou deficiência de lactase (enzima que quebra a lactose); 4) ataxia cerebelar ou espinhal (descoordenação dos movimentos por problema do cerebelo ou medula); 5) uso regular ou intoxicação aguda por álcool ou drogas. Pode ocorrer perda de efeito durante o tratamento com clonazepam. Não tome Rivotril® com álcool e/ou depressores do sistema nervoso ce ntral, essa combinação pode aumentar os efeitos de Rivotril®, com potencial sedação grave que pode resultar em coma ou morte, depressão cardiovascular e/ou respiratória. Caso ocorram reações paradoxais  durante o tratamento, fale com seu médico, pois o uso do medicamento deve ser descontinuado. Pode ocorrer amnésia anterógrada (perda da habilidade de criar novas memórias e absorver novas informações), com o uso de benzodiazepínicos em doses terapêuticas. Rivotril® pode precipitar o estado de mal epiléptico (crises epilépticas em sequência rápida). Fale com seu médico antes de aumentar a dose ou interromper abruptamente esta medicação. Abuso e dependência do medicamento O uso de benzodiazepínicos pode lev ar ao desenvolvime nto de dependê ncia física e psic ológica."", ""quedas e fraturas. Risco maior em pessoas que usam outros sedativos incluindo bebidas alcoólicas e em idosos. Exames complementares : diminuição do número de plaquetas (raro). Diminuição dos glóbulos brancos e anemia, alterações dos exames da função do fígado. Distúrbios do ouvido: otite, vertigem. Diversas: desidratação, deterioração geral, febre, aumento dos gânglios linfáticos, ganho ou perda de peso, infecção viral. Informe ao seu médico, cirurgião-dentista ou farmacêutico o aparecimento de reações indesejáveis pelo uso do medicamento. Informe também à empresa através do seu serviço de atendimento. 9."", ""tamento, portanto a retirada brusca do medicamento deve ser evitada. O tratamento (mesmo de curta duração) deve ser interrompido pela redução gradativa da dose diária. Efeitos sobre a capacidade de dirigir e operar máquinas Clonazepam pode lentificar as reações, efeito agravado com o uso de álcool. Durante o tratamento, o paciente não deve dirigir veíc ulos ou operar máquinas, pois sua habilidade e atenção podem estar prejudicadas. Até o momento, não há informações de que Rivotril® cause doping. Em caso de dúvidas, consulte o seu médico. Gravidez e amamentação \n3 Este medicamento não deve ser utilizado por mulheres grávidas sem orientação médica ou do cirurgião- dentista. Rivotril® só deve ser administrado a gestantes se houver indicação absoluta e se os benefícios potenciais superarem os riscos para o feto. Rivotril® pode prejudicar seu bebê. Informe seu médico se estiver grávida ou se está tentando engravidar. O uso de altas dos es no último trimestre da gestação ou no trabalho de pa rto pode causar irregularidades no batimen to cardíaco do f eto e baixa tempera tura corpórea, f alta de tônus musc ular, depressão respiratória e dificuldade de sucção no bebê. Tanto a gestação quanto a suspensão de Rivotril® podem exacerbar a epilepsia. Informe seu médico se estiver amamentando. Se você realmente precisar tomar Rivotril®, a amamentação deve ser descontinuada. Uso em crianças Avaliar o risco / benefício do uso de Rivotril® a longo prazo em pacientes pediátr icos com distúrbios epilépticos."", ""ecipitar o estado de mal epiléptico (crises epilépticas em sequência rápida). Fale com seu médico antes de aumentar a dose ou interromper abruptamente esta medicação. Abuso e dependência do medicamento O uso de benzodiazepínicos pode lev ar ao desenvolvime nto de dependê ncia física e psic ológica. O risco de dependência aumenta com a dose, tratamentos prolongados e em pacientes com história de abuso de álcool ou drogas. Em caso de dependência, especialmente com doses elevadas, a descontinuação brusca do tratamento será acompanhada por sintomas de abstinência: psicoses, distúrbio comportamental, tremor, sudorese, agitação, distúrbios do sono e ansiedade, dor de cabeça, diarreia, dores musculares, câimbras, ansiedade extrema, tensão, cansaço, inquietação, alteração de humor, confusão, irritabilidade e convulsões epiléticas que podem ser associadas à doença de base. Em casos graves, desrealização (sentimentos de estranhamento ou distanciamento em relação ao ambiente), despersonalização (processo psíquico, em que se tem a impressão de que se é estranho a si mesmo), hipersensibilidade ao som, à luz, a ruídos e ao contato físico, sensações anormais, formigamentos, alucinações. O risco dos sintomas de abstinência é maior após descontinuação súbita do tratamento, portanto a retirada brusca do medicamento deve ser evitada. O tratamento (mesmo de curta duração) deve ser interrompido pela redução gradativa da dose diária. Efeitos sobre a capacidade de dirigir e operar máquinas Clonazepam pode lentificar as reações, efeito agravado com o uso de álcool."", ""O QUE FAZER SE ALGUÉM USAR UMA QUANTIDADE MAIOR DO QUE A INDICADA DESTE MEDICAMENTO? Sintomas Os benzodiazepínicos geralmente causam sonolência, ataxia (perda da coordenação dos movimentos), disartria, nistagmo, confusão mental, excitação e lentidão de movimento. A superdose de Rivotril® está raramente associada com risco de morte, caso o medicamento tenha sido tomado isoladamente, mas pode levar à arreflexia (ausência de reflexos), apneia, hipotensão arterial, depressão cardiorrespiratória e coma. Se ocorrer coma, normalmente tem duração de poucas horas; porém, pode ser prolongado e cíclico, particularmente em idosos. A depressão respiratória por benzodiazepínicos é mais séria em pacientes com doença respiratória. Os benzodiazepínicos aumentam os efeitos de outros depressores do sistema nervoso central, incluindo o álcool. Conduta Monitorar sinais vitais e instituir medidas de suporte a critério médico. Advertência Flumazenil não é indicado a pacientes com epilepsia que foram tratados com benzodiazepínicos. Em caso de uso de grande quantid ade deste medicamento, procure rapidamente socorro médico e leve a embalagem ou bula do medicamento, se possível. Ligue para 0800 722 6001, se você precisar de mais orientações. MS-1.1524.0011 Farmacêutico Responsável: Dr. Adriano Costa Leite – CRF-SP n° 38.716 Registrado por: Blanver Farmoquímica e Farmacêutica S.A. Rua Francisco Tramontano, 101 -Sala 507 Real Parque – CEP 05686-010 – São Paulo – SP CNPJ 53.359.824/0001-19 Fabricado e Embalado por: Produtos Roche Químicos e Farmacêuticos S.A. Est. dos Bandeirantes, 2020"", ""ONDE, COMO E POR QUANTO TEMPO POSSO GUARDAR ESTE MEDICAMENTO? Rivotril® comprimidos de 0,5 mg e 2,0 mg devem ser armazenados em temperatura ambiente (entre 15 e 30 ºC). Número de lote e datas de fabricação e validade: vide embalagem. Não use medicamento com o prazo de validade vencido. Guarde-o em sua embalagem original. Aspecto físico Os comprimidos de 0,5 mg de Rivotril® apresentam formato cilíndrico biplano com presença de ranhura e cor laranja pálido. Os comprimidos de 2,0 mg de Rivotril® apresentam formato cilíndrico biplano com presença de ranhura e cor branca a levemente amarelada. Características organolépticas Rivotril® comprimidos de 0,5 mg e 2,0 mg não apresenta características marcantes que o diferenciem de outros comprimidos. Antes de usar, observe o aspecto do medicamento. Caso ele esteja no prazo de validade e você observe alguma mudança no aspecto, consulte o farmacêu tico para saber se poderá utilizá-lo. \n4 Todo medicamento deve ser mantid o fora do alcance das crianças. 6."", ""eve ser utilizada em idosos. Deve-se ter especial cuidado durante as alterações na dose. Comprometimento do fígado: pacientes com comprometimento do fígado grave não devem ser tratados com clonazepam e pacientes com comprometimento hepático leve a moderado devem receber a dose mais baixa possível. \n5 Instruções especiais de administração Rivotril® pode ser usado com outros antiepilépticos. Nesse caso, seu médico ajustará a dose de cada medicamento para atingir o efeito ideal. Não pare de tomar Rivotril® subitamente, você pode ter novas crises epilépticas. Somente seu médico poderá orientar a interrupção do tratamento reduzindo gradualmente a dose utilizada. Siga a orientação de seu médico, respeitando sempre os horários, as doses e a duração do tratamento. Não interrompa o tratamento sem o conhecimento do seu médico. 7. O QUE DEVO FAZER QUANDO EU ME ESQU ECER DE USAR ESTE MEDICAMENTO? Nunca dobre a dose na próxima tomada. Apenas continue com a próxima dose no tempo determinado. Em caso de dúvidas, procure orientação do farmacêutico, de seu médico ou cirurgião-dentista. 8.""]",174.704,133.967
guarded_hybrid_agentic_fusion_rag,ollama:gemma4:e4b,RIVOTRIL,Qual é a dose inicial recomendada de Rivotril para distúrbio do pânico em adultos?,facil,"Para distúrbio do pânico em adultos, a dose inicial recomendada é 0,5 mg por dia, dividida em duas doses.",COMO DEVO USAR ESTE MEDICAMENTO?,"De acordo com a bula do medicamento RIVOTRIL, consta a seguinte informação: Para o distúrbio do pânico em adultos, a dose inicial recomendada é de 0,5 mg/dia, dividida em 2 doses.

---
*Esta resposta se baseia apenas nos trechos da bula recuperados e não substitui orientação médica ou farmacêutica.*","De acordo com a bula do medicamento RIVOTRIL, consta a seguinte informação: Para o distúrbio do pânico em adultos, a dose inicial recomendada é de 0,5 mg/dia, dividida em 2 doses.","PARA QUE ESTE MEDICAMENTO É INDICADO?, QUAIS OS MALES QUE ESTE MEDICAMENTO PODE ME CAUSAR?, QUANDO NÃO DEVO USAR ESTE MEDICAMENTO?, O QUE DEVO SABER ANTES DE USAR ESTE MEDICAMENTO?, O QUE FAZER SE ALGUÉM USAR UMA QUANTIDADE MAIOR DO QUE A INDICADA DESTE MEDICAMENTO?, COMO ESTE MEDICAMENTO FUNCIONA?, COMO DEVO USAR ESTE MEDICAMENTO?","chunk_9d0ab2325c26, chunk_3fede5899876, chunk_d111e9aa94c7, chunk_d1e77a6a6e34, chunk_0ce797d87485, chunk_6fd3c193ea42, chunk_ddd8cf00aa9e, chunk_d77c1f8474ad","[""COMO DEVO USAR ESTE MEDICAMENTO? Tome os comprimidos por via oral com pouca quantidade de líquido não alcoólico. A dose de Rivotril® depende da doença, da resposta clínica, idade e tolerabilidade. Recomenda-se que o tratamento inicie com doses mais baixas, que podem ser aumentadas se necessário. Siga a orientação médica. Distúrbios epilépticos Adultos Dose inicial: não exceder 1,5 mg/dia, dividida em 3 doses. Aumentar a critério médico. Dose de manutenção: será definida pelo seu médico, de acordo com sua resposta. Dose diária máxima recomendada: 20 mg. Se você já usa outro anticonvulsivante, avise seu médico. Recém-nascidos e crianças até 10 anos de idade ou 30 kg de peso Dose inicial média: 0,01 a 0,03 mg/kg/dia. Não exceder 0,05 mg/kg/dia, dividido em 2 ou 3 doses diárias. Crianças entre 10 e 16 anos de idade: Dose inicial: 1 a 1,5 mg/dia, dividido em 2 a 3 doses. A dose pode ser aumentada, a critério médico, até atingir a dose de manutenção individual, usualmente de 3 a 6 mg/dia. Sempre que possível, dividir a dose diária em 3 doses iguais. Caso não seja possível, a maior dose deve ser tomada antes de deitar. Transtornos de ansiedade  Distúrbio do pânico: Adultos: - Dose inicial: 0,5 mg/dia, dividida em 2 doses. Pode-se aumentar a dose a critério médico. - Dose de manutenção: critério médico, de acordo com sua resposta. A dose tomada ao deitar reduz a inconveniência da sonolência e pode ser desejável no in ício do tratamento. A retirada deve ser gradual, até que o medicamento seja totalmente suspenso.  Como ansiolítico em geral: 0,25 mg a 4,0 mg/dia."", ""PARA QUE ESTE MEDICAMENTO É INDICADO? Adulto e pediátrico Distúrbio epiléptico Rivotril® é indicado para tratar crises epilépticas e espasmos infantis (síndrome de West). Adulto Rivotril® também é indicado para: Transtornos de ansiedade  Como ansiolítico em geral.  Distúrbio do pânico com ou sem medo de espaços abertos.  Fobia social (medo de situações como falar em público). Transtornos do humor  Transtorno afetivo bipolar (fases de depressão e mania): tratamento da mania.  Depressão maior: associado à antidepressivos na depressão ansiosa e início do tratamento. Síndromes psicóticas  Acatisia (inquietação extrema, geralmente provocada por medicamentos psiquiátricos). Síndrome das pernas inquietas (des conforto ou dor nas pernas que le va à necessidade de movimentá-las, prejudicando o sono). Vertigem e distúrbios do equilíbrio: náuseas, vômitos, desmaios, quedas, zumbidos e distúrbios auditivos. Síndrome da boca ardente (sensação de queimação na parte interna da boca, sem alterações físicas). 2."", ""COMO ESTE MEDICAMENTO FUNCIONA? Clonazepam pertence à classe dos benzodiazepínicos, medicamentos que causam inibição leve do sistema nervoso, com consequente ação anticonvulsivante, sedativa leve, relaxante muscular e tranquilizante. A ação de Rivotril® oral dose única inicia em 30 a 60 minutos e se estende por 6 à 8 h em crianças e 8 a 12 h em adultos. \n2 3."", ""de Rivotril® podem exacerbar a epilepsia. Informe seu médico se estiver amamentando. Se você realmente precisar tomar Rivotril®, a amamentação deve ser descontinuada. Uso em crianças Avaliar o risco / benefício do uso de Rivotril® a longo prazo em pacientes pediátr icos com distúrbios epilépticos. Rivotril® pode aumentar a salivação e as secreções brônquicas em lactentes e crianças pequenas. Atenção: manter as vias aéreas livres. Não há dados de eficácia / segurança de Rivotril® em menores de 18 anos com distúrbio do pânico. Uso em idosos Os efeitos dos benzodiazepínicos parecem ser maiores em pacientes idosos do que em pacientes mais jovens, mesmo em concentrações plasmáticas similares. Principais interações medicamentosas Informe seu médico se esti ver tomando outros medica mentos, incluindo as substâncias a seguir, pois elas podem interagir com Rivotril®: – Depressores do sistema nervoso central e álcool; – Medicamentos que agem no sistema nervoso: antidepressivos, medicamento s para dormir, alguns analgésicos, antipsicóticos, ansiolíticos, anticonvulsivantes; – Medicamentos para o estômago. Interações fármaco-alimento Interações com alimentos não foram estabelecidas. O suco de toranja pode aumentar o efeito de Rivotril®. Interações fármaco-laboratório Interações com testes laboratoriais não foram estabelecidas. Informe ao seu médico ou cirurgião-dentista se você está fazendo uso de algum outro medicamento. Não use medicamento sem o conhecimento do seu médico. Pode ser perigoso para a sua saúde. 5."", ""no Costa Leite – CRF-SP n° 38.716 Registrado por: Blanver Farmoquímica e Farmacêutica S.A. Rua Francisco Tramontano, 101 -Sala 507 Real Parque – CEP 05686-010 – São Paulo – SP CNPJ 53.359.824/0001-19 Fabricado e Embalado por: Produtos Roche Químicos e Farmacêuticos S.A. Est. dos Bandeirantes, 2020 \n7 CEP 22775-109 – Rio de Janeiro – RJ Comercializado por: Biopas Brasil Produtos Farmacêuticos Ltda Estrada da Lagoinha, 501 - Bloco 3 - Lagoa CEP: 06730-000 - Vargem Grande Paulista – SP Indústria Brasileira Serviço Atendimento ao Consumidor – 0800 591 9210 VENDA SOB PRESCRIÇÃO MÉDICA. O ABUS O DESTE MEDICAMENTO PODE CAUSAR DEPENDÊNCIA. Esta bula foi aprovada pela ANVISA em 03/03/2022. Bula_VP_Rivotril_V.01 \n8 Rivotril® (clonazepam) Comprimidos sublinguais 0,25 mg Blanver Farmoquímica e Farmacêutica S.A \n1"", ""QUANDO NÃO DEVO USAR ESTE MEDICAMENTO? Rivotril® é contraindicado a pacientes com hipersensibilidade conhecida a clonazepam ou a qualquer dos excipientes do medicamento, em pacientes com insuficiência respiratória grave ou comprometimento do fígado grave, pois os benzodiazepínicos podem lev ar à ocorrência de comprome timento do sistema nervoso, secundário ao problema no fígado. Rivotril® comprimidos e Rivotril® gotas são contraindicados para o tratamento de transtornos do pânico em pacientes com histórico médico de apneia do sono. Rivotril® é contraindicado a pacientes com glaucoma agudo de ângulo fechado. Rivotril® pode ser usado por pacientes com glaucoma de ângulo aberto, desde que estejam recebendo terapia apropriada. 4."", ""O QUE FAZER SE ALGUÉM USAR UMA QUANTIDADE MAIOR DO QUE A INDICADA DESTE MEDICAMENTO? Sintomas Os benzodiazepínicos geralmente causam sonolência, ataxia (perda da coordenação dos movimentos), disartria, nistagmo, confusão mental, excitação e lentidão de movimento. A superdose de Rivotril® está raramente associada com risco de morte, caso o medicamento tenha sido tomado isoladamente, mas pode levar à arreflexia (ausência de reflexos), apneia, hipotensão arterial, depressão cardiorrespiratória e coma. Se ocorrer coma, normalmente tem duração de poucas horas; porém, pode ser prolongado e cíclico, particularmente em idosos. A depressão respiratória por benzodiazepínicos é mais séria em pacientes com doença respiratória. Os benzodiazepínicos aumentam os efeitos de outros depressores do sistema nervoso central, incluindo o álcool. Conduta Monitorar sinais vitais e instituir medidas de suporte a critério médico. Advertência Flumazenil não é indicado a pacientes com epilepsia que foram tratados com benzodiazepínicos. Em caso de uso de grande quantid ade deste medicamento, procure rapidamente socorro médico e leve a embalagem ou bula do medicamento, se possível. Ligue para 0800 722 6001, se você precisar de mais orientações. MS-1.1524.0011 Farmacêutico Responsável: Dr. Adriano Costa Leite – CRF-SP n° 38.716 Registrado por: Blanver Farmoquímica e Farmacêutica S.A. Rua Francisco Tramontano, 101 -Sala 507 Real Parque – CEP 05686-010 – São Paulo – SP CNPJ 53.359.824/0001-19 Fabricado e Embalado por: Produtos Roche Químicos e Farmacêuticos S.A. Est. dos Bandeirantes, 2020"", ""os efeitos comportamentais. Alterações da libido (casos raros). Dependência e retirada, vide item “Abuso e dependência do medicamento”. Distúrbios do sistema nervoso: diminuição da concentração, sonolência, lentificação, hipotonia muscular, tonturas, ataxia são frequentes e geralmente transitórias. Dor de cabeça (raro). Distúrbios reversíveis: dificuldade para articular a fala, incoordenação de movimentos e da marcha, movimento anormal dos olhos. Pode haver esquecimento de fatos recentes, associado a alteração de comp ortamento. Pode haver au mento das crises convul sivas em determinadas formas de epilepsia. Perda da voz, movimentos grosseiros e descoordenados de braços e pernas, coma, tremor, perda de força de um lado do corpo, sensação de cabeça leve, falta de energia e formigamento e alteração da sensibilidade nas extremidades. Distúrbios oculares: visão dupla reversível, aparência de “olho vítreo”. Distúrbios cardiovasculares: palpitações, dor torácica, insuficiência cardíaca (incluindo parada cardíaca). Distúrbios respiratórios : congestão pulmonar, congestão nasal, hipersecreção, tosse, falta de ar, bronquite, rinite, faringite. Pode ocorrer depressão respiratória. Rivotril® pode aumentar a produção de saliva ou de secreção brônquica (secreção nas vias aéreas) em lactentes e crianças. Distúrbios gastrintestinais: perda do apetite, língua saburrosa, constipação, diarreia, boca seca, incontinência fecal (perda do controle da evacuação), gastrite, aumento do fígado, apetite aumentado, gengivas doloridas, dor abdominal, inflamação gastrintestinal, dor de dente.""]",172.252,50.22
guarded_hybrid_agentic_fusion_rag,ollama:gemma4:e4b,RIVOTRIL,Rivotril pode causar sonolência?,facil,Sim. Sonolência foi uma das reações que ocorreram em 5% ou mais dos pacientes em estudos clínicos.,QUAIS OS MALES QUE ESTE MEDICAMENTO PODE ME CAUSAR?,"De acordo com a bula do medicamento RIVOTRIL, consta a seguinte informação: Sim, sonolência é um efeito colateral que pode ser causado pelo uso de Rivotril. Diversas seções da bula indicam que os benzodiazepínicos geralmente causam sonolência, sendo este um sintoma frequente e geralmente transitório. Além disso, o risco de sedação grave aumenta quando o medicamento é combinado com outros depressores do sistema nervoso central, como álcool ou outros medicamentos para dormir.

---
*Esta resposta se baseia apenas nos trechos da bula recuperados e não substitui orientação médica ou farmacêutica.*","De acordo com a bula do medicamento RIVOTRIL, consta a seguinte informação: Sim, sonolência é um efeito colateral que pode ser causado pelo uso de Rivotril. Diversas seções da bula indicam que os benzodiazepínicos geralmente causam sonolência, sendo este um sintoma frequente e geralmente transitório. Além disso, o risco de sedação grave aumenta quando o medicamento é combinado com outros depressores do sistema nervoso central, como álcool ou outros medicamentos para dormir.","QUAIS OS MALES QUE ESTE MEDICAMENTO PODE ME CAUSAR?, O QUE FAZER SE ALGUÉM USAR UMA QUANTIDADE MAIOR DO QUE A INDICADA DESTE MEDICAMENTO?, QUANDO NÃO DEVO USAR ESTE MEDICAMENTO?, O QUE DEVO SABER ANTES DE USAR ESTE MEDICAMENTO?","chunk_ddd8cf00aa9e, chunk_d77c1f8474ad, chunk_6fd3c193ea42, chunk_f4367282d8f7, chunk_d1e77a6a6e34, chunk_6fd00831c65b, chunk_d77c1f8474ad, chunk_5e3d4ac1c930","[""O QUE FAZER SE ALGUÉM USAR UMA QUANTIDADE MAIOR DO QUE A INDICADA DESTE MEDICAMENTO? Sintomas Os benzodiazepínicos geralmente causam sonolência, ataxia (perda da coordenação dos movimentos), disartria, nistagmo, confusão mental, excitação e lentidão de movimento. A superdose de Rivotril® está raramente associada com risco de morte, caso o medicamento tenha sido tomado isoladamente, mas pode levar à arreflexia (ausência de reflexos), apneia, hipotensão arterial, depressão cardiorrespiratória e coma. Se ocorrer coma, normalmente tem duração de poucas horas; porém, pode ser prolongado e cíclico, particularmente em idosos. A depressão respiratória por benzodiazepínicos é mais séria em pacientes com doença respiratória. Os benzodiazepínicos aumentam os efeitos de outros depressores do sistema nervoso central, incluindo o álcool. Conduta Monitorar sinais vitais e instituir medidas de suporte a critério médico. Advertência Flumazenil não é indicado a pacientes com epilepsia que foram tratados com benzodiazepínicos. Em caso de uso de grande quantid ade deste medicamento, procure rapidamente socorro médico e leve a embalagem ou bula do medicamento, se possível. Ligue para 0800 722 6001, se você precisar de mais orientações. MS-1.1524.0011 Farmacêutico Responsável: Dr. Adriano Costa Leite – CRF-SP n° 38.716 Registrado por: Blanver Farmoquímica e Farmacêutica S.A. Rua Francisco Tramontano, 101 -Sala 507 Real Parque – CEP 05686-010 – São Paulo – SP CNPJ 53.359.824/0001-19 Fabricado e Embalado por: Produtos Roche Químicos e Farmacêuticos S.A. Est. dos Bandeirantes, 2020"", ""os efeitos comportamentais. Alterações da libido (casos raros). Dependência e retirada, vide item “Abuso e dependência do medicamento”. Distúrbios do sistema nervoso: diminuição da concentração, sonolência, lentificação, hipotonia muscular, tonturas, ataxia são frequentes e geralmente transitórias. Dor de cabeça (raro). Distúrbios reversíveis: dificuldade para articular a fala, incoordenação de movimentos e da marcha, movimento anormal dos olhos. Pode haver esquecimento de fatos recentes, associado a alteração de comp ortamento. Pode haver au mento das crises convul sivas em determinadas formas de epilepsia. Perda da voz, movimentos grosseiros e descoordenados de braços e pernas, coma, tremor, perda de força de um lado do corpo, sensação de cabeça leve, falta de energia e formigamento e alteração da sensibilidade nas extremidades. Distúrbios oculares: visão dupla reversível, aparência de “olho vítreo”. Distúrbios cardiovasculares: palpitações, dor torácica, insuficiência cardíaca (incluindo parada cardíaca). Distúrbios respiratórios : congestão pulmonar, congestão nasal, hipersecreção, tosse, falta de ar, bronquite, rinite, faringite. Pode ocorrer depressão respiratória. Rivotril® pode aumentar a produção de saliva ou de secreção brônquica (secreção nas vias aéreas) em lactentes e crianças. Distúrbios gastrintestinais: perda do apetite, língua saburrosa, constipação, diarreia, boca seca, incontinência fecal (perda do controle da evacuação), gastrite, aumento do fígado, apetite aumentado, gengivas doloridas, dor abdominal, inflamação gastrintestinal, dor de dente."", ""QUANDO NÃO DEVO USAR ESTE MEDICAMENTO? Rivotril® é contraindicado a pacientes com hipersensibilidade conhecida a clonazepam ou a qualquer dos excipientes do medicamento, em pacientes com insuficiência respiratória grave ou comprometimento do fígado grave, pois os benzodiazepínicos podem lev ar à ocorrência de comprome timento do sistema nervoso, secundário ao problema no fígado. Rivotril® comprimidos e Rivotril® gotas são contraindicados para o tratamento de transtornos do pânico em pacientes com histórico médico de apneia do sono. Rivotril® é contraindicado a pacientes com glaucoma agudo de ângulo fechado. Rivotril® pode ser usado por pacientes com glaucoma de ângulo aberto, desde que estejam recebendo terapia apropriada. 4."", ""quedas e fraturas. Risco maior em pessoas que usam outros sedativos incluindo bebidas alcoólicas e em idosos. Exames complementares : diminuição do número de plaquetas (raro). Diminuição dos glóbulos brancos e anemia, alterações dos exames da função do fígado. Distúrbios do ouvido: otite, vertigem. Diversas: desidratação, deterioração geral, febre, aumento dos gânglios linfáticos, ganho ou perda de peso, infecção viral. Informe ao seu médico, cirurgião-dentista ou farmacêutico o aparecimento de reações indesejáveis pelo uso do medicamento. Informe também à empresa através do seu serviço de atendimento. 9."", ""de Rivotril® podem exacerbar a epilepsia. Informe seu médico se estiver amamentando. Se você realmente precisar tomar Rivotril®, a amamentação deve ser descontinuada. Uso em crianças Avaliar o risco / benefício do uso de Rivotril® a longo prazo em pacientes pediátr icos com distúrbios epilépticos. Rivotril® pode aumentar a salivação e as secreções brônquicas em lactentes e crianças pequenas. Atenção: manter as vias aéreas livres. Não há dados de eficácia / segurança de Rivotril® em menores de 18 anos com distúrbio do pânico. Uso em idosos Os efeitos dos benzodiazepínicos parecem ser maiores em pacientes idosos do que em pacientes mais jovens, mesmo em concentrações plasmáticas similares. Principais interações medicamentosas Informe seu médico se esti ver tomando outros medica mentos, incluindo as substâncias a seguir, pois elas podem interagir com Rivotril®: – Depressores do sistema nervoso central e álcool; – Medicamentos que agem no sistema nervoso: antidepressivos, medicamento s para dormir, alguns analgésicos, antipsicóticos, ansiolíticos, anticonvulsivantes; – Medicamentos para o estômago. Interações fármaco-alimento Interações com alimentos não foram estabelecidas. O suco de toranja pode aumentar o efeito de Rivotril®. Interações fármaco-laboratório Interações com testes laboratoriais não foram estabelecidas. Informe ao seu médico ou cirurgião-dentista se você está fazendo uso de algum outro medicamento. Não use medicamento sem o conhecimento do seu médico. Pode ser perigoso para a sua saúde. 5."", ""QUAIS OS MALES QUE ESTE MEDICAMENTO PODE ME CAUSAR? Algumas reações são transitórias e desaparecem espontaneamente no decorrer do tratamento ou com redução da dose. As reações que ocorreram em ≥ 5% dos pacientes em estudos clínicos foram: sonolência, dor de cabeça, infecção das vias aéreas superiores, cansaço, gripe, depressão, vertigem, irritabilidade, insônia, perda da coordenação de movimentos e da marcha, perda do equilíbrio, náusea, sensação de cabeça leve, sinusite e concentração prejudicada. Pós-comercialização: Distúrbios do sistema imunológico: reações alérgicas e muito poucos casos de anafilaxia (reação alérgica grave). Distúrbios endócrinos: casos isolados, reversíveis, de puberdade precoce incompleta em crianças. Distúrbios psiquiátricos: amnésia, alucinações, histeria, psicose, tentativa de suicídio, despersonalização, distúrbio de memória, desinibição orgânica, ideias suicidas, lamentações, distúrbios emocionais e de humor, estado confusional e desorientação. Depressão pode estar associada à doença de base. Reações paradoxais: inquietação, agitação, irritabilidade, agressividade, nervosismo, hostilidade, ansiedade, distúrbios do sono, delírio, raiva, pesadelos, sonhos anormais, alucinações, psicose, hiperatividade, comp ortamento inapropriado e outros efeitos comportamentais. Alterações da libido (casos raros). Dependência e retirada, vide item “Abuso e dependência do medicamento”. Distúrbios do sistema nervoso: diminuição da concentração, sonolência, lentificação, hipotonia muscular, tonturas, ataxia são frequentes e geralmente transitórias."", ""ecipitar o estado de mal epiléptico (crises epilépticas em sequência rápida). Fale com seu médico antes de aumentar a dose ou interromper abruptamente esta medicação. Abuso e dependência do medicamento O uso de benzodiazepínicos pode lev ar ao desenvolvime nto de dependê ncia física e psic ológica. O risco de dependência aumenta com a dose, tratamentos prolongados e em pacientes com história de abuso de álcool ou drogas. Em caso de dependência, especialmente com doses elevadas, a descontinuação brusca do tratamento será acompanhada por sintomas de abstinência: psicoses, distúrbio comportamental, tremor, sudorese, agitação, distúrbios do sono e ansiedade, dor de cabeça, diarreia, dores musculares, câimbras, ansiedade extrema, tensão, cansaço, inquietação, alteração de humor, confusão, irritabilidade e convulsões epiléticas que podem ser associadas à doença de base. Em casos graves, desrealização (sentimentos de estranhamento ou distanciamento em relação ao ambiente), despersonalização (processo psíquico, em que se tem a impressão de que se é estranho a si mesmo), hipersensibilidade ao som, à luz, a ruídos e ao contato físico, sensações anormais, formigamentos, alucinações. O risco dos sintomas de abstinência é maior após descontinuação súbita do tratamento, portanto a retirada brusca do medicamento deve ser evitada. O tratamento (mesmo de curta duração) deve ser interrompido pela redução gradativa da dose diária. Efeitos sobre a capacidade de dirigir e operar máquinas Clonazepam pode lentificar as reações, efeito agravado com o uso de álcool."", ""O QUE DEVO SABER ANTES DE USAR ESTE MEDICAMENTO? Antes de tomar Rivotril®, informe seu médico se você tem ou teve: 1) outros problemas de saúde, como doenças nos rins ou fígado (por exemplo: cirrose hepática), distúrbio neuromuscular ou respiratório, porfiria (doença em que ocorre deficiência de enzimas específicas na via da biossíntese do heme); 2) sinais ou sintomas de depressão e/ou tentativa de suicídio; 3) intolerância à galactose (açúcar) ou deficiência de lactase (enzima que quebra a lactose); 4) ataxia cerebelar ou espinhal (descoordenação dos movimentos por problema do cerebelo ou medula); 5) uso regular ou intoxicação aguda por álcool ou drogas. Pode ocorrer perda de efeito durante o tratamento com clonazepam. Não tome Rivotril® com álcool e/ou depressores do sistema nervoso ce ntral, essa combinação pode aumentar os efeitos de Rivotril®, com potencial sedação grave que pode resultar em coma ou morte, depressão cardiovascular e/ou respiratória. Caso ocorram reações paradoxais  durante o tratamento, fale com seu médico, pois o uso do medicamento deve ser descontinuado. Pode ocorrer amnésia anterógrada (perda da habilidade de criar novas memórias e absorver novas informações), com o uso de benzodiazepínicos em doses terapêuticas. Rivotril® pode precipitar o estado de mal epiléptico (crises epilépticas em sequência rápida). Fale com seu médico antes de aumentar a dose ou interromper abruptamente esta medicação. Abuso e dependência do medicamento O uso de benzodiazepínicos pode lev ar ao desenvolvime nto de dependê ncia física e psic ológica.""]",163.694,118.741
guarded_hybrid_agentic_fusion_rag,ollama:gemma4:e4b,TYLENOL,Para que serve o TYLENOL?,facil,"TYLENOL é indicado para redução da febre e para o alívio temporário de dores leves a moderadas, como dores associadas a resfriados comuns, dor de cabeça, dor no corpo, dor de dente, dor nas costas, dores musculares, dores leves associadas a artrites e cólicas menstruais.",PARA QUE ESTE MEDICAMENTO É INDICADO?,"De acordo com a bula do medicamento TYLENOL, consta a seguinte informação: Este medicamento é indicado para a redução da febre e para o alívio temporário de dores leves a moderadas. As dores que podem ser aliviadas incluem aquelas associadas a resfriados comuns, dor de cabeça, dor no corpo, dor de dente, dor nas costas, dores musculares, dores leves associadas a artrites e cólicas menstruais.

---
*Esta resposta se baseia apenas nos trechos da bula recuperados e não substitui orientação médica ou farmacêutica.*","De acordo com a bula do medicamento TYLENOL, consta a seguinte informação: Este medicamento é indicado para a redução da febre e para o alívio temporário de dores leves a moderadas. As dores que podem ser aliviadas incluem aquelas associadas a resfriados comuns, dor de cabeça, dor no corpo, dor de dente, dor nas costas, dores musculares, dores leves associadas a artrites e cólicas menstruais.","PARA QUE ESTE MEDICAMENTO É INDICADO?, ONDE, COMO E POR QUANTO TEMPO POSSO GUARDAR ESTE MEDICAMENTO?, QUAIS OS MALES QUE ESTE MEDICAMENTO PODE ME CAUSAR?, QUANDO NÃO DEVO USAR ESTE MEDICAMENTO?, O QUE DEVO SABER ANTES DE USAR ESTE MEDICAMENTO?, O QUE FAZER SE ALGUÉM USAR UMA QUANTIDADE MAIOR DO QUE A INDICADA DESTE MEDICAMENTO?, COMO ESTE MEDICAMENTO FUNCIONA?","chunk_01578455e892, chunk_578c6a49ac86, chunk_77f72cabf81a, chunk_bcded81d765f, chunk_bd0ae4006d5f, chunk_a508cae3796b, chunk_983a58909e27, chunk_01578455e892","[""O QUE DEVO SABER ANTES DE USAR ESTE MEDICAMENTO?\nTYLENOL® - Paciente Você não deve tomar mais do que a dose recomendada (superdose) para provocar maior alívio, pois pode causar sérios problemas de saúde. Você deve consultar seu médico se a dor ou febre continuarem ou piorarem, ou se surgirem novos sintomas, pois estes sintomas podem ser sinais de doenças graves. Uso com álcool: consumidores de doses abusivas de álcool devem consultar seu médico para saber se podem tomar TYLENOL® ou qualquer outro analgésico. Gravidez e Amamentação Se você estiver grávida ou amamentando, consulte o seu médico antes de usar este medicamento. Este medicamento não deve ser utilizado por mulheres grávidas sem orientação médica ou do cirurgião-dentista. Uso em pacientes com problemas no fígado: Consulte seu médico antes de usar o medicamento. Uso em idosos: Até o momento não são conhecidas restrições específicas ao uso de TYLENOL® por pacientes idosos. Não existe necessidade de ajuste de dose neste grupo etário. Muito raramente, foram relatadas reações cutâneas graves em pacientes que administraram paracetamol. Os sintomas podem incluir: vermelhidão na pele, bolhas e erupções cutâneas. Se ocorrerem reações cutâneas ou piora de problemas de pele já existentes, interrompa o uso do medicamento e procure ajuda médica imediatamente. Não use outro produto que contenha paracetamol. O paracetamol nas doses terapêuticas não foi associado à irritação gástrica. Se você tem pressão alta, não use este produto por mais tempo do que o indicado no rótulo, a menos que indicado por um médico."", ""COMO ESTE MEDICAMENTO FUNCIONA? TYLENOL® reduz a febre atuando no centro regulador da temperatura no Sistema Nervoso Central (SNC) e diminui a sensibilidade a dor. Seu efeito tem início 15 a 30 minutos após a administração oral e permanece por um período de 4 a 6 horas. 3."", ""QUANDO NÃO DEVO USAR ESTE MEDICAMENTO? Você não deve usar TYLENOL® se possuir alergia ao paracetamol ou a qualquer componente de sua fórmula. Este medicamento é contraindicado para menores de 12 anos. 4."", ""QUAIS OS MALES QUE ESTE MEDICAMENTO PODE ME CAUSAR? Este medicamento pode causar algumas reações desagradáveis inesperadas. Caso você tenha uma reação alérgica, deve parar de tomar o medicamento.\nTYLENOL® - Paciente Reação muito rara (ocorre em menos de 0,01% dos pacientes que utilizam este medicamento): urticária, coceira e vermelhidão no corpo, reações alérgicas a este medicamento, aumento das transaminases e erupção fixa medicamentosa. Informe ao seu médico, cirurgião -dentista ou farmacêutico o aparecimento de reações indesejáveis pelo uso do medicamento. Informe também à empresa através do seu serviço de atendimento. 9."", ""ONDE, COMO E POR QUANTO TEMPO POSSO GUARDAR ESTE MEDICAMENTO? TYLENOL® deve ser conservado em temperatura ambiente (entre 15°C e 30°C), protegido da luz e umidade. Número de lote e datas de fabricação e validade: vide embalagem.\nTYLENOL® - Paciente Não use medicamento com o prazo de validade vencido. Guarde- o em sua embalagem original. TYLENOL® 500 mg e TYLENOL® 750 mg são comprimidos revestidos oblongos (ovalados) de cor branca. Antes de usar, observe o aspecto do medicamento. Caso ele esteja no prazo de validade e você observe alguma mudança no aspecto, consulte o farmacêutico para saber se poderá utilizá-lo. Todo medicamento deve ser mantido fora do alcance das crianças. 6."", ""PARA QUE ESTE MEDICAMENTO É INDICADO? Este medicamento é indicado para a redução da febre e para o alívio temporário de dores leves a moderadas, tais como: dores associadas a resfriados comuns, dor de cabeça, dor no corpo, dor de dente, dor nas costas, dores musculares, dores leves associadas a artrites e cólicas menstruais. 2."", ""O QUE FAZER SE ALGUÉM USAR UMA QUANTIDADE MAIOR DO QUE A INDICADA DESTE MEDICAMENTO? O uso de doses excessivas, acima das doses recomendadas (superdose) pode causar danos ao fígado. Em caso de superdose, procure ajuda médica ou um centro de intoxicação imediatamente. O apoio médico imediato é fundamental para adultos e crianças, mesmo se os sinais e sintomas de intoxicação não estiverem presentes. Os sinais e sintomas iniciais que se seguem a uma dose potencialmente hepatotóxica de paracetamol são: perda de apetite, náusea, vômito, sudorese intensa, palidez e mal-estar geral. Em caso de uso de grande quantidade deste medicamento, procure rapidamente socorro médico e leve a embalagem ou bula do medicamento, se possível. Ligue para 0800 722 6001, se você precisar de mais orientações. DIZERES LEGAIS MS - 1.5721.1214 Farmacêutico Responsável: Jean F. L. Festuccia – CRF - SP nº 29.625 Registrado por: JOHNSON & JOHNSON INDUSTRIAL LTDA. Rodovia Presidente Dutra, Km 154, São José dos Campos – SP CNPJ 59.748.988/0001-14 Fabricado por: JOHNSON & JOHNSON INDUSTRIAL LTDA Rodovia Presidente Dutra, km 154 São José dos Campos – SP CNPJ: 59.748.988/0001-14 Industria Brasileira ®Marca Registrada\nTYLENOL® - Paciente SAC 0800 728 6767 www.tylenol.com.br Siga corretamente o modo de usar, não desaparecendo os sintomas procure orientação médica."", ""dicamento e procure ajuda médica imediatamente. Não use outro produto que contenha paracetamol. O paracetamol nas doses terapêuticas não foi associado à irritação gástrica. Se você tem pressão alta, não use este produto por mais tempo do que o indicado no rótulo, a menos que indicado por um médico. A absorção de TYLENOL® é mais rápida se você estiver em jejum. Os alimentos podem afetar a velocidade da absorção, mas não a quantidade absorvida do medicamento. A interferência do paracetamol na metabolização de outros medicamentos e a influência destes medicamentos na ação e na toxicidade do paracetamol, em geral, não são relevantes. Consulte seu médico antes de utilizar este medicamento se você está tomando flucloxacilina (penicilina - um antibiótico), varfarina (anticoagulante) ou outros derivados cumarínicos. Informe ao seu médico ou cirurgião-dentista se você está fazendo uso de algum outro medicamento. 5.""]",140.161,87.394
guarded_hybrid_agentic_fusion_rag,ollama:gemma4:e4b,TYLENOL,Em quanto tempo o TYLENOL começa a fazer efeito?,facil,O efeito de TYLENOL começa 15 a 30 minutos após a administração oral e permanece por 4 a 6 horas.,COMO ESTE MEDICAMENTO FUNCIONA?,"De acordo com a bula do medicamento TYLENOL, consta a seguinte informação: Seu efeito tem início 15 a 30 minutos após a administração oral e permanece por um período de 4 a 6 horas.

---
*Esta resposta se baseia apenas nos trechos da bula recuperados e não substitui orientação médica ou farmacêutica.*","De acordo com a bula do medicamento TYLENOL, consta a seguinte informação: Seu efeito tem início 15 a 30 minutos após a administração oral e permanece por um período de 4 a 6 horas.","PARA QUE ESTE MEDICAMENTO É INDICADO?, ONDE, COMO E POR QUANTO TEMPO POSSO GUARDAR ESTE MEDICAMENTO?, QUAIS OS MALES QUE ESTE MEDICAMENTO PODE ME CAUSAR?, QUANDO NÃO DEVO USAR ESTE MEDICAMENTO?, O QUE DEVO SABER ANTES DE USAR ESTE MEDICAMENTO?, COMO ESTE MEDICAMENTO FUNCIONA?, COMO DEVO USAR ESTE MEDICAMENTO?","chunk_578c6a49ac86, chunk_d4d5a2d20ab2, chunk_77f72cabf81a, chunk_bd0ae4006d5f, chunk_01578455e892, chunk_bcded81d765f, chunk_01578455e892, chunk_a508cae3796b","[""COMO ESTE MEDICAMENTO FUNCIONA? TYLENOL® reduz a febre atuando no centro regulador da temperatura no Sistema Nervoso Central (SNC) e diminui a sensibilidade a dor. Seu efeito tem início 15 a 30 minutos após a administração oral e permanece por um período de 4 a 6 horas. 3."", ""COMO DEVO USAR ESTE MEDICAMENTO? Uso oral. Você deve tomar os comprimidos com líquido. O paracetamol pode ser administrado independentemente das refeições. Adultos e crianças acima de 12 anos: TYLENOL® 500 mg: 1 a 2 comprimidos, 3 a 4 vezes ao dia. TYLENOL® 750 mg: 1 comprimido, 3 a 5 vezes ao dia. A dose diária máxima recomendada de paracetamol é de 4000 mg ( 8 comprimidos de TYLENOL® 500 mg ou 5 comprimidos de TYLENOL® 750 mg) administrada em doses fracionadas, não excedendo 1000 mg/dose ( 2 comprimidos de TYLENOL ® 500 mg ou 1 comprimido de TYLENOL® 750 mg), em intervalos de 4 a 6 horas, em um período de 24 horas. Duração do tratamento: depende do desaparecimento dos sintomas. Este medicamento não pode ser partido, aberto ou mastigado. Siga corretamente o modo de usar. Em caso de dúvidas sobre este medicamento, procure orientação do farmacêutico. Não desaparecendo os sintomas, procure orientação médica ou de seu cirurgião-dentista. 7."", ""QUANDO NÃO DEVO USAR ESTE MEDICAMENTO? Você não deve usar TYLENOL® se possuir alergia ao paracetamol ou a qualquer componente de sua fórmula. Este medicamento é contraindicado para menores de 12 anos. 4."", ""ONDE, COMO E POR QUANTO TEMPO POSSO GUARDAR ESTE MEDICAMENTO? TYLENOL® deve ser conservado em temperatura ambiente (entre 15°C e 30°C), protegido da luz e umidade. Número de lote e datas de fabricação e validade: vide embalagem.\nTYLENOL® - Paciente Não use medicamento com o prazo de validade vencido. Guarde- o em sua embalagem original. TYLENOL® 500 mg e TYLENOL® 750 mg são comprimidos revestidos oblongos (ovalados) de cor branca. Antes de usar, observe o aspecto do medicamento. Caso ele esteja no prazo de validade e você observe alguma mudança no aspecto, consulte o farmacêutico para saber se poderá utilizá-lo. Todo medicamento deve ser mantido fora do alcance das crianças. 6."", ""O QUE DEVO SABER ANTES DE USAR ESTE MEDICAMENTO?\nTYLENOL® - Paciente Você não deve tomar mais do que a dose recomendada (superdose) para provocar maior alívio, pois pode causar sérios problemas de saúde. Você deve consultar seu médico se a dor ou febre continuarem ou piorarem, ou se surgirem novos sintomas, pois estes sintomas podem ser sinais de doenças graves. Uso com álcool: consumidores de doses abusivas de álcool devem consultar seu médico para saber se podem tomar TYLENOL® ou qualquer outro analgésico. Gravidez e Amamentação Se você estiver grávida ou amamentando, consulte o seu médico antes de usar este medicamento. Este medicamento não deve ser utilizado por mulheres grávidas sem orientação médica ou do cirurgião-dentista. Uso em pacientes com problemas no fígado: Consulte seu médico antes de usar o medicamento. Uso em idosos: Até o momento não são conhecidas restrições específicas ao uso de TYLENOL® por pacientes idosos. Não existe necessidade de ajuste de dose neste grupo etário. Muito raramente, foram relatadas reações cutâneas graves em pacientes que administraram paracetamol. Os sintomas podem incluir: vermelhidão na pele, bolhas e erupções cutâneas. Se ocorrerem reações cutâneas ou piora de problemas de pele já existentes, interrompa o uso do medicamento e procure ajuda médica imediatamente. Não use outro produto que contenha paracetamol. O paracetamol nas doses terapêuticas não foi associado à irritação gástrica. Se você tem pressão alta, não use este produto por mais tempo do que o indicado no rótulo, a menos que indicado por um médico."", ""QUAIS OS MALES QUE ESTE MEDICAMENTO PODE ME CAUSAR? Este medicamento pode causar algumas reações desagradáveis inesperadas. Caso você tenha uma reação alérgica, deve parar de tomar o medicamento.\nTYLENOL® - Paciente Reação muito rara (ocorre em menos de 0,01% dos pacientes que utilizam este medicamento): urticária, coceira e vermelhidão no corpo, reações alérgicas a este medicamento, aumento das transaminases e erupção fixa medicamentosa. Informe ao seu médico, cirurgião -dentista ou farmacêutico o aparecimento de reações indesejáveis pelo uso do medicamento. Informe também à empresa através do seu serviço de atendimento. 9."", ""dicamento e procure ajuda médica imediatamente. Não use outro produto que contenha paracetamol. O paracetamol nas doses terapêuticas não foi associado à irritação gástrica. Se você tem pressão alta, não use este produto por mais tempo do que o indicado no rótulo, a menos que indicado por um médico. A absorção de TYLENOL® é mais rápida se você estiver em jejum. Os alimentos podem afetar a velocidade da absorção, mas não a quantidade absorvida do medicamento. A interferência do paracetamol na metabolização de outros medicamentos e a influência destes medicamentos na ação e na toxicidade do paracetamol, em geral, não são relevantes. Consulte seu médico antes de utilizar este medicamento se você está tomando flucloxacilina (penicilina - um antibiótico), varfarina (anticoagulante) ou outros derivados cumarínicos. Informe ao seu médico ou cirurgião-dentista se você está fazendo uso de algum outro medicamento. 5."", ""PARA QUE ESTE MEDICAMENTO É INDICADO? Este medicamento é indicado para a redução da febre e para o alívio temporário de dores leves a moderadas, tais como: dores associadas a resfriados comuns, dor de cabeça, dor no corpo, dor de dente, dor nas costas, dores musculares, dores leves associadas a artrites e cólicas menstruais. 2.""]",162.977,10.889
guarded_hybrid_agentic_fusion_rag,ollama:gemma4:e4b,TYLENOL,Como devo conservar TYLENOL?,facil,"TYLENOL deve ser conservado em temperatura ambiente, entre 15 °C e 30 °C, protegido da luz e da umidade. O medicamento deve ser guardado em sua embalagem original e mantido fora do alcance das crianças.","ONDE, COMO E POR QUANTO TEMPO POSSO GUARDAR ESTE MEDICAMENTO?","De acordo com a bula do medicamento TYLENOL, consta a seguinte informação: TYLENOL® deve ser conservado em temperatura ambiente, que é um intervalo entre 15°C e 30°C, devendo estar protegido da luz e da umidade. É fundamental guardar o medicamento em sua embalagem original e não utilizar produtos com prazo de validade vencido. Além disso, antes do uso, deve-se observar o aspecto do medicamento; caso haja alguma mudança no aspecto, mesmo que esteja dentro do prazo de validade, é necessário consultar um farmacêutico. Por fim, todo medicamento deve ser mantido fora do alcance das crianças.

---
*Esta resposta se baseia apenas nos trechos da bula recuperados e não substitui orientação médica ou farmacêutica.*","De acordo com a bula do medicamento TYLENOL, consta a seguinte informação: TYLENOL® deve ser conservado em temperatura ambiente, que é um intervalo entre 15°C e 30°C, devendo estar protegido da luz e da umidade. É fundamental guardar o medicamento em sua embalagem original e não utilizar produtos com prazo de validade vencido. Além disso, antes do uso, deve-se observar o aspecto do medicamento; caso haja alguma mudança no aspecto, mesmo que esteja dentro do prazo de validade, é necessário consultar um farmacêutico. Por fim, todo medicamento deve ser mantido fora do alcance das crianças.","ONDE, COMO E POR QUANTO TEMPO POSSO GUARDAR ESTE MEDICAMENTO?, QUAIS OS MALES QUE ESTE MEDICAMENTO PODE ME CAUSAR?, QUANDO NÃO DEVO USAR ESTE MEDICAMENTO?, O QUE DEVO SABER ANTES DE USAR ESTE MEDICAMENTO?, COMO ESTE MEDICAMENTO FUNCIONA?, COMO DEVO USAR ESTE MEDICAMENTO?","chunk_bd0ae4006d5f, chunk_01578455e892, chunk_d4d5a2d20ab2, chunk_77f72cabf81a, chunk_01578455e892, chunk_578c6a49ac86, chunk_bcded81d765f","[""ONDE, COMO E POR QUANTO TEMPO POSSO GUARDAR ESTE MEDICAMENTO? TYLENOL® deve ser conservado em temperatura ambiente (entre 15°C e 30°C), protegido da luz e umidade. Número de lote e datas de fabricação e validade: vide embalagem.\nTYLENOL® - Paciente Não use medicamento com o prazo de validade vencido. Guarde- o em sua embalagem original. TYLENOL® 500 mg e TYLENOL® 750 mg são comprimidos revestidos oblongos (ovalados) de cor branca. Antes de usar, observe o aspecto do medicamento. Caso ele esteja no prazo de validade e você observe alguma mudança no aspecto, consulte o farmacêutico para saber se poderá utilizá-lo. Todo medicamento deve ser mantido fora do alcance das crianças. 6."", ""O QUE DEVO SABER ANTES DE USAR ESTE MEDICAMENTO?\nTYLENOL® - Paciente Você não deve tomar mais do que a dose recomendada (superdose) para provocar maior alívio, pois pode causar sérios problemas de saúde. Você deve consultar seu médico se a dor ou febre continuarem ou piorarem, ou se surgirem novos sintomas, pois estes sintomas podem ser sinais de doenças graves. Uso com álcool: consumidores de doses abusivas de álcool devem consultar seu médico para saber se podem tomar TYLENOL® ou qualquer outro analgésico. Gravidez e Amamentação Se você estiver grávida ou amamentando, consulte o seu médico antes de usar este medicamento. Este medicamento não deve ser utilizado por mulheres grávidas sem orientação médica ou do cirurgião-dentista. Uso em pacientes com problemas no fígado: Consulte seu médico antes de usar o medicamento. Uso em idosos: Até o momento não são conhecidas restrições específicas ao uso de TYLENOL® por pacientes idosos. Não existe necessidade de ajuste de dose neste grupo etário. Muito raramente, foram relatadas reações cutâneas graves em pacientes que administraram paracetamol. Os sintomas podem incluir: vermelhidão na pele, bolhas e erupções cutâneas. Se ocorrerem reações cutâneas ou piora de problemas de pele já existentes, interrompa o uso do medicamento e procure ajuda médica imediatamente. Não use outro produto que contenha paracetamol. O paracetamol nas doses terapêuticas não foi associado à irritação gástrica. Se você tem pressão alta, não use este produto por mais tempo do que o indicado no rótulo, a menos que indicado por um médico."", ""COMO DEVO USAR ESTE MEDICAMENTO? Uso oral. Você deve tomar os comprimidos com líquido. O paracetamol pode ser administrado independentemente das refeições. Adultos e crianças acima de 12 anos: TYLENOL® 500 mg: 1 a 2 comprimidos, 3 a 4 vezes ao dia. TYLENOL® 750 mg: 1 comprimido, 3 a 5 vezes ao dia. A dose diária máxima recomendada de paracetamol é de 4000 mg ( 8 comprimidos de TYLENOL® 500 mg ou 5 comprimidos de TYLENOL® 750 mg) administrada em doses fracionadas, não excedendo 1000 mg/dose ( 2 comprimidos de TYLENOL ® 500 mg ou 1 comprimido de TYLENOL® 750 mg), em intervalos de 4 a 6 horas, em um período de 24 horas. Duração do tratamento: depende do desaparecimento dos sintomas. Este medicamento não pode ser partido, aberto ou mastigado. Siga corretamente o modo de usar. Em caso de dúvidas sobre este medicamento, procure orientação do farmacêutico. Não desaparecendo os sintomas, procure orientação médica ou de seu cirurgião-dentista. 7."", ""QUANDO NÃO DEVO USAR ESTE MEDICAMENTO? Você não deve usar TYLENOL® se possuir alergia ao paracetamol ou a qualquer componente de sua fórmula. Este medicamento é contraindicado para menores de 12 anos. 4."", ""dicamento e procure ajuda médica imediatamente. Não use outro produto que contenha paracetamol. O paracetamol nas doses terapêuticas não foi associado à irritação gástrica. Se você tem pressão alta, não use este produto por mais tempo do que o indicado no rótulo, a menos que indicado por um médico. A absorção de TYLENOL® é mais rápida se você estiver em jejum. Os alimentos podem afetar a velocidade da absorção, mas não a quantidade absorvida do medicamento. A interferência do paracetamol na metabolização de outros medicamentos e a influência destes medicamentos na ação e na toxicidade do paracetamol, em geral, não são relevantes. Consulte seu médico antes de utilizar este medicamento se você está tomando flucloxacilina (penicilina - um antibiótico), varfarina (anticoagulante) ou outros derivados cumarínicos. Informe ao seu médico ou cirurgião-dentista se você está fazendo uso de algum outro medicamento. 5."", ""COMO ESTE MEDICAMENTO FUNCIONA? TYLENOL® reduz a febre atuando no centro regulador da temperatura no Sistema Nervoso Central (SNC) e diminui a sensibilidade a dor. Seu efeito tem início 15 a 30 minutos após a administração oral e permanece por um período de 4 a 6 horas. 3."", ""QUAIS OS MALES QUE ESTE MEDICAMENTO PODE ME CAUSAR? Este medicamento pode causar algumas reações desagradáveis inesperadas. Caso você tenha uma reação alérgica, deve parar de tomar o medicamento.\nTYLENOL® - Paciente Reação muito rara (ocorre em menos de 0,01% dos pacientes que utilizam este medicamento): urticária, coceira e vermelhidão no corpo, reações alérgicas a este medicamento, aumento das transaminases e erupção fixa medicamentosa. Informe ao seu médico, cirurgião -dentista ou farmacêutico o aparecimento de reações indesejáveis pelo uso do medicamento. Informe também à empresa através do seu serviço de atendimento. 9.""]",147.467,105.421
guarded_hybrid_agentic_fusion_rag,ollama:gemma4:e4b,TYLENOL,Qual é a dose indicada de TYLENOL 500 mg para adultos e crianças acima de 12 anos?,facil,"Para adultos e crianças acima de 12 anos, a dose de TYLENOL 500 mg é de 1 a 2 comprimidos, 3 a 4 vezes ao dia.",COMO DEVO USAR ESTE MEDICAMENTO?,"De acordo com a bula do medicamento TYLENOL, consta a seguinte informação: Para adultos e crianças acima de 12 anos, a dose indicada de TYLENOL® 500 mg é de 1 a 2 comprimidos, administrados de 3 a 4 vezes ao dia.

---
*Esta resposta se baseia apenas nos trechos da bula recuperados e não substitui orientação médica ou farmacêutica.*","De acordo com a bula do medicamento TYLENOL, consta a seguinte informação: Para adultos e crianças acima de 12 anos, a dose indicada de TYLENOL® 500 mg é de 1 a 2 comprimidos, administrados de 3 a 4 vezes ao dia.","O QUE DEVO FAZER QUANDO EU ME ESQUECER DE USAR ESTE MEDICAMENTO?, ONDE, COMO E POR QUANTO TEMPO POSSO GUARDAR ESTE MEDICAMENTO?, QUANDO NÃO DEVO USAR ESTE MEDICAMENTO?, O QUE DEVO SABER ANTES DE USAR ESTE MEDICAMENTO?, O QUE FAZER SE ALGUÉM USAR UMA QUANTIDADE MAIOR DO QUE A INDICADA DESTE MEDICAMENTO?, COMO ESTE MEDICAMENTO FUNCIONA?, COMO DEVO USAR ESTE MEDICAMENTO?","chunk_d4d5a2d20ab2, chunk_bd0ae4006d5f, chunk_77f72cabf81a, chunk_983a58909e27, chunk_01578455e892, chunk_578c6a49ac86, chunk_01578455e892, chunk_2f6979089ee8","[""COMO DEVO USAR ESTE MEDICAMENTO? Uso oral. Você deve tomar os comprimidos com líquido. O paracetamol pode ser administrado independentemente das refeições. Adultos e crianças acima de 12 anos: TYLENOL® 500 mg: 1 a 2 comprimidos, 3 a 4 vezes ao dia. TYLENOL® 750 mg: 1 comprimido, 3 a 5 vezes ao dia. A dose diária máxima recomendada de paracetamol é de 4000 mg ( 8 comprimidos de TYLENOL® 500 mg ou 5 comprimidos de TYLENOL® 750 mg) administrada em doses fracionadas, não excedendo 1000 mg/dose ( 2 comprimidos de TYLENOL ® 500 mg ou 1 comprimido de TYLENOL® 750 mg), em intervalos de 4 a 6 horas, em um período de 24 horas. Duração do tratamento: depende do desaparecimento dos sintomas. Este medicamento não pode ser partido, aberto ou mastigado. Siga corretamente o modo de usar. Em caso de dúvidas sobre este medicamento, procure orientação do farmacêutico. Não desaparecendo os sintomas, procure orientação médica ou de seu cirurgião-dentista. 7."", ""ONDE, COMO E POR QUANTO TEMPO POSSO GUARDAR ESTE MEDICAMENTO? TYLENOL® deve ser conservado em temperatura ambiente (entre 15°C e 30°C), protegido da luz e umidade. Número de lote e datas de fabricação e validade: vide embalagem.\nTYLENOL® - Paciente Não use medicamento com o prazo de validade vencido. Guarde- o em sua embalagem original. TYLENOL® 500 mg e TYLENOL® 750 mg são comprimidos revestidos oblongos (ovalados) de cor branca. Antes de usar, observe o aspecto do medicamento. Caso ele esteja no prazo de validade e você observe alguma mudança no aspecto, consulte o farmacêutico para saber se poderá utilizá-lo. Todo medicamento deve ser mantido fora do alcance das crianças. 6."", ""QUANDO NÃO DEVO USAR ESTE MEDICAMENTO? Você não deve usar TYLENOL® se possuir alergia ao paracetamol ou a qualquer componente de sua fórmula. Este medicamento é contraindicado para menores de 12 anos. 4."", ""O QUE FAZER SE ALGUÉM USAR UMA QUANTIDADE MAIOR DO QUE A INDICADA DESTE MEDICAMENTO? O uso de doses excessivas, acima das doses recomendadas (superdose) pode causar danos ao fígado. Em caso de superdose, procure ajuda médica ou um centro de intoxicação imediatamente. O apoio médico imediato é fundamental para adultos e crianças, mesmo se os sinais e sintomas de intoxicação não estiverem presentes. Os sinais e sintomas iniciais que se seguem a uma dose potencialmente hepatotóxica de paracetamol são: perda de apetite, náusea, vômito, sudorese intensa, palidez e mal-estar geral. Em caso de uso de grande quantidade deste medicamento, procure rapidamente socorro médico e leve a embalagem ou bula do medicamento, se possível. Ligue para 0800 722 6001, se você precisar de mais orientações. DIZERES LEGAIS MS - 1.5721.1214 Farmacêutico Responsável: Jean F. L. Festuccia – CRF - SP nº 29.625 Registrado por: JOHNSON & JOHNSON INDUSTRIAL LTDA. Rodovia Presidente Dutra, Km 154, São José dos Campos – SP CNPJ 59.748.988/0001-14 Fabricado por: JOHNSON & JOHNSON INDUSTRIAL LTDA Rodovia Presidente Dutra, km 154 São José dos Campos – SP CNPJ: 59.748.988/0001-14 Industria Brasileira ®Marca Registrada\nTYLENOL® - Paciente SAC 0800 728 6767 www.tylenol.com.br Siga corretamente o modo de usar, não desaparecendo os sintomas procure orientação médica."", ""O QUE DEVO SABER ANTES DE USAR ESTE MEDICAMENTO?\nTYLENOL® - Paciente Você não deve tomar mais do que a dose recomendada (superdose) para provocar maior alívio, pois pode causar sérios problemas de saúde. Você deve consultar seu médico se a dor ou febre continuarem ou piorarem, ou se surgirem novos sintomas, pois estes sintomas podem ser sinais de doenças graves. Uso com álcool: consumidores de doses abusivas de álcool devem consultar seu médico para saber se podem tomar TYLENOL® ou qualquer outro analgésico. Gravidez e Amamentação Se você estiver grávida ou amamentando, consulte o seu médico antes de usar este medicamento. Este medicamento não deve ser utilizado por mulheres grávidas sem orientação médica ou do cirurgião-dentista. Uso em pacientes com problemas no fígado: Consulte seu médico antes de usar o medicamento. Uso em idosos: Até o momento não são conhecidas restrições específicas ao uso de TYLENOL® por pacientes idosos. Não existe necessidade de ajuste de dose neste grupo etário. Muito raramente, foram relatadas reações cutâneas graves em pacientes que administraram paracetamol. Os sintomas podem incluir: vermelhidão na pele, bolhas e erupções cutâneas. Se ocorrerem reações cutâneas ou piora de problemas de pele já existentes, interrompa o uso do medicamento e procure ajuda médica imediatamente. Não use outro produto que contenha paracetamol. O paracetamol nas doses terapêuticas não foi associado à irritação gástrica. Se você tem pressão alta, não use este produto por mais tempo do que o indicado no rótulo, a menos que indicado por um médico."", ""COMO ESTE MEDICAMENTO FUNCIONA? TYLENOL® reduz a febre atuando no centro regulador da temperatura no Sistema Nervoso Central (SNC) e diminui a sensibilidade a dor. Seu efeito tem início 15 a 30 minutos após a administração oral e permanece por um período de 4 a 6 horas. 3."", ""dicamento e procure ajuda médica imediatamente. Não use outro produto que contenha paracetamol. O paracetamol nas doses terapêuticas não foi associado à irritação gástrica. Se você tem pressão alta, não use este produto por mais tempo do que o indicado no rótulo, a menos que indicado por um médico. A absorção de TYLENOL® é mais rápida se você estiver em jejum. Os alimentos podem afetar a velocidade da absorção, mas não a quantidade absorvida do medicamento. A interferência do paracetamol na metabolização de outros medicamentos e a influência destes medicamentos na ação e na toxicidade do paracetamol, em geral, não são relevantes. Consulte seu médico antes de utilizar este medicamento se você está tomando flucloxacilina (penicilina - um antibiótico), varfarina (anticoagulante) ou outros derivados cumarínicos. Informe ao seu médico ou cirurgião-dentista se você está fazendo uso de algum outro medicamento. 5."", ""O QUE DEVO FAZER QUANDO EU ME ESQUECER DE USAR ESTE MEDICAMENTO? Se você se esquecer de tomar uma dose do medicamento, faça-o assim que se lembrar, no caso de ainda haver necessidade, e então ajuste o horário das próximas tomadas. Não tome a dose dobrada para compensar a dose esquecida. Em caso de dúvidas, procure orientação do farmacêutico ou de seu médico, ou cirurgião - dentista. 8.""]",174.989,13.55
guarded_hybrid_agentic_fusion_rag,ollama:gemma4:e4b,TYLENOL,Quais reações muito raras TYLENOL pode causar segundo a seção de reações adversas?,facil,"Segundo a seção de reações adversas, TYLENOL pode causar, muito raramente, urticária, coceira e vermelhidão no corpo, reações alérgicas ao medicamento, aumento das transaminases e erupção fixa medicamentosa.",QUAIS OS MALES QUE ESTE MEDICAMENTO PODE ME CAUSAR?,"De acordo com a bula do medicamento TYLENOL, consta a seguinte informação: Reações muito raras (ocorrendo em menos de 0,01% dos pacientes que utilizam o medicamento) podem incluir urticária, coceira e vermelhidão no corpo, reações alérgicas a este medicamento, aumento das transaminases e erupção fixa medicamentosa.

---
*Esta resposta se baseia apenas nos trechos da bula recuperados e não substitui orientação médica ou farmacêutica.*","De acordo com a bula do medicamento TYLENOL, consta a seguinte informação: Reações muito raras (ocorrendo em menos de 0,01% dos pacientes que utilizam o medicamento) podem incluir urticária, coceira e vermelhidão no corpo, reações alérgicas a este medicamento, aumento das transaminases e erupção fixa medicamentosa.","QUAIS OS MALES QUE ESTE MEDICAMENTO PODE ME CAUSAR?, QUANDO NÃO DEVO USAR ESTE MEDICAMENTO?, O QUE DEVO SABER ANTES DE USAR ESTE MEDICAMENTO?, O QUE FAZER SE ALGUÉM USAR UMA QUANTIDADE MAIOR DO QUE A INDICADA DESTE MEDICAMENTO?, COMO ESTE MEDICAMENTO FUNCIONA?, COMO DEVO USAR ESTE MEDICAMENTO?","chunk_bcded81d765f, chunk_01578455e892, chunk_983a58909e27, chunk_578c6a49ac86, chunk_d4d5a2d20ab2, chunk_77f72cabf81a, chunk_01578455e892","[""QUAIS OS MALES QUE ESTE MEDICAMENTO PODE ME CAUSAR? Este medicamento pode causar algumas reações desagradáveis inesperadas. Caso você tenha uma reação alérgica, deve parar de tomar o medicamento.\nTYLENOL® - Paciente Reação muito rara (ocorre em menos de 0,01% dos pacientes que utilizam este medicamento): urticária, coceira e vermelhidão no corpo, reações alérgicas a este medicamento, aumento das transaminases e erupção fixa medicamentosa. Informe ao seu médico, cirurgião -dentista ou farmacêutico o aparecimento de reações indesejáveis pelo uso do medicamento. Informe também à empresa através do seu serviço de atendimento. 9."", ""O QUE DEVO SABER ANTES DE USAR ESTE MEDICAMENTO?\nTYLENOL® - Paciente Você não deve tomar mais do que a dose recomendada (superdose) para provocar maior alívio, pois pode causar sérios problemas de saúde. Você deve consultar seu médico se a dor ou febre continuarem ou piorarem, ou se surgirem novos sintomas, pois estes sintomas podem ser sinais de doenças graves. Uso com álcool: consumidores de doses abusivas de álcool devem consultar seu médico para saber se podem tomar TYLENOL® ou qualquer outro analgésico. Gravidez e Amamentação Se você estiver grávida ou amamentando, consulte o seu médico antes de usar este medicamento. Este medicamento não deve ser utilizado por mulheres grávidas sem orientação médica ou do cirurgião-dentista. Uso em pacientes com problemas no fígado: Consulte seu médico antes de usar o medicamento. Uso em idosos: Até o momento não são conhecidas restrições específicas ao uso de TYLENOL® por pacientes idosos. Não existe necessidade de ajuste de dose neste grupo etário. Muito raramente, foram relatadas reações cutâneas graves em pacientes que administraram paracetamol. Os sintomas podem incluir: vermelhidão na pele, bolhas e erupções cutâneas. Se ocorrerem reações cutâneas ou piora de problemas de pele já existentes, interrompa o uso do medicamento e procure ajuda médica imediatamente. Não use outro produto que contenha paracetamol. O paracetamol nas doses terapêuticas não foi associado à irritação gástrica. Se você tem pressão alta, não use este produto por mais tempo do que o indicado no rótulo, a menos que indicado por um médico."", ""O QUE FAZER SE ALGUÉM USAR UMA QUANTIDADE MAIOR DO QUE A INDICADA DESTE MEDICAMENTO? O uso de doses excessivas, acima das doses recomendadas (superdose) pode causar danos ao fígado. Em caso de superdose, procure ajuda médica ou um centro de intoxicação imediatamente. O apoio médico imediato é fundamental para adultos e crianças, mesmo se os sinais e sintomas de intoxicação não estiverem presentes. Os sinais e sintomas iniciais que se seguem a uma dose potencialmente hepatotóxica de paracetamol são: perda de apetite, náusea, vômito, sudorese intensa, palidez e mal-estar geral. Em caso de uso de grande quantidade deste medicamento, procure rapidamente socorro médico e leve a embalagem ou bula do medicamento, se possível. Ligue para 0800 722 6001, se você precisar de mais orientações. DIZERES LEGAIS MS - 1.5721.1214 Farmacêutico Responsável: Jean F. L. Festuccia – CRF - SP nº 29.625 Registrado por: JOHNSON & JOHNSON INDUSTRIAL LTDA. Rodovia Presidente Dutra, Km 154, São José dos Campos – SP CNPJ 59.748.988/0001-14 Fabricado por: JOHNSON & JOHNSON INDUSTRIAL LTDA Rodovia Presidente Dutra, km 154 São José dos Campos – SP CNPJ: 59.748.988/0001-14 Industria Brasileira ®Marca Registrada\nTYLENOL® - Paciente SAC 0800 728 6767 www.tylenol.com.br Siga corretamente o modo de usar, não desaparecendo os sintomas procure orientação médica."", ""COMO ESTE MEDICAMENTO FUNCIONA? TYLENOL® reduz a febre atuando no centro regulador da temperatura no Sistema Nervoso Central (SNC) e diminui a sensibilidade a dor. Seu efeito tem início 15 a 30 minutos após a administração oral e permanece por um período de 4 a 6 horas. 3."", ""COMO DEVO USAR ESTE MEDICAMENTO? Uso oral. Você deve tomar os comprimidos com líquido. O paracetamol pode ser administrado independentemente das refeições. Adultos e crianças acima de 12 anos: TYLENOL® 500 mg: 1 a 2 comprimidos, 3 a 4 vezes ao dia. TYLENOL® 750 mg: 1 comprimido, 3 a 5 vezes ao dia. A dose diária máxima recomendada de paracetamol é de 4000 mg ( 8 comprimidos de TYLENOL® 500 mg ou 5 comprimidos de TYLENOL® 750 mg) administrada em doses fracionadas, não excedendo 1000 mg/dose ( 2 comprimidos de TYLENOL ® 500 mg ou 1 comprimido de TYLENOL® 750 mg), em intervalos de 4 a 6 horas, em um período de 24 horas. Duração do tratamento: depende do desaparecimento dos sintomas. Este medicamento não pode ser partido, aberto ou mastigado. Siga corretamente o modo de usar. Em caso de dúvidas sobre este medicamento, procure orientação do farmacêutico. Não desaparecendo os sintomas, procure orientação médica ou de seu cirurgião-dentista. 7."", ""QUANDO NÃO DEVO USAR ESTE MEDICAMENTO? Você não deve usar TYLENOL® se possuir alergia ao paracetamol ou a qualquer componente de sua fórmula. Este medicamento é contraindicado para menores de 12 anos. 4."", ""dicamento e procure ajuda médica imediatamente. Não use outro produto que contenha paracetamol. O paracetamol nas doses terapêuticas não foi associado à irritação gástrica. Se você tem pressão alta, não use este produto por mais tempo do que o indicado no rótulo, a menos que indicado por um médico. A absorção de TYLENOL® é mais rápida se você estiver em jejum. Os alimentos podem afetar a velocidade da absorção, mas não a quantidade absorvida do medicamento. A interferência do paracetamol na metabolização de outros medicamentos e a influência destes medicamentos na ação e na toxicidade do paracetamol, em geral, não são relevantes. Consulte seu médico antes de utilizar este medicamento se você está tomando flucloxacilina (penicilina - um antibiótico), varfarina (anticoagulante) ou outros derivados cumarínicos. Informe ao seu médico ou cirurgião-dentista se você está fazendo uso de algum outro medicamento. 5.""]",155.824,79.934
