question_id,source_dataset_row,medicine,difficulty,question,expected_answer,status,evidence_id,evidence_type,relevance_grade,evidence_text,gold_rank,gold_chunk_id,gold_leaflet_id,gold_section_id,gold_section_type,gold_chunk_index,match_confidence,match_reason,chunk_text,notes
q001,faceis_revisadas.csv:1,AMOXIL,facil,Para que serve o Amoxil?,Amoxil é um antibiótico indicado para o tratamento de infecções bacterianas causadas por germes sensíveis à ação da amoxicilina.,matched,q001_ev01,essential,3,"PARA QUE ESTE MEDICAMENTO É INDICADO?** **Amoxil[®]** , antibiótico eficaz contra grande variedade de bactérias, é indicado para tratamento de infecções bacterianas causadas por germes sensíveis à ação da amoxicilina. Entretanto, seu médico pode receitar este medicamento para outro uso. Se desejar mais informações, pergunte ao seu médico. ## **2.",1,chunk_29c1314f7e21,leaf_0ee4a572a9d5,sec_7be1ca706b0f,indication,0,high,seção esperada; sobreposição semântica/lexical com pergunta e resposta esperada,"PARA QUE ESTE MEDICAMENTO É INDICADO?** **Amoxil[®]** , antibiótico eficaz contra grande variedade de bactérias, é indicado para tratamento de infecções bacterianas causadas por germes sensíveis à ação da amoxicilina. Entretanto, seu médico pode receitar este medicamento para outro uso. Se desejar mais informações, pergunte ao seu médico. ## **2.",
q001,faceis_revisadas.csv:1,AMOXIL,facil,Para que serve o Amoxil?,Amoxil é um antibiótico indicado para o tratamento de infecções bacterianas causadas por germes sensíveis à ação da amoxicilina.,matched,q001_ev02,essential,3,"PARA QUE ESTE MEDICAMENTO É INDICADO?** **Amoxil[®]** , um antibiótico eficaz contra grande variedade de bactérias, é indicado para tratamento de infecções bacterianas causadas por germes sensíveis à ação da amoxicilina. Entretanto, seu médico pode receitar este medicamento para outro uso. Se desejar mais informações, pergunte ao seu médico. ## **2.",2,chunk_4cbe37a723e5,leaf_d76f76b8b2f4,sec_65e376921073,indication,0,high,seção esperada; sobreposição semântica/lexical com pergunta e resposta esperada,"PARA QUE ESTE MEDICAMENTO É INDICADO?** **Amoxil[®]** , um antibiótico eficaz contra grande variedade de bactérias, é indicado para tratamento de infecções bacterianas causadas por germes sensíveis à ação da amoxicilina. Entretanto, seu médico pode receitar este medicamento para outro uso. Se desejar mais informações, pergunte ao seu médico. ## **2.",
q001,faceis_revisadas.csv:1,AMOXIL,facil,Para que serve o Amoxil?,Amoxil é um antibiótico indicado para o tratamento de infecções bacterianas causadas por germes sensíveis à ação da amoxicilina.,matched,q001_ev03,supporting,2,"...EVO USAR ESTE MEDICAMENTO?** Este medicamento não pode ser administrado nem ingerido por pessoas alérgicas à amoxicilina, a outros antibióticos penicilínicos ou antibióticos similares, chamados cefalosporinas. Se você já teve uma reação alérgica (como erupções da pele) ao tomar um antibiótico, deve conversar com seu médico antes de usar **Amoxil[®] .** ## **4. O QUE DEVO SABER ANTES DE USAR ESTE MEDICAMENTO** ? Antes de iniciar o tratamento com **Amoxil**[] , informe seu médico: - se você já apresentou reação alér...",3,chunk_622fb4d46c7e,leaf_0ee4a572a9d5,sec_7d3e1905bb76,contraindication,0,medium,sobreposição semântica/lexical com pergunta e resposta esperada,"QUANDO NÃO DEVO USAR ESTE MEDICAMENTO?** Este medicamento não pode ser administrado nem ingerido por pessoas alérgicas à amoxicilina, a outros antibióticos penicilínicos ou antibióticos similares, chamados cefalosporinas. Se você já teve uma reação alérgica (como erupções da pele) ao tomar um antibiótico, deve conversar com seu médico antes de usar **Amoxil[®] .** ## **4. O QUE DEVO SABER ANTES DE USAR ESTE MEDICAMENTO** ? Antes de iniciar o tratamento com **Amoxil**[] , informe seu médico: - se você já apresentou reação alérgica a algum antibiótico. Isso pode incluir reações na pele ou inchaço na face ou pescoço ou dores no peito. - se você apresenta febre glandular. - se você toma medicamentos usados para prevenir coágulos sanguíneos (anticoagulantes), tais como varfarina, o seu médico fará um monitoramento e, se necessário, poderá sugerir ajustes na dose dos anticoagulantes. - se você apresenta problema nos rins. - se você não estiver urinando regularmente. - se você já teve diarreia durante ou após o uso de antibióticos. 1 **==> picture [87 x 28] intentionally omitted <==** ## Modelo de Texto de Bula – Pacientes Amoxil[®] Cápsulas O uso prolongado também pode resultar, ocasionalmente, em supercrescimento de microrganismos resistentes a **Amoxil[®]** .",
q001,faceis_revisadas.csv:1,AMOXIL,facil,Para que serve o Amoxil?,Amoxil é um antibiótico indicado para o tratamento de infecções bacterianas causadas por germes sensíveis à ação da amoxicilina.,matched,q001_ev04,supporting,1,"...oxil[®]** , mas há excreção de quantidades mínimas de amoxicilina no leite materno. Se você estiver amamentando, informe ao seu médico antes de iniciar o tratamento com **Amoxil[®]** . ## **Este medicamento não deve ser utilizado por mulheres grávidas sem orientação médica ou do cirurgião-dentista.** **Uso compatível com o aleitamento ou doação de leite humano. O uso desse medicamento não interfere no aleitamento do bebê.** ## **Uso em idosos, crianças e outros grupos de risco** As recomendações especiais se refere...",4,chunk_7d57d737a19d,leaf_0ee4a572a9d5,sec_7d3e1905bb76,contraindication,2,low,sobreposição semântica/lexical com pergunta e resposta esperada,"se estiver grávida, exceto se seu médico recomendar. Você pode amamentar seu bebê enquanto estiver tomando **Amoxil[®]** , mas há excreção de quantidades mínimas de amoxicilina no leite materno. Se você estiver amamentando, informe ao seu médico antes de iniciar o tratamento com **Amoxil[®]** . ## **Este medicamento não deve ser utilizado por mulheres grávidas sem orientação médica ou do cirurgião-dentista.** **Uso compatível com o aleitamento ou doação de leite humano. O uso desse medicamento não interfere no aleitamento do bebê.** ## **Uso em idosos, crianças e outros grupos de risco** As recomendações especiais se referem às doses . ## **Interações Medicamentosas** Alguns medicamentos podem causar efeitos indesejáveis se você os ingerir durante o tratamento com **Amoxil[®]** . Não deixe de avisar seu médico caso você esteja tomando: - medicamentos usados no tratamento de gota (probenecida ou alopurinol); - outros antibióticos; - pílulas anticoncepcionais (como acontece com outros antibióticos, talvez sejam necessárias precauções adicionais para evitar a gravidez); - anticoagulantes; - metotrexato (usado para tratar doenças como câncer e psoríase grave). A alimentação não interfere na ação de **Amoxil[®]** , que pode ser ingerido nas refeições. **Informe ao seu médico ou cirurgião-dentista se você está fazendo uso de algum outro medicamento. Não use medicamento sem o conhecimento do seu médico. Pode ser perigoso para a sua saúde.**",
q002,faceis_revisadas.csv:2,AMOXIL,facil,Quando não devo usar Amoxil?,"Amoxil não deve ser usado por pessoas alérgicas à amoxicilina, a outros antibióticos penicilínicos ou a antibióticos similares chamados cefalosporinas. Se o paciente já teve reação alérgica, como erupções na pele, ao tomar antibiótico, deve conversar com o médico antes de usar Amoxil.",matched,q002_ev01,essential,3,"QUANDO NÃO DEVO USAR ESTE MEDICAMENTO?** Este medicamento não pode ser administrado nem ingerido por pessoas alérgicas à amoxicilina, a outros antibióticos penicilínicos ou antibióticos similares, chamados cefalosporinas. Se você já teve uma reação alérgica (como erupções da pele) ao tomar um antibiótico, deve conversar com seu médico antes de usar **Amoxil[®] .** ## **4. O QUE DEVO SABER ANTES DE USAR ESTE MEDICAMENTO** ? Antes de iniciar o tratamento com **Amoxil**[] , informe seu médico: - se você já apresentou...",1,chunk_622fb4d46c7e,leaf_0ee4a572a9d5,sec_7d3e1905bb76,contraindication,0,high,seção esperada; sobreposição semântica/lexical com pergunta e resposta esperada,"QUANDO NÃO DEVO USAR ESTE MEDICAMENTO?** Este medicamento não pode ser administrado nem ingerido por pessoas alérgicas à amoxicilina, a outros antibióticos penicilínicos ou antibióticos similares, chamados cefalosporinas. Se você já teve uma reação alérgica (como erupções da pele) ao tomar um antibiótico, deve conversar com seu médico antes de usar **Amoxil[®] .** ## **4. O QUE DEVO SABER ANTES DE USAR ESTE MEDICAMENTO** ? Antes de iniciar o tratamento com **Amoxil**[] , informe seu médico: - se você já apresentou reação alérgica a algum antibiótico. Isso pode incluir reações na pele ou inchaço na face ou pescoço ou dores no peito. - se você apresenta febre glandular. - se você toma medicamentos usados para prevenir coágulos sanguíneos (anticoagulantes), tais como varfarina, o seu médico fará um monitoramento e, se necessário, poderá sugerir ajustes na dose dos anticoagulantes. - se você apresenta problema nos rins. - se você não estiver urinando regularmente. - se você já teve diarreia durante ou após o uso de antibióticos. 1 **==> picture [87 x 28] intentionally omitted <==** ## Modelo de Texto de Bula – Pacientes Amoxil[®] Cápsulas O uso prolongado também pode resultar, ocasionalmente, em supercrescimento de microrganismos resistentes a **Amoxil[®]** .",
q002,faceis_revisadas.csv:2,AMOXIL,facil,Quando não devo usar Amoxil?,"Amoxil não deve ser usado por pessoas alérgicas à amoxicilina, a outros antibióticos penicilínicos ou a antibióticos similares chamados cefalosporinas. Se o paciente já teve reação alérgica, como erupções na pele, ao tomar antibiótico, deve conversar com o médico antes de usar Amoxil.",matched,q002_ev02,essential,3,"QUANDO NÃO DEVO USAR ESTE MEDICAMENTO?** Este medicamento não pode ser usado por pessoas alérgicas à amoxicilina, a outros antibióticos penicilínicos ou antibióticos similares, chamados cefalosporinas. Se você já teve uma reação alérgica (como erupções da pele) ao tomar um antibiótico, deve conversar com seu médico antes de usar **Amoxil[®]** . ## **4.",2,chunk_9d394eb70d17,leaf_d76f76b8b2f4,sec_412d80d7cb44,contraindication,0,high,seção esperada; sobreposição semântica/lexical com pergunta e resposta esperada,"QUANDO NÃO DEVO USAR ESTE MEDICAMENTO?** Este medicamento não pode ser usado por pessoas alérgicas à amoxicilina, a outros antibióticos penicilínicos ou antibióticos similares, chamados cefalosporinas. Se você já teve uma reação alérgica (como erupções da pele) ao tomar um antibiótico, deve conversar com seu médico antes de usar **Amoxil[®]** . ## **4.",
q002,faceis_revisadas.csv:2,AMOXIL,facil,Quando não devo usar Amoxil?,"Amoxil não deve ser usado por pessoas alérgicas à amoxicilina, a outros antibióticos penicilínicos ou a antibióticos similares chamados cefalosporinas. Se o paciente já teve reação alérgica, como erupções na pele, ao tomar antibiótico, deve conversar com o médico antes de usar Amoxil.",matched,q002_ev03,supporting,2,"...as O uso prolongado também pode resultar, ocasionalmente, em supercrescimento de microrganismos resistentes a **Amoxil[®]** . **Amoxil[®]** pode piorar algumas condições existentes ou causar efeitos colaterais graves, como reações alérgicas severas, reações cutâneas severas, dor no peito, vômitos repetitivos dentro de 1 a 4 horas após a administração de **Amoxil[®]** ou diarreia grave (colite pseudomembranosa). Você deve estar atento a determinados sintomas enquanto estiver recebendo **Amoxil[®]** para ajudar a red...",3,chunk_d22f44452468,leaf_0ee4a572a9d5,sec_7d3e1905bb76,contraindication,1,high,seção esperada; sobreposição semântica/lexical com pergunta e resposta esperada,"já teve diarreia durante ou após o uso de antibióticos. 1 **==> picture [87 x 28] intentionally omitted <==** ## Modelo de Texto de Bula – Pacientes Amoxil[®] Cápsulas O uso prolongado também pode resultar, ocasionalmente, em supercrescimento de microrganismos resistentes a **Amoxil[®]** . **Amoxil[®]** pode piorar algumas condições existentes ou causar efeitos colaterais graves, como reações alérgicas severas, reações cutâneas severas, dor no peito, vômitos repetitivos dentro de 1 a 4 horas após a administração de **Amoxil[®]** ou diarreia grave (colite pseudomembranosa). Você deve estar atento a determinados sintomas enquanto estiver recebendo **Amoxil[®]** para ajudar a reduzir o risco de quaisquer problemas. ## **Efeitos sobre a capacidade de dirigir veículos e de operar máquinas** Não se observaram efeitos adversos sobre a capacidade de dirigir veículos e de operar máquinas. ## **Gravidez e amamentação** **Amoxil[®]** pode ser usado na gravidez desde que os benefícios potenciais sejam maiores que os riscos potenciais associados ao tratamento. Informe seu médico se você estiver grávida ou suspeitar que está grávida. Você não deve tomar este medicamento se estiver grávida, exceto se seu médico recomendar. Você pode amamentar seu bebê enquanto estiver tomando **Amoxil[®]** , mas há excreção de quantidades mínimas de amoxicilina no leite materno. Se você estiver amamentando, informe ao seu médico antes de iniciar o tratamento com **Amoxil[®]** .",
q002,faceis_revisadas.csv:2,AMOXIL,facil,Quando não devo usar Amoxil?,"Amoxil não deve ser usado por pessoas alérgicas à amoxicilina, a outros antibióticos penicilínicos ou a antibióticos similares chamados cefalosporinas. Se o paciente já teve reação alérgica, como erupções na pele, ao tomar antibiótico, deve conversar com o médico antes de usar Amoxil.",matched,q002_ev04,supporting,2,"...tes de iniciar o tratamento com **Amoxil[®]** . ## **Este medicamento não deve ser utilizado por mulheres grávidas sem orientação médica ou do cirurgião-dentista.** **Uso compatível com o aleitamento ou doação de leite humano. O uso desse medicamento não interfere no aleitamento do bebê.** ## **Uso em idosos, crianças e outros grupos de risco** As recomendações especiais se referem às doses . ## **Interações Medicamentosas** Alguns medicamentos podem causar efeitos indesejáveis se você os ingerir durante o tratamen...",4,chunk_7d57d737a19d,leaf_0ee4a572a9d5,sec_7d3e1905bb76,contraindication,2,high,seção esperada; sobreposição semântica/lexical com pergunta e resposta esperada,"se estiver grávida, exceto se seu médico recomendar. Você pode amamentar seu bebê enquanto estiver tomando **Amoxil[®]** , mas há excreção de quantidades mínimas de amoxicilina no leite materno. Se você estiver amamentando, informe ao seu médico antes de iniciar o tratamento com **Amoxil[®]** . ## **Este medicamento não deve ser utilizado por mulheres grávidas sem orientação médica ou do cirurgião-dentista.** **Uso compatível com o aleitamento ou doação de leite humano. O uso desse medicamento não interfere no aleitamento do bebê.** ## **Uso em idosos, crianças e outros grupos de risco** As recomendações especiais se referem às doses . ## **Interações Medicamentosas** Alguns medicamentos podem causar efeitos indesejáveis se você os ingerir durante o tratamento com **Amoxil[®]** . Não deixe de avisar seu médico caso você esteja tomando: - medicamentos usados no tratamento de gota (probenecida ou alopurinol); - outros antibióticos; - pílulas anticoncepcionais (como acontece com outros antibióticos, talvez sejam necessárias precauções adicionais para evitar a gravidez); - anticoagulantes; - metotrexato (usado para tratar doenças como câncer e psoríase grave). A alimentação não interfere na ação de **Amoxil[®]** , que pode ser ingerido nas refeições. **Informe ao seu médico ou cirurgião-dentista se você está fazendo uso de algum outro medicamento. Não use medicamento sem o conhecimento do seu médico. Pode ser perigoso para a sua saúde.**",
q003,faceis_revisadas.csv:3,AMOXIL,facil,"Na apresentação cápsulas, qual é a dose padrão de Amoxil para adultos e crianças acima de 40 kg?","Na apresentação cápsulas, para adultos e crianças acima de 40 kg, a dose padrão é 500 mg, equivalente a uma cápsula, três vezes ao dia, de 8 em 8 horas, nas infecções mais graves.",matched,q003_ev01,essential,3,"...médico. Não pare somente porque se sente melhor. **As cápsulas devem ser ingeridas inteiras com água. Não as mastigue.** ## **Posologia** Atenção! Para algumas doses indicadas abaixo (doses inferiores a 500 mg) é necessário o uso da suspensão oral, converse com seu médico ou farmacêutico em caso de dúvida. ## **Dose para adultos e crianças acima de 40 kg** - Dose padrão: 500 mg (uma cápsula) três vezes ao dia (de 8 em 8 horas) nas infecções mais graves. - Tratamento com dosagem alta (máximo recomendável de 6 g ao...",1,chunk_9d0ab2325c26,leaf_0ee4a572a9d5,sec_70be16f94d2d,dosage,0,high,seção esperada; apresentação/formulação mencionada; sobreposição semântica/lexical com pergunta e resposta esperada,"COMO DEVO USAR ESTE MEDICAMENTO?** ## **Modo de usar** Siga as orientações de seu médico sobre a maneira e a hora correta de tomar o medicamento. Ele vai decidir a quantidade diária que você precisa e o tempo durante o qual você deve usar este medicamento. Leia esta bula com cautela. Se você tiver alguma dúvida, fale com seu médico. Recomenda-se ingerir o medicamento nas refeições, embora ele continue eficaz mesmo que você o tome em outros horários. Continue tomando este medicamento até o fim do tratamento prescrito pelo médico. Não pare somente porque se sente melhor. **As cápsulas devem ser ingeridas inteiras com água. Não as mastigue.** ## **Posologia** Atenção! Para algumas doses indicadas abaixo (doses inferiores a 500 mg) é necessário o uso da suspensão oral, converse com seu médico ou farmacêutico em caso de dúvida. ## **Dose para adultos e crianças acima de 40 kg** - Dose padrão: 500 mg (uma cápsula) três vezes ao dia (de 8 em 8 horas) nas infecções mais graves. - Tratamento com dosagem alta (máximo recomendável de 6 g ao dia em doses divididas): recomenda-se uma dose de 3 g (seis cápsulas) duas vezes ao dia (de 12 em 12 horas) em casos que requerem tratamento de infecção respiratória purulenta (com a presença de pus) grave ou recorrente. ## **- Tratamento de curta duração (gonorreia): dose única de 3 g.**",
q003,faceis_revisadas.csv:3,AMOXIL,facil,"Na apresentação cápsulas, qual é a dose padrão de Amoxil para adultos e crianças acima de 40 kg?","Na apresentação cápsulas, para adultos e crianças acima de 40 kg, a dose padrão é 500 mg, equivalente a uma cápsula, três vezes ao dia, de 8 em 8 horas, nas infecções mais graves.",matched,q003_ev02,essential,3,"...vada em geladeira (entre 2[o] C e 8[o] C). ## **Agite a suspensão oral antes de usá-la.** 3 **==> picture [86 x 28] intentionally omitted <==** ## Modelo de Texto de Bula – Pacientes Amoxil[®] Pó para suspensão oral ## **Posologia** ## **Dose para adultos e crianças acima de 40 kg** Dose padrão: 250 mg três vezes ao dia (de 8 em 8 horas), podendo ser aumentada para 500 mg três vezes ao dia (de 8 em 8 horas) nas infecções mais graves. ## **Tratamento com dosagem alta (máximo recomendável de 6 g ao dia em doses divid...",2,chunk_c0033b15fe08,leaf_d76f76b8b2f4,sec_8896cdffa974,dosage,1,high,seção esperada; sobreposição semântica/lexical com pergunta e resposta esperada,"servada em geladeira (entre 2[o] C e 8[o] C). ## **Agite a suspensão oral antes de usá-la.** 3 **==> picture [86 x 28] intentionally omitted <==** ## Modelo de Texto de Bula – Pacientes Amoxil[®] Pó para suspensão oral ## **Posologia** ## **Dose para adultos e crianças acima de 40 kg** Dose padrão: 250 mg três vezes ao dia (de 8 em 8 horas), podendo ser aumentada para 500 mg três vezes ao dia (de 8 em 8 horas) nas infecções mais graves. ## **Tratamento com dosagem alta (máximo recomendável de 6 g ao dia em doses divididas)** Recomenda-se uma dose de 3g duas vezes ao dia (de 12 em 12 horas) nos casos que requerem tratamento de infecção respiratória purulenta (com a presença de pus) grave ou recorrente. ## **Tratamento de curta duração** Gonorreia: dose única de 3 g. ## **Erradicação de** _**Helicobacter pylori**_ **em úlcera péptica (no duodeno ou no estômago)** Para combater o _Helicobacter_ (bactéria que ataca o estômago e o duodeno), recomenda-se o uso de **Amoxil[®]** no esquema de 750 mg a 1 g duas vezes ao dia, em associação com um inibidor da bomba de prótons (exemplo: omeprazol, lanzoprazol) e outro agente antimicrobiano (por exemplo claritromicina, metronidazol), por 7 dias. ## **Dose para crianças abaixo de 40 kg** Dose padrão para crianças: 20 a 50 mg/kg/dia em doses divididas (de 8 em 8 horas), até um máximo de 150 mg/kg/dia em doses divididas. ## **Pacientes com insuficiência renal (dos rins)**",
q003,faceis_revisadas.csv:3,AMOXIL,facil,"Na apresentação cápsulas, qual é a dose padrão de Amoxil para adultos e crianças acima de 40 kg?","Na apresentação cápsulas, para adultos e crianças acima de 40 kg, a dose padrão é 500 mg, equivalente a uma cápsula, três vezes ao dia, de 8 em 8 horas, nas infecções mais graves.",matched,q003_ev03,supporting,2,"...Amoxil[®] no esquema de 1 g duas vezes ao dia (de 12 em 12 horas), em associação com um medicamento conhecido como inibidor da bomba de prótons (exemplo: omeprazol, lanzoprazol) e outro agente antimicrobiano (por exemplo claritromicina, metronidazol), por 7 dias. ## **Pacientes com insuficiência renal (dos rins)** Na insuficiência renal, a eliminação do antibiótico é mais lenta. Conforme o grau dessa condição, seu médico pode indicar a redução da dose diária total de acordo com o esquema descrito a seguir. Adultos...",3,chunk_05bc48672ff1,leaf_0ee4a572a9d5,sec_70be16f94d2d,dosage,1,high,seção esperada; apresentação/formulação mencionada; sobreposição semântica/lexical com pergunta e resposta esperada,"g ao dia em doses divididas): recomenda-se uma dose de 3 g (seis cápsulas) duas vezes ao dia (de 12 em 12 horas) em casos que requerem tratamento de infecção respiratória purulenta (com a presença de pus) grave ou recorrente. ## **- Tratamento de curta duração (gonorreia): dose única de 3 g.** **Erradicação de** _**Helicobacter pylori:**_ para combater o _Helicobacter_ (bactéria que ataca o estômago e o duodeno), recomenda-se o uso de Amoxil[®] no esquema de 1 g duas vezes ao dia (de 12 em 12 horas), em associação com um medicamento conhecido como inibidor da bomba de prótons (exemplo: omeprazol, lanzoprazol) e outro agente antimicrobiano (por exemplo claritromicina, metronidazol), por 7 dias. ## **Pacientes com insuficiência renal (dos rins)** Na insuficiência renal, a eliminação do antibiótico é mais lenta. Conforme o grau dessa condição, seu médico pode indicar a redução da dose diária total de acordo com o esquema descrito a seguir. Adultos e crianças acima de 40 kg - insuficiência leve: nenhuma alteração de dose; - insuficiência moderada: máximo de 500 mg (uma cápsula) duas vezes ao dia (de 12 em 12 horas); - insuficiência grave: máximo de 500 mg (uma cápsula) ao dia. 3 **==> picture [87 x 28] intentionally omitted <==** ## Modelo de Texto de Bula – Pacientes Amoxil[®] Cápsulas ## **Pacientes que recebem diálise peritoneal**",
q003,faceis_revisadas.csv:3,AMOXIL,facil,"Na apresentação cápsulas, qual é a dose padrão de Amoxil para adultos e crianças acima de 40 kg?","Na apresentação cápsulas, para adultos e crianças acima de 40 kg, a dose padrão é 500 mg, equivalente a uma cápsula, três vezes ao dia, de 8 em 8 horas, nas infecções mais graves.",matched,q003_ev04,supporting,2,"...to de Bula – Pacientes Amoxil[®] Cápsulas ## **Pacientes que recebem diálise peritoneal** Usa-se a mesma posologia indicada para pacientes com insuficiência renal grave. A diálise peritoneal (processo de limpeza das substâncias tóxicas do organismo através do peritônio, membrana que envolve o abdômen) não remove a amoxicilina do corpo. ## **Pacientes que recebem hemodiálise** Usa-se a mesma posologia indicada para pacientes com insuficiência renal grave. A amoxicilina é removida do sangue por hemodiálise (processo...",4,chunk_920654c7064a,leaf_0ee4a572a9d5,sec_70be16f94d2d,dosage,2,high,seção esperada; apresentação/formulação mencionada; sobreposição semântica/lexical com pergunta e resposta esperada,"imo de 500 mg (uma cápsula) duas vezes ao dia (de 12 em 12 horas); - insuficiência grave: máximo de 500 mg (uma cápsula) ao dia. 3 **==> picture [87 x 28] intentionally omitted <==** ## Modelo de Texto de Bula – Pacientes Amoxil[®] Cápsulas ## **Pacientes que recebem diálise peritoneal** Usa-se a mesma posologia indicada para pacientes com insuficiência renal grave. A diálise peritoneal (processo de limpeza das substâncias tóxicas do organismo através do peritônio, membrana que envolve o abdômen) não remove a amoxicilina do corpo. ## **Pacientes que recebem hemodiálise** Usa-se a mesma posologia indicada para pacientes com insuficiência renal grave. A amoxicilina é removida do sangue por hemodiálise (processo que substitui os rins na filtragem sanguínea). Portanto, uma dose adicional (500 mg para adultos e crianças acima de 40kg ou 15 mg/kg para crianças abaixo de 40 kg) pode ser administrada durante e no final de cada diálise. Seu médico poderá indicar tratamento por via parenteral (feito com aplicação de injeções intravenosas, intramusculares ou subcutâneas) nos casos em que a via oral for considerada inadequada (particularmente nos tratamentos urgentes de infecções graves). Conforme o grau de insuficiência renal, talvez seu médico ache necessário reduzir a dose diária total. **Siga a orientação de seu médico, respeitando sempre os horários, as doses e a duração do tratamento. Não interrompa o tratamento sem o conhecimento de seu médico. Este medicamento não deve ser partido ou mastigado.** ## **7.",
q004,faceis_revisadas.csv:4,AMOXIL,facil,Amoxil pode causar diarreia?,"Sim. Diarreia é uma reação comum, ocorrendo entre 1% e 10% dos pacientes que utilizam Amoxil.",matched,q004_ev01,essential,3,"QUAIS OS MALES QUE ESTE MEDICAMENTO PODE ME CAUSAR?** Avise seu médico o mais cedo possível se você não se sentir bem durante o tratamento com **Amoxil[®]** . Assim como todo medicamento, **Amoxil[®]** pode provocar reações adversas, porém isso não ocorre com todas as pessoas. Os efeitos colaterais deste medicamento geralmente são leves. ## **Reações comuns (ocorrem entre 1% e 10% dos pacientes que utilizam este medicamento):** - Diarreia (várias evacuações amolecidas por dia) e enjoo; quando isso acontece, os sint...",1,chunk_2273c1b76ec0,leaf_0ee4a572a9d5,sec_b161227b9c29,adverse_reaction,0,high,seção esperada; sobreposição semântica/lexical com pergunta e resposta esperada,"QUAIS OS MALES QUE ESTE MEDICAMENTO PODE ME CAUSAR?** Avise seu médico o mais cedo possível se você não se sentir bem durante o tratamento com **Amoxil[®]** . Assim como todo medicamento, **Amoxil[®]** pode provocar reações adversas, porém isso não ocorre com todas as pessoas. Os efeitos colaterais deste medicamento geralmente são leves. ## **Reações comuns (ocorrem entre 1% e 10% dos pacientes que utilizam este medicamento):** - Diarreia (várias evacuações amolecidas por dia) e enjoo; quando isso acontece, os sintomas normalmente são leves e com frequência podem ser evitados tomando-se o medicamento no início das refeições. Se continuarem ou se tornarem graves, consulte o médico. - Erupções da pele. ## **Reações incomuns (ocorrem entre 0,1% e 1% dos pacientes que utilizam este medicamento):** - Vômito, urticária e coceira. ## **Reações muito raras (ocorrem em menos de 0,01% dos pacientes que utilizam este medicamento):** - Diminuição de glóbulos brancos (leucopenia reversível), que pode resultar em infecções frequentes, como febre, calafrios, inflamação da garganta ou úlceras na boca; - Baixa contagem de plaquetas (trombocitopenia reversível), que pode resultar em sangramento ou hematomas (manchas roxas) que surgem com mais facilidade que o normal; - Destruição de glóbulos vermelhos e consequentemente anemia (anemia hemolítica), que pode resultar em cansaço, dores de cabeça e falta de ar causada pela prática de exercícios físicos, vertigem, palidez e amarelamento da pele e/ou dos olhos;",
q004,faceis_revisadas.csv:4,AMOXIL,facil,Amoxil pode causar diarreia?,"Sim. Diarreia é uma reação comum, ocorrendo entre 1% e 10% dos pacientes que utilizam Amoxil.",matched,q004_ev02,essential,3,"QUAIS OS MALES QUE ESTE MEDICAMENTO PODE ME CAUSAR?** Avise seu médico o mais cedo possível se você não se sentir bem durante o tratamento com **Amoxil[®]** . Assim como todo medicamento, **Amoxil[®]** pode provocar reações adversas, porém isso não ocorre com todas as pessoas. Os efeitos colaterais deste medicamento geralmente são leves. ## **Reações comuns (ocorrem entre 1% e 10% dos pacientes que utilizam este medicamento):** - Diarreia (várias evacuações amolecidas por dia) e enjoo; quando isso acontece, os sint...",2,chunk_cf81874efa63,leaf_d76f76b8b2f4,sec_16fd6dd8639e,adverse_reaction,0,high,seção esperada; sobreposição semântica/lexical com pergunta e resposta esperada,"QUAIS OS MALES QUE ESTE MEDICAMENTO PODE ME CAUSAR?** Avise seu médico o mais cedo possível se você não se sentir bem durante o tratamento com **Amoxil[®]** . Assim como todo medicamento, **Amoxil[®]** pode provocar reações adversas, porém isso não ocorre com todas as pessoas. Os efeitos colaterais deste medicamento geralmente são leves. ## **Reações comuns (ocorrem entre 1% e 10% dos pacientes que utilizam este medicamento):** - Diarreia (várias evacuações amolecidas por dia) e enjoo; quando isso acontece, os sintomas normalmente são leves e com frequência podem ser evitados tomando-se o medicamento no início das refeições. Se continuarem ou se tornarem graves, consulte o médico; - Erupções da pele. ## **Reações incomuns (ocorrem entre 0,1% e 1% dos pacientes que utilizam este medicamento):** - Vômito, urticária e coceira. ## **Reações muito raras (ocorrem em menos de 0,01% dos pacientes que utilizam este medicamento):** - Diminuição de glóbulos brancos (leucopenia reversível), que pode resultar em infecções frequentes, como febre, calafrios, inflamação da garganta ou úlceras na boca; - Baixa contagem de plaquetas (trombocitopenia reversível), que pode resultar em sangramento ou hematomas (manchas roxas que surgem com mais facilidade que o normal); - Destruição de glóbulos vermelhos e consequentemente anemia (anemia hemolítica), que pode resultar em cansaço, dores de cabeça e falta de ar causada pela prática de exercícios físicos, vertigem, palidez e amarelamento da pele e/ou dos olhos;",
q004,faceis_revisadas.csv:4,AMOXIL,facil,Amoxil pode causar diarreia?,"Sim. Diarreia é uma reação comum, ocorrendo entre 1% e 10% dos pacientes que utilizam Amoxil.",matched,q004_ev03,supporting,2,"...po, falta de ar, respiração ofegante ou problemas para respirar; se esses sintomas ocorrerem, pare de usar **Amoxil[®]** e procure socorro médico o mais rápido possível; 4 **==> picture [87 x 28] intentionally omitted <==** ## Modelo de Texto de Bula – Pacientes Amoxil[®] Cápsulas - Dor no peito, que pode ser um sinal de uma reação alérgica potencialmente grave chamada síndrome de Kounis; - Vômitos repetitivos (1 a 4 horas após a administração de **Amoxil[®]** ), dores no estômago, sonolência anormal, diarreia e pr...",3,chunk_1ddf28119f88,leaf_0ee4a572a9d5,sec_b161227b9c29,adverse_reaction,1,high,seção esperada; sobreposição semântica/lexical com pergunta e resposta esperada,"roxas) que surgem com mais facilidade que o normal; - Destruição de glóbulos vermelhos e consequentemente anemia (anemia hemolítica), que pode resultar em cansaço, dores de cabeça e falta de ar causada pela prática de exercícios físicos, vertigem, palidez e amarelamento da pele e/ou dos olhos; - Sinais repentinos de alergia, como erupções da pele, prurido (coceira) ou urticária, inchaço da face, dos lábios, da língua ou de outras partes do corpo, falta de ar, respiração ofegante ou problemas para respirar; se esses sintomas ocorrerem, pare de usar **Amoxil[®]** e procure socorro médico o mais rápido possível; 4 **==> picture [87 x 28] intentionally omitted <==** ## Modelo de Texto de Bula – Pacientes Amoxil[®] Cápsulas - Dor no peito, que pode ser um sinal de uma reação alérgica potencialmente grave chamada síndrome de Kounis; - Vômitos repetitivos (1 a 4 horas após a administração de **Amoxil[®]** ), dores no estômago, sonolência anormal, diarreia e pressão baixa, que podem ser um sinal de uma reação alérgica grave denominada síndrome de enterocolite induzida por medicamentos; - Convulsões (ataques) podem ocorrer em pacientes com função renal prejudicada ou que estejam recebendo doses altas do medicamento; - Hipercinesia (presença de movimentos exacerbados e incontrolados), tontura;",
q004,faceis_revisadas.csv:4,AMOXIL,facil,Amoxil pode causar diarreia?,"Sim. Diarreia é uma reação comum, ocorrendo entre 1% e 10% dos pacientes que utilizam Amoxil.",matched,q004_ev04,supporting,2,"la Peyennière, 53100, Mayenne – França. 5 **==> picture [87 x 28] intentionally omitted <==** ## Modelo de Texto de Bula – Pacientes Amoxil[®] Cápsulas Importado e Registrado por: **GlaxoSmithKline Brasil Ltda.** Estrada dos Bandeirantes, 8464 - Rio de Janeiro - RJ CNPJ: 33.247.743/0001-10 ## **VENDA SOB PRESCRIÇÃO COM RETENÇÃO DA RECEITA** L1991_amoxil_cap_gel_dura_GDS35_IPI16 **==> picture [43 x 43] intentionally omitted <==** **==> picture [50 x 41] intentionally omitted <==** 6 ## **",4,chunk_dc0a772ae1a8,leaf_0ee4a572a9d5,sec_b161227b9c29,adverse_reaction,5,high,seção esperada; sobreposição semântica/lexical com pergunta e resposta esperada,"la Peyennière, 53100, Mayenne – França. 5 **==> picture [87 x 28] intentionally omitted <==** ## Modelo de Texto de Bula – Pacientes Amoxil[®] Cápsulas Importado e Registrado por: **GlaxoSmithKline Brasil Ltda.** Estrada dos Bandeirantes, 8464 - Rio de Janeiro - RJ CNPJ: 33.247.743/0001-10 ## **VENDA SOB PRESCRIÇÃO COM RETENÇÃO DA RECEITA** L1991_amoxil_cap_gel_dura_GDS35_IPI16 **==> picture [43 x 43] intentionally omitted <==** **==> picture [50 x 41] intentionally omitted <==** 6 ## **",
q005,faceis_revisadas.csv:5,AMOXIL,facil,Como devo guardar as cápsulas de Amoxil?,"As cápsulas de Amoxil devem ser conservadas na embalagem original, protegidas da umidade e em temperatura ambiente, entre 15 °C e 30 °C. Todo medicamento deve ser mantido fora do alcance das crianças.",matched,q005_ev01,essential,3,"...EDICAMENTO? Cuidados de armazenamento** 2 **==> picture [87 x 28] intentionally omitted <==** ## Modelo de Texto de Bula – Pacientes Amoxil[®] Cápsulas ## **Manter fora do alcance de crianças** Conservar as cápsulas na embalagem original, protegido da umidade e em temperatura ambiente (entre 15[o] C e 30[o] C). ## **Número de lote e datas de fabricação e validade: vide embalagem. Não use medicamento com o prazo de validade vencido. Guarde-o em sua embalagem original.** ## **Aspecto físico/características organolépt...",1,chunk_23a1a45ccf28,leaf_0ee4a572a9d5,sec_29b51bfae3c2,storage,0,high,seção esperada; apresentação/formulação mencionada; sobreposição semântica/lexical com pergunta e resposta esperada,"ONDE, COMO E POR QUANTO TEMPO POSSO GUARDAR ESTE MEDICAMENTO? Cuidados de armazenamento** 2 **==> picture [87 x 28] intentionally omitted <==** ## Modelo de Texto de Bula – Pacientes Amoxil[®] Cápsulas ## **Manter fora do alcance de crianças** Conservar as cápsulas na embalagem original, protegido da umidade e em temperatura ambiente (entre 15[o] C e 30[o] C). ## **Número de lote e datas de fabricação e validade: vide embalagem. Não use medicamento com o prazo de validade vencido. Guarde-o em sua embalagem original.** ## **Aspecto físico/características organolépticas** Cápsulas de 500 mg de duas cores (corpo amarelo opaco e tampa vermelho opaco) impressa com GS JVL e contendo um pó branco a quase branco. **Antes de usar, observe o aspecto do medicamento. Caso ele esteja no prazo de validade e você observe alguma mudança no aspecto, consulte o farmacêutico para saber se poderá utilizá-lo. Todo medicamento deve ser mantido fora do alcance das crianças.** ## **6.",
q005,faceis_revisadas.csv:5,AMOXIL,facil,Como devo guardar as cápsulas de Amoxil?,"As cápsulas de Amoxil devem ser conservadas na embalagem original, protegidas da umidade e em temperatura ambiente, entre 15 °C e 30 °C. Todo medicamento deve ser mantido fora do alcance das crianças.",matched,q005_ev02,essential,3,"...e em temperatura ambiente entre (15[o] C e 30[o] C). Após preparo da suspensão, conservar em geladeira (entre 2[o] C e 8[o] C), sendo o produto válido por 14 dias após a reconstituição. **Número de lote e datas de fabricação e validade: vide embalagem.** **Não use medicamento com o prazo de validade vencido. Guarde-o em sua embalagem original. Após preparo, manter o produto por 14 dias em geladeira (entre 2[o] C e 8[o] C).** ## **Aspecto físico/características organolépticas Aspecto físico:** O **Amoxil[®]** (amox...",2,chunk_6a5892989281,leaf_d76f76b8b2f4,sec_ba489291d620,storage,0,high,seção esperada; sobreposição semântica/lexical com pergunta e resposta esperada,"ONDE, COMO E POR QUANTO TEMPO POSSO GUARDAR ESTE MEDICAMENTO?** ## **Cuidados de armazenamento** ## **Manter fora do alcance de crianças** Conservar o produto em pó na embalagem original, protegido da umidade e em temperatura ambiente entre (15[o] C e 30[o] C). Após preparo da suspensão, conservar em geladeira (entre 2[o] C e 8[o] C), sendo o produto válido por 14 dias após a reconstituição. **Número de lote e datas de fabricação e validade: vide embalagem.** **Não use medicamento com o prazo de validade vencido. Guarde-o em sua embalagem original. Após preparo, manter o produto por 14 dias em geladeira (entre 2[o] C e 8[o] C).** ## **Aspecto físico/características organolépticas Aspecto físico:** O **Amoxil[®]** (amoxicilina) é um pó branco (para reconstituição) com grânulos amarelados, que após a reconstituição resultará em uma suspensão homogênea quase branca. ## **Características organolépticas:** Suspensão oral: sabor de tutti frutti e odor característico de frutas. **Antes de usar, observe o aspecto do medicamento. Caso ele esteja no prazo de validade e você observe alguma mudança no aspecto, consulte o farmacêutico para saber se poderá utilizá-lo. Todo medicamento deve ser mantido fora do alcance das crianças.** ## **6.",
q005,faceis_revisadas.csv:5,AMOXIL,facil,Como devo guardar as cápsulas de Amoxil?,"As cápsulas de Amoxil devem ser conservadas na embalagem original, protegidas da umidade e em temperatura ambiente, entre 15 °C e 30 °C. Todo medicamento deve ser mantido fora do alcance das crianças.",matched,q005_ev03,supporting,2,"IDENTIFICAÇÃO DO MEDICAMENTO** **Amoxil**[] amoxicilina ## **APRESENTAÇÕES** Cápsulas de 500 mg em embalagem com 15, 21 ou 30 unidades. ## **USO ORAL** ## **USO ADULTO E PEDIÁTRICO (ACIMA DE 40 KG)** ## **COMPOSIÇÃO** Cada cápsula contém: amoxicilina ................................................................................................................................................................ 500 mg (equivalentes a 575 mg de amoxicilina tri-hidratada) Excipiente[1] q.s.p. .............................",3,chunk_381105994f64,leaf_0ee4a572a9d5,sec_1d6c2dc3e760,identification,0,high,apresentação/formulação mencionada; sobreposição semântica/lexical com pergunta e resposta esperada,"IDENTIFICAÇÃO DO MEDICAMENTO** **Amoxil**[] amoxicilina ## **APRESENTAÇÕES** Cápsulas de 500 mg em embalagem com 15, 21 ou 30 unidades. ## **USO ORAL** ## **USO ADULTO E PEDIÁTRICO (ACIMA DE 40 KG)** ## **COMPOSIÇÃO** Cada cápsula contém: amoxicilina ................................................................................................................................................................ 500 mg (equivalentes a 575 mg de amoxicilina tri-hidratada) Excipiente[1] q.s.p. .................................................................................................................................................... 1 cápsula - 1Excipiente: estearato de magnésio. Composição da cápsula: gelatina, vermelho de eritrosina, azul de indigotina, dióxido de titânio, óxido de ferro amarelo. ## **II) INFORMAÇÕES AO PACIENTE** ## **1.",
q005,faceis_revisadas.csv:5,AMOXIL,facil,Como devo guardar as cápsulas de Amoxil?,"As cápsulas de Amoxil devem ser conservadas na embalagem original, protegidas da umidade e em temperatura ambiente, entre 15 °C e 30 °C. Todo medicamento deve ser mantido fora do alcance das crianças.",matched,q005_ev04,supporting,2,"...e 12 em 12 horas); - insuficiência grave: máximo de 500 mg (uma cápsula) ao dia. 3 **==> picture [87 x 28] intentionally omitted <==** ## Modelo de Texto de Bula – Pacientes Amoxil[®] Cápsulas ## **Pacientes que recebem diálise peritoneal** Usa-se a mesma posologia indicada para pacientes com insuficiência renal grave. A diálise peritoneal (processo de limpeza das substâncias tóxicas do organismo através do peritônio, membrana que envolve o abdômen) não remove a amoxicilina do corpo. ## **Pacientes que recebem hemo...",4,chunk_920654c7064a,leaf_0ee4a572a9d5,sec_70be16f94d2d,dosage,2,medium,apresentação/formulação mencionada; sobreposição semântica/lexical com pergunta e resposta esperada,"imo de 500 mg (uma cápsula) duas vezes ao dia (de 12 em 12 horas); - insuficiência grave: máximo de 500 mg (uma cápsula) ao dia. 3 **==> picture [87 x 28] intentionally omitted <==** ## Modelo de Texto de Bula – Pacientes Amoxil[®] Cápsulas ## **Pacientes que recebem diálise peritoneal** Usa-se a mesma posologia indicada para pacientes com insuficiência renal grave. A diálise peritoneal (processo de limpeza das substâncias tóxicas do organismo através do peritônio, membrana que envolve o abdômen) não remove a amoxicilina do corpo. ## **Pacientes que recebem hemodiálise** Usa-se a mesma posologia indicada para pacientes com insuficiência renal grave. A amoxicilina é removida do sangue por hemodiálise (processo que substitui os rins na filtragem sanguínea). Portanto, uma dose adicional (500 mg para adultos e crianças acima de 40kg ou 15 mg/kg para crianças abaixo de 40 kg) pode ser administrada durante e no final de cada diálise. Seu médico poderá indicar tratamento por via parenteral (feito com aplicação de injeções intravenosas, intramusculares ou subcutâneas) nos casos em que a via oral for considerada inadequada (particularmente nos tratamentos urgentes de infecções graves). Conforme o grau de insuficiência renal, talvez seu médico ache necessário reduzir a dose diária total. **Siga a orientação de seu médico, respeitando sempre os horários, as doses e a duração do tratamento. Não interrompa o tratamento sem o conhecimento de seu médico. Este medicamento não deve ser partido ou mastigado.** ## **7.",
q006,faceis_revisadas.csv:6,RIVOTRIL,facil,Para que serve o Rivotril?,"Rivotril é indicado para tratar crises epilépticas e espasmos infantis, também chamados síndrome de West. Em adultos, também é indicado para transtornos de ansiedade, transtornos do humor, síndromes psicóticas, síndrome das pernas inquietas, vertigem e distúrbios do equilíbrio e síndrome da boca ardente.",matched,q006_ev01,essential,3,PARA QUE ESTE MEDICAMENTO É INDICADO? Adulto e pediátrico Distúrbio epiléptico** **Rivotril[® ]** é indicado para tratar crises epilépticas e espasmos infantis (síndrome de West). ## **Adulto** **Rivotril[® ]** também é indicado para: ## **Transtornos de ansiedade** - Como ansiolítico em geral. - Distúrbio do pânico com ou sem medo de espaços abertos. - Fobia social (medo de situações como falar em público). ## **Transtornos do humor** - Transtorno afetivo bipolar (fases de depressão e mania): tratamento da mania....,1,chunk_3fede5899876,leaf_3cb34533cd62,sec_c1ebfc9276fe,indication,0,high,seção esperada; sobreposição semântica/lexical com pergunta e resposta esperada,"PARA QUE ESTE MEDICAMENTO É INDICADO? Adulto e pediátrico Distúrbio epiléptico** **Rivotril[® ]** é indicado para tratar crises epilépticas e espasmos infantis (síndrome de West). ## **Adulto** **Rivotril[® ]** também é indicado para: ## **Transtornos de ansiedade** - Como ansiolítico em geral. - Distúrbio do pânico com ou sem medo de espaços abertos. - Fobia social (medo de situações como falar em público). ## **Transtornos do humor** - Transtorno afetivo bipolar (fases de depressão e mania): tratamento da mania. - Depressão maior: associado à antidepressivos na depressão ansiosa e início do tratamento. ## **Síndromes psicóticas**  Acatisia (inquietação extrema, geralmente provocada por medicamentos psiquiátricos). **Síndrome das pernas inquietas (desconforto ou dor nas pernas que leva à necessidade de movimentá-las, prejudicando o sono).** **Vertigem e distúrbios do equilíbrio:** náuseas, vômitos, desmaios, quedas, zumbidos e distúrbios auditivos. **Síndrome da boca ardente (sensação de queimação na parte interna da boca, sem alterações físicas).** **2.",
q006,faceis_revisadas.csv:6,RIVOTRIL,facil,Para que serve o Rivotril?,"Rivotril é indicado para tratar crises epilépticas e espasmos infantis, também chamados síndrome de West. Em adultos, também é indicado para transtornos de ansiedade, transtornos do humor, síndromes psicóticas, síndrome das pernas inquietas, vertigem e distúrbios do equilíbrio e síndrome da boca ardente.",matched,q006_ev02,essential,3,PARA QUE ESTE MEDICAMENTO É INDICADO? Adulto e pediátrico Distúrbio epiléptico** **Rivotril[® ]** é indicado para tratar crises epilépticas e espasmos infantis (síndrome de West). ## **Adulto** **Rivotril[® ]** também é indicado para: **Transtornos de ansiedade** - Como ansiolítico em geral. - Distúrbio do pânico com ou sem medo de espaços abertos. - Fobia social (medo de situações como falar em público). ## **Transtornos do humor** - Transtorno afetivo bipolar (fases de depressão e mania): tratamento da mania. - D...,2,chunk_1f2c88d1dcdf,leaf_582f152be8a1,sec_98ccb636ef21,indication,0,high,seção esperada; sobreposição semântica/lexical com pergunta e resposta esperada,"PARA QUE ESTE MEDICAMENTO É INDICADO? Adulto e pediátrico Distúrbio epiléptico** **Rivotril[® ]** é indicado para tratar crises epilépticas e espasmos infantis (síndrome de West). ## **Adulto** **Rivotril[® ]** também é indicado para: **Transtornos de ansiedade** - Como ansiolítico em geral. - Distúrbio do pânico com ou sem medo de espaços abertos. - Fobia social (medo de situações como falar em público). ## **Transtornos do humor** - Transtorno afetivo bipolar (fases de depressão e mania): tratamento da mania. - Depressão maior: associado a antidepressivos na depressão ansiosa e início do tratamento. ## **Síndromes psicóticas**  Acatisia (inquietação extrema, geralmente provocada por medicamentos psiquiátricos). **Síndrome das pernas inquietas (desconforto ou dor nas pernas que leva à necessidade de movimentá-las, prejudicando o sono).** **Vertigem e distúrbios do equilíbrio:** náuseas, vômitos, desmaios, quedas, zumbidos e distúrbios auditivos. **Síndrome da boca ardente (sensação de queimação na parte interna da boca, sem alterações físicas).** **2.",
q006,faceis_revisadas.csv:6,RIVOTRIL,facil,Para que serve o Rivotril?,"Rivotril é indicado para tratar crises epilépticas e espasmos infantis, também chamados síndrome de West. Em adultos, também é indicado para transtornos de ansiedade, transtornos do humor, síndromes psicóticas, síndrome das pernas inquietas, vertigem e distúrbios do equilíbrio e síndrome da boca ardente.",matched,q006_ev03,essential,3,PARA QUE ESTE MEDICAMENTO É INDICADO? Adulto e pediátrico Distúrbio epiléptico** **Rivotril[® ]** é indicado para tratar crises epilépticas e espasmos infantis (síndrome de West). ## **Adulto** **Rivotril[® ]** também é indicado para: ## **Transtornos de ansiedade** - Como ansiolítico em geral. - Distúrbio do pânico com ou sem medo de espaços abertos. - Fobia social (medo de situações como falar em público). ## **Transtornos do humor** - Transtorno afetivo bipolar (fases de depressão e mania): tratamento da mania....,3,chunk_b5f77dec1fb9,leaf_2c68e53f153b,sec_a467c1052040,indication,0,high,seção esperada; sobreposição semântica/lexical com pergunta e resposta esperada,"PARA QUE ESTE MEDICAMENTO É INDICADO? Adulto e pediátrico Distúrbio epiléptico** **Rivotril[® ]** é indicado para tratar crises epilépticas e espasmos infantis (síndrome de West). ## **Adulto** **Rivotril[® ]** também é indicado para: ## **Transtornos de ansiedade** - Como ansiolítico em geral. - Distúrbio do pânico com ou sem medo de espaços abertos. - Fobia social (medo de situações como falar em público). ## **Transtornos do humor** - Transtorno afetivo bipolar (fases de depressão e mania): tratamento da mania. - Depressão maior: associado a antidepressivos na depressão ansiosa e início do tratamento. ## **Síndromes psicóticas**  Acatisia (inquietação extrema, geralmente provocada por medicamentos psiquiátricos). **Síndrome das pernas inquietas (desconforto ou dor nas pernas que leva à necessidade de movimentá-las, prejudicando o sono).** **Vertigem distúrbios do equilíbrio:** náuseas, vômitos, desmaios, quedas, zumbidos e distúrbios auditivos. **Síndrome da boca ardente (sensação de queimação na parte interna da boca, sem alterações físicas).** **2.",
q006,faceis_revisadas.csv:6,RIVOTRIL,facil,Para que serve o Rivotril?,"Rivotril é indicado para tratar crises epilépticas e espasmos infantis, também chamados síndrome de West. Em adultos, também é indicado para transtornos de ansiedade, transtornos do humor, síndromes psicóticas, síndrome das pernas inquietas, vertigem e distúrbios do equilíbrio e síndrome da boca ardente.",matched,q006_ev04,supporting,2,"...Pode-se aumentar a dose a critério médico. - Dose de manutenção: critério médico, de acordo com sua resposta. A dose tomada ao deitar reduz a inconveniência da sonolência e pode ser desejável no início do tratamento. A retirada deve ser gradual, até que o medicamento seja totalmente suspenso. - **Como ansiolítico em geral:** 0,25 mg a 4,0 mg/dia. Dose recomendada: 0,5 a 1,5 mg/dia (dividida em 3x/dia). - **Fobia social:** 0,25 mg/dia até 6,0 mg/dia (2,0 mg, 3x/dia). Dose recomendada: 1,0 a 2,5 mg/dia. ## **Transtor...",4,chunk_3eb1bfdbfd3a,leaf_3cb34533cd62,sec_a09f972c4cdf,contraindication,7,high,sobreposição semântica/lexical com pergunta e resposta esperada,"a 3 doses. A dose pode ser aumentada, a critério médico, até atingir a dose de manutenção individual, usualmente de 3 a 6 mg/dia. Sempre que possível, dividir a dose diária em 3 doses iguais. Caso não seja possível, a maior dose deve ser tomada antes de deitar. ## **Transtornos de ansiedade** - **Distúrbio do pânico:** Adultos: - Dose inicial: 0,5 mg/dia, dividida em 2 doses. Pode-se aumentar a dose a critério médico. - Dose de manutenção: critério médico, de acordo com sua resposta. A dose tomada ao deitar reduz a inconveniência da sonolência e pode ser desejável no início do tratamento. A retirada deve ser gradual, até que o medicamento seja totalmente suspenso. - **Como ansiolítico em geral:** 0,25 mg a 4,0 mg/dia. Dose recomendada: 0,5 a 1,5 mg/dia (dividida em 3x/dia). - **Fobia social:** 0,25 mg/dia até 6,0 mg/dia (2,0 mg, 3x/dia). Dose recomendada: 1,0 a 2,5 mg/dia. ## **Transtornos do humor** - **Transtorno afetivo bipolar** (tratamento da mania): 1,5 mg a 8 mg/dia. Dose recomendada: 2,0 a 4,0 mg/dia. - **Depressão maior** (associado a antidepressivos): 0,5 a 6,0 mg/dia. Dose recomendada: 2,0 a 4,0 mg/dia. ## **Síndromes psicóticas** - **Acatisia** : 0,5 mg a 4,5 mg/dia. Dose recomendada: 0,5 a 3,0 mg/dia. **Síndrome das pernas inquietas:** 0,5 mg a 2,0 mg/dia. **Vertigem e distúrbios do equilíbrio** : 0,5 mg a 1,0 mg ao dia (2x/dia). Doses diárias superiores a 1,0 mg não são recomendáveis. **Síndrome da boca ardente:** 0,25 a 6,0 mg/dia. Dose recomendada: 1,0 a 2,0 mg/dia.",
q006,faceis_revisadas.csv:6,RIVOTRIL,facil,Para que serve o Rivotril?,"Rivotril é indicado para tratar crises epilépticas e espasmos infantis, também chamados síndrome de West. Em adultos, também é indicado para transtornos de ansiedade, transtornos do humor, síndromes psicóticas, síndrome das pernas inquietas, vertigem e distúrbios do equilíbrio e síndrome da boca ardente.",matched,q006_ev05,supporting,2,"...de-se aumentar a dose a critério médico. - Dose de manutenção: a critério médico, de acordo com sua resposta. A dose tomada ao deitar, reduz a inconveniência da sonolência e pode ser desejável no início do tratamento. A retirada deve ser gradual, até que o medicamento seja totalmente suspenso. - **Como ansiolítico em geral:** 0,25 mg a 4,0 mg/dia. Dose recomendada: 0,5 a 1,5 mg/dia (dividida em 3x/dia). - **Fobia social:** 0,25 mg/dia até 6,0 mg/dia (2,0 mg, 3x/dia). Dose recomendada: 1,0 a 2,5 mg/dia. ## **Transto...",5,chunk_4d9019d9d6fe,leaf_2c68e53f153b,sec_ccd9ca5a4b7c,dosage,1,high,sobreposição semântica/lexical com pergunta e resposta esperada,"2 a 3 doses. A dose pode ser aumentada a critério médico, até atingir a dose de manutenção individual, usualmente de 3 a 6 mg/dia. Sempre que possível, dividir a dose diária em 3 doses iguais. Caso não seja possível, a maior dose deve ser tomada antes de deitar. ## **Transtornos de ansiedade** - **Distúrbio do pânico:** Adultos: - Dose inicial: 0,5 mg/dia, dividida em 2 doses. Pode-se aumentar a dose a critério médico. - Dose de manutenção: a critério médico, de acordo com sua resposta. A dose tomada ao deitar, reduz a inconveniência da sonolência e pode ser desejável no início do tratamento. A retirada deve ser gradual, até que o medicamento seja totalmente suspenso. - **Como ansiolítico em geral:** 0,25 mg a 4,0 mg/dia. Dose recomendada: 0,5 a 1,5 mg/dia (dividida em 3x/dia). - **Fobia social:** 0,25 mg/dia até 6,0 mg/dia (2,0 mg, 3x/dia). Dose recomendada: 1,0 a 2,5 mg/dia. ## **Transtornos do humor** - **Transtorno afetivo bipolar** (tratamento da mania): 1,5 mg a 8 mg/dia. Dose recomendada: 2,0 a 4,0 mg/dia. - **Depressão maior** (associado a antidepressivos): 0,5 a 6,0 mg/dia. Dose recomendada: 2,0 a 4,0 mg/dia. ## **Síndromes psicóticas** - **Acatisia** : 0,5 mg a 4,5 mg/dia. Dose recomendada: 0,5 a 3,0 mg/dia. ## **Síndrome das pernas inquietas:** 0,5 mg a 2,0 mg/dia. **Vertigem e distúrbios do equilíbrio** : 0,5 mg a 1,0 mg/dia (2x/dia). Doses diárias superiores a 1,0 mg não são recomendáveis. **Síndrome da boca ardente:** 0,25 a 6,0 mg/dia. Dose recomendada: 1,0 a 2,0 mg/dia.",
q007,faceis_revisadas.csv:7,RIVOTRIL,facil,Como o Rivotril age no organismo?,"O clonazepam pertence à classe dos benzodiazepínicos, medicamentos que causam inibição leve do sistema nervoso, com ação anticonvulsivante, sedativa leve, relaxante muscular e tranquilizante.",matched,q007_ev01,essential,3,"COMO ESTE MEDICAMENTO FUNCIONA?** Clonazepam pertence à classe dos benzodiazepínicos, medicamentos que causam inibição leve do sistema nervoso, com consequente ação anticonvulsivante, sedativa leve, relaxante muscular e tranquilizante. A ação de **Rivotril[® ]** oral dose única inicia em 30 a 60 minutos e se estende por 6 à 8 h em crianças e 8 a 12 h em adultos. 1 **==> picture [109 x 35] intentionally omitted <==** ## **3.",1,chunk_4569774ff1a4,leaf_3cb34533cd62,sec_d9f209726d63,simplified_mechanism,0,high,seção esperada; sobreposição semântica/lexical com pergunta e resposta esperada,"COMO ESTE MEDICAMENTO FUNCIONA?** Clonazepam pertence à classe dos benzodiazepínicos, medicamentos que causam inibição leve do sistema nervoso, com consequente ação anticonvulsivante, sedativa leve, relaxante muscular e tranquilizante. A ação de **Rivotril[® ]** oral dose única inicia em 30 a 60 minutos e se estende por 6 à 8 h em crianças e 8 a 12 h em adultos. 1 **==> picture [109 x 35] intentionally omitted <==** ## **3.",
q007,faceis_revisadas.csv:7,RIVOTRIL,facil,Como o Rivotril age no organismo?,"O clonazepam pertence à classe dos benzodiazepínicos, medicamentos que causam inibição leve do sistema nervoso, com ação anticonvulsivante, sedativa leve, relaxante muscular e tranquilizante.",matched,q007_ev02,essential,3,"COMO ESTE MEDICAMENTO FUNCIONA?** Clonazepam pertence à classe dos benzodiazepínicos, medicamentos que causam inibição leve do sistema nervoso, com consequente ação anticonvulsivante, sedativa leve, relaxante muscular e tranquilizante. A ação de **Rivotril[® ]** oral dose única inicia em 30 a 60 minutos e se estende por 6 a 8 h em crianças e 8 a 12 h em adultos. ## **3.",2,chunk_d111e9aa94c7,leaf_2c68e53f153b,sec_605ab67d83db,simplified_mechanism,0,high,seção esperada; sobreposição semântica/lexical com pergunta e resposta esperada,"COMO ESTE MEDICAMENTO FUNCIONA?** Clonazepam pertence à classe dos benzodiazepínicos, medicamentos que causam inibição leve do sistema nervoso, com consequente ação anticonvulsivante, sedativa leve, relaxante muscular e tranquilizante. A ação de **Rivotril[® ]** oral dose única inicia em 30 a 60 minutos e se estende por 6 a 8 h em crianças e 8 a 12 h em adultos. ## **3.",
q007,faceis_revisadas.csv:7,RIVOTRIL,facil,Como o Rivotril age no organismo?,"O clonazepam pertence à classe dos benzodiazepínicos, medicamentos que causam inibição leve do sistema nervoso, com ação anticonvulsivante, sedativa leve, relaxante muscular e tranquilizante.",matched,q007_ev03,essential,3,"COMO ESTE MEDICAMENTO FUNCIONA?** Clonazepam pertence à classe dos benzodiazepínicos, medicamentos que causam inibição leve do sistema nervoso, com consequente ação anticonvulsivante, sedativa leve, relaxante muscular e tranquilizante. **3.",3,chunk_decd403656d2,leaf_582f152be8a1,sec_045aef574f59,simplified_mechanism,0,high,seção esperada; sobreposição semântica/lexical com pergunta e resposta esperada,"COMO ESTE MEDICAMENTO FUNCIONA?** Clonazepam pertence à classe dos benzodiazepínicos, medicamentos que causam inibição leve do sistema nervoso, com consequente ação anticonvulsivante, sedativa leve, relaxante muscular e tranquilizante. **3.",
q007,faceis_revisadas.csv:7,RIVOTRIL,facil,Como o Rivotril age no organismo?,"O clonazepam pertence à classe dos benzodiazepínicos, medicamentos que causam inibição leve do sistema nervoso, com ação anticonvulsivante, sedativa leve, relaxante muscular e tranquilizante.",matched,q007_ev04,supporting,2,"...fício do uso de **Rivotril[® ]** a longo prazo em pacientes pediátricos com distúrbios epilépticos. **Rivotril[® ]** pode aumentar a salivação e as secreções brônquicas em lactentes e crianças pequenas. Atenção: manter as vias aéreas livres. Não há dados de eficácia / segurança de **Rivotril[® ]** em menores de 18 anos com distúrbio do pânico. ## **Uso em idosos** Os efeitos dos benzodiazepínicos parecem ser maiores em pacientes idosos do que em pacientes mais jovens, mesmo em concentrações plasmáticas similares. #...",4,chunk_d1e77a6a6e34,leaf_3cb34533cd62,sec_a09f972c4cdf,contraindication,4,high,sobreposição semântica/lexical com pergunta e resposta esperada,"lta de tônus muscular, depressão respiratória e dificuldade de sucção no bebê. Tanto a gestação quanto a suspensão de **Rivotril**[® ] podem exacerbar a epilepsia. Informe seu médico se estiver amamentando. Se você realmente precisar tomar **Rivotril[®]** , a amamentação deve ser descontinuada. ## **Uso em crianças** Avaliar o risco / benefício do uso de **Rivotril[® ]** a longo prazo em pacientes pediátricos com distúrbios epilépticos. **Rivotril[® ]** pode aumentar a salivação e as secreções brônquicas em lactentes e crianças pequenas. Atenção: manter as vias aéreas livres. Não há dados de eficácia / segurança de **Rivotril[® ]** em menores de 18 anos com distúrbio do pânico. ## **Uso em idosos** Os efeitos dos benzodiazepínicos parecem ser maiores em pacientes idosos do que em pacientes mais jovens, mesmo em concentrações plasmáticas similares. ## **Principais interações medicamentosas** Informe seu médico se estiver tomando outros medicamentos, incluindo as substâncias a seguir, pois elas podem interagir com **Rivotril[®]** : – Depressores do sistema nervoso central e álcool; – Medicamentos que agem no sistema nervoso: antidepressivos, medicamentos para dormir, alguns analgésicos, antipsicóticos, ansiolíticos, anticonvulsivantes; – Medicamentos para o estômago. ## **Interações fármaco-alimento** Interações com alimentos não foram estabelecidas. O suco de toranja pode aumentar o efeito de **Rivotril**[®] . ## **Interações fármaco-laboratório** Interações com testes laboratoriais não foram estabelecidas.",
q007,faceis_revisadas.csv:7,RIVOTRIL,facil,Como o Rivotril age no organismo?,"O clonazepam pertence à classe dos benzodiazepínicos, medicamentos que causam inibição leve do sistema nervoso, com ação anticonvulsivante, sedativa leve, relaxante muscular e tranquilizante.",matched,q007_ev05,supporting,2,"...s** Avaliar o risco / benefício do uso de **Rivotril[® ]** a longo prazo em pacientes pediátricos com distúrbios epilépticos. **Rivotril[® ]** pode aumentar a salivação e as secreções brônquicas em lactentes e crianças pequenas. Atenção: manter as vias aéreas livres. Não há dados sobre eficácia / segurança de **Rivotril[® ]** em menores de 18 anos com distúrbio do pânico. ## **Uso em idosos** Os efeitos dos benzodiazepínicos parecem ser maiores em pacientes idosos do que em pacientes mais jovens, mesmo em concentra...",5,chunk_3e429871e6b5,leaf_582f152be8a1,sec_abf3caa6f886,contraindication,4,high,sobreposição semântica/lexical com pergunta e resposta esperada,"e tônus muscular, depressão respiratória e dificuldade de sucção no bebê. Tanto a gestação quanto a suspensão de **Rivotril[® ]** podem exacerbar a epilepsia. Informe seu médico se estiver amamentando. Se você realmente precisar tomar **Rivotril[®]** , a amamentação deve ser descontinuada. 2 **==> picture [109 x 35] intentionally omitted <==** ## **Uso em crianças** Avaliar o risco / benefício do uso de **Rivotril[® ]** a longo prazo em pacientes pediátricos com distúrbios epilépticos. **Rivotril[® ]** pode aumentar a salivação e as secreções brônquicas em lactentes e crianças pequenas. Atenção: manter as vias aéreas livres. Não há dados sobre eficácia / segurança de **Rivotril[® ]** em menores de 18 anos com distúrbio do pânico. ## **Uso em idosos** Os efeitos dos benzodiazepínicos parecem ser maiores em pacientes idosos do que em pacientes mais jovens, mesmo em concentrações plasmáticas similares. ## **Principais interações medicamentosas** Informe seu médico, se estiver tomando outros medicamentos, incluindo as substâncias a seguir, pois elas podem interagir com **Rivotril[®]** . – Depressores do sistema nervoso central e álcool; – Medicamentos que agem no sistema nervoso: antidepressivos, medicamentos para dormir, alguns analgésicos, antipsicóticos, ansiolíticos, anticonvulsivantes. – Medicamentos para o estômago. ## **Interações fármaco-alimento** Interações com alimentos não foram estabelecidas. O suco de toranja pode aumentar o efeito de **Rivotril**[®] . ## **Interações fármaco-laboratório**",
q008,faceis_revisadas.csv:8,RIVOTRIL,facil,Quem não deve usar o Rivotril?,"Rivotril é contraindicado para pacientes com hipersensibilidade conhecida ao clonazepam ou a qualquer excipiente, insuficiência respiratória grave, comprometimento grave do fígado ou glaucoma agudo de ângulo fechado. Rivotril comprimidos e gotas também são contraindicados para tratamento de transtornos do pânico em pacientes com histórico de apneia do sono.",matched,q008_ev01,essential,3,"QUANDO NÃO DEVO USAR ESTE MEDICAMENTO?** **Rivotril[® ]** é contraindicado a pacientes com hipersensibilidade conhecida a clonazepam ou a qualquer dos excipientes do medicamento, em pacientes com insuficiência respiratória grave ou comprometimento do fígado grave, pois os benzodiazepínicos podem levar à ocorrência de comprometimento do sistema nervoso, secundário ao problema no fígado. **Rivotril[® ]** comprimidos e **Rivotril[® ]** gotas são contraindicados para o tratamento de transtornos do pânico em pacientes c...",1,chunk_5e3d4ac1c930,leaf_3cb34533cd62,sec_a09f972c4cdf,contraindication,0,high,seção esperada; apresentação/formulação mencionada; sobreposição semântica/lexical com pergunta e resposta esperada,"QUANDO NÃO DEVO USAR ESTE MEDICAMENTO?** **Rivotril[® ]** é contraindicado a pacientes com hipersensibilidade conhecida a clonazepam ou a qualquer dos excipientes do medicamento, em pacientes com insuficiência respiratória grave ou comprometimento do fígado grave, pois os benzodiazepínicos podem levar à ocorrência de comprometimento do sistema nervoso, secundário ao problema no fígado. **Rivotril[® ]** comprimidos e **Rivotril[® ]** gotas são contraindicados para o tratamento de transtornos do pânico em pacientes com histórico médico de apneia do sono. **Rivotril[® ]** é contraindicado a pacientes com glaucoma agudo de ângulo fechado. **Rivotril[® ]** pode ser usado por pacientes com glaucoma de ângulo aberto, desde que estejam recebendo terapia apropriada. ## **4. O QUE DEVO SABER ANTES DE USAR ESTE MEDICAMENTO?** Antes de tomar **Rivotril**[®] , informe seu médico se você tem ou teve: - 1) outros problemas de saúde, como doenças nos rins ou fígado (por exemplo: cirrose hepática), distúrbio neuromuscular ou respiratório, porfiria (doença em que ocorre deficiência de enzimas específicas na via da biossíntese do heme); - 2) sinais ou sintomas de depressão e/ou tentativa de suicídio; - 3) intolerância à galactose (açúcar) ou deficiência de lactase (enzima que quebra a lactose); 4) ataxia cerebelar ou espinhal (descoordenação dos movimentos por problema do cerebelo ou medula); > 5) uso regular ou intoxicação aguda por álcool ou drogas. Pode ocorrer perda de efeito durante o tratamento com clonazepam.",
q008,faceis_revisadas.csv:8,RIVOTRIL,facil,Quem não deve usar o Rivotril?,"Rivotril é contraindicado para pacientes com hipersensibilidade conhecida ao clonazepam ou a qualquer excipiente, insuficiência respiratória grave, comprometimento grave do fígado ou glaucoma agudo de ângulo fechado. Rivotril comprimidos e gotas também são contraindicados para tratamento de transtornos do pânico em pacientes com histórico de apneia do sono.",matched,q008_ev02,essential,3,"QUANDO NÃO DEVO USAR ESTE MEDICAMENTO?** **Rivotril[® ]** é contraindicado a pacientes com hipersensibilidade conhecida a clonazepam ou a qualquer dos excipientes do medicamento e a pacientes com insuficiência respiratória grave ou comprometimento hepático grave, pois os benzodiazepínicos podem levar à ocorrência de encefalopatia hepática. 1 **==> picture [109 x 35] intentionally omitted <==** **Rivotril[® ]** comprimidos e **Rivotril[® ]** gotas são contraindicados para o tratamento de transtornos do pânico em pac...",2,chunk_551b8de262e2,leaf_2c68e53f153b,sec_13e10898653d,contraindication,0,high,seção esperada; apresentação/formulação mencionada; sobreposição semântica/lexical com pergunta e resposta esperada,"QUANDO NÃO DEVO USAR ESTE MEDICAMENTO?** **Rivotril[® ]** é contraindicado a pacientes com hipersensibilidade conhecida a clonazepam ou a qualquer dos excipientes do medicamento e a pacientes com insuficiência respiratória grave ou comprometimento hepático grave, pois os benzodiazepínicos podem levar à ocorrência de encefalopatia hepática. 1 **==> picture [109 x 35] intentionally omitted <==** **Rivotril[® ]** comprimidos e **Rivotril[® ]** gotas são contraindicados para o tratamento de transtornos do pânico em pacientes com histórico médico de apneia do sono. **Rivotril[® ]** é contraindicado a pacientes com glaucoma agudo de ângulo fechado. **Rivotril[® ]** pode ser usado por pacientes com glaucoma de ângulo aberto, desde que estejam recebendo terapia apropriada. ## **4. O QUE DEVO SABER ANTES DE USAR ESTE MEDICAMENTO?** Antes de tomar **Rivotril**[®] , informe seu médico se você tem ou teve: - 1) outros problemas de saúde: doenças nos rins ou fígado (por exemplo: cirrose hepática), distúrbio neuromuscular ou respiratório, porfiria (doença em que ocorre deficiência de enzimas específicas na via da biossíntese do heme). - 2) sinais ou sintomas de depressão e/ou tentativa de suicídio; - 3) intolerância à galactose (açúcar) ou deficiência de lactase (enzima que quebra a lactose); - 4) ataxia cerebelar ou espinhal (descoordenação dos movimentos por problema do cerebelo ou medula); - 5) uso regular ou intoxicação aguda por álcool ou drogas. Pode ocorrer perda de efeito durante o tratamento com clonazepam.",
q008,faceis_revisadas.csv:8,RIVOTRIL,facil,Quem não deve usar o Rivotril?,"Rivotril é contraindicado para pacientes com hipersensibilidade conhecida ao clonazepam ou a qualquer excipiente, insuficiência respiratória grave, comprometimento grave do fígado ou glaucoma agudo de ângulo fechado. Rivotril comprimidos e gotas também são contraindicados para tratamento de transtornos do pânico em pacientes com histórico de apneia do sono.",matched,q008_ev03,essential,3,"QUANDO NÃO DEVO USAR ESTE MEDICAMENTO?** **Rivotril[® ]** é contraindicado a pacientes com hipersensibilidade conhecida a clonazepam ou a qualquer dos excipientes do medicamento e a pacientes com insuficiência respiratória grave ou comprometimento do fígado grave, pois os benzodiazepínicos podem levar à ocorrência de comprometimento do sistema nervoso secundário ao problema no fígado. **Rivotril[® ]** comprimidos e **Rivotril[® ]** gotas são contraindicados para o tratamento de transtornos do pânico em pacientes co...",3,chunk_6c577f16cf9f,leaf_582f152be8a1,sec_abf3caa6f886,contraindication,0,high,seção esperada; sobreposição semântica/lexical com pergunta e resposta esperada,"QUANDO NÃO DEVO USAR ESTE MEDICAMENTO?** **Rivotril[® ]** é contraindicado a pacientes com hipersensibilidade conhecida a clonazepam ou a qualquer dos excipientes do medicamento e a pacientes com insuficiência respiratória grave ou comprometimento do fígado grave, pois os benzodiazepínicos podem levar à ocorrência de comprometimento do sistema nervoso secundário ao problema no fígado. **Rivotril[® ]** comprimidos e **Rivotril[® ]** gotas são contraindicados para o tratamento de transtornos do pânico em pacientes com histórico médico de apneia do sono. **Rivotril[® ]** é contraindicado a pacientes com glaucoma agudo de ângulo fechado. **Rivotril[® ]** pode ser usado por pacientes com glaucoma de ângulo aberto, desde que estejam recebendo terapia apropriada. 1 **==> picture [109 x 35] intentionally omitted <==** ## **4. O QUE DEVO SABER ANTES DE USAR ESTE MEDICAMENTO?** Antes de tomar **Rivotril**[®] , informe seu médico se você tem ou teve: - 1) outros problemas de saúde: doenças nos rins ou no fígado (por exemplo: cirrose hepática), distúrbio neuromuscular ou respiratório, porfiria (doença em que ocorre deficiência de enzimas específicas na via da biossíntese do heme); - 2) sinais ou sintomas de depressão e/ou tentativa de suicídio; - 3) intolerância à galactose (açúcar) ou deficiência de lactase (enzima que quebra a lactose); - 4) ataxia cerebelar ou espinhal (descoordenação dos movimentos por problema do cerebelo ou medula); - 5) uso regular ou intoxicação aguda por álcool ou drogas.",
q008,faceis_revisadas.csv:8,RIVOTRIL,facil,Quem não deve usar o Rivotril?,"Rivotril é contraindicado para pacientes com hipersensibilidade conhecida ao clonazepam ou a qualquer excipiente, insuficiência respiratória grave, comprometimento grave do fígado ou glaucoma agudo de ângulo fechado. Rivotril comprimidos e gotas também são contraindicados para tratamento de transtornos do pânico em pacientes com histórico de apneia do sono.",matched,q008_ev04,supporting,2,"...índrome da boca ardente:** 0,25 a 6,0 mg/dia. Dose recomendada: 1,0 a 2,0 mg/dia. **Uso em idosos:** a dose mais baixa possível deve ser utilizada em idosos. Deve-se ter especial cuidado durante as alterações na dose. **Comprometimento do fígado:** pacientes com comprometimento do fígado grave não devem ser tratados com clonazepam e pacientes com comprometimento hepático leve a moderado devem receber a dose mais baixa possível. 4 **==> picture [109 x 35] intentionally omitted <==** ## **Instruções especiais de admi...",4,chunk_138608289ce9,leaf_3cb34533cd62,sec_a09f972c4cdf,contraindication,8,high,seção esperada; apresentação/formulação mencionada; sobreposição semântica/lexical com pergunta e resposta esperada,"0,5 a 3,0 mg/dia. **Síndrome das pernas inquietas:** 0,5 mg a 2,0 mg/dia. **Vertigem e distúrbios do equilíbrio** : 0,5 mg a 1,0 mg ao dia (2x/dia). Doses diárias superiores a 1,0 mg não são recomendáveis. **Síndrome da boca ardente:** 0,25 a 6,0 mg/dia. Dose recomendada: 1,0 a 2,0 mg/dia. **Uso em idosos:** a dose mais baixa possível deve ser utilizada em idosos. Deve-se ter especial cuidado durante as alterações na dose. **Comprometimento do fígado:** pacientes com comprometimento do fígado grave não devem ser tratados com clonazepam e pacientes com comprometimento hepático leve a moderado devem receber a dose mais baixa possível. 4 **==> picture [109 x 35] intentionally omitted <==** ## **Instruções especiais de administração** **Rivotril[® ]** pode ser usado com outros antiepilépticos. Nesse caso, seu médico ajustará a dose de cada medicamento para atingir o efeito ideal. Não pare de tomar **Rivotril[® ]** subitamente, você pode ter novas crises epilépticas. Somente seu médico poderá orientar a interrupção do tratamento reduzindo gradualmente a dose utilizada. **Siga a orientação de seu médico, respeitando sempre os horários, as doses e a duração do tratamento. Não interrompa o tratamento sem o conhecimento do seu médico.** **7.",
q008,faceis_revisadas.csv:8,RIVOTRIL,facil,Quem não deve usar o Rivotril?,"Rivotril é contraindicado para pacientes com hipersensibilidade conhecida ao clonazepam ou a qualquer excipiente, insuficiência respiratória grave, comprometimento grave do fígado ou glaucoma agudo de ângulo fechado. Rivotril comprimidos e gotas também são contraindicados para tratamento de transtornos do pânico em pacientes com histórico de apneia do sono.",matched,q008_ev05,supporting,2,"sivantes; – Medicamentos para o estômago. ## **Interações fármaco-alimento** Interações com alimentos não foram estabelecidas. O suco de toranja pode aumentar o efeito de **Rivotril**[®] . ## **Interações fármaco-laboratório** Interações com testes laboratoriais não foram estabelecidas. **Informe ao seu médico ou cirurgião-dentista se você está fazendo uso de algum outro medicamento. Não use medicamento sem o conhecimento do seu médico. Pode ser perigoso para a sua saúde.** ## **5. ONDE, COMO E POR QUANTO TEMPO POS...",5,chunk_4ff062e5e2e2,leaf_3cb34533cd62,sec_a09f972c4cdf,contraindication,5,high,seção esperada; apresentação/formulação mencionada; sobreposição semântica/lexical com pergunta e resposta esperada,"sivantes; – Medicamentos para o estômago. ## **Interações fármaco-alimento** Interações com alimentos não foram estabelecidas. O suco de toranja pode aumentar o efeito de **Rivotril**[®] . ## **Interações fármaco-laboratório** Interações com testes laboratoriais não foram estabelecidas. **Informe ao seu médico ou cirurgião-dentista se você está fazendo uso de algum outro medicamento. Não use medicamento sem o conhecimento do seu médico. Pode ser perigoso para a sua saúde.** ## **5. ONDE, COMO E POR QUANTO TEMPO POSSO GUARDAR ESTE MEDICAMENTO?** **Rivotril[® ]** comprimidos de 0,5 mg e 2,0 mg devem ser armazenados em temperatura ambiente (entre 15 e 30 ºC). ## **Número de lote e datas de fabricação e validade: vide embalagem.** **Não use medicamento com o prazo de validade vencido. Guarde-o em sua embalagem original.** ## **Aspecto físico** Os comprimidos de 0,5 mg de **Rivotril[® ]** apresentam formato cilíndrico biplano com presença de ranhura e cor laranja pálido. Os comprimidos de 2,0 mg de **Rivotril[® ]** apresentam formato cilíndrico biplano com presença de ranhura e cor branca a levemente amarelada. ## **Características organolépticas** **Rivotril[® ]** comprimidos de 0,5 mg e 2,0 mg não apresenta características marcantes que o diferenciem de outros comprimidos. **Antes de usar, observe o aspecto do medicamento. Caso ele esteja no prazo de validade e você observe alguma mudança no aspecto, consulte o farmacêutico para saber se poderá utilizá-lo.** 3 **==> picture [109 x 35] intentionally omitted <==**",
q009,faceis_revisadas.csv:9,RIVOTRIL,facil,Qual é a dose inicial recomendada de Rivotril para distúrbio do pânico em adultos?,"Para distúrbio do pânico em adultos, a dose inicial recomendada é 0,5 mg por dia, dividida em duas doses.",matched,q009_ev01,essential,3,"...** ## **Distúrbios epilépticos** Adultos Dose inicial: não exceder 1,5 mg/dia, dividida em 3 doses. Aumentar a critério médico. Dose de manutenção: será definida pelo seu médico, de acordo com sua resposta. Dose diária máxima recomendada: 20 mg. Se você já usa outro anticonvulsivante, avise seu médico. Crianças entre 10 e 16 anos de idade: Dose inicial: 1 a 1,5 mg/dia, dividido em 2 a 3 doses. A dose pode ser aumentada, a critério médico, até atingir a dose de manutenção individual, usualmente de 3 a 6 mg/dia. Semp...",1,chunk_a942103ead0f,leaf_582f152be8a1,sec_ccfcb1197b73,dosage,0,high,seção esperada; sobreposição semântica/lexical com pergunta e resposta esperada,"COMO DEVO USAR ESTE MEDICAMENTO?** Colocar o comprimido sublingual debaixo da língua para ser dissolvido na saliva e absorvido por pelo menos, 3 minutos, sem ser deglutido. **Este medicamento não deve ser partido ou mastigado.** A dose de **Rivotril[® ]** depende da doença resposta clínica, idade e tolerabilidade. Recomenda-se, que o tratamento inicie com doses mais baixas, que podem ser aumentadas se necessário. Siga a orientação médica. 3 **==> picture [109 x 35] intentionally omitted <==** ## **Distúrbios epilépticos** Adultos Dose inicial: não exceder 1,5 mg/dia, dividida em 3 doses. Aumentar a critério médico. Dose de manutenção: será definida pelo seu médico, de acordo com sua resposta. Dose diária máxima recomendada: 20 mg. Se você já usa outro anticonvulsivante, avise seu médico. Crianças entre 10 e 16 anos de idade: Dose inicial: 1 a 1,5 mg/dia, dividido em 2 a 3 doses. A dose pode ser aumentada, a critério médico, até atingir a dose de manutenção individual, usualmente de 3 a 6 mg/dia. Sempre que possível, dividir a dose diária em 3 doses iguais. Caso não seja possível, a maior dose deve ser tomada antes de deitar. ## **Transtornos de ansiedade** - **Distúrbio do pânico:** Adultos: – Dose inicial: 0,5 mg/dia, dividida em duas doses. Pode-se aumentar a dose, a critério médico. - Dose de manutenção: a critério médico, de acordo com sua resposta. A dose tomada, ao deitar, reduz a inconveniência da sonolência e pode ser desejável no início do tratamento. A retirada deve ser gradual, até que o medicamento seja totalmente suspenso.",
q009,faceis_revisadas.csv:9,RIVOTRIL,facil,Qual é a dose inicial recomendada de Rivotril para distúrbio do pânico em adultos?,"Para distúrbio do pânico em adultos, a dose inicial recomendada é 0,5 mg por dia, dividida em duas doses.",matched,q009_ev02,essential,3,"...possível, dividir a dose diária em 3 doses iguais. Caso não seja possível, a maior dose deve ser tomada antes de deitar. ## **Transtornos de ansiedade** - **Distúrbio do pânico:** Adultos: - Dose inicial: 0,5 mg/dia, dividida em 2 doses. Pode-se aumentar a dose a critério médico. - Dose de manutenção: a critério médico, de acordo com sua resposta. A dose tomada ao deitar, reduz a inconveniência da sonolência e pode ser desejável no início do tratamento. A retirada deve ser gradual, até que o medicamento seja total...",2,chunk_4d9019d9d6fe,leaf_2c68e53f153b,sec_ccd9ca5a4b7c,dosage,1,high,seção esperada; sobreposição semântica/lexical com pergunta e resposta esperada,"2 a 3 doses. A dose pode ser aumentada a critério médico, até atingir a dose de manutenção individual, usualmente de 3 a 6 mg/dia. Sempre que possível, dividir a dose diária em 3 doses iguais. Caso não seja possível, a maior dose deve ser tomada antes de deitar. ## **Transtornos de ansiedade** - **Distúrbio do pânico:** Adultos: - Dose inicial: 0,5 mg/dia, dividida em 2 doses. Pode-se aumentar a dose a critério médico. - Dose de manutenção: a critério médico, de acordo com sua resposta. A dose tomada ao deitar, reduz a inconveniência da sonolência e pode ser desejável no início do tratamento. A retirada deve ser gradual, até que o medicamento seja totalmente suspenso. - **Como ansiolítico em geral:** 0,25 mg a 4,0 mg/dia. Dose recomendada: 0,5 a 1,5 mg/dia (dividida em 3x/dia). - **Fobia social:** 0,25 mg/dia até 6,0 mg/dia (2,0 mg, 3x/dia). Dose recomendada: 1,0 a 2,5 mg/dia. ## **Transtornos do humor** - **Transtorno afetivo bipolar** (tratamento da mania): 1,5 mg a 8 mg/dia. Dose recomendada: 2,0 a 4,0 mg/dia. - **Depressão maior** (associado a antidepressivos): 0,5 a 6,0 mg/dia. Dose recomendada: 2,0 a 4,0 mg/dia. ## **Síndromes psicóticas** - **Acatisia** : 0,5 mg a 4,5 mg/dia. Dose recomendada: 0,5 a 3,0 mg/dia. ## **Síndrome das pernas inquietas:** 0,5 mg a 2,0 mg/dia. **Vertigem e distúrbios do equilíbrio** : 0,5 mg a 1,0 mg/dia (2x/dia). Doses diárias superiores a 1,0 mg não são recomendáveis. **Síndrome da boca ardente:** 0,25 a 6,0 mg/dia. Dose recomendada: 1,0 a 2,0 mg/dia.",
q009,faceis_revisadas.csv:9,RIVOTRIL,facil,Qual é a dose inicial recomendada de Rivotril para distúrbio do pânico em adultos?,"Para distúrbio do pânico em adultos, a dose inicial recomendada é 0,5 mg por dia, dividida em duas doses.",matched,q009_ev03,supporting,2,"...picture [140 x 59] intentionally omitted <==** A dose de **Rivotril[® ]** depende da doença, resposta clínica, idade e tolerabilidade. Recomenda-se que o tratamento inicie com doses mais baixas, que podem ser aumentadas se necessário. Siga a orientação médica. ## **Distúrbios epilépticos** ## Adultos Dose inicial: não exceder 1,5 mg/dia, dividida em 3 doses. Aumentar a critério médico. Dose de manutenção: será definida pelo seu médico, de acordo com sua resposta. Dose diária máxima recomendada: 20 mg. Se você já us...",3,chunk_140011e11d9c,leaf_2c68e53f153b,sec_ccd9ca5a4b7c,dosage,0,high,seção esperada; sobreposição semântica/lexical com pergunta e resposta esperada,"COMO DEVO USAR ESTE MEDICAMENTO?** Administrar por via oral. Ver figura abaixo. Dissolver as gotas em um pouco de líquido não alcoólico. Nunca administre as gotas diretamente na boca. A tampa possui lacre inviolável. Caso o lacre esteja rompido, não receba o frasco ou retorne ao local da compra. 3 **==> picture [109 x 35] intentionally omitted <==** **==> picture [140 x 59] intentionally omitted <==** A dose de **Rivotril[® ]** depende da doença, resposta clínica, idade e tolerabilidade. Recomenda-se que o tratamento inicie com doses mais baixas, que podem ser aumentadas se necessário. Siga a orientação médica. ## **Distúrbios epilépticos** ## Adultos Dose inicial: não exceder 1,5 mg/dia, dividida em 3 doses. Aumentar a critério médico. Dose de manutenção: será definida pelo seu médico, de acordo com sua resposta. Dose diária máxima recomendada: 20 mg. Se você já usa outro anticonvulsivante, avise seu médico. Recém-nascidos e crianças até 10 anos de idade ou 30kg de peso: Dose inicial: 0,01 a 0,03mg/kg/dia. Não exceder 0,05 mg/kg/dia, dividido em 2 ou 3 doses diárias. Crianças entre 10 e 16 anos de idade: Dose inicial: 1 a 1,5 mg/dia, dividido em 2 a 3 doses. A dose pode ser aumentada a critério médico, até atingir a dose de manutenção individual, usualmente de 3 a 6 mg/dia. Sempre que possível, dividir a dose diária em 3 doses iguais. Caso não seja possível, a maior dose deve ser tomada antes de deitar. ## **Transtornos de ansiedade**",
q009,faceis_revisadas.csv:9,RIVOTRIL,facil,Qual é a dose inicial recomendada de Rivotril para distúrbio do pânico em adultos?,"Para distúrbio do pânico em adultos, a dose inicial recomendada é 0,5 mg por dia, dividida em duas doses.",matched,q009_ev04,supporting,2,"...esposta. A dose tomada, ao deitar, reduz a inconveniência da sonolência e pode ser desejável no início do tratamento. A retirada deve ser gradual, até que o medicamento seja totalmente suspenso. - **Nas crises agudas de pânico** : 1 comprimido de **Rivotril[® ]** sublingual. - **Como ansiolítico em geral** : 0,25 mg a 4,0 mg/dia. Dose recomendada: 0,5 a 1,5 mg/dia (dividida em 3x/dia). - **Fobia social:** 0,25 mg/dia até 6,0 mg/dia (2,0 mg, 3x/dia). Dose recomendada: 1,0 a 2,5 mg/dia. ## **Transtornos do humor** -...",4,chunk_78815ccfea71,leaf_582f152be8a1,sec_ccfcb1197b73,dosage,1,high,seção esperada; sobreposição semântica/lexical com pergunta e resposta esperada,"ode-se aumentar a dose, a critério médico. - Dose de manutenção: a critério médico, de acordo com sua resposta. A dose tomada, ao deitar, reduz a inconveniência da sonolência e pode ser desejável no início do tratamento. A retirada deve ser gradual, até que o medicamento seja totalmente suspenso. - **Nas crises agudas de pânico** : 1 comprimido de **Rivotril[® ]** sublingual. - **Como ansiolítico em geral** : 0,25 mg a 4,0 mg/dia. Dose recomendada: 0,5 a 1,5 mg/dia (dividida em 3x/dia). - **Fobia social:** 0,25 mg/dia até 6,0 mg/dia (2,0 mg, 3x/dia). Dose recomendada: 1,0 a 2,5 mg/dia. ## **Transtornos do humor** - **Transtorno afetivo bipolar** (tratamento da mania): 1,5 mg a 8 mg/dia. Dose recomendada: 2,0 a 4,0 mg/dia. - **Depressão maior** (associado a antidepressivos): 0,5 a 6,0 mg/dia. Dose recomendada: 2,0 a 4,0 mg/dia. ## **Síndromes psicóticas** - **Acatisia** : 0,5 mg a 4,5 mg/dia. Dose recomendada: 0,5 e 3,0 mg/dia. **Síndrome das pernas inquietas:** 0,5 mg a 2,0 mg/dia. **Vertigem e distúrbios do equilíbrio** : 0,5 mg a 1,0 mg/dia (2x/dia). Doses diárias superiores a 1,0 mg não são recomendáveis. **Síndrome da boca ardente:** 0,25 a 6,0 mg/dia. Dose recomendada: 1,0 a 2,0 mg/dia. **Uso em idosos:** a dose mais baixa possível deve ser utilizada em idosos. Deve-se ter especial cuidado durante as alterações na dose. **Comprometimento do fígado:** pacientes com comprometimento do fígado grave não devem ser tratados com clonazepam e pacientes com comprometimento hepático leve a moderado devem receber a dose mais baixa possível.",
q010,faceis_revisadas.csv:10,RIVOTRIL,facil,Rivotril pode causar sonolência?,Sim. Sonolência foi uma das reações que ocorreram em 5% ou mais dos pacientes em estudos clínicos.,partial_match,q010_ev01,essential,3,"...nado. **Em caso de dúvidas, procure orientação do farmacêutico, de seu médico ou cirurgião-dentista.** **8. QUAIS OS MALES QUE ESTE MEDICAMENTO PODE ME CAUSAR?** Algumas reações são transitórias e desaparecem espontaneamente no decorrer do tratamento ou com redução da dose. As reações que ocorreram em ≥ 5% dos pacientes em estudos clínicos foram: sonolência, dor de cabeça, infecção das vias aéreas superiores, cansaço, gripe, depressão, vertigem, irritabilidade, insônia, perda da coordenação de movimentos e da march...",1,chunk_6fd00831c65b,leaf_3cb34533cd62,sec_87bf8e4ab9aa,missed_dose,0,high,sobreposição semântica/lexical com pergunta e resposta esperada,"O QUE DEVO FAZER QUANDO EU ME ESQUECER DE USAR ESTE MEDICAMENTO?** Nunca dobre a dose na próxima tomada. Apenas continue com a próxima dose no tempo determinado. **Em caso de dúvidas, procure orientação do farmacêutico, de seu médico ou cirurgião-dentista.** **8. QUAIS OS MALES QUE ESTE MEDICAMENTO PODE ME CAUSAR?** Algumas reações são transitórias e desaparecem espontaneamente no decorrer do tratamento ou com redução da dose. As reações que ocorreram em ≥ 5% dos pacientes em estudos clínicos foram: sonolência, dor de cabeça, infecção das vias aéreas superiores, cansaço, gripe, depressão, vertigem, irritabilidade, insônia, perda da coordenação de movimentos e da marcha, perda do equilíbrio, náusea, sensação de cabeça leve, sinusite e concentração prejudicada. ## **Pós-comercialização:** **Distúrbios do sistema imunológico** : reações alérgicas e muito poucos casos de anafilaxia (reação alérgica grave). **Distúrbios endócrinos** : casos isolados, reversíveis, de puberdade precoce incompleta em crianças.",Nem todas as seções esperadas foram cobertas: adverse_reaction
q010,faceis_revisadas.csv:10,RIVOTRIL,facil,Rivotril pode causar sonolência?,Sim. Sonolência foi uma das reações que ocorreram em 5% ou mais dos pacientes em estudos clínicos.,partial_match,q010_ev02,supporting,2,"...ly omitted <==** ## **Em caso de dúvidas, procure orientação do farmacêutico, do seu médico ou cirurgião-dentista.** ## **8. QUAIS OS MALES QUE ESTE MEDICAMENTO PODE ME CAUSAR?** Algumas reações são transitórias e desaparecem espontaneamente no decorrer do tratamento ou com redução da dose. As reações que ocorreram em ≥ 5% dos pacientes em estudos clínicos foram: sonolência, dor de cabeça, infecção das vias aéreas superiores, cansaço, gripe, depressão, vertigem, irritabilidade, insônia, perda da coordenação de movi...",2,chunk_a2180c9f13ba,leaf_582f152be8a1,sec_ccfcb1197b73,dosage,3,high,sobreposição semântica/lexical com pergunta e resposta esperada,"ima tomada. Apenas continue com a próxima dose no tempo determinado. 4 **==> picture [109 x 35] intentionally omitted <==** ## **Em caso de dúvidas, procure orientação do farmacêutico, do seu médico ou cirurgião-dentista.** ## **8. QUAIS OS MALES QUE ESTE MEDICAMENTO PODE ME CAUSAR?** Algumas reações são transitórias e desaparecem espontaneamente no decorrer do tratamento ou com redução da dose. As reações que ocorreram em ≥ 5% dos pacientes em estudos clínicos foram: sonolência, dor de cabeça, infecção das vias aéreas superiores, cansaço, gripe, depressão, vertigem, irritabilidade, insônia, perda da coordenação de movimentos e da marcha, perda do equilíbrio, náusea, sensação de cabeça leve, sinusite e concentração prejudicada. ## **Pós-comercialização:** **Distúrbios do sistema imunológico** : reações alérgicas e muito poucos casos de anafilaxia (reação alérgica grave). **Distúrbios endócrinos** : casos isolados, reversíveis, de puberdade precoce incompleta em crianças.",Nem todas as seções esperadas foram cobertas: adverse_reaction
q010,faceis_revisadas.csv:10,RIVOTRIL,facil,Rivotril pode causar sonolência?,Sim. Sonolência foi uma das reações que ocorreram em 5% ou mais dos pacientes em estudos clínicos.,partial_match,q010_ev03,supporting,2,"...iais de administração** **Rivotril[® ]** pode ser usado com outros antiepilépticos. Nesse caso, seu médico ajustará a dose de cada medicamento para atingir o efeito ideal. Não pare de tomar **Rivotril[® ]** subitamente, você pode ter novas crises epilépticas. Somente seu médico poderá orientar a interrupção do tratamento reduzindo gradualmente a dose utilizada. **Siga a orientação de seu médico, respeitando sempre os horários, as doses e a duração do tratamento. Não interrompa o tratamento sem o conhecimento do seu...",3,chunk_063f6288233c,leaf_582f152be8a1,sec_ccfcb1197b73,dosage,2,medium,sobreposição semântica/lexical com pergunta e resposta esperada,"utilizada em idosos. Deve-se ter especial cuidado durante as alterações na dose. **Comprometimento do fígado:** pacientes com comprometimento do fígado grave não devem ser tratados com clonazepam e pacientes com comprometimento hepático leve a moderado devem receber a dose mais baixa possível. ## **Instruções especiais de administração** **Rivotril[® ]** pode ser usado com outros antiepilépticos. Nesse caso, seu médico ajustará a dose de cada medicamento para atingir o efeito ideal. Não pare de tomar **Rivotril[® ]** subitamente, você pode ter novas crises epilépticas. Somente seu médico poderá orientar a interrupção do tratamento reduzindo gradualmente a dose utilizada. **Siga a orientação de seu médico, respeitando sempre os horários, as doses e a duração do tratamento. Não interrompa o tratamento sem o conhecimento do seu médico.** **7. O QUE DEVO FAZER QUANDO EU ME ESQUECER DE USAR ESTE MEDICAMENTO?** Nunca dobre a dose na próxima tomada. Apenas continue com a próxima dose no tempo determinado. 4 **==> picture [109 x 35] intentionally omitted <==** ## **Em caso de dúvidas, procure orientação do farmacêutico, do seu médico ou cirurgião-dentista.** ## **8. QUAIS OS MALES QUE ESTE MEDICAMENTO PODE ME CAUSAR?**",Nem todas as seções esperadas foram cobertas: adverse_reaction
q011,faceis_revisadas.csv:11,TYLENOL,facil,Para que serve o TYLENOL?,"TYLENOL é indicado para redução da febre e para o alívio temporário de dores leves a moderadas, como dores associadas a resfriados comuns, dor de cabeça, dor no corpo, dor de dente, dor nas costas, dores musculares, dores leves associadas a artrites e cólicas menstruais.",matched,q011_ev01,essential,3,"PARA QUE ESTE MEDICAMENTO É INDICADO?** Este medicamento é indicado para a redução da febre e para o alívio temporário de dores leves a moderadas, tais como: dores associadas a resfriados comuns, dor de cabeça, dor no corpo, dor de dente, dor nas costas, dores musculares, dores leves associadas a artrites e cólicas menstruais. ## **2.",1,chunk_a508cae3796b,leaf_1d4d2acf0a65,sec_d89fa894c1df,indication,0,high,seção esperada; sobreposição semântica/lexical com pergunta e resposta esperada,"PARA QUE ESTE MEDICAMENTO É INDICADO?** Este medicamento é indicado para a redução da febre e para o alívio temporário de dores leves a moderadas, tais como: dores associadas a resfriados comuns, dor de cabeça, dor no corpo, dor de dente, dor nas costas, dores musculares, dores leves associadas a artrites e cólicas menstruais. ## **2.",
q011,faceis_revisadas.csv:11,TYLENOL,facil,Para que serve o TYLENOL?,"TYLENOL é indicado para redução da febre e para o alívio temporário de dores leves a moderadas, como dores associadas a resfriados comuns, dor de cabeça, dor no corpo, dor de dente, dor nas costas, dores musculares, dores leves associadas a artrites e cólicas menstruais.",matched,q011_ev02,supporting,2,"O QUE DEVO SABER ANTES DE USAR ESTE MEDICAMENTO?** TYLENOL® - Paciente **==> picture [114 x 31] intentionally omitted <==** Você não deve tomar mais do que a dose recomendada (superdose) para provocar maior alívio, pois pode causar sérios problemas de saúde. Você deve consultar seu médico se a dor ou febre continuarem ou piorarem, ou se surgirem novos sintomas, pois estes sintomas podem ser sinais de doenças graves. **Uso com álcool** : consumidores de doses abusivas de álcool devem consultar seu médico para saber...",2,chunk_97251e7ccd85,leaf_1d4d2acf0a65,sec_a29ed3da881a,warning_precaution,0,high,sobreposição semântica/lexical com pergunta e resposta esperada,"O QUE DEVO SABER ANTES DE USAR ESTE MEDICAMENTO?** TYLENOL® - Paciente **==> picture [114 x 31] intentionally omitted <==** Você não deve tomar mais do que a dose recomendada (superdose) para provocar maior alívio, pois pode causar sérios problemas de saúde. Você deve consultar seu médico se a dor ou febre continuarem ou piorarem, ou se surgirem novos sintomas, pois estes sintomas podem ser sinais de doenças graves. **Uso com álcool** : consumidores de doses abusivas de álcool devem consultar seu médico para saber se podem tomar **TYLENOL[® ]** ou qualquer outro analgésico. ## **Gravidez e Amamentação** ## Se você estiver grávida ou amamentando, consulte o seu médico antes de usar este medicamento. **Este medicamento não deve ser utilizado por mulheres grávidas sem orientação médica ou do cirurgião-dentista.** **Uso em pacientes com problemas no fígado** : Consulte seu médico antes de usar o medicamento. **Uso em idosos** : Até o momento não são conhecidas restrições específicas ao uso de **TYLENOL[® ]** por pacientes idosos. Não existe necessidade de ajuste de dose neste grupo etário. Muito raramente, foram relatadas reações cutâneas graves em pacientes que administraram paracetamol. Os sintomas podem incluir: vermelhidão na pele, bolhas e erupções cutâneas. Se ocorrerem reações cutâneas ou piora de problemas de pele já existentes, interrompa o uso do medicamento e procure ajuda médica imediatamente. ## **Não use outro produto que contenha paracetamol.** ## **O paracetamol nas doses terapêuticas não foi associado à irritação gástrica.**",
q011,faceis_revisadas.csv:11,TYLENOL,facil,Para que serve o TYLENOL?,"TYLENOL é indicado para redução da febre e para o alívio temporário de dores leves a moderadas, como dores associadas a resfriados comuns, dor de cabeça, dor no corpo, dor de dente, dor nas costas, dores musculares, dores leves associadas a artrites e cólicas menstruais.",matched,q011_ev03,supporting,1,"...SP nº 29.625 Registrado por: ## **JOHNSON & JOHNSON INDUSTRIAL LTDA.** Rodovia Presidente Dutra, Km 154, São José dos Campos – SP CNPJ 59.748.988/0001-14 Fabricado por: ## **JOHNSON & JOHNSON INDUSTRIAL LTDA** Rodovia Presidente Dutra, km 154 São José dos Campos – SP CNPJ: 59.748.988/0001-14 Industria Brasileira ®Marca Registrada TYLENOL® - Paciente **==> picture [114 x 31] intentionally omitted <==** SAC 0800 728 6767 www.tylenol.com.br Siga corretamente o modo de usar, não desaparecendo os sintomas procure orient...",3,chunk_983a58909e27,leaf_1d4d2acf0a65,sec_1115276e728e,overdose,0,low,sobreposição semântica/lexical com pergunta e resposta esperada,"O QUE FAZER SE ALGUÉM USAR UMA QUANTIDADE MAIOR DO QUE A INDICADA DESTE MEDICAMENTO?** O uso de doses excessivas, acima das doses recomendadas (superdose) pode causar danos ao fígado. Em caso de superdose, procure ajuda médica ou um centro de intoxicação imediatamente. O apoio médico imediato é fundamental para adultos e crianças, mesmo se os sinais e sintomas de intoxicação não estiverem presentes. Os sinais e sintomas iniciais que se seguem a uma dose potencialmente hepatotóxica de paracetamol são: perda de apetite, náusea, vômito, sudorese intensa, palidez e mal-estar geral. **Em caso de uso de grande quantidade deste medicamento, procure rapidamente socorro médico e leve a embalagem ou bula do medicamento, se possível. Ligue para 0800 722 6001, se você precisar de mais orientações.** ## **DIZERES LEGAIS** MS - 1.5721.1214 Farmacêutico Responsável: Jean F. L. Festuccia – CRF - SP nº 29.625 Registrado por: ## **JOHNSON & JOHNSON INDUSTRIAL LTDA.** Rodovia Presidente Dutra, Km 154, São José dos Campos – SP CNPJ 59.748.988/0001-14 Fabricado por: ## **JOHNSON & JOHNSON INDUSTRIAL LTDA** Rodovia Presidente Dutra, km 154 São José dos Campos – SP CNPJ: 59.748.988/0001-14 Industria Brasileira ®Marca Registrada TYLENOL® - Paciente **==> picture [114 x 31] intentionally omitted <==** SAC 0800 728 6767 www.tylenol.com.br Siga corretamente o modo de usar, não desaparecendo os sintomas procure orientação médica. **==> picture [23 x 19] intentionally omitted <==** TYLENOL® - Paciente **==> picture [115 x 30] intentionally omitted <==**",
q012,faceis_revisadas.csv:12,TYLENOL,facil,Em quanto tempo o TYLENOL começa a fazer efeito?,O efeito de TYLENOL começa 15 a 30 minutos após a administração oral e permanece por 4 a 6 horas.,matched,q012_ev01,essential,3,COMO ESTE MEDICAMENTO FUNCIONA?** **TYLENOL[® ]** reduz a febre atuando no centro regulador da temperatura no Sistema Nervoso Central (SNC) e diminui a sensibilidade a dor. Seu efeito tem início 15 a 30 minutos após a administração oral e permanece por um período de 4 a 6 horas. ## **3.,1,chunk_578c6a49ac86,leaf_1d4d2acf0a65,sec_f6f167271d61,simplified_mechanism,0,high,seção esperada; sobreposição semântica/lexical com pergunta e resposta esperada,COMO ESTE MEDICAMENTO FUNCIONA?** **TYLENOL[® ]** reduz a febre atuando no centro regulador da temperatura no Sistema Nervoso Central (SNC) e diminui a sensibilidade a dor. Seu efeito tem início 15 a 30 minutos após a administração oral e permanece por um período de 4 a 6 horas. ## **3.,
q012,faceis_revisadas.csv:12,TYLENOL,facil,Em quanto tempo o TYLENOL começa a fazer efeito?,O efeito de TYLENOL começa 15 a 30 minutos após a administração oral e permanece por 4 a 6 horas.,matched,q012_ev02,supporting,2,"COMO DEVO USAR ESTE MEDICAMENTO?** Uso oral. Você deve tomar os comprimidos com líquido. O paracetamol pode ser administrado independentemente das refeições. ## **Adultos e crianças acima de 12 anos:** **TYLENOL[® ] 500 mg:** 1 a 2 comprimidos, 3 a 4 vezes ao dia. **TYLENOL[® ] 750 mg:** 1 comprimido, 3 a 5 vezes ao dia. A dose diária máxima recomendada de paracetamol é de 4000 mg ( **8 comprimidos de TYLENOL[® ] 500 mg ou 5 comprimidos de TYLENOL® 750 mg** ) administrada em doses fracionadas, não excedendo 1000 mg...",2,chunk_d4d5a2d20ab2,leaf_1d4d2acf0a65,sec_1646f2946e08,dosage,0,high,sobreposição semântica/lexical com pergunta e resposta esperada,"COMO DEVO USAR ESTE MEDICAMENTO?** Uso oral. Você deve tomar os comprimidos com líquido. O paracetamol pode ser administrado independentemente das refeições. ## **Adultos e crianças acima de 12 anos:** **TYLENOL[® ] 500 mg:** 1 a 2 comprimidos, 3 a 4 vezes ao dia. **TYLENOL[® ] 750 mg:** 1 comprimido, 3 a 5 vezes ao dia. A dose diária máxima recomendada de paracetamol é de 4000 mg ( **8 comprimidos de TYLENOL[® ] 500 mg ou 5 comprimidos de TYLENOL® 750 mg** ) administrada em doses fracionadas, não excedendo 1000 mg/dose ( **2 comprimidos de TYLENOL[® ] 500 mg ou 1 comprimido de TYLENOL[® ] 750 mg** ), em intervalos de 4 a 6 horas, em um período de 24 horas. **Duração do tratamento:** depende do desaparecimento dos sintomas. **Este medicamento não pode ser partido, aberto ou mastigado.** **Siga corretamente o modo de usar. Em caso de dúvidas sobre este medicamento, procure orientação do farmacêutico. Não desaparecendo os sintomas, procure orientação médica ou de seu cirurgião-dentista.** ## **7.",
q012,faceis_revisadas.csv:12,TYLENOL,facil,Em quanto tempo o TYLENOL começa a fazer efeito?,O efeito de TYLENOL começa 15 a 30 minutos após a administração oral e permanece por 4 a 6 horas.,matched,q012_ev03,supporting,2,"...a de apetite, náusea, vômito, sudorese intensa, palidez e mal-estar geral. **Em caso de uso de grande quantidade deste medicamento, procure rapidamente socorro médico e leve a embalagem ou bula do medicamento, se possível. Ligue para 0800 722 6001, se você precisar de mais orientações.** ## **DIZERES LEGAIS** MS - 1.5721.1214 Farmacêutico Responsável: Jean F. L. Festuccia – CRF - SP nº 29.625 Registrado por: ## **JOHNSON & JOHNSON INDUSTRIAL LTDA.** Rodovia Presidente Dutra, Km 154, São José dos Campos – SP CNPJ 59...",3,chunk_983a58909e27,leaf_1d4d2acf0a65,sec_1115276e728e,overdose,0,medium,sobreposição semântica/lexical com pergunta e resposta esperada,"O QUE FAZER SE ALGUÉM USAR UMA QUANTIDADE MAIOR DO QUE A INDICADA DESTE MEDICAMENTO?** O uso de doses excessivas, acima das doses recomendadas (superdose) pode causar danos ao fígado. Em caso de superdose, procure ajuda médica ou um centro de intoxicação imediatamente. O apoio médico imediato é fundamental para adultos e crianças, mesmo se os sinais e sintomas de intoxicação não estiverem presentes. Os sinais e sintomas iniciais que se seguem a uma dose potencialmente hepatotóxica de paracetamol são: perda de apetite, náusea, vômito, sudorese intensa, palidez e mal-estar geral. **Em caso de uso de grande quantidade deste medicamento, procure rapidamente socorro médico e leve a embalagem ou bula do medicamento, se possível. Ligue para 0800 722 6001, se você precisar de mais orientações.** ## **DIZERES LEGAIS** MS - 1.5721.1214 Farmacêutico Responsável: Jean F. L. Festuccia – CRF - SP nº 29.625 Registrado por: ## **JOHNSON & JOHNSON INDUSTRIAL LTDA.** Rodovia Presidente Dutra, Km 154, São José dos Campos – SP CNPJ 59.748.988/0001-14 Fabricado por: ## **JOHNSON & JOHNSON INDUSTRIAL LTDA** Rodovia Presidente Dutra, km 154 São José dos Campos – SP CNPJ: 59.748.988/0001-14 Industria Brasileira ®Marca Registrada TYLENOL® - Paciente **==> picture [114 x 31] intentionally omitted <==** SAC 0800 728 6767 www.tylenol.com.br Siga corretamente o modo de usar, não desaparecendo os sintomas procure orientação médica. **==> picture [23 x 19] intentionally omitted <==** TYLENOL® - Paciente **==> picture [115 x 30] intentionally omitted <==**",
q013,faceis_revisadas.csv:13,TYLENOL,facil,Como devo conservar TYLENOL?,"TYLENOL deve ser conservado em temperatura ambiente, entre 15 °C e 30 °C, protegido da luz e da umidade. O medicamento deve ser guardado em sua embalagem original e mantido fora do alcance das crianças.",matched,q013_ev01,essential,3,"ONDE, COMO E POR QUANTO TEMPO POSSO GUARDAR ESTE MEDICAMENTO?** **TYLENOL®** deve ser conservado em temperatura ambiente (entre 15°C e 30°C), protegido da luz e umidade. **Número de lote e datas de fabricação e validade: vide embalagem.** TYLENOL® - Paciente **==> picture [114 x 31] intentionally omitted <==** **Não use medicamento com o prazo de validade vencido. Guarde-o em sua embalagem original. TYLENOL[® ] 500 mg e TYLENOL[® ] 750 mg** são comprimidos revestidos oblongos (ovalados) de cor branca. **Antes de us...",1,chunk_bd0ae4006d5f,leaf_1d4d2acf0a65,sec_928f4d6a0604,storage,0,high,seção esperada; sobreposição semântica/lexical com pergunta e resposta esperada,"ONDE, COMO E POR QUANTO TEMPO POSSO GUARDAR ESTE MEDICAMENTO?** **TYLENOL®** deve ser conservado em temperatura ambiente (entre 15°C e 30°C), protegido da luz e umidade. **Número de lote e datas de fabricação e validade: vide embalagem.** TYLENOL® - Paciente **==> picture [114 x 31] intentionally omitted <==** **Não use medicamento com o prazo de validade vencido. Guarde-o em sua embalagem original. TYLENOL[® ] 500 mg e TYLENOL[® ] 750 mg** são comprimidos revestidos oblongos (ovalados) de cor branca. **Antes de usar, observe o aspecto do medicamento. Caso ele esteja no prazo de validade e você observe alguma mudança no aspecto, consulte o farmacêutico para saber se poderá** **utilizá-lo.** **Todo medicamento deve ser mantido fora do alcance das crianças** . ## **6.",
q013,faceis_revisadas.csv:13,TYLENOL,facil,Como devo conservar TYLENOL?,"TYLENOL deve ser conservado em temperatura ambiente, entre 15 °C e 30 °C, protegido da luz e da umidade. O medicamento deve ser guardado em sua embalagem original e mantido fora do alcance das crianças.",matched,q013_ev02,supporting,2,"...idez e mal-estar geral. **Em caso de uso de grande quantidade deste medicamento, procure rapidamente socorro médico e leve a embalagem ou bula do medicamento, se possível. Ligue para 0800 722 6001, se você precisar de mais orientações.** ## **DIZERES LEGAIS** MS - 1.5721.1214 Farmacêutico Responsável: Jean F. L. Festuccia – CRF - SP nº 29.625 Registrado por: ## **JOHNSON & JOHNSON INDUSTRIAL LTDA.** Rodovia Presidente Dutra, Km 154, São José dos Campos – SP CNPJ 59.748.988/0001-14 Fabricado por: ## **JOHNSON & JOHN...",2,chunk_983a58909e27,leaf_1d4d2acf0a65,sec_1115276e728e,overdose,0,medium,sobreposição semântica/lexical com pergunta e resposta esperada,"O QUE FAZER SE ALGUÉM USAR UMA QUANTIDADE MAIOR DO QUE A INDICADA DESTE MEDICAMENTO?** O uso de doses excessivas, acima das doses recomendadas (superdose) pode causar danos ao fígado. Em caso de superdose, procure ajuda médica ou um centro de intoxicação imediatamente. O apoio médico imediato é fundamental para adultos e crianças, mesmo se os sinais e sintomas de intoxicação não estiverem presentes. Os sinais e sintomas iniciais que se seguem a uma dose potencialmente hepatotóxica de paracetamol são: perda de apetite, náusea, vômito, sudorese intensa, palidez e mal-estar geral. **Em caso de uso de grande quantidade deste medicamento, procure rapidamente socorro médico e leve a embalagem ou bula do medicamento, se possível. Ligue para 0800 722 6001, se você precisar de mais orientações.** ## **DIZERES LEGAIS** MS - 1.5721.1214 Farmacêutico Responsável: Jean F. L. Festuccia – CRF - SP nº 29.625 Registrado por: ## **JOHNSON & JOHNSON INDUSTRIAL LTDA.** Rodovia Presidente Dutra, Km 154, São José dos Campos – SP CNPJ 59.748.988/0001-14 Fabricado por: ## **JOHNSON & JOHNSON INDUSTRIAL LTDA** Rodovia Presidente Dutra, km 154 São José dos Campos – SP CNPJ: 59.748.988/0001-14 Industria Brasileira ®Marca Registrada TYLENOL® - Paciente **==> picture [114 x 31] intentionally omitted <==** SAC 0800 728 6767 www.tylenol.com.br Siga corretamente o modo de usar, não desaparecendo os sintomas procure orientação médica. **==> picture [23 x 19] intentionally omitted <==** TYLENOL® - Paciente **==> picture [115 x 30] intentionally omitted <==**",
q013,faceis_revisadas.csv:13,TYLENOL,facil,Como devo conservar TYLENOL?,"TYLENOL deve ser conservado em temperatura ambiente, entre 15 °C e 30 °C, protegido da luz e da umidade. O medicamento deve ser guardado em sua embalagem original e mantido fora do alcance das crianças.",matched,q013_ev03,supporting,2,"4 x 31] intentionally omitted <==** SAC 0800 728 6767 www.tylenol.com.br Siga corretamente o modo de usar, não desaparecendo os sintomas procure orientação médica. **==> picture [23 x 19] intentionally omitted <==** TYLENOL® - Paciente **==> picture [115 x 30] intentionally omitted <==** ## **",3,chunk_3c190b3ea9f8,leaf_1d4d2acf0a65,sec_1115276e728e,overdose,1,medium,sobreposição semântica/lexical com pergunta e resposta esperada,"4 x 31] intentionally omitted <==** SAC 0800 728 6767 www.tylenol.com.br Siga corretamente o modo de usar, não desaparecendo os sintomas procure orientação médica. **==> picture [23 x 19] intentionally omitted <==** TYLENOL® - Paciente **==> picture [115 x 30] intentionally omitted <==** ## **",
q014,faceis_revisadas.csv:14,TYLENOL,facil,Qual é a dose indicada de TYLENOL 500 mg para adultos e crianças acima de 12 anos?,"Para adultos e crianças acima de 12 anos, a dose de TYLENOL 500 mg é de 1 a 2 comprimidos, 3 a 4 vezes ao dia.",matched,q014_ev01,essential,3,"COMO DEVO USAR ESTE MEDICAMENTO?** Uso oral. Você deve tomar os comprimidos com líquido. O paracetamol pode ser administrado independentemente das refeições. ## **Adultos e crianças acima de 12 anos:** **TYLENOL[® ] 500 mg:** 1 a 2 comprimidos, 3 a 4 vezes ao dia. **TYLENOL[® ] 750 mg:** 1 comprimido, 3 a 5 vezes ao dia. A dose diária máxima recomendada de paracetamol é de 4000 mg ( **8 comprimidos de TYLENOL[® ] 500 mg ou 5 comprimidos de TYLENOL® 750 mg** ) administrada em doses fracionadas, não excedendo 1000 mg...",1,chunk_d4d5a2d20ab2,leaf_1d4d2acf0a65,sec_1646f2946e08,dosage,0,high,seção esperada; apresentação/formulação mencionada; sobreposição semântica/lexical com pergunta e resposta esperada,"COMO DEVO USAR ESTE MEDICAMENTO?** Uso oral. Você deve tomar os comprimidos com líquido. O paracetamol pode ser administrado independentemente das refeições. ## **Adultos e crianças acima de 12 anos:** **TYLENOL[® ] 500 mg:** 1 a 2 comprimidos, 3 a 4 vezes ao dia. **TYLENOL[® ] 750 mg:** 1 comprimido, 3 a 5 vezes ao dia. A dose diária máxima recomendada de paracetamol é de 4000 mg ( **8 comprimidos de TYLENOL[® ] 500 mg ou 5 comprimidos de TYLENOL® 750 mg** ) administrada em doses fracionadas, não excedendo 1000 mg/dose ( **2 comprimidos de TYLENOL[® ] 500 mg ou 1 comprimido de TYLENOL[® ] 750 mg** ), em intervalos de 4 a 6 horas, em um período de 24 horas. **Duração do tratamento:** depende do desaparecimento dos sintomas. **Este medicamento não pode ser partido, aberto ou mastigado.** **Siga corretamente o modo de usar. Em caso de dúvidas sobre este medicamento, procure orientação do farmacêutico. Não desaparecendo os sintomas, procure orientação médica ou de seu cirurgião-dentista.** ## **7.",
q014,faceis_revisadas.csv:14,TYLENOL,facil,Qual é a dose indicada de TYLENOL 500 mg para adultos e crianças acima de 12 anos?,"Para adultos e crianças acima de 12 anos, a dose de TYLENOL 500 mg é de 1 a 2 comprimidos, 3 a 4 vezes ao dia.",matched,q014_ev02,supporting,2,"...e, procure ajuda médica ou um centro de intoxicação imediatamente. O apoio médico imediato é fundamental para adultos e crianças, mesmo se os sinais e sintomas de intoxicação não estiverem presentes. Os sinais e sintomas iniciais que se seguem a uma dose potencialmente hepatotóxica de paracetamol são: perda de apetite, náusea, vômito, sudorese intensa, palidez e mal-estar geral. **Em caso de uso de grande quantidade deste medicamento, procure rapidamente socorro médico e leve a embalagem ou bula do medicamento, se...",2,chunk_983a58909e27,leaf_1d4d2acf0a65,sec_1115276e728e,overdose,0,high,apresentação/formulação mencionada; sobreposição semântica/lexical com pergunta e resposta esperada,"O QUE FAZER SE ALGUÉM USAR UMA QUANTIDADE MAIOR DO QUE A INDICADA DESTE MEDICAMENTO?** O uso de doses excessivas, acima das doses recomendadas (superdose) pode causar danos ao fígado. Em caso de superdose, procure ajuda médica ou um centro de intoxicação imediatamente. O apoio médico imediato é fundamental para adultos e crianças, mesmo se os sinais e sintomas de intoxicação não estiverem presentes. Os sinais e sintomas iniciais que se seguem a uma dose potencialmente hepatotóxica de paracetamol são: perda de apetite, náusea, vômito, sudorese intensa, palidez e mal-estar geral. **Em caso de uso de grande quantidade deste medicamento, procure rapidamente socorro médico e leve a embalagem ou bula do medicamento, se possível. Ligue para 0800 722 6001, se você precisar de mais orientações.** ## **DIZERES LEGAIS** MS - 1.5721.1214 Farmacêutico Responsável: Jean F. L. Festuccia – CRF - SP nº 29.625 Registrado por: ## **JOHNSON & JOHNSON INDUSTRIAL LTDA.** Rodovia Presidente Dutra, Km 154, São José dos Campos – SP CNPJ 59.748.988/0001-14 Fabricado por: ## **JOHNSON & JOHNSON INDUSTRIAL LTDA** Rodovia Presidente Dutra, km 154 São José dos Campos – SP CNPJ: 59.748.988/0001-14 Industria Brasileira ®Marca Registrada TYLENOL® - Paciente **==> picture [114 x 31] intentionally omitted <==** SAC 0800 728 6767 www.tylenol.com.br Siga corretamente o modo de usar, não desaparecendo os sintomas procure orientação médica. **==> picture [23 x 19] intentionally omitted <==** TYLENOL® - Paciente **==> picture [115 x 30] intentionally omitted <==**",
q014,faceis_revisadas.csv:14,TYLENOL,facil,Qual é a dose indicada de TYLENOL 500 mg para adultos e crianças acima de 12 anos?,"Para adultos e crianças acima de 12 anos, a dose de TYLENOL 500 mg é de 1 a 2 comprimidos, 3 a 4 vezes ao dia.",matched,q014_ev03,supporting,2,"4 x 31] intentionally omitted <==** SAC 0800 728 6767 www.tylenol.com.br Siga corretamente o modo de usar, não desaparecendo os sintomas procure orientação médica. **==> picture [23 x 19] intentionally omitted <==** TYLENOL® - Paciente **==> picture [115 x 30] intentionally omitted <==** ## **",3,chunk_3c190b3ea9f8,leaf_1d4d2acf0a65,sec_1115276e728e,overdose,1,high,apresentação/formulação mencionada; sobreposição semântica/lexical com pergunta e resposta esperada,"4 x 31] intentionally omitted <==** SAC 0800 728 6767 www.tylenol.com.br Siga corretamente o modo de usar, não desaparecendo os sintomas procure orientação médica. **==> picture [23 x 19] intentionally omitted <==** TYLENOL® - Paciente **==> picture [115 x 30] intentionally omitted <==** ## **",
q015,faceis_revisadas.csv:15,TYLENOL,facil,Quais reações muito raras TYLENOL pode causar segundo a seção de reações adversas?,"Segundo a seção de reações adversas, TYLENOL pode causar, muito raramente, urticária, coceira e vermelhidão no corpo, reações alérgicas ao medicamento, aumento das transaminases e erupção fixa medicamentosa.",matched,q015_ev01,essential,3,"QUAIS OS MALES QUE ESTE MEDICAMENTO PODE ME CAUSAR?** Este medicamento pode causar algumas reações desagradáveis inesperadas. Caso você tenha uma reação alérgica, deve parar de tomar o medicamento. TYLENOL® - Paciente **==> picture [114 x 31] intentionally omitted <==** Reação muito rara (ocorre em menos de 0,01% dos pacientes que utilizam este medicamento): urticária, coceira e vermelhidão no corpo, reações alérgicas a este medicamento, aumento das transaminases e erupção fixa medicamentosa. **Informe ao seu médic...",1,chunk_bcded81d765f,leaf_1d4d2acf0a65,sec_02809f0f1529,adverse_reaction,0,high,seção esperada; sobreposição semântica/lexical com pergunta e resposta esperada,"QUAIS OS MALES QUE ESTE MEDICAMENTO PODE ME CAUSAR?** Este medicamento pode causar algumas reações desagradáveis inesperadas. Caso você tenha uma reação alérgica, deve parar de tomar o medicamento. TYLENOL® - Paciente **==> picture [114 x 31] intentionally omitted <==** Reação muito rara (ocorre em menos de 0,01% dos pacientes que utilizam este medicamento): urticária, coceira e vermelhidão no corpo, reações alérgicas a este medicamento, aumento das transaminases e erupção fixa medicamentosa. **Informe ao seu médico, cirurgião-dentista ou farmacêutico o aparecimento de reações indesejáveis pelo uso do medicamento. Informe também à empresa através do seu serviço de atendimento.** ## **9.",
q015,faceis_revisadas.csv:15,TYLENOL,facil,Quais reações muito raras TYLENOL pode causar segundo a seção de reações adversas?,"Segundo a seção de reações adversas, TYLENOL pode causar, muito raramente, urticária, coceira e vermelhidão no corpo, reações alérgicas ao medicamento, aumento das transaminases e erupção fixa medicamentosa.",matched,q015_ev02,supporting,2,"...tro analgésico. ## **Gravidez e Amamentação** ## Se você estiver grávida ou amamentando, consulte o seu médico antes de usar este medicamento. **Este medicamento não deve ser utilizado por mulheres grávidas sem orientação médica ou do cirurgião-dentista.** **Uso em pacientes com problemas no fígado** : Consulte seu médico antes de usar o medicamento. **Uso em idosos** : Até o momento não são conhecidas restrições específicas ao uso de **TYLENOL[® ]** por pacientes idosos. Não existe necessidade de ajuste de dose ne...",2,chunk_97251e7ccd85,leaf_1d4d2acf0a65,sec_a29ed3da881a,warning_precaution,0,high,sobreposição semântica/lexical com pergunta e resposta esperada,"O QUE DEVO SABER ANTES DE USAR ESTE MEDICAMENTO?** TYLENOL® - Paciente **==> picture [114 x 31] intentionally omitted <==** Você não deve tomar mais do que a dose recomendada (superdose) para provocar maior alívio, pois pode causar sérios problemas de saúde. Você deve consultar seu médico se a dor ou febre continuarem ou piorarem, ou se surgirem novos sintomas, pois estes sintomas podem ser sinais de doenças graves. **Uso com álcool** : consumidores de doses abusivas de álcool devem consultar seu médico para saber se podem tomar **TYLENOL[® ]** ou qualquer outro analgésico. ## **Gravidez e Amamentação** ## Se você estiver grávida ou amamentando, consulte o seu médico antes de usar este medicamento. **Este medicamento não deve ser utilizado por mulheres grávidas sem orientação médica ou do cirurgião-dentista.** **Uso em pacientes com problemas no fígado** : Consulte seu médico antes de usar o medicamento. **Uso em idosos** : Até o momento não são conhecidas restrições específicas ao uso de **TYLENOL[® ]** por pacientes idosos. Não existe necessidade de ajuste de dose neste grupo etário. Muito raramente, foram relatadas reações cutâneas graves em pacientes que administraram paracetamol. Os sintomas podem incluir: vermelhidão na pele, bolhas e erupções cutâneas. Se ocorrerem reações cutâneas ou piora de problemas de pele já existentes, interrompa o uso do medicamento e procure ajuda médica imediatamente. ## **Não use outro produto que contenha paracetamol.** ## **O paracetamol nas doses terapêuticas não foi associado à irritação gástrica.**",
q015,faceis_revisadas.csv:15,TYLENOL,facil,Quais reações muito raras TYLENOL pode causar segundo a seção de reações adversas?,"Segundo a seção de reações adversas, TYLENOL pode causar, muito raramente, urticária, coceira e vermelhidão no corpo, reações alérgicas ao medicamento, aumento das transaminases e erupção fixa medicamentosa.",matched,q015_ev03,supporting,1,"COMO DEVO USAR ESTE MEDICAMENTO?** Uso oral. Você deve tomar os comprimidos com líquido. O paracetamol pode ser administrado independentemente das refeições. ## **Adultos e crianças acima de 12 anos:** **TYLENOL[® ] 500 mg:** 1 a 2 comprimidos, 3 a 4 vezes ao dia. **TYLENOL[® ] 750 mg:** 1 comprimido, 3 a 5 vezes ao dia. A dose diária máxima recomendada de paracetamol é de 4000 mg ( **8 comprimidos de TYLENOL[® ] 500 mg ou 5 comprimidos de TYLENOL® 750 mg** ) administrada em doses fracionadas, não excedendo 1000 mg...",3,chunk_d4d5a2d20ab2,leaf_1d4d2acf0a65,sec_1646f2946e08,dosage,0,low,sobreposição semântica/lexical com pergunta e resposta esperada,"COMO DEVO USAR ESTE MEDICAMENTO?** Uso oral. Você deve tomar os comprimidos com líquido. O paracetamol pode ser administrado independentemente das refeições. ## **Adultos e crianças acima de 12 anos:** **TYLENOL[® ] 500 mg:** 1 a 2 comprimidos, 3 a 4 vezes ao dia. **TYLENOL[® ] 750 mg:** 1 comprimido, 3 a 5 vezes ao dia. A dose diária máxima recomendada de paracetamol é de 4000 mg ( **8 comprimidos de TYLENOL[® ] 500 mg ou 5 comprimidos de TYLENOL® 750 mg** ) administrada em doses fracionadas, não excedendo 1000 mg/dose ( **2 comprimidos de TYLENOL[® ] 500 mg ou 1 comprimido de TYLENOL[® ] 750 mg** ), em intervalos de 4 a 6 horas, em um período de 24 horas. **Duração do tratamento:** depende do desaparecimento dos sintomas. **Este medicamento não pode ser partido, aberto ou mastigado.** **Siga corretamente o modo de usar. Em caso de dúvidas sobre este medicamento, procure orientação do farmacêutico. Não desaparecendo os sintomas, procure orientação médica ou de seu cirurgião-dentista.** ## **7.",
q016,medias_revisadas.csv:1,AMOXIL,medio,Como deve ser ajustada a dose de Amoxil suspensão oral para uma criança de 30 kg com insuficiência renal moderada?,"Para crianças abaixo de 40 kg com insuficiência renal moderada, a bula orienta 15 mg/kg duas vezes ao dia, de 12 em 12 horas, respeitando o máximo de 500 mg duas vezes ao dia. Para uma criança de 30 kg, isso corresponde a 450 mg por dose, duas vezes ao dia.",matched,q016_ev01,essential,3,"...iano (por exemplo claritromicina, metronidazol), por 7 dias. ## **Dose para crianças abaixo de 40 kg** Dose padrão para crianças: 20 a 50 mg/kg/dia em doses divididas (de 8 em 8 horas), até um máximo de 150 mg/kg/dia em doses divididas. ## **Pacientes com insuficiência renal (dos rins)** Na insuficiência renal, a eliminação do antibiótico é mais lenta. Conforme o grau dessa condição, seu médico pode indicar a redução da dose diária total de acordo com o esquema descrito a seguir. Adultos e crianças acima de 40 kg -...",1,chunk_e88b1f4c2667,leaf_d76f76b8b2f4,sec_8896cdffa974,dosage,2,high,seção esperada; apresentação/formulação mencionada; sobreposição semântica/lexical com pergunta e resposta esperada,"robiano (por exemplo claritromicina, metronidazol), por 7 dias. ## **Dose para crianças abaixo de 40 kg** Dose padrão para crianças: 20 a 50 mg/kg/dia em doses divididas (de 8 em 8 horas), até um máximo de 150 mg/kg/dia em doses divididas. ## **Pacientes com insuficiência renal (dos rins)** Na insuficiência renal, a eliminação do antibiótico é mais lenta. Conforme o grau dessa condição, seu médico pode indicar a redução da dose diária total de acordo com o esquema descrito a seguir. Adultos e crianças acima de 40 kg - insuficiência leve: nenhuma alteração de dose; - insuficiência moderada: máximo de 500 mg duas vezes ao dia (de 12 em 12 horas); - insuficiência grave: máximo de 500 mg uma vez ao dia. Crianças abaixo de 40 kg - insuficiência leve: nenhuma alteração de dose; - insuficiência moderada: 15 mg/kg duas vezes ao dia (de 12/12 horas); (no máximo de 500mg duas vezes ao dia); - insuficiência grave: 15 mg/kg uma vez ao dia. (no máximo de 500mg). ## **Pacientes que recebem diálise peritoneal** Usa-se a mesma posologia indicada para pacientes com insuficiência renal grave. A diálise peritoneal (processo de limpeza das substâncias tóxicas do organismo através do peritônio, membrana que envolve o abdômen) não remove a amoxicilina do corpo. ## **Pacientes que recebem hemodiálise** Usa-se a mesma posologia indicada para pacientes com insuficiência renal grave.",
q016,medias_revisadas.csv:1,AMOXIL,medio,Como deve ser ajustada a dose de Amoxil suspensão oral para uma criança de 30 kg com insuficiência renal moderada?,"Para crianças abaixo de 40 kg com insuficiência renal moderada, a bula orienta 15 mg/kg duas vezes ao dia, de 12 em 12 horas, respeitando o máximo de 500 mg duas vezes ao dia. Para uma criança de 30 kg, isso corresponde a 450 mg por dose, duas vezes ao dia.",matched,q016_ev02,essential,3,"...ionally omitted <==** ## Modelo de Texto de Bula – Pacientes Amoxil[®] Cápsulas ## **Pacientes que recebem diálise peritoneal** Usa-se a mesma posologia indicada para pacientes com insuficiência renal grave. A diálise peritoneal (processo de limpeza das substâncias tóxicas do organismo através do peritônio, membrana que envolve o abdômen) não remove a amoxicilina do corpo. ## **Pacientes que recebem hemodiálise** Usa-se a mesma posologia indicada para pacientes com insuficiência renal grave. A amoxicilina é removid...",2,chunk_920654c7064a,leaf_0ee4a572a9d5,sec_70be16f94d2d,dosage,2,high,seção esperada; sobreposição semântica/lexical com pergunta e resposta esperada,"imo de 500 mg (uma cápsula) duas vezes ao dia (de 12 em 12 horas); - insuficiência grave: máximo de 500 mg (uma cápsula) ao dia. 3 **==> picture [87 x 28] intentionally omitted <==** ## Modelo de Texto de Bula – Pacientes Amoxil[®] Cápsulas ## **Pacientes que recebem diálise peritoneal** Usa-se a mesma posologia indicada para pacientes com insuficiência renal grave. A diálise peritoneal (processo de limpeza das substâncias tóxicas do organismo através do peritônio, membrana que envolve o abdômen) não remove a amoxicilina do corpo. ## **Pacientes que recebem hemodiálise** Usa-se a mesma posologia indicada para pacientes com insuficiência renal grave. A amoxicilina é removida do sangue por hemodiálise (processo que substitui os rins na filtragem sanguínea). Portanto, uma dose adicional (500 mg para adultos e crianças acima de 40kg ou 15 mg/kg para crianças abaixo de 40 kg) pode ser administrada durante e no final de cada diálise. Seu médico poderá indicar tratamento por via parenteral (feito com aplicação de injeções intravenosas, intramusculares ou subcutâneas) nos casos em que a via oral for considerada inadequada (particularmente nos tratamentos urgentes de infecções graves). Conforme o grau de insuficiência renal, talvez seu médico ache necessário reduzir a dose diária total. **Siga a orientação de seu médico, respeitando sempre os horários, as doses e a duração do tratamento. Não interrompa o tratamento sem o conhecimento de seu médico. Este medicamento não deve ser partido ou mastigado.** ## **7.",
q016,medias_revisadas.csv:1,AMOXIL,medio,Como deve ser ajustada a dose de Amoxil suspensão oral para uma criança de 30 kg com insuficiência renal moderada?,"Para crianças abaixo de 40 kg com insuficiência renal moderada, a bula orienta 15 mg/kg duas vezes ao dia, de 12 em 12 horas, respeitando o máximo de 500 mg duas vezes ao dia. Para uma criança de 30 kg, isso corresponde a 450 mg por dose, duas vezes ao dia.",matched,q016_ev03,supporting,2,...ras) nas infecções mais graves. ## **Tratamento com dosagem alta (máximo recomendável de 6 g ao dia em doses divididas)** Recomenda-se uma dose de 3g duas vezes ao dia (de 12 em 12 horas) nos casos que requerem tratamento de infecção respiratória purulenta (com a presença de pus) grave ou recorrente. ## **Tratamento de curta duração** Gonorreia: dose única de 3 g. ## **Erradicação de** _**Helicobacter pylori**_ **em úlcera péptica (no duodeno ou no estômago)** Para combater o _Helicobacter_ (bactéria que ataca o es...,3,chunk_c0033b15fe08,leaf_d76f76b8b2f4,sec_8896cdffa974,dosage,1,high,seção esperada; apresentação/formulação mencionada; sobreposição semântica/lexical com pergunta e resposta esperada,"servada em geladeira (entre 2[o] C e 8[o] C). ## **Agite a suspensão oral antes de usá-la.** 3 **==> picture [86 x 28] intentionally omitted <==** ## Modelo de Texto de Bula – Pacientes Amoxil[®] Pó para suspensão oral ## **Posologia** ## **Dose para adultos e crianças acima de 40 kg** Dose padrão: 250 mg três vezes ao dia (de 8 em 8 horas), podendo ser aumentada para 500 mg três vezes ao dia (de 8 em 8 horas) nas infecções mais graves. ## **Tratamento com dosagem alta (máximo recomendável de 6 g ao dia em doses divididas)** Recomenda-se uma dose de 3g duas vezes ao dia (de 12 em 12 horas) nos casos que requerem tratamento de infecção respiratória purulenta (com a presença de pus) grave ou recorrente. ## **Tratamento de curta duração** Gonorreia: dose única de 3 g. ## **Erradicação de** _**Helicobacter pylori**_ **em úlcera péptica (no duodeno ou no estômago)** Para combater o _Helicobacter_ (bactéria que ataca o estômago e o duodeno), recomenda-se o uso de **Amoxil[®]** no esquema de 750 mg a 1 g duas vezes ao dia, em associação com um inibidor da bomba de prótons (exemplo: omeprazol, lanzoprazol) e outro agente antimicrobiano (por exemplo claritromicina, metronidazol), por 7 dias. ## **Dose para crianças abaixo de 40 kg** Dose padrão para crianças: 20 a 50 mg/kg/dia em doses divididas (de 8 em 8 horas), até um máximo de 150 mg/kg/dia em doses divididas. ## **Pacientes com insuficiência renal (dos rins)**",
q016,medias_revisadas.csv:1,AMOXIL,medio,Como deve ser ajustada a dose de Amoxil suspensão oral para uma criança de 30 kg com insuficiência renal moderada?,"Para crianças abaixo de 40 kg com insuficiência renal moderada, a bula orienta 15 mg/kg duas vezes ao dia, de 12 em 12 horas, respeitando o máximo de 500 mg duas vezes ao dia. Para uma criança de 30 kg, isso corresponde a 450 mg por dose, duas vezes ao dia.",matched,q016_ev04,supporting,2,"...eno), recomenda-se o uso de Amoxil[®] no esquema de 1 g duas vezes ao dia (de 12 em 12 horas), em associação com um medicamento conhecido como inibidor da bomba de prótons (exemplo: omeprazol, lanzoprazol) e outro agente antimicrobiano (por exemplo claritromicina, metronidazol), por 7 dias. ## **Pacientes com insuficiência renal (dos rins)** Na insuficiência renal, a eliminação do antibiótico é mais lenta. Conforme o grau dessa condição, seu médico pode indicar a redução da dose diária total de acordo com o esquema...",4,chunk_05bc48672ff1,leaf_0ee4a572a9d5,sec_70be16f94d2d,dosage,1,high,seção esperada; sobreposição semântica/lexical com pergunta e resposta esperada,"g ao dia em doses divididas): recomenda-se uma dose de 3 g (seis cápsulas) duas vezes ao dia (de 12 em 12 horas) em casos que requerem tratamento de infecção respiratória purulenta (com a presença de pus) grave ou recorrente. ## **- Tratamento de curta duração (gonorreia): dose única de 3 g.** **Erradicação de** _**Helicobacter pylori:**_ para combater o _Helicobacter_ (bactéria que ataca o estômago e o duodeno), recomenda-se o uso de Amoxil[®] no esquema de 1 g duas vezes ao dia (de 12 em 12 horas), em associação com um medicamento conhecido como inibidor da bomba de prótons (exemplo: omeprazol, lanzoprazol) e outro agente antimicrobiano (por exemplo claritromicina, metronidazol), por 7 dias. ## **Pacientes com insuficiência renal (dos rins)** Na insuficiência renal, a eliminação do antibiótico é mais lenta. Conforme o grau dessa condição, seu médico pode indicar a redução da dose diária total de acordo com o esquema descrito a seguir. Adultos e crianças acima de 40 kg - insuficiência leve: nenhuma alteração de dose; - insuficiência moderada: máximo de 500 mg (uma cápsula) duas vezes ao dia (de 12 em 12 horas); - insuficiência grave: máximo de 500 mg (uma cápsula) ao dia. 3 **==> picture [87 x 28] intentionally omitted <==** ## Modelo de Texto de Bula – Pacientes Amoxil[®] Cápsulas ## **Pacientes que recebem diálise peritoneal**",
q017,medias_revisadas.csv:2,AMOXIL,medio,Por que tomar Amoxil no início das refeições pode ser útil quando ocorrem enjoo ou diarreia durante o tratamento?,"A bula informa que diarreia e enjoo são reações comuns e que, quando acontecem, normalmente são leves e frequentemente podem ser evitados tomando-se o medicamento no início das refeições. Ao mesmo tempo, a alimentação não interfere na ação de Amoxil, que pode ser ingerido nas refeições.",matched,q017_ev01,essential,3,"...ilsalicílico.** ## **Uso em idosos, crianças e outros grupos de risco** As recomendações especiais se referem às dosagens . Não há contraindicação relativa a faixas etárias. ## **Interações medicamentosas** Alguns medicamentos podem causar efeitos indesejáveis se você os ingerir durante o tratamento com **Amoxil[®]** . Não deixe de avisar seu médico caso você esteja tomando: - medicamentos usados no tratamento de gota (probenecida ou alopurinol); - outros antibióticos; - pílulas anticoncepcionais (como acontece com...",1,chunk_621ddc66ac1b,leaf_d76f76b8b2f4,sec_5c572d7c146d,warning_precaution,2,high,seção esperada; sobreposição semântica/lexical com pergunta e resposta esperada,"camento não interfere no aleitamento do bebê.** ## **Atenção: Contém fenilalanina.** **Este produto contém benzoato de sódio, que pode causar reações alérgicas, como asma, especialmente em pessoas alérgicas ao ácido acetilsalicílico.** ## **Uso em idosos, crianças e outros grupos de risco** As recomendações especiais se referem às dosagens . Não há contraindicação relativa a faixas etárias. ## **Interações medicamentosas** Alguns medicamentos podem causar efeitos indesejáveis se você os ingerir durante o tratamento com **Amoxil[®]** . Não deixe de avisar seu médico caso você esteja tomando: - medicamentos usados no tratamento de gota (probenecida ou alopurinol); - outros antibióticos; - pílulas anticoncepcionais (como acontece com outros antibióticos, talvez sejam necessárias precauções adicionais para evitar a gravidez); - anticoagulantes; - metotrexato (usado para tratar doenças como câncer e psoríase grave). A alimentação não interfere na ação de **Amoxil[®]** , que pode ser ingerido nas refeições. 2 **==> picture [86 x 28] intentionally omitted <==** ## Modelo de Texto de Bula – Pacientes Amoxil[®] Pó para suspensão oral **Informe seu médico ou cirurgião-dentista se você está fazendo uso de algum outro medicamento. Não use medicamento sem o conhecimento de seu médico. Pode ser perigoso para sua saúde.**",
q017,medias_revisadas.csv:2,AMOXIL,medio,Por que tomar Amoxil no início das refeições pode ser útil quando ocorrem enjoo ou diarreia durante o tratamento?,"A bula informa que diarreia e enjoo são reações comuns e que, quando acontecem, normalmente são leves e frequentemente podem ser evitados tomando-se o medicamento no início das refeições. Ao mesmo tempo, a alimentação não interfere na ação de Amoxil, que pode ser ingerido nas refeições.",matched,q017_ev02,essential,3,"...*Amoxil[®]** . Assim como todo medicamento, **Amoxil[®]** pode provocar reações adversas, porém isso não ocorre com todas as pessoas. Os efeitos colaterais deste medicamento geralmente são leves. ## **Reações comuns (ocorrem entre 1% e 10% dos pacientes que utilizam este medicamento):** - Diarreia (várias evacuações amolecidas por dia) e enjoo; quando isso acontece, os sintomas normalmente são leves e com frequência podem ser evitados tomando-se o medicamento no início das refeições. Se continuarem ou se tornarem g...",2,chunk_2273c1b76ec0,leaf_0ee4a572a9d5,sec_b161227b9c29,adverse_reaction,0,high,seção esperada; sobreposição semântica/lexical com pergunta e resposta esperada,"QUAIS OS MALES QUE ESTE MEDICAMENTO PODE ME CAUSAR?** Avise seu médico o mais cedo possível se você não se sentir bem durante o tratamento com **Amoxil[®]** . Assim como todo medicamento, **Amoxil[®]** pode provocar reações adversas, porém isso não ocorre com todas as pessoas. Os efeitos colaterais deste medicamento geralmente são leves. ## **Reações comuns (ocorrem entre 1% e 10% dos pacientes que utilizam este medicamento):** - Diarreia (várias evacuações amolecidas por dia) e enjoo; quando isso acontece, os sintomas normalmente são leves e com frequência podem ser evitados tomando-se o medicamento no início das refeições. Se continuarem ou se tornarem graves, consulte o médico. - Erupções da pele. ## **Reações incomuns (ocorrem entre 0,1% e 1% dos pacientes que utilizam este medicamento):** - Vômito, urticária e coceira. ## **Reações muito raras (ocorrem em menos de 0,01% dos pacientes que utilizam este medicamento):** - Diminuição de glóbulos brancos (leucopenia reversível), que pode resultar em infecções frequentes, como febre, calafrios, inflamação da garganta ou úlceras na boca; - Baixa contagem de plaquetas (trombocitopenia reversível), que pode resultar em sangramento ou hematomas (manchas roxas) que surgem com mais facilidade que o normal; - Destruição de glóbulos vermelhos e consequentemente anemia (anemia hemolítica), que pode resultar em cansaço, dores de cabeça e falta de ar causada pela prática de exercícios físicos, vertigem, palidez e amarelamento da pele e/ou dos olhos;",
q017,medias_revisadas.csv:2,AMOXIL,medio,Por que tomar Amoxil no início das refeições pode ser útil quando ocorrem enjoo ou diarreia durante o tratamento?,"A bula informa que diarreia e enjoo são reações comuns e que, quando acontecem, normalmente são leves e frequentemente podem ser evitados tomando-se o medicamento no início das refeições. Ao mesmo tempo, a alimentação não interfere na ação de Amoxil, que pode ser ingerido nas refeições.",matched,q017_ev03,essential,3,"...*Amoxil[®]** . Assim como todo medicamento, **Amoxil[®]** pode provocar reações adversas, porém isso não ocorre com todas as pessoas. Os efeitos colaterais deste medicamento geralmente são leves. ## **Reações comuns (ocorrem entre 1% e 10% dos pacientes que utilizam este medicamento):** - Diarreia (várias evacuações amolecidas por dia) e enjoo; quando isso acontece, os sintomas normalmente são leves e com frequência podem ser evitados tomando-se o medicamento no início das refeições. Se continuarem ou se tornarem g...",3,chunk_cf81874efa63,leaf_d76f76b8b2f4,sec_16fd6dd8639e,adverse_reaction,0,high,seção esperada; sobreposição semântica/lexical com pergunta e resposta esperada,"QUAIS OS MALES QUE ESTE MEDICAMENTO PODE ME CAUSAR?** Avise seu médico o mais cedo possível se você não se sentir bem durante o tratamento com **Amoxil[®]** . Assim como todo medicamento, **Amoxil[®]** pode provocar reações adversas, porém isso não ocorre com todas as pessoas. Os efeitos colaterais deste medicamento geralmente são leves. ## **Reações comuns (ocorrem entre 1% e 10% dos pacientes que utilizam este medicamento):** - Diarreia (várias evacuações amolecidas por dia) e enjoo; quando isso acontece, os sintomas normalmente são leves e com frequência podem ser evitados tomando-se o medicamento no início das refeições. Se continuarem ou se tornarem graves, consulte o médico; - Erupções da pele. ## **Reações incomuns (ocorrem entre 0,1% e 1% dos pacientes que utilizam este medicamento):** - Vômito, urticária e coceira. ## **Reações muito raras (ocorrem em menos de 0,01% dos pacientes que utilizam este medicamento):** - Diminuição de glóbulos brancos (leucopenia reversível), que pode resultar em infecções frequentes, como febre, calafrios, inflamação da garganta ou úlceras na boca; - Baixa contagem de plaquetas (trombocitopenia reversível), que pode resultar em sangramento ou hematomas (manchas roxas que surgem com mais facilidade que o normal); - Destruição de glóbulos vermelhos e consequentemente anemia (anemia hemolítica), que pode resultar em cansaço, dores de cabeça e falta de ar causada pela prática de exercícios físicos, vertigem, palidez e amarelamento da pele e/ou dos olhos;",
q017,medias_revisadas.csv:2,AMOXIL,medio,Por que tomar Amoxil no início das refeições pode ser útil quando ocorrem enjoo ou diarreia durante o tratamento?,"A bula informa que diarreia e enjoo são reações comuns e que, quando acontecem, normalmente são leves e frequentemente podem ser evitados tomando-se o medicamento no início das refeições. Ao mesmo tempo, a alimentação não interfere na ação de Amoxil, que pode ser ingerido nas refeições.",matched,q017_ev04,supporting,2,"...informe seu médico: - se você já apresentou reação alérgica a algum antibiótico. Isso pode incluir reações na pele ou inchaço na face ou pescoço ou dores no peito. 1 **==> picture [86 x 28] intentionally omitted <==** ## Modelo de Texto de Bula – Pacientes Amoxil[®] Pó para suspensão oral - se você apresenta febre glandular. - se você toma medicamentos usados para prevenir coágulos sanguíneos (anticoagulantes), tais como varfarina, o seu médico fará um monitoramento e, se necessário, poderá sugerir ajustes na dose...",4,chunk_e3c9fe99e5cd,leaf_d76f76b8b2f4,sec_5c572d7c146d,warning_precaution,0,high,seção esperada; sobreposição semântica/lexical com pergunta e resposta esperada,"O QUE DEVO SABER ANTES DE USAR ESTE MEDICAMENTO?** **Amoxil**[] suspensão contém aspartamo, que é fonte de fenilalanina e deve ser usado com cautela em pacientes com fenilcetonúria. Informe seu médico caso você tenha uma doença chamada fenilcetonúria. Antes de iniciar o tratamento com **Amoxil**[] , informe seu médico: - se você já apresentou reação alérgica a algum antibiótico. Isso pode incluir reações na pele ou inchaço na face ou pescoço ou dores no peito. 1 **==> picture [86 x 28] intentionally omitted <==** ## Modelo de Texto de Bula – Pacientes Amoxil[®] Pó para suspensão oral - se você apresenta febre glandular. - se você toma medicamentos usados para prevenir coágulos sanguíneos (anticoagulantes), tais como varfarina, o seu médico fará um monitoramento e, se necessário, poderá sugerir ajustes na dose dos anticoagulantes. - se você apresenta problema nos rins. - se você não estiver urinando regularmente. - se você já teve diarreia durante ou após o uso de antibióticos. O uso prolongado também pode resultar, ocasionalmente, em supercrescimento de microrganismos resistentes a **Amoxil[®]** . **Amoxil[®]** pode piorar algumas condições existentes ou causar efeitos colaterais graves, como reações alérgicas severas, reações cutâneas severas, dor no peito, vômitos repetitivos dentro de 1 a 4 horas após a administração de **Amoxil[®]** ou diarreia grave (colite pseudomembranosa). Você deve estar atento a determinados sintomas enquanto estiver recebendo **Amoxil[®]** para ajudar a reduzir o risco de quaisquer problemas.",
q017,medias_revisadas.csv:2,AMOXIL,medio,Por que tomar Amoxil no início das refeições pode ser útil quando ocorrem enjoo ou diarreia durante o tratamento?,"A bula informa que diarreia e enjoo são reações comuns e que, quando acontecem, normalmente são leves e frequentemente podem ser evitados tomando-se o medicamento no início das refeições. Ao mesmo tempo, a alimentação não interfere na ação de Amoxil, que pode ser ingerido nas refeições.",matched,q017_ev05,supporting,2,"...re a capacidade de dirigir veículos e de operar máquinas** Não se observaram efeitos adversos sobre a capacidade de dirigir veículos e de operar máquinas. ## **Gravidez e amamentação** **Amoxil[®]** pode ser usado na gravidez desde que os benefícios potenciais sejam maiores que os riscos potenciais associados ao tratamento. Informe seu médico se você estiver grávida ou suspeitar que está grávida. Você não deve tomar este medicamento se estiver grávida, exceto se seu médico recomendar. Você pode amamentar seu bebê e...",5,chunk_6fd3c193ea42,leaf_d76f76b8b2f4,sec_5c572d7c146d,warning_precaution,1,high,seção esperada; sobreposição semântica/lexical com pergunta e resposta esperada,"utâneas severas, dor no peito, vômitos repetitivos dentro de 1 a 4 horas após a administração de **Amoxil[®]** ou diarreia grave (colite pseudomembranosa). Você deve estar atento a determinados sintomas enquanto estiver recebendo **Amoxil[®]** para ajudar a reduzir o risco de quaisquer problemas. ## **Efeitos sobre a capacidade de dirigir veículos e de operar máquinas** Não se observaram efeitos adversos sobre a capacidade de dirigir veículos e de operar máquinas. ## **Gravidez e amamentação** **Amoxil[®]** pode ser usado na gravidez desde que os benefícios potenciais sejam maiores que os riscos potenciais associados ao tratamento. Informe seu médico se você estiver grávida ou suspeitar que está grávida. Você não deve tomar este medicamento se estiver grávida, exceto se seu médico recomendar. Você pode amamentar seu bebê enquanto estiver tomando **Amoxil[®]** , mas há excreção de quantidades mínimas de amoxicilina no leite materno. Se você estiver amamentando, informe ao seu médico antes de iniciar o tratamento com **Amoxil[®]** . ## **Este medicamento não deve ser utilizado por mulheres grávidas sem orientação médica ou do cirurgião-dentista.** **Uso compatível com o aleitamento ou doação de leite humano. O uso desse medicamento não interfere no aleitamento do bebê.** ## **Atenção: Contém fenilalanina.** **Este produto contém benzoato de sódio, que pode causar reações alérgicas, como asma, especialmente em pessoas alérgicas ao ácido acetilsalicílico.** ## **Uso em idosos, crianças e outros grupos de risco**",
q018,medias_revisadas.csv:3,AMOXIL,medio,Como a bula concilia a recomendação de tomar Amoxil nas refeições com a informação de que ele continua eficaz em outros horários?,"A bula recomenda ingerir Amoxil nas refeições, mas esclarece que ele continua eficaz mesmo se tomado em outros horários. Também afirma que a alimentação não interfere na ação de Amoxil. Assim, tomar nas refeições é aceitável e pode melhorar a tolerabilidade, mas não é necessário para manter a eficácia.",matched,q018_ev01,essential,3,"...licílico.** ## **Uso em idosos, crianças e outros grupos de risco** As recomendações especiais se referem às dosagens . Não há contraindicação relativa a faixas etárias. ## **Interações medicamentosas** Alguns medicamentos podem causar efeitos indesejáveis se você os ingerir durante o tratamento com **Amoxil[®]** . Não deixe de avisar seu médico caso você esteja tomando: - medicamentos usados no tratamento de gota (probenecida ou alopurinol); - outros antibióticos; - pílulas anticoncepcionais (como acontece com out...",1,chunk_621ddc66ac1b,leaf_d76f76b8b2f4,sec_5c572d7c146d,warning_precaution,2,high,seção esperada; sobreposição semântica/lexical com pergunta e resposta esperada,"camento não interfere no aleitamento do bebê.** ## **Atenção: Contém fenilalanina.** **Este produto contém benzoato de sódio, que pode causar reações alérgicas, como asma, especialmente em pessoas alérgicas ao ácido acetilsalicílico.** ## **Uso em idosos, crianças e outros grupos de risco** As recomendações especiais se referem às dosagens . Não há contraindicação relativa a faixas etárias. ## **Interações medicamentosas** Alguns medicamentos podem causar efeitos indesejáveis se você os ingerir durante o tratamento com **Amoxil[®]** . Não deixe de avisar seu médico caso você esteja tomando: - medicamentos usados no tratamento de gota (probenecida ou alopurinol); - outros antibióticos; - pílulas anticoncepcionais (como acontece com outros antibióticos, talvez sejam necessárias precauções adicionais para evitar a gravidez); - anticoagulantes; - metotrexato (usado para tratar doenças como câncer e psoríase grave). A alimentação não interfere na ação de **Amoxil[®]** , que pode ser ingerido nas refeições. 2 **==> picture [86 x 28] intentionally omitted <==** ## Modelo de Texto de Bula – Pacientes Amoxil[®] Pó para suspensão oral **Informe seu médico ou cirurgião-dentista se você está fazendo uso de algum outro medicamento. Não use medicamento sem o conhecimento de seu médico. Pode ser perigoso para sua saúde.**",
q018,medias_revisadas.csv:3,AMOXIL,medio,Como a bula concilia a recomendação de tomar Amoxil nas refeições com a informação de que ele continua eficaz em outros horários?,"A bula recomenda ingerir Amoxil nas refeições, mas esclarece que ele continua eficaz mesmo se tomado em outros horários. Também afirma que a alimentação não interfere na ação de Amoxil. Assim, tomar nas refeições é aceitável e pode melhorar a tolerabilidade, mas não é necessário para manter a eficácia.",matched,q018_ev02,essential,3,"...e o tempo durante o qual você deve usar o medicamento. Leia esta bula com cautela. Se você tiver alguma dúvida, fale com seu médico. Recomenda-se ingerir o medicamento nas refeições, embora ele continue eficaz mesmo que você o tome em outros horários. Continue tomando este medicamento até o fim do tratamento prescrito pelo médico. Não pare somente porque se sente melhor. ## Preparo da suspensão 1. Verifique se o selo está intacto antes do uso do produto 2. Para soltar o pó que fica no fundo do frasco, agite-o ante...",2,chunk_6db122270a0d,leaf_d76f76b8b2f4,sec_8896cdffa974,dosage,0,high,seção esperada; sobreposição semântica/lexical com pergunta e resposta esperada,"COMO DEVO USAR ESTE MEDICAMENTO?** ## **Modo de usar** Siga as orientações de seu médico sobre a maneira e a hora correta de tomar o medicamento. Ele vai decidir a quantidade diária que você precisa e o tempo durante o qual você deve usar o medicamento. Leia esta bula com cautela. Se você tiver alguma dúvida, fale com seu médico. Recomenda-se ingerir o medicamento nas refeições, embora ele continue eficaz mesmo que você o tome em outros horários. Continue tomando este medicamento até o fim do tratamento prescrito pelo médico. Não pare somente porque se sente melhor. ## Preparo da suspensão 1. Verifique se o selo está intacto antes do uso do produto 2. Para soltar o pó que fica no fundo do frasco, agite-o antes de abri-lo. Isso facilitará a reconstituição. 3. Ponha água filtrada no frasco até a marca indicada e agite-o bem para misturar totalmente o pó com a água. 4. Se a mistura não atingir a marca indicada, espere a espuma baixar e complete (lentamente) com água filtrada. Agite de novo o frasco e espere a espuma baixar até que a solução atinja exatamente a marca indicada. Utilize a colher dosadora para tomar o medicamento. A suspensão oral, após a reconstituição, ficará estável por 14 dias se for conservada em geladeira (entre 2[o] C e 8[o] C). ## **Agite a suspensão oral antes de usá-la.** 3 **==> picture [86 x 28] intentionally omitted <==** ## Modelo de Texto de Bula – Pacientes Amoxil[®] Pó para suspensão oral ## **Posologia** ## **Dose para adultos e crianças acima de 40 kg**",
q018,medias_revisadas.csv:3,AMOXIL,medio,Como a bula concilia a recomendação de tomar Amoxil nas refeições com a informação de que ele continua eficaz em outros horários?,"A bula recomenda ingerir Amoxil nas refeições, mas esclarece que ele continua eficaz mesmo se tomado em outros horários. Também afirma que a alimentação não interfere na ação de Amoxil. Assim, tomar nas refeições é aceitável e pode melhorar a tolerabilidade, mas não é necessário para manter a eficácia.",matched,q018_ev03,essential,3,"...o sobre a maneira e a hora correta de tomar o medicamento. Ele vai decidir a quantidade diária que você precisa e o tempo durante o qual você deve usar este medicamento. Leia esta bula com cautela. Se você tiver alguma dúvida, fale com seu médico. Recomenda-se ingerir o medicamento nas refeições, embora ele continue eficaz mesmo que você o tome em outros horários. Continue tomando este medicamento até o fim do tratamento prescrito pelo médico. Não pare somente porque se sente melhor. **As cápsulas devem ser ingerid...",3,chunk_9d0ab2325c26,leaf_0ee4a572a9d5,sec_70be16f94d2d,dosage,0,high,seção esperada; sobreposição semântica/lexical com pergunta e resposta esperada,"COMO DEVO USAR ESTE MEDICAMENTO?** ## **Modo de usar** Siga as orientações de seu médico sobre a maneira e a hora correta de tomar o medicamento. Ele vai decidir a quantidade diária que você precisa e o tempo durante o qual você deve usar este medicamento. Leia esta bula com cautela. Se você tiver alguma dúvida, fale com seu médico. Recomenda-se ingerir o medicamento nas refeições, embora ele continue eficaz mesmo que você o tome em outros horários. Continue tomando este medicamento até o fim do tratamento prescrito pelo médico. Não pare somente porque se sente melhor. **As cápsulas devem ser ingeridas inteiras com água. Não as mastigue.** ## **Posologia** Atenção! Para algumas doses indicadas abaixo (doses inferiores a 500 mg) é necessário o uso da suspensão oral, converse com seu médico ou farmacêutico em caso de dúvida. ## **Dose para adultos e crianças acima de 40 kg** - Dose padrão: 500 mg (uma cápsula) três vezes ao dia (de 8 em 8 horas) nas infecções mais graves. - Tratamento com dosagem alta (máximo recomendável de 6 g ao dia em doses divididas): recomenda-se uma dose de 3 g (seis cápsulas) duas vezes ao dia (de 12 em 12 horas) em casos que requerem tratamento de infecção respiratória purulenta (com a presença de pus) grave ou recorrente. ## **- Tratamento de curta duração (gonorreia): dose única de 3 g.**",
q018,medias_revisadas.csv:3,AMOXIL,medio,Como a bula concilia a recomendação de tomar Amoxil nas refeições com a informação de que ele continua eficaz em outros horários?,"A bula recomenda ingerir Amoxil nas refeições, mas esclarece que ele continua eficaz mesmo se tomado em outros horários. Também afirma que a alimentação não interfere na ação de Amoxil. Assim, tomar nas refeições é aceitável e pode melhorar a tolerabilidade, mas não é necessário para manter a eficácia.",matched,q018_ev04,supporting,2,"...## **Este medicamento não deve ser utilizado por mulheres grávidas sem orientação médica ou do cirurgião-dentista.** **Uso compatível com o aleitamento ou doação de leite humano. O uso desse medicamento não interfere no aleitamento do bebê.** ## **Uso em idosos, crianças e outros grupos de risco** As recomendações especiais se referem às doses . ## **Interações Medicamentosas** Alguns medicamentos podem causar efeitos indesejáveis se você os ingerir durante o tratamento com **Amoxil[®]** . Não deixe de avisar seu m...",4,chunk_7d57d737a19d,leaf_0ee4a572a9d5,sec_7d3e1905bb76,contraindication,2,high,sobreposição semântica/lexical com pergunta e resposta esperada,"se estiver grávida, exceto se seu médico recomendar. Você pode amamentar seu bebê enquanto estiver tomando **Amoxil[®]** , mas há excreção de quantidades mínimas de amoxicilina no leite materno. Se você estiver amamentando, informe ao seu médico antes de iniciar o tratamento com **Amoxil[®]** . ## **Este medicamento não deve ser utilizado por mulheres grávidas sem orientação médica ou do cirurgião-dentista.** **Uso compatível com o aleitamento ou doação de leite humano. O uso desse medicamento não interfere no aleitamento do bebê.** ## **Uso em idosos, crianças e outros grupos de risco** As recomendações especiais se referem às doses . ## **Interações Medicamentosas** Alguns medicamentos podem causar efeitos indesejáveis se você os ingerir durante o tratamento com **Amoxil[®]** . Não deixe de avisar seu médico caso você esteja tomando: - medicamentos usados no tratamento de gota (probenecida ou alopurinol); - outros antibióticos; - pílulas anticoncepcionais (como acontece com outros antibióticos, talvez sejam necessárias precauções adicionais para evitar a gravidez); - anticoagulantes; - metotrexato (usado para tratar doenças como câncer e psoríase grave). A alimentação não interfere na ação de **Amoxil[®]** , que pode ser ingerido nas refeições. **Informe ao seu médico ou cirurgião-dentista se você está fazendo uso de algum outro medicamento. Não use medicamento sem o conhecimento do seu médico. Pode ser perigoso para a sua saúde.**",
q018,medias_revisadas.csv:3,AMOXIL,medio,Como a bula concilia a recomendação de tomar Amoxil nas refeições com a informação de que ele continua eficaz em outros horários?,"A bula recomenda ingerir Amoxil nas refeições, mas esclarece que ele continua eficaz mesmo se tomado em outros horários. Também afirma que a alimentação não interfere na ação de Amoxil. Assim, tomar nas refeições é aceitável e pode melhorar a tolerabilidade, mas não é necessário para manter a eficácia.",matched,q018_ev05,supporting,2,"...cidade de dirigir veículos e de operar máquinas. ## **Gravidez e amamentação** **Amoxil[®]** pode ser usado na gravidez desde que os benefícios potenciais sejam maiores que os riscos potenciais associados ao tratamento. Informe seu médico se você estiver grávida ou suspeitar que está grávida. Você não deve tomar este medicamento se estiver grávida, exceto se seu médico recomendar. Você pode amamentar seu bebê enquanto estiver tomando **Amoxil[®]** , mas há excreção de quantidades mínimas de amoxicilina no leite mat...",5,chunk_6fd3c193ea42,leaf_d76f76b8b2f4,sec_5c572d7c146d,warning_precaution,1,high,seção esperada; sobreposição semântica/lexical com pergunta e resposta esperada,"utâneas severas, dor no peito, vômitos repetitivos dentro de 1 a 4 horas após a administração de **Amoxil[®]** ou diarreia grave (colite pseudomembranosa). Você deve estar atento a determinados sintomas enquanto estiver recebendo **Amoxil[®]** para ajudar a reduzir o risco de quaisquer problemas. ## **Efeitos sobre a capacidade de dirigir veículos e de operar máquinas** Não se observaram efeitos adversos sobre a capacidade de dirigir veículos e de operar máquinas. ## **Gravidez e amamentação** **Amoxil[®]** pode ser usado na gravidez desde que os benefícios potenciais sejam maiores que os riscos potenciais associados ao tratamento. Informe seu médico se você estiver grávida ou suspeitar que está grávida. Você não deve tomar este medicamento se estiver grávida, exceto se seu médico recomendar. Você pode amamentar seu bebê enquanto estiver tomando **Amoxil[®]** , mas há excreção de quantidades mínimas de amoxicilina no leite materno. Se você estiver amamentando, informe ao seu médico antes de iniciar o tratamento com **Amoxil[®]** . ## **Este medicamento não deve ser utilizado por mulheres grávidas sem orientação médica ou do cirurgião-dentista.** **Uso compatível com o aleitamento ou doação de leite humano. O uso desse medicamento não interfere no aleitamento do bebê.** ## **Atenção: Contém fenilalanina.** **Este produto contém benzoato de sódio, que pode causar reações alérgicas, como asma, especialmente em pessoas alérgicas ao ácido acetilsalicílico.** ## **Uso em idosos, crianças e outros grupos de risco**",
q019,medias_revisadas.csv:4,AMOXIL,medio,Qual é o esquema de Amoxil para erradicação de Helicobacter pylori e quais outros tipos de medicamentos devem ser associados segundo a bula?,"Para erradicação de Helicobacter pylori, a bula da suspensão oral recomenda Amoxil 750 mg a 1 g duas vezes ao dia, associado a um inibidor da bomba de prótons, como omeprazol ou lansoprazol, e a outro agente antimicrobiano, como claritromicina ou metronidazol, por 7 dias.",matched,q019_ev01,essential,3,"...nsão oral ## **Posologia** ## **Dose para adultos e crianças acima de 40 kg** Dose padrão: 250 mg três vezes ao dia (de 8 em 8 horas), podendo ser aumentada para 500 mg três vezes ao dia (de 8 em 8 horas) nas infecções mais graves. ## **Tratamento com dosagem alta (máximo recomendável de 6 g ao dia em doses divididas)** Recomenda-se uma dose de 3g duas vezes ao dia (de 12 em 12 horas) nos casos que requerem tratamento de infecção respiratória purulenta (com a presença de pus) grave ou recorrente. ## **Tratamento de...",1,chunk_c0033b15fe08,leaf_d76f76b8b2f4,sec_8896cdffa974,dosage,1,high,seção esperada; apresentação/formulação mencionada; sobreposição semântica/lexical com pergunta e resposta esperada,"servada em geladeira (entre 2[o] C e 8[o] C). ## **Agite a suspensão oral antes de usá-la.** 3 **==> picture [86 x 28] intentionally omitted <==** ## Modelo de Texto de Bula – Pacientes Amoxil[®] Pó para suspensão oral ## **Posologia** ## **Dose para adultos e crianças acima de 40 kg** Dose padrão: 250 mg três vezes ao dia (de 8 em 8 horas), podendo ser aumentada para 500 mg três vezes ao dia (de 8 em 8 horas) nas infecções mais graves. ## **Tratamento com dosagem alta (máximo recomendável de 6 g ao dia em doses divididas)** Recomenda-se uma dose de 3g duas vezes ao dia (de 12 em 12 horas) nos casos que requerem tratamento de infecção respiratória purulenta (com a presença de pus) grave ou recorrente. ## **Tratamento de curta duração** Gonorreia: dose única de 3 g. ## **Erradicação de** _**Helicobacter pylori**_ **em úlcera péptica (no duodeno ou no estômago)** Para combater o _Helicobacter_ (bactéria que ataca o estômago e o duodeno), recomenda-se o uso de **Amoxil[®]** no esquema de 750 mg a 1 g duas vezes ao dia, em associação com um inibidor da bomba de prótons (exemplo: omeprazol, lanzoprazol) e outro agente antimicrobiano (por exemplo claritromicina, metronidazol), por 7 dias. ## **Dose para crianças abaixo de 40 kg** Dose padrão para crianças: 20 a 50 mg/kg/dia em doses divididas (de 8 em 8 horas), até um máximo de 150 mg/kg/dia em doses divididas. ## **Pacientes com insuficiência renal (dos rins)**",
q019,medias_revisadas.csv:4,AMOXIL,medio,Qual é o esquema de Amoxil para erradicação de Helicobacter pylori e quais outros tipos de medicamentos devem ser associados segundo a bula?,"Para erradicação de Helicobacter pylori, a bula da suspensão oral recomenda Amoxil 750 mg a 1 g duas vezes ao dia, associado a um inibidor da bomba de prótons, como omeprazol ou lansoprazol, e a outro agente antimicrobiano, como claritromicina ou metronidazol, por 7 dias.",matched,q019_ev02,essential,3,"...-se uma dose de 3 g (seis cápsulas) duas vezes ao dia (de 12 em 12 horas) em casos que requerem tratamento de infecção respiratória purulenta (com a presença de pus) grave ou recorrente. ## **- Tratamento de curta duração (gonorreia): dose única de 3 g.** **Erradicação de** _**Helicobacter pylori:**_ para combater o _Helicobacter_ (bactéria que ataca o estômago e o duodeno), recomenda-se o uso de Amoxil[®] no esquema de 1 g duas vezes ao dia (de 12 em 12 horas), em associação com um medicamento conhecido como inibi...",2,chunk_05bc48672ff1,leaf_0ee4a572a9d5,sec_70be16f94d2d,dosage,1,high,seção esperada; sobreposição semântica/lexical com pergunta e resposta esperada,"g ao dia em doses divididas): recomenda-se uma dose de 3 g (seis cápsulas) duas vezes ao dia (de 12 em 12 horas) em casos que requerem tratamento de infecção respiratória purulenta (com a presença de pus) grave ou recorrente. ## **- Tratamento de curta duração (gonorreia): dose única de 3 g.** **Erradicação de** _**Helicobacter pylori:**_ para combater o _Helicobacter_ (bactéria que ataca o estômago e o duodeno), recomenda-se o uso de Amoxil[®] no esquema de 1 g duas vezes ao dia (de 12 em 12 horas), em associação com um medicamento conhecido como inibidor da bomba de prótons (exemplo: omeprazol, lanzoprazol) e outro agente antimicrobiano (por exemplo claritromicina, metronidazol), por 7 dias. ## **Pacientes com insuficiência renal (dos rins)** Na insuficiência renal, a eliminação do antibiótico é mais lenta. Conforme o grau dessa condição, seu médico pode indicar a redução da dose diária total de acordo com o esquema descrito a seguir. Adultos e crianças acima de 40 kg - insuficiência leve: nenhuma alteração de dose; - insuficiência moderada: máximo de 500 mg (uma cápsula) duas vezes ao dia (de 12 em 12 horas); - insuficiência grave: máximo de 500 mg (uma cápsula) ao dia. 3 **==> picture [87 x 28] intentionally omitted <==** ## Modelo de Texto de Bula – Pacientes Amoxil[®] Cápsulas ## **Pacientes que recebem diálise peritoneal**",
q019,medias_revisadas.csv:4,AMOXIL,medio,Qual é o esquema de Amoxil para erradicação de Helicobacter pylori e quais outros tipos de medicamentos devem ser associados segundo a bula?,"Para erradicação de Helicobacter pylori, a bula da suspensão oral recomenda Amoxil 750 mg a 1 g duas vezes ao dia, associado a um inibidor da bomba de prótons, como omeprazol ou lansoprazol, e a outro agente antimicrobiano, como claritromicina ou metronidazol, por 7 dias.",matched,q019_ev03,supporting,2,"...uspensão 1. Verifique se o selo está intacto antes do uso do produto 2. Para soltar o pó que fica no fundo do frasco, agite-o antes de abri-lo. Isso facilitará a reconstituição. 3. Ponha água filtrada no frasco até a marca indicada e agite-o bem para misturar totalmente o pó com a água. 4. Se a mistura não atingir a marca indicada, espere a espuma baixar e complete (lentamente) com água filtrada. Agite de novo o frasco e espere a espuma baixar até que a solução atinja exatamente a marca indicada. Utilize a colher d...",3,chunk_6db122270a0d,leaf_d76f76b8b2f4,sec_8896cdffa974,dosage,0,high,seção esperada; apresentação/formulação mencionada; sobreposição semântica/lexical com pergunta e resposta esperada,"COMO DEVO USAR ESTE MEDICAMENTO?** ## **Modo de usar** Siga as orientações de seu médico sobre a maneira e a hora correta de tomar o medicamento. Ele vai decidir a quantidade diária que você precisa e o tempo durante o qual você deve usar o medicamento. Leia esta bula com cautela. Se você tiver alguma dúvida, fale com seu médico. Recomenda-se ingerir o medicamento nas refeições, embora ele continue eficaz mesmo que você o tome em outros horários. Continue tomando este medicamento até o fim do tratamento prescrito pelo médico. Não pare somente porque se sente melhor. ## Preparo da suspensão 1. Verifique se o selo está intacto antes do uso do produto 2. Para soltar o pó que fica no fundo do frasco, agite-o antes de abri-lo. Isso facilitará a reconstituição. 3. Ponha água filtrada no frasco até a marca indicada e agite-o bem para misturar totalmente o pó com a água. 4. Se a mistura não atingir a marca indicada, espere a espuma baixar e complete (lentamente) com água filtrada. Agite de novo o frasco e espere a espuma baixar até que a solução atinja exatamente a marca indicada. Utilize a colher dosadora para tomar o medicamento. A suspensão oral, após a reconstituição, ficará estável por 14 dias se for conservada em geladeira (entre 2[o] C e 8[o] C). ## **Agite a suspensão oral antes de usá-la.** 3 **==> picture [86 x 28] intentionally omitted <==** ## Modelo de Texto de Bula – Pacientes Amoxil[®] Pó para suspensão oral ## **Posologia** ## **Dose para adultos e crianças acima de 40 kg**",
q019,medias_revisadas.csv:4,AMOXIL,medio,Qual é o esquema de Amoxil para erradicação de Helicobacter pylori e quais outros tipos de medicamentos devem ser associados segundo a bula?,"Para erradicação de Helicobacter pylori, a bula da suspensão oral recomenda Amoxil 750 mg a 1 g duas vezes ao dia, associado a um inibidor da bomba de prótons, como omeprazol ou lansoprazol, e a outro agente antimicrobiano, como claritromicina ou metronidazol, por 7 dias.",matched,q019_ev04,supporting,2,"...o (por exemplo claritromicina, metronidazol), por 7 dias. ## **Dose para crianças abaixo de 40 kg** Dose padrão para crianças: 20 a 50 mg/kg/dia em doses divididas (de 8 em 8 horas), até um máximo de 150 mg/kg/dia em doses divididas. ## **Pacientes com insuficiência renal (dos rins)** Na insuficiência renal, a eliminação do antibiótico é mais lenta. Conforme o grau dessa condição, seu médico pode indicar a redução da dose diária total de acordo com o esquema descrito a seguir. Adultos e crianças acima de 40 kg - in...",4,chunk_e88b1f4c2667,leaf_d76f76b8b2f4,sec_8896cdffa974,dosage,2,high,seção esperada; apresentação/formulação mencionada; sobreposição semântica/lexical com pergunta e resposta esperada,"robiano (por exemplo claritromicina, metronidazol), por 7 dias. ## **Dose para crianças abaixo de 40 kg** Dose padrão para crianças: 20 a 50 mg/kg/dia em doses divididas (de 8 em 8 horas), até um máximo de 150 mg/kg/dia em doses divididas. ## **Pacientes com insuficiência renal (dos rins)** Na insuficiência renal, a eliminação do antibiótico é mais lenta. Conforme o grau dessa condição, seu médico pode indicar a redução da dose diária total de acordo com o esquema descrito a seguir. Adultos e crianças acima de 40 kg - insuficiência leve: nenhuma alteração de dose; - insuficiência moderada: máximo de 500 mg duas vezes ao dia (de 12 em 12 horas); - insuficiência grave: máximo de 500 mg uma vez ao dia. Crianças abaixo de 40 kg - insuficiência leve: nenhuma alteração de dose; - insuficiência moderada: 15 mg/kg duas vezes ao dia (de 12/12 horas); (no máximo de 500mg duas vezes ao dia); - insuficiência grave: 15 mg/kg uma vez ao dia. (no máximo de 500mg). ## **Pacientes que recebem diálise peritoneal** Usa-se a mesma posologia indicada para pacientes com insuficiência renal grave. A diálise peritoneal (processo de limpeza das substâncias tóxicas do organismo através do peritônio, membrana que envolve o abdômen) não remove a amoxicilina do corpo. ## **Pacientes que recebem hemodiálise** Usa-se a mesma posologia indicada para pacientes com insuficiência renal grave.",
q020,medias_revisadas.csv:5,AMOXIL,medio,Por que pacientes com fenilcetonúria devem ter cautela especificamente com Amoxil suspensão oral?,"Porque a formulação em suspensão oral contém aspartamo, que é fonte de fenilalanina. A bula informa que Amoxil suspensão deve ser usado com cautela em pacientes com fenilcetonúria e orienta informar o médico caso o paciente tenha essa doença.",matched,q020_ev01,essential,3,IDENTIFICAÇÃO DO MEDICAMENTO** **Amoxil**[] amoxicilina ## **APRESENTAÇÕES** **Amoxil**[] pó para suspensão oral é apresentado em embalagem com frasco de 150 mL (250 mg/5 mL e 500 mg/5 mL) acompanhado de colher dosadora. ## **USO ORAL USO ADULTO E PEDIÁTRICO** ## **COMPOSIÇÃO** Cada dose de 5 mL de suspensão oral com 250 mg/5 mL contém: amoxicilina...................................................................................................................................................................250mg...,1,chunk_ca122aa1e079,leaf_d76f76b8b2f4,sec_2aa96fc3ee1d,identification,0,high,seção esperada; apresentação/formulação mencionada; sobreposição semântica/lexical com pergunta e resposta esperada,"IDENTIFICAÇÃO DO MEDICAMENTO** **Amoxil**[] amoxicilina ## **APRESENTAÇÕES** **Amoxil**[] pó para suspensão oral é apresentado em embalagem com frasco de 150 mL (250 mg/5 mL e 500 mg/5 mL) acompanhado de colher dosadora. ## **USO ORAL USO ADULTO E PEDIÁTRICO** ## **COMPOSIÇÃO** Cada dose de 5 mL de suspensão oral com 250 mg/5 mL contém: amoxicilina...................................................................................................................................................................250mg (equivalentes a 287 mg de amoxicilina tri-hidratada) veículo[*] q.s.p. .................................................................................................................................................................5 mL Cada dose de 5 mL de suspensão oral com 500 mg/5 mL contém: amoxicilina..................................................................................................................................................................500 mg (equivalentes a 574 mg de amoxicilina tri-hidratada) veículo[*] q.s.p. .................................................................................................................................................................5 mL *Veículo: crospovidona, goma xantana, carmelose sódica, benzoato de sódio, sílica coloidal, estearato de magnésio, sabor de limão-pêssego-morango e aspartamo. ## **II) INFORMAÇÕES AO PACIENTE** ## **1.",
q020,medias_revisadas.csv:5,AMOXIL,medio,Por que pacientes com fenilcetonúria devem ter cautela especificamente com Amoxil suspensão oral?,"Porque a formulação em suspensão oral contém aspartamo, que é fonte de fenilalanina. A bula informa que Amoxil suspensão deve ser usado com cautela em pacientes com fenilcetonúria e orienta informar o médico caso o paciente tenha essa doença.",matched,q020_ev02,essential,3,"O QUE DEVO SABER ANTES DE USAR ESTE MEDICAMENTO?** **Amoxil**[] suspensão contém aspartamo, que é fonte de fenilalanina e deve ser usado com cautela em pacientes com fenilcetonúria. Informe seu médico caso você tenha uma doença chamada fenilcetonúria. Antes de iniciar o tratamento com **Amoxil**[] , informe seu médico: - se você já apresentou reação alérgica a algum antibiótico. Isso pode incluir reações na pele ou inchaço na face ou pescoço ou dores no peito. 1 **==> picture [86 x 28] intentionally omitted <==**...",2,chunk_e3c9fe99e5cd,leaf_d76f76b8b2f4,sec_5c572d7c146d,warning_precaution,0,high,seção esperada; apresentação/formulação mencionada; sobreposição semântica/lexical com pergunta e resposta esperada,"O QUE DEVO SABER ANTES DE USAR ESTE MEDICAMENTO?** **Amoxil**[] suspensão contém aspartamo, que é fonte de fenilalanina e deve ser usado com cautela em pacientes com fenilcetonúria. Informe seu médico caso você tenha uma doença chamada fenilcetonúria. Antes de iniciar o tratamento com **Amoxil**[] , informe seu médico: - se você já apresentou reação alérgica a algum antibiótico. Isso pode incluir reações na pele ou inchaço na face ou pescoço ou dores no peito. 1 **==> picture [86 x 28] intentionally omitted <==** ## Modelo de Texto de Bula – Pacientes Amoxil[®] Pó para suspensão oral - se você apresenta febre glandular. - se você toma medicamentos usados para prevenir coágulos sanguíneos (anticoagulantes), tais como varfarina, o seu médico fará um monitoramento e, se necessário, poderá sugerir ajustes na dose dos anticoagulantes. - se você apresenta problema nos rins. - se você não estiver urinando regularmente. - se você já teve diarreia durante ou após o uso de antibióticos. O uso prolongado também pode resultar, ocasionalmente, em supercrescimento de microrganismos resistentes a **Amoxil[®]** . **Amoxil[®]** pode piorar algumas condições existentes ou causar efeitos colaterais graves, como reações alérgicas severas, reações cutâneas severas, dor no peito, vômitos repetitivos dentro de 1 a 4 horas após a administração de **Amoxil[®]** ou diarreia grave (colite pseudomembranosa). Você deve estar atento a determinados sintomas enquanto estiver recebendo **Amoxil[®]** para ajudar a reduzir o risco de quaisquer problemas.",
q020,medias_revisadas.csv:5,AMOXIL,medio,Por que pacientes com fenilcetonúria devem ter cautela especificamente com Amoxil suspensão oral?,"Porque a formulação em suspensão oral contém aspartamo, que é fonte de fenilalanina. A bula informa que Amoxil suspensão deve ser usado com cautela em pacientes com fenilcetonúria e orienta informar o médico caso o paciente tenha essa doença.",matched,q020_ev03,supporting,2,"...relativa a faixas etárias. ## **Interações medicamentosas** Alguns medicamentos podem causar efeitos indesejáveis se você os ingerir durante o tratamento com **Amoxil[®]** . Não deixe de avisar seu médico caso você esteja tomando: - medicamentos usados no tratamento de gota (probenecida ou alopurinol); - outros antibióticos; - pílulas anticoncepcionais (como acontece com outros antibióticos, talvez sejam necessárias precauções adicionais para evitar a gravidez); - anticoagulantes; - metotrexato (usado para tratar...",3,chunk_621ddc66ac1b,leaf_d76f76b8b2f4,sec_5c572d7c146d,warning_precaution,2,high,seção esperada; apresentação/formulação mencionada; sobreposição semântica/lexical com pergunta e resposta esperada,"camento não interfere no aleitamento do bebê.** ## **Atenção: Contém fenilalanina.** **Este produto contém benzoato de sódio, que pode causar reações alérgicas, como asma, especialmente em pessoas alérgicas ao ácido acetilsalicílico.** ## **Uso em idosos, crianças e outros grupos de risco** As recomendações especiais se referem às dosagens . Não há contraindicação relativa a faixas etárias. ## **Interações medicamentosas** Alguns medicamentos podem causar efeitos indesejáveis se você os ingerir durante o tratamento com **Amoxil[®]** . Não deixe de avisar seu médico caso você esteja tomando: - medicamentos usados no tratamento de gota (probenecida ou alopurinol); - outros antibióticos; - pílulas anticoncepcionais (como acontece com outros antibióticos, talvez sejam necessárias precauções adicionais para evitar a gravidez); - anticoagulantes; - metotrexato (usado para tratar doenças como câncer e psoríase grave). A alimentação não interfere na ação de **Amoxil[®]** , que pode ser ingerido nas refeições. 2 **==> picture [86 x 28] intentionally omitted <==** ## Modelo de Texto de Bula – Pacientes Amoxil[®] Pó para suspensão oral **Informe seu médico ou cirurgião-dentista se você está fazendo uso de algum outro medicamento. Não use medicamento sem o conhecimento de seu médico. Pode ser perigoso para sua saúde.**",
q020,medias_revisadas.csv:5,AMOXIL,medio,Por que pacientes com fenilcetonúria devem ter cautela especificamente com Amoxil suspensão oral?,"Porque a formulação em suspensão oral contém aspartamo, que é fonte de fenilalanina. A bula informa que Amoxil suspensão deve ser usado com cautela em pacientes com fenilcetonúria e orienta informar o médico caso o paciente tenha essa doença.",matched,q020_ev04,supporting,2,"...máquinas** Não se observaram efeitos adversos sobre a capacidade de dirigir veículos e de operar máquinas. ## **Gravidez e amamentação** **Amoxil[®]** pode ser usado na gravidez desde que os benefícios potenciais sejam maiores que os riscos potenciais associados ao tratamento. Informe seu médico se você estiver grávida ou suspeitar que está grávida. Você não deve tomar este medicamento se estiver grávida, exceto se seu médico recomendar. Você pode amamentar seu bebê enquanto estiver tomando **Amoxil[®]** , mas há e...",4,chunk_6fd3c193ea42,leaf_d76f76b8b2f4,sec_5c572d7c146d,warning_precaution,1,high,seção esperada; apresentação/formulação mencionada; sobreposição semântica/lexical com pergunta e resposta esperada,"utâneas severas, dor no peito, vômitos repetitivos dentro de 1 a 4 horas após a administração de **Amoxil[®]** ou diarreia grave (colite pseudomembranosa). Você deve estar atento a determinados sintomas enquanto estiver recebendo **Amoxil[®]** para ajudar a reduzir o risco de quaisquer problemas. ## **Efeitos sobre a capacidade de dirigir veículos e de operar máquinas** Não se observaram efeitos adversos sobre a capacidade de dirigir veículos e de operar máquinas. ## **Gravidez e amamentação** **Amoxil[®]** pode ser usado na gravidez desde que os benefícios potenciais sejam maiores que os riscos potenciais associados ao tratamento. Informe seu médico se você estiver grávida ou suspeitar que está grávida. Você não deve tomar este medicamento se estiver grávida, exceto se seu médico recomendar. Você pode amamentar seu bebê enquanto estiver tomando **Amoxil[®]** , mas há excreção de quantidades mínimas de amoxicilina no leite materno. Se você estiver amamentando, informe ao seu médico antes de iniciar o tratamento com **Amoxil[®]** . ## **Este medicamento não deve ser utilizado por mulheres grávidas sem orientação médica ou do cirurgião-dentista.** **Uso compatível com o aleitamento ou doação de leite humano. O uso desse medicamento não interfere no aleitamento do bebê.** ## **Atenção: Contém fenilalanina.** **Este produto contém benzoato de sódio, que pode causar reações alérgicas, como asma, especialmente em pessoas alérgicas ao ácido acetilsalicílico.** ## **Uso em idosos, crianças e outros grupos de risco**",
q021,medias_revisadas.csv:6,RIVOTRIL,medio,"Em crianças com distúrbios epilépticos, como a faixa etária ou peso altera a dose inicial de Rivotril e que cuidado respiratório deve ser observado em lactentes e crianças pequenas?","Para recém-nascidos e crianças até 10 anos de idade ou 30 kg, a dose inicial média é de 0,01 a 0,03 mg/kg/dia, não excedendo 0,05 mg/kg/dia, dividida em 2 ou 3 doses. Para crianças entre 10 e 16 anos, a dose inicial é de 1 a 1,5 mg/dia, dividida em 2 a 3 doses. A bula também alerta que Rivotril pode aumentar a salivação e as secreções brônquicas em lactentes e crianças pequenas, devendo-se manter as vias aéreas livres.",partial_match,q021_ev01,essential,3,"...l[® ]** depende da doença, resposta clínica, idade e tolerabilidade. Recomenda-se que o tratamento inicie com doses mais baixas, que podem ser aumentadas se necessário. Siga a orientação médica. ## **Distúrbios epilépticos** ## Adultos Dose inicial: não exceder 1,5 mg/dia, dividida em 3 doses. Aumentar a critério médico. Dose de manutenção: será definida pelo seu médico, de acordo com sua resposta. Dose diária máxima recomendada: 20 mg. Se você já usa outro anticonvulsivante, avise seu médico. Recém-nascidos e cria...",1,chunk_140011e11d9c,leaf_2c68e53f153b,sec_ccd9ca5a4b7c,dosage,0,high,seção esperada; sobreposição semântica/lexical com pergunta e resposta esperada,"COMO DEVO USAR ESTE MEDICAMENTO?** Administrar por via oral. Ver figura abaixo. Dissolver as gotas em um pouco de líquido não alcoólico. Nunca administre as gotas diretamente na boca. A tampa possui lacre inviolável. Caso o lacre esteja rompido, não receba o frasco ou retorne ao local da compra. 3 **==> picture [109 x 35] intentionally omitted <==** **==> picture [140 x 59] intentionally omitted <==** A dose de **Rivotril[® ]** depende da doença, resposta clínica, idade e tolerabilidade. Recomenda-se que o tratamento inicie com doses mais baixas, que podem ser aumentadas se necessário. Siga a orientação médica. ## **Distúrbios epilépticos** ## Adultos Dose inicial: não exceder 1,5 mg/dia, dividida em 3 doses. Aumentar a critério médico. Dose de manutenção: será definida pelo seu médico, de acordo com sua resposta. Dose diária máxima recomendada: 20 mg. Se você já usa outro anticonvulsivante, avise seu médico. Recém-nascidos e crianças até 10 anos de idade ou 30kg de peso: Dose inicial: 0,01 a 0,03mg/kg/dia. Não exceder 0,05 mg/kg/dia, dividido em 2 ou 3 doses diárias. Crianças entre 10 e 16 anos de idade: Dose inicial: 1 a 1,5 mg/dia, dividido em 2 a 3 doses. A dose pode ser aumentada a critério médico, até atingir a dose de manutenção individual, usualmente de 3 a 6 mg/dia. Sempre que possível, dividir a dose diária em 3 doses iguais. Caso não seja possível, a maior dose deve ser tomada antes de deitar. ## **Transtornos de ansiedade**",Nem todas as seções esperadas foram cobertas: warning_precaution
q021,medias_revisadas.csv:6,RIVOTRIL,medio,"Em crianças com distúrbios epilépticos, como a faixa etária ou peso altera a dose inicial de Rivotril e que cuidado respiratório deve ser observado em lactentes e crianças pequenas?","Para recém-nascidos e crianças até 10 anos de idade ou 30 kg, a dose inicial média é de 0,01 a 0,03 mg/kg/dia, não excedendo 0,05 mg/kg/dia, dividida em 2 ou 3 doses. Para crianças entre 10 e 16 anos, a dose inicial é de 1 a 1,5 mg/dia, dividida em 2 a 3 doses. A bula também alerta que Rivotril pode aumentar a salivação e as secreções brônquicas em lactentes e crianças pequenas, devendo-se manter as vias aéreas livres.",partial_match,q021_ev02,essential,3,"...Recomenda-se, que o tratamento inicie com doses mais baixas, que podem ser aumentadas se necessário. Siga a orientação médica. 3 **==> picture [109 x 35] intentionally omitted <==** ## **Distúrbios epilépticos** Adultos Dose inicial: não exceder 1,5 mg/dia, dividida em 3 doses. Aumentar a critério médico. Dose de manutenção: será definida pelo seu médico, de acordo com sua resposta. Dose diária máxima recomendada: 20 mg. Se você já usa outro anticonvulsivante, avise seu médico. Crianças entre 10 e 16 anos de idade...",2,chunk_a942103ead0f,leaf_582f152be8a1,sec_ccfcb1197b73,dosage,0,high,seção esperada; sobreposição semântica/lexical com pergunta e resposta esperada,"COMO DEVO USAR ESTE MEDICAMENTO?** Colocar o comprimido sublingual debaixo da língua para ser dissolvido na saliva e absorvido por pelo menos, 3 minutos, sem ser deglutido. **Este medicamento não deve ser partido ou mastigado.** A dose de **Rivotril[® ]** depende da doença resposta clínica, idade e tolerabilidade. Recomenda-se, que o tratamento inicie com doses mais baixas, que podem ser aumentadas se necessário. Siga a orientação médica. 3 **==> picture [109 x 35] intentionally omitted <==** ## **Distúrbios epilépticos** Adultos Dose inicial: não exceder 1,5 mg/dia, dividida em 3 doses. Aumentar a critério médico. Dose de manutenção: será definida pelo seu médico, de acordo com sua resposta. Dose diária máxima recomendada: 20 mg. Se você já usa outro anticonvulsivante, avise seu médico. Crianças entre 10 e 16 anos de idade: Dose inicial: 1 a 1,5 mg/dia, dividido em 2 a 3 doses. A dose pode ser aumentada, a critério médico, até atingir a dose de manutenção individual, usualmente de 3 a 6 mg/dia. Sempre que possível, dividir a dose diária em 3 doses iguais. Caso não seja possível, a maior dose deve ser tomada antes de deitar. ## **Transtornos de ansiedade** - **Distúrbio do pânico:** Adultos: – Dose inicial: 0,5 mg/dia, dividida em duas doses. Pode-se aumentar a dose, a critério médico. - Dose de manutenção: a critério médico, de acordo com sua resposta. A dose tomada, ao deitar, reduz a inconveniência da sonolência e pode ser desejável no início do tratamento. A retirada deve ser gradual, até que o medicamento seja totalmente suspenso.",Nem todas as seções esperadas foram cobertas: warning_precaution
q021,medias_revisadas.csv:6,RIVOTRIL,medio,"Em crianças com distúrbios epilépticos, como a faixa etária ou peso altera a dose inicial de Rivotril e que cuidado respiratório deve ser observado em lactentes e crianças pequenas?","Para recém-nascidos e crianças até 10 anos de idade ou 30 kg, a dose inicial média é de 0,01 a 0,03 mg/kg/dia, não excedendo 0,05 mg/kg/dia, dividida em 2 ou 3 doses. Para crianças entre 10 e 16 anos, a dose inicial é de 1 a 1,5 mg/dia, dividida em 2 a 3 doses. A bula também alerta que Rivotril pode aumentar a salivação e as secreções brônquicas em lactentes e crianças pequenas, devendo-se manter as vias aéreas livres.",partial_match,q021_ev03,supporting,2,"...ça, da resposta clínica, idade e tolerabilidade. Recomenda-se que o tratamento inicie com doses mais baixas, que podem ser aumentadas se necessário. Siga a orientação médica. ## **Distúrbios epilépticos** ## Adultos Dose inicial: não exceder 1,5 mg/dia, dividida em 3 doses. Aumentar a critério médico. Dose de manutenção: será definida pelo seu médico, de acordo com sua resposta. Dose diária máxima recomendada: 20 mg. Se você já usa outro anticonvulsivante, avise seu médico. Recém-nascidos e crianças até 10 anos de...",3,chunk_622a72b37a03,leaf_3cb34533cd62,sec_a09f972c4cdf,contraindication,6,high,sobreposição semântica/lexical com pergunta e resposta esperada,"cantes que o diferenciem de outros comprimidos. **Antes de usar, observe o aspecto do medicamento. Caso ele esteja no prazo de validade e você observe alguma mudança no aspecto, consulte o farmacêutico para saber se poderá utilizá-lo.** 3 **==> picture [109 x 35] intentionally omitted <==** ## **Todo medicamento deve ser mantido fora do alcance das crianças.** ## **6. COMO DEVO USAR ESTE MEDICAMENTO?** Tome os comprimidos por via oral com pouca quantidade de líquido não alcoólico. A dose de **Rivotril[® ]** depende da doença, da resposta clínica, idade e tolerabilidade. Recomenda-se que o tratamento inicie com doses mais baixas, que podem ser aumentadas se necessário. Siga a orientação médica. ## **Distúrbios epilépticos** ## Adultos Dose inicial: não exceder 1,5 mg/dia, dividida em 3 doses. Aumentar a critério médico. Dose de manutenção: será definida pelo seu médico, de acordo com sua resposta. Dose diária máxima recomendada: 20 mg. Se você já usa outro anticonvulsivante, avise seu médico. Recém-nascidos e crianças até 10 anos de idade ou 30 kg de peso Dose inicial média: 0,01 a 0,03 mg/kg/dia. Não exceder 0,05 mg/kg/dia, dividido em 2 ou 3 doses diárias. Crianças entre 10 e 16 anos de idade: Dose inicial: 1 a 1,5 mg/dia, dividido em 2 a 3 doses. A dose pode ser aumentada, a critério médico, até atingir a dose de manutenção individual, usualmente de 3 a 6 mg/dia. Sempre que possível, dividir a dose diária em 3 doses iguais. Caso não seja possível, a maior dose deve ser tomada antes de deitar. ## **Transtornos de ansiedade**",Nem todas as seções esperadas foram cobertas: warning_precaution
q021,medias_revisadas.csv:6,RIVOTRIL,medio,"Em crianças com distúrbios epilépticos, como a faixa etária ou peso altera a dose inicial de Rivotril e que cuidado respiratório deve ser observado em lactentes e crianças pequenas?","Para recém-nascidos e crianças até 10 anos de idade ou 30 kg, a dose inicial média é de 0,01 a 0,03 mg/kg/dia, não excedendo 0,05 mg/kg/dia, dividida em 2 ou 3 doses. Para crianças entre 10 e 16 anos, a dose inicial é de 1 a 1,5 mg/dia, dividida em 2 a 3 doses. A bula também alerta que Rivotril pode aumentar a salivação e as secreções brônquicas em lactentes e crianças pequenas, devendo-se manter as vias aéreas livres.",partial_match,q021_ev04,supporting,2,".../dia. Sempre que possível, dividir a dose diária em 3 doses iguais. Caso não seja possível, a maior dose deve ser tomada antes de deitar. ## **Transtornos de ansiedade** - **Distúrbio do pânico:** Adultos: - Dose inicial: 0,5 mg/dia, dividida em 2 doses. Pode-se aumentar a dose a critério médico. - Dose de manutenção: a critério médico, de acordo com sua resposta. A dose tomada ao deitar, reduz a inconveniência da sonolência e pode ser desejável no início do tratamento. A retirada deve ser gradual, até que o medica...",4,chunk_4d9019d9d6fe,leaf_2c68e53f153b,sec_ccd9ca5a4b7c,dosage,1,high,seção esperada; sobreposição semântica/lexical com pergunta e resposta esperada,"2 a 3 doses. A dose pode ser aumentada a critério médico, até atingir a dose de manutenção individual, usualmente de 3 a 6 mg/dia. Sempre que possível, dividir a dose diária em 3 doses iguais. Caso não seja possível, a maior dose deve ser tomada antes de deitar. ## **Transtornos de ansiedade** - **Distúrbio do pânico:** Adultos: - Dose inicial: 0,5 mg/dia, dividida em 2 doses. Pode-se aumentar a dose a critério médico. - Dose de manutenção: a critério médico, de acordo com sua resposta. A dose tomada ao deitar, reduz a inconveniência da sonolência e pode ser desejável no início do tratamento. A retirada deve ser gradual, até que o medicamento seja totalmente suspenso. - **Como ansiolítico em geral:** 0,25 mg a 4,0 mg/dia. Dose recomendada: 0,5 a 1,5 mg/dia (dividida em 3x/dia). - **Fobia social:** 0,25 mg/dia até 6,0 mg/dia (2,0 mg, 3x/dia). Dose recomendada: 1,0 a 2,5 mg/dia. ## **Transtornos do humor** - **Transtorno afetivo bipolar** (tratamento da mania): 1,5 mg a 8 mg/dia. Dose recomendada: 2,0 a 4,0 mg/dia. - **Depressão maior** (associado a antidepressivos): 0,5 a 6,0 mg/dia. Dose recomendada: 2,0 a 4,0 mg/dia. ## **Síndromes psicóticas** - **Acatisia** : 0,5 mg a 4,5 mg/dia. Dose recomendada: 0,5 a 3,0 mg/dia. ## **Síndrome das pernas inquietas:** 0,5 mg a 2,0 mg/dia. **Vertigem e distúrbios do equilíbrio** : 0,5 mg a 1,0 mg/dia (2x/dia). Doses diárias superiores a 1,0 mg não são recomendáveis. **Síndrome da boca ardente:** 0,25 a 6,0 mg/dia. Dose recomendada: 1,0 a 2,0 mg/dia.",Nem todas as seções esperadas foram cobertas: warning_precaution
q022,medias_revisadas.csv:7,RIVOTRIL,medio,"Por que pacientes idosos devem usar a menor dose possível de Rivotril, segundo a bula?","A bula informa que os efeitos dos benzodiazepínicos parecem ser maiores em pacientes idosos do que em pacientes mais jovens, mesmo em concentrações plasmáticas similares. Na seção de posologia, orienta que a dose mais baixa possível deve ser utilizada em idosos e que deve haver cuidado especial durante alterações de dose.",partial_match,q022_ev01,essential,3,"...s pernas inquietas:** 0,5 mg a 2,0 mg/dia. **Vertigem e distúrbios do equilíbrio** : 0,5 mg a 1,0 mg/dia (2x/dia). Doses diárias superiores a 1,0 mg não são recomendáveis. **Síndrome da boca ardente:** 0,25 a 6,0 mg/dia. Dose recomendada: 1,0 a 2,0 mg/dia. **Uso em idosos:** a dose mais baixa possível deve ser utilizada em idosos. Deve-se ter especial cuidado durante as alterações na dose. **Comprometimento do fígado:** pacientes com comprometimento do fígado grave não devem ser tratados com clonazepam e pacientes...",1,chunk_5b49c617ebff,leaf_2c68e53f153b,sec_ccd9ca5a4b7c,dosage,2,high,seção esperada; sobreposição semântica/lexical com pergunta e resposta esperada,"0,5 a 3,0 mg/dia. ## **Síndrome das pernas inquietas:** 0,5 mg a 2,0 mg/dia. **Vertigem e distúrbios do equilíbrio** : 0,5 mg a 1,0 mg/dia (2x/dia). Doses diárias superiores a 1,0 mg não são recomendáveis. **Síndrome da boca ardente:** 0,25 a 6,0 mg/dia. Dose recomendada: 1,0 a 2,0 mg/dia. **Uso em idosos:** a dose mais baixa possível deve ser utilizada em idosos. Deve-se ter especial cuidado durante as alterações na dose. **Comprometimento do fígado:** pacientes com comprometimento do fígado grave não devem ser tratados com clonazepam e pacientes com comprometimento hepático leve a moderado devem receber a dose mais baixa possível. 4 **==> picture [109 x 35] intentionally omitted <==** ## **Instruções especiais de administração** **Rivotril[® ]** pode ser usado com outros antiepilépticos. Nesse caso, seu médico ajustará a dose de cada medicamento para atingir o efeito ideal. Não pare de tomar **Rivotril[® ]** subitamente, você pode ter novas crises epilépticas. Somente seu médico poderá orientar a interrupção do tratamento reduzindo gradualmente a dose utilizada. ## **Siga a orientação de seu médico, respeitando sempre os horários, as doses e a duração do tratamento. Não interrompa o tratamento sem o conhecimento do seu médico.** ## **7.",Nem todas as seções esperadas foram cobertas: warning_precaution
q022,medias_revisadas.csv:7,RIVOTRIL,medio,"Por que pacientes idosos devem usar a menor dose possível de Rivotril, segundo a bula?","A bula informa que os efeitos dos benzodiazepínicos parecem ser maiores em pacientes idosos do que em pacientes mais jovens, mesmo em concentrações plasmáticas similares. Na seção de posologia, orienta que a dose mais baixa possível deve ser utilizada em idosos e que deve haver cuidado especial durante alterações de dose.",partial_match,q022_ev02,essential,3,"...psicóticas** - **Acatisia** : 0,5 mg a 4,5 mg/dia. Dose recomendada: 0,5 e 3,0 mg/dia. **Síndrome das pernas inquietas:** 0,5 mg a 2,0 mg/dia. **Vertigem e distúrbios do equilíbrio** : 0,5 mg a 1,0 mg/dia (2x/dia). Doses diárias superiores a 1,0 mg não são recomendáveis. **Síndrome da boca ardente:** 0,25 a 6,0 mg/dia. Dose recomendada: 1,0 a 2,0 mg/dia. **Uso em idosos:** a dose mais baixa possível deve ser utilizada em idosos. Deve-se ter especial cuidado durante as alterações na dose. **Comprometimento do fígado...",2,chunk_78815ccfea71,leaf_582f152be8a1,sec_ccfcb1197b73,dosage,1,high,seção esperada; sobreposição semântica/lexical com pergunta e resposta esperada,"ode-se aumentar a dose, a critério médico. - Dose de manutenção: a critério médico, de acordo com sua resposta. A dose tomada, ao deitar, reduz a inconveniência da sonolência e pode ser desejável no início do tratamento. A retirada deve ser gradual, até que o medicamento seja totalmente suspenso. - **Nas crises agudas de pânico** : 1 comprimido de **Rivotril[® ]** sublingual. - **Como ansiolítico em geral** : 0,25 mg a 4,0 mg/dia. Dose recomendada: 0,5 a 1,5 mg/dia (dividida em 3x/dia). - **Fobia social:** 0,25 mg/dia até 6,0 mg/dia (2,0 mg, 3x/dia). Dose recomendada: 1,0 a 2,5 mg/dia. ## **Transtornos do humor** - **Transtorno afetivo bipolar** (tratamento da mania): 1,5 mg a 8 mg/dia. Dose recomendada: 2,0 a 4,0 mg/dia. - **Depressão maior** (associado a antidepressivos): 0,5 a 6,0 mg/dia. Dose recomendada: 2,0 a 4,0 mg/dia. ## **Síndromes psicóticas** - **Acatisia** : 0,5 mg a 4,5 mg/dia. Dose recomendada: 0,5 e 3,0 mg/dia. **Síndrome das pernas inquietas:** 0,5 mg a 2,0 mg/dia. **Vertigem e distúrbios do equilíbrio** : 0,5 mg a 1,0 mg/dia (2x/dia). Doses diárias superiores a 1,0 mg não são recomendáveis. **Síndrome da boca ardente:** 0,25 a 6,0 mg/dia. Dose recomendada: 1,0 a 2,0 mg/dia. **Uso em idosos:** a dose mais baixa possível deve ser utilizada em idosos. Deve-se ter especial cuidado durante as alterações na dose. **Comprometimento do fígado:** pacientes com comprometimento do fígado grave não devem ser tratados com clonazepam e pacientes com comprometimento hepático leve a moderado devem receber a dose mais baixa possível.",Nem todas as seções esperadas foram cobertas: warning_precaution
q022,medias_revisadas.csv:7,RIVOTRIL,medio,"Por que pacientes idosos devem usar a menor dose possível de Rivotril, segundo a bula?","A bula informa que os efeitos dos benzodiazepínicos parecem ser maiores em pacientes idosos do que em pacientes mais jovens, mesmo em concentrações plasmáticas similares. Na seção de posologia, orienta que a dose mais baixa possível deve ser utilizada em idosos e que deve haver cuidado especial durante alterações de dose.",partial_match,q022_ev03,supporting,2,"utilizada em idosos. Deve-se ter especial cuidado durante as alterações na dose. **Comprometimento do fígado:** pacientes com comprometimento do fígado grave não devem ser tratados com clonazepam e pacientes com comprometimento hepático leve a moderado devem receber a dose mais baixa possível. ## **Instruções especiais de administração** **Rivotril[® ]** pode ser usado com outros antiepilépticos. Nesse caso, seu médico ajustará a dose de cada medicamento para atingir o efeito ideal. Não pare de tomar **Rivotril[® ]...",3,chunk_063f6288233c,leaf_582f152be8a1,sec_ccfcb1197b73,dosage,2,high,seção esperada; sobreposição semântica/lexical com pergunta e resposta esperada,"utilizada em idosos. Deve-se ter especial cuidado durante as alterações na dose. **Comprometimento do fígado:** pacientes com comprometimento do fígado grave não devem ser tratados com clonazepam e pacientes com comprometimento hepático leve a moderado devem receber a dose mais baixa possível. ## **Instruções especiais de administração** **Rivotril[® ]** pode ser usado com outros antiepilépticos. Nesse caso, seu médico ajustará a dose de cada medicamento para atingir o efeito ideal. Não pare de tomar **Rivotril[® ]** subitamente, você pode ter novas crises epilépticas. Somente seu médico poderá orientar a interrupção do tratamento reduzindo gradualmente a dose utilizada. **Siga a orientação de seu médico, respeitando sempre os horários, as doses e a duração do tratamento. Não interrompa o tratamento sem o conhecimento do seu médico.** **7. O QUE DEVO FAZER QUANDO EU ME ESQUECER DE USAR ESTE MEDICAMENTO?** Nunca dobre a dose na próxima tomada. Apenas continue com a próxima dose no tempo determinado. 4 **==> picture [109 x 35] intentionally omitted <==** ## **Em caso de dúvidas, procure orientação do farmacêutico, do seu médico ou cirurgião-dentista.** ## **8. QUAIS OS MALES QUE ESTE MEDICAMENTO PODE ME CAUSAR?**",Nem todas as seções esperadas foram cobertas: warning_precaution
q022,medias_revisadas.csv:7,RIVOTRIL,medio,"Por que pacientes idosos devem usar a menor dose possível de Rivotril, segundo a bula?","A bula informa que os efeitos dos benzodiazepínicos parecem ser maiores em pacientes idosos do que em pacientes mais jovens, mesmo em concentrações plasmáticas similares. Na seção de posologia, orienta que a dose mais baixa possível deve ser utilizada em idosos e que deve haver cuidado especial durante alterações de dose.",partial_match,q022_ev04,supporting,2,"...as inquietas:** 0,5 mg a 2,0 mg/dia. **Vertigem e distúrbios do equilíbrio** : 0,5 mg a 1,0 mg ao dia (2x/dia). Doses diárias superiores a 1,0 mg não são recomendáveis. **Síndrome da boca ardente:** 0,25 a 6,0 mg/dia. Dose recomendada: 1,0 a 2,0 mg/dia. **Uso em idosos:** a dose mais baixa possível deve ser utilizada em idosos. Deve-se ter especial cuidado durante as alterações na dose. **Comprometimento do fígado:** pacientes com comprometimento do fígado grave não devem ser tratados com clonazepam e pacientes com...",4,chunk_138608289ce9,leaf_3cb34533cd62,sec_a09f972c4cdf,contraindication,8,high,sobreposição semântica/lexical com pergunta e resposta esperada,"0,5 a 3,0 mg/dia. **Síndrome das pernas inquietas:** 0,5 mg a 2,0 mg/dia. **Vertigem e distúrbios do equilíbrio** : 0,5 mg a 1,0 mg ao dia (2x/dia). Doses diárias superiores a 1,0 mg não são recomendáveis. **Síndrome da boca ardente:** 0,25 a 6,0 mg/dia. Dose recomendada: 1,0 a 2,0 mg/dia. **Uso em idosos:** a dose mais baixa possível deve ser utilizada em idosos. Deve-se ter especial cuidado durante as alterações na dose. **Comprometimento do fígado:** pacientes com comprometimento do fígado grave não devem ser tratados com clonazepam e pacientes com comprometimento hepático leve a moderado devem receber a dose mais baixa possível. 4 **==> picture [109 x 35] intentionally omitted <==** ## **Instruções especiais de administração** **Rivotril[® ]** pode ser usado com outros antiepilépticos. Nesse caso, seu médico ajustará a dose de cada medicamento para atingir o efeito ideal. Não pare de tomar **Rivotril[® ]** subitamente, você pode ter novas crises epilépticas. Somente seu médico poderá orientar a interrupção do tratamento reduzindo gradualmente a dose utilizada. **Siga a orientação de seu médico, respeitando sempre os horários, as doses e a duração do tratamento. Não interrompa o tratamento sem o conhecimento do seu médico.** **7.",Nem todas as seções esperadas foram cobertas: warning_precaution
q023,medias_revisadas.csv:8,RIVOTRIL,medio,Como a conduta com Rivotril difere entre pacientes com comprometimento hepático grave e aqueles com comprometimento hepático leve a moderado?,"Pacientes com comprometimento hepático grave não devem ser tratados com clonazepam/Rivotril, pois a bula contraindica o uso nesses casos. Já pacientes com comprometimento hepático leve a moderado devem receber a dose mais baixa possível.",matched,q023_ev01,essential,3,"...eis. **Síndrome da boca ardente:** 0,25 a 6,0 mg/dia. Dose recomendada: 1,0 a 2,0 mg/dia. **Uso em idosos:** a dose mais baixa possível deve ser utilizada em idosos. Deve-se ter especial cuidado durante as alterações na dose. **Comprometimento do fígado:** pacientes com comprometimento do fígado grave não devem ser tratados com clonazepam e pacientes com comprometimento hepático leve a moderado devem receber a dose mais baixa possível. 4 **==> picture [109 x 35] intentionally omitted <==** ## **Instruções especiais...",1,chunk_138608289ce9,leaf_3cb34533cd62,sec_a09f972c4cdf,contraindication,8,high,seção esperada; sobreposição semântica/lexical com pergunta e resposta esperada,"0,5 a 3,0 mg/dia. **Síndrome das pernas inquietas:** 0,5 mg a 2,0 mg/dia. **Vertigem e distúrbios do equilíbrio** : 0,5 mg a 1,0 mg ao dia (2x/dia). Doses diárias superiores a 1,0 mg não são recomendáveis. **Síndrome da boca ardente:** 0,25 a 6,0 mg/dia. Dose recomendada: 1,0 a 2,0 mg/dia. **Uso em idosos:** a dose mais baixa possível deve ser utilizada em idosos. Deve-se ter especial cuidado durante as alterações na dose. **Comprometimento do fígado:** pacientes com comprometimento do fígado grave não devem ser tratados com clonazepam e pacientes com comprometimento hepático leve a moderado devem receber a dose mais baixa possível. 4 **==> picture [109 x 35] intentionally omitted <==** ## **Instruções especiais de administração** **Rivotril[® ]** pode ser usado com outros antiepilépticos. Nesse caso, seu médico ajustará a dose de cada medicamento para atingir o efeito ideal. Não pare de tomar **Rivotril[® ]** subitamente, você pode ter novas crises epilépticas. Somente seu médico poderá orientar a interrupção do tratamento reduzindo gradualmente a dose utilizada. **Siga a orientação de seu médico, respeitando sempre os horários, as doses e a duração do tratamento. Não interrompa o tratamento sem o conhecimento do seu médico.** **7.",
q023,medias_revisadas.csv:8,RIVOTRIL,medio,Como a conduta com Rivotril difere entre pacientes com comprometimento hepático grave e aqueles com comprometimento hepático leve a moderado?,"Pacientes com comprometimento hepático grave não devem ser tratados com clonazepam/Rivotril, pois a bula contraindica o uso nesses casos. Já pacientes com comprometimento hepático leve a moderado devem receber a dose mais baixa possível.",matched,q023_ev02,essential,3,"...dáveis. **Síndrome da boca ardente:** 0,25 a 6,0 mg/dia. Dose recomendada: 1,0 a 2,0 mg/dia. **Uso em idosos:** a dose mais baixa possível deve ser utilizada em idosos. Deve-se ter especial cuidado durante as alterações na dose. **Comprometimento do fígado:** pacientes com comprometimento do fígado grave não devem ser tratados com clonazepam e pacientes com comprometimento hepático leve a moderado devem receber a dose mais baixa possível. 4 **==> picture [109 x 35] intentionally omitted <==** ## **Instruções especi...",2,chunk_5b49c617ebff,leaf_2c68e53f153b,sec_ccd9ca5a4b7c,dosage,2,high,seção esperada; sobreposição semântica/lexical com pergunta e resposta esperada,"0,5 a 3,0 mg/dia. ## **Síndrome das pernas inquietas:** 0,5 mg a 2,0 mg/dia. **Vertigem e distúrbios do equilíbrio** : 0,5 mg a 1,0 mg/dia (2x/dia). Doses diárias superiores a 1,0 mg não são recomendáveis. **Síndrome da boca ardente:** 0,25 a 6,0 mg/dia. Dose recomendada: 1,0 a 2,0 mg/dia. **Uso em idosos:** a dose mais baixa possível deve ser utilizada em idosos. Deve-se ter especial cuidado durante as alterações na dose. **Comprometimento do fígado:** pacientes com comprometimento do fígado grave não devem ser tratados com clonazepam e pacientes com comprometimento hepático leve a moderado devem receber a dose mais baixa possível. 4 **==> picture [109 x 35] intentionally omitted <==** ## **Instruções especiais de administração** **Rivotril[® ]** pode ser usado com outros antiepilépticos. Nesse caso, seu médico ajustará a dose de cada medicamento para atingir o efeito ideal. Não pare de tomar **Rivotril[® ]** subitamente, você pode ter novas crises epilépticas. Somente seu médico poderá orientar a interrupção do tratamento reduzindo gradualmente a dose utilizada. ## **Siga a orientação de seu médico, respeitando sempre os horários, as doses e a duração do tratamento. Não interrompa o tratamento sem o conhecimento do seu médico.** ## **7.",
q023,medias_revisadas.csv:8,RIVOTRIL,medio,Como a conduta com Rivotril difere entre pacientes com comprometimento hepático grave e aqueles com comprometimento hepático leve a moderado?,"Pacientes com comprometimento hepático grave não devem ser tratados com clonazepam/Rivotril, pois a bula contraindica o uso nesses casos. Já pacientes com comprometimento hepático leve a moderado devem receber a dose mais baixa possível.",matched,q023_ev03,essential,3,"...Acatisia** : 0,5 mg a 4,5 mg/dia. Dose recomendada: 0,5 e 3,0 mg/dia. **Síndrome das pernas inquietas:** 0,5 mg a 2,0 mg/dia. **Vertigem e distúrbios do equilíbrio** : 0,5 mg a 1,0 mg/dia (2x/dia). Doses diárias superiores a 1,0 mg não são recomendáveis. **Síndrome da boca ardente:** 0,25 a 6,0 mg/dia. Dose recomendada: 1,0 a 2,0 mg/dia. **Uso em idosos:** a dose mais baixa possível deve ser utilizada em idosos. Deve-se ter especial cuidado durante as alterações na dose. **Comprometimento do fígado:** pacientes com...",3,chunk_78815ccfea71,leaf_582f152be8a1,sec_ccfcb1197b73,dosage,1,high,seção esperada; sobreposição semântica/lexical com pergunta e resposta esperada,"ode-se aumentar a dose, a critério médico. - Dose de manutenção: a critério médico, de acordo com sua resposta. A dose tomada, ao deitar, reduz a inconveniência da sonolência e pode ser desejável no início do tratamento. A retirada deve ser gradual, até que o medicamento seja totalmente suspenso. - **Nas crises agudas de pânico** : 1 comprimido de **Rivotril[® ]** sublingual. - **Como ansiolítico em geral** : 0,25 mg a 4,0 mg/dia. Dose recomendada: 0,5 a 1,5 mg/dia (dividida em 3x/dia). - **Fobia social:** 0,25 mg/dia até 6,0 mg/dia (2,0 mg, 3x/dia). Dose recomendada: 1,0 a 2,5 mg/dia. ## **Transtornos do humor** - **Transtorno afetivo bipolar** (tratamento da mania): 1,5 mg a 8 mg/dia. Dose recomendada: 2,0 a 4,0 mg/dia. - **Depressão maior** (associado a antidepressivos): 0,5 a 6,0 mg/dia. Dose recomendada: 2,0 a 4,0 mg/dia. ## **Síndromes psicóticas** - **Acatisia** : 0,5 mg a 4,5 mg/dia. Dose recomendada: 0,5 e 3,0 mg/dia. **Síndrome das pernas inquietas:** 0,5 mg a 2,0 mg/dia. **Vertigem e distúrbios do equilíbrio** : 0,5 mg a 1,0 mg/dia (2x/dia). Doses diárias superiores a 1,0 mg não são recomendáveis. **Síndrome da boca ardente:** 0,25 a 6,0 mg/dia. Dose recomendada: 1,0 a 2,0 mg/dia. **Uso em idosos:** a dose mais baixa possível deve ser utilizada em idosos. Deve-se ter especial cuidado durante as alterações na dose. **Comprometimento do fígado:** pacientes com comprometimento do fígado grave não devem ser tratados com clonazepam e pacientes com comprometimento hepático leve a moderado devem receber a dose mais baixa possível.",
q023,medias_revisadas.csv:8,RIVOTRIL,medio,Como a conduta com Rivotril difere entre pacientes com comprometimento hepático grave e aqueles com comprometimento hepático leve a moderado?,"Pacientes com comprometimento hepático grave não devem ser tratados com clonazepam/Rivotril, pois a bula contraindica o uso nesses casos. Já pacientes com comprometimento hepático leve a moderado devem receber a dose mais baixa possível.",matched,q023_ev04,supporting,2,"utilizada em idosos. Deve-se ter especial cuidado durante as alterações na dose. **Comprometimento do fígado:** pacientes com comprometimento do fígado grave não devem ser tratados com clonazepam e pacientes com comprometimento hepático leve a moderado devem receber a dose mais baixa possível. ## **Instruções especiais de administração** **Rivotril[® ]** pode ser usado com outros antiepilépticos. Nesse caso, seu médico ajustará a dose de cada medicamento para atingir o efeito ideal. Não pare de tomar **Rivotril[® ]...",4,chunk_063f6288233c,leaf_582f152be8a1,sec_ccfcb1197b73,dosage,2,high,seção esperada; sobreposição semântica/lexical com pergunta e resposta esperada,"utilizada em idosos. Deve-se ter especial cuidado durante as alterações na dose. **Comprometimento do fígado:** pacientes com comprometimento do fígado grave não devem ser tratados com clonazepam e pacientes com comprometimento hepático leve a moderado devem receber a dose mais baixa possível. ## **Instruções especiais de administração** **Rivotril[® ]** pode ser usado com outros antiepilépticos. Nesse caso, seu médico ajustará a dose de cada medicamento para atingir o efeito ideal. Não pare de tomar **Rivotril[® ]** subitamente, você pode ter novas crises epilépticas. Somente seu médico poderá orientar a interrupção do tratamento reduzindo gradualmente a dose utilizada. **Siga a orientação de seu médico, respeitando sempre os horários, as doses e a duração do tratamento. Não interrompa o tratamento sem o conhecimento do seu médico.** **7. O QUE DEVO FAZER QUANDO EU ME ESQUECER DE USAR ESTE MEDICAMENTO?** Nunca dobre a dose na próxima tomada. Apenas continue com a próxima dose no tempo determinado. 4 **==> picture [109 x 35] intentionally omitted <==** ## **Em caso de dúvidas, procure orientação do farmacêutico, do seu médico ou cirurgião-dentista.** ## **8. QUAIS OS MALES QUE ESTE MEDICAMENTO PODE ME CAUSAR?**",
q023,medias_revisadas.csv:8,RIVOTRIL,medio,Como a conduta com Rivotril difere entre pacientes com comprometimento hepático grave e aqueles com comprometimento hepático leve a moderado?,"Pacientes com comprometimento hepático grave não devem ser tratados com clonazepam/Rivotril, pois a bula contraindica o uso nesses casos. Já pacientes com comprometimento hepático leve a moderado devem receber a dose mais baixa possível.",matched,q023_ev05,supporting,2,"QUANDO NÃO DEVO USAR ESTE MEDICAMENTO?** **Rivotril[® ]** é contraindicado a pacientes com hipersensibilidade conhecida a clonazepam ou a qualquer dos excipientes do medicamento e a pacientes com insuficiência respiratória grave ou comprometimento hepático grave, pois os benzodiazepínicos podem levar à ocorrência de encefalopatia hepática. 1 **==> picture [109 x 35] intentionally omitted <==** **Rivotril[® ]** comprimidos e **Rivotril[® ]** gotas são contraindicados para o tratamento de transtornos do pânico em pac...",5,chunk_551b8de262e2,leaf_2c68e53f153b,sec_13e10898653d,contraindication,0,high,seção esperada; sobreposição semântica/lexical com pergunta e resposta esperada,"QUANDO NÃO DEVO USAR ESTE MEDICAMENTO?** **Rivotril[® ]** é contraindicado a pacientes com hipersensibilidade conhecida a clonazepam ou a qualquer dos excipientes do medicamento e a pacientes com insuficiência respiratória grave ou comprometimento hepático grave, pois os benzodiazepínicos podem levar à ocorrência de encefalopatia hepática. 1 **==> picture [109 x 35] intentionally omitted <==** **Rivotril[® ]** comprimidos e **Rivotril[® ]** gotas são contraindicados para o tratamento de transtornos do pânico em pacientes com histórico médico de apneia do sono. **Rivotril[® ]** é contraindicado a pacientes com glaucoma agudo de ângulo fechado. **Rivotril[® ]** pode ser usado por pacientes com glaucoma de ângulo aberto, desde que estejam recebendo terapia apropriada. ## **4. O QUE DEVO SABER ANTES DE USAR ESTE MEDICAMENTO?** Antes de tomar **Rivotril**[®] , informe seu médico se você tem ou teve: - 1) outros problemas de saúde: doenças nos rins ou fígado (por exemplo: cirrose hepática), distúrbio neuromuscular ou respiratório, porfiria (doença em que ocorre deficiência de enzimas específicas na via da biossíntese do heme). - 2) sinais ou sintomas de depressão e/ou tentativa de suicídio; - 3) intolerância à galactose (açúcar) ou deficiência de lactase (enzima que quebra a lactose); - 4) ataxia cerebelar ou espinhal (descoordenação dos movimentos por problema do cerebelo ou medula); - 5) uso regular ou intoxicação aguda por álcool ou drogas. Pode ocorrer perda de efeito durante o tratamento com clonazepam.",
q024,medias_revisadas.csv:9,RIVOTRIL,medio,Quais são as recomendações da bula sobre o uso de Rivotril com álcool e com suco de toranja?,"A bula orienta não tomar Rivotril com álcool e/ou depressores do sistema nervoso central, porque essa combinação pode aumentar os efeitos do medicamento e causar sedação grave, coma ou morte, além de depressão cardiovascular e/ou respiratória. Sobre alimentos, informa que interações com alimentos não foram estabelecidas, mas que o suco de toranja pode aumentar o efeito de Rivotril.",partial_match,q024_ev01,essential,3,"...de aumentar a salivação e as secreções brônquicas em lactentes e crianças pequenas. Atenção: manter as vias aéreas livres. Não há dados de eficácia / segurança de **Rivotril[® ]** em menores de 18 anos com distúrbio do pânico. ## **Uso em idosos** Os efeitos dos benzodiazepínicos parecem ser maiores em pacientes idosos do que em pacientes mais jovens, mesmo em concentrações plasmáticas similares. ## **Principais interações medicamentosas** Informe seu médico se estiver tomando outros medicamentos, incluindo as subs...",1,chunk_d1e77a6a6e34,leaf_3cb34533cd62,sec_a09f972c4cdf,contraindication,4,high,sobreposição semântica/lexical com pergunta e resposta esperada,"lta de tônus muscular, depressão respiratória e dificuldade de sucção no bebê. Tanto a gestação quanto a suspensão de **Rivotril**[® ] podem exacerbar a epilepsia. Informe seu médico se estiver amamentando. Se você realmente precisar tomar **Rivotril[®]** , a amamentação deve ser descontinuada. ## **Uso em crianças** Avaliar o risco / benefício do uso de **Rivotril[® ]** a longo prazo em pacientes pediátricos com distúrbios epilépticos. **Rivotril[® ]** pode aumentar a salivação e as secreções brônquicas em lactentes e crianças pequenas. Atenção: manter as vias aéreas livres. Não há dados de eficácia / segurança de **Rivotril[® ]** em menores de 18 anos com distúrbio do pânico. ## **Uso em idosos** Os efeitos dos benzodiazepínicos parecem ser maiores em pacientes idosos do que em pacientes mais jovens, mesmo em concentrações plasmáticas similares. ## **Principais interações medicamentosas** Informe seu médico se estiver tomando outros medicamentos, incluindo as substâncias a seguir, pois elas podem interagir com **Rivotril[®]** : – Depressores do sistema nervoso central e álcool; – Medicamentos que agem no sistema nervoso: antidepressivos, medicamentos para dormir, alguns analgésicos, antipsicóticos, ansiolíticos, anticonvulsivantes; – Medicamentos para o estômago. ## **Interações fármaco-alimento** Interações com alimentos não foram estabelecidas. O suco de toranja pode aumentar o efeito de **Rivotril**[®] . ## **Interações fármaco-laboratório** Interações com testes laboratoriais não foram estabelecidas.",Nem todas as seções esperadas foram cobertas: warning_precaution
q024,medias_revisadas.csv:9,RIVOTRIL,medio,Quais são as recomendações da bula sobre o uso de Rivotril com álcool e com suco de toranja?,"A bula orienta não tomar Rivotril com álcool e/ou depressores do sistema nervoso central, porque essa combinação pode aumentar os efeitos do medicamento e causar sedação grave, coma ou morte, além de depressão cardiovascular e/ou respiratória. Sobre alimentos, informa que interações com alimentos não foram estabelecidas, mas que o suco de toranja pode aumentar o efeito de Rivotril.",partial_match,q024_ev02,supporting,2,"...** pode aumentar a salivação e as secreções brônquicas em lactentes e crianças pequenas. Atenção: manter as vias aéreas livres. Não há dados de eficácia / segurança de **Rivotril[® ]** em menores de 18 anos com distúrbio do pânico. **Uso em idosos** Os efeitos dos benzodiazepínicos parecem ser maiores em pacientes idosos do que em pacientes mais jovens, mesmo em concentrações plasmáticas similares, ## **Principais interações medicamentosas** Informe seu médico, se estiver tomando outros medicamentos, incluindo as s...",2,chunk_2ff643ba29cb,leaf_2c68e53f153b,sec_13e10898653d,contraindication,4,high,sobreposição semântica/lexical com pergunta e resposta esperada,"ionally omitted <==** depressão respiratória e dificuldade de sucção no bebê. Tanto a gestação quanto a suspensão de **Rivotril[® ]** podem exacerbar a epilepsia. Informe seu médico se estiver amamentando. Se você realmente precisar tomar **Rivotril[®]** , a amamentação deve ser descontinuada. ## **Uso em crianças** Avaliar o risco / benefício do uso de **Rivotril[® ]** a longo prazo em pacientes pediátricos com distúrbios epilépticos. **Rivotril[® ]** pode aumentar a salivação e as secreções brônquicas em lactentes e crianças pequenas. Atenção: manter as vias aéreas livres. Não há dados de eficácia / segurança de **Rivotril[® ]** em menores de 18 anos com distúrbio do pânico. **Uso em idosos** Os efeitos dos benzodiazepínicos parecem ser maiores em pacientes idosos do que em pacientes mais jovens, mesmo em concentrações plasmáticas similares, ## **Principais interações medicamentosas** Informe seu médico, se estiver tomando outros medicamentos, incluindo as substâncias a seguir, pois elas podem interagir com **Rivotril[®]** . **-** Depressores do sistema nervoso central e álcool; **-** Medicamentos que agem no sistema nervoso: antidepressivos, medicamentos para dormir, alguns analgésicos, antipsicóticos, ansiolíticos, anticonvulsivantes; **-** Medicamentos para o estômago. ## **Interações fármaco-alimento** Interações com alimentos não foram estabelecidas. O suco de toranja pode aumentar o efeito de **Rivotril[®]** . ## **Interações fármaco-laboratório** Interações com testes laboratoriais não foram estabelecidas.",Nem todas as seções esperadas foram cobertas: warning_precaution
q024,medias_revisadas.csv:9,RIVOTRIL,medio,Quais são as recomendações da bula sobre o uso de Rivotril com álcool e com suco de toranja?,"A bula orienta não tomar Rivotril com álcool e/ou depressores do sistema nervoso central, porque essa combinação pode aumentar os efeitos do medicamento e causar sedação grave, coma ou morte, além de depressão cardiovascular e/ou respiratória. Sobre alimentos, informa que interações com alimentos não foram estabelecidas, mas que o suco de toranja pode aumentar o efeito de Rivotril.",partial_match,q024_ev03,supporting,2,"...s. **Rivotril[® ]** pode aumentar a salivação e as secreções brônquicas em lactentes e crianças pequenas. Atenção: manter as vias aéreas livres. Não há dados sobre eficácia / segurança de **Rivotril[® ]** em menores de 18 anos com distúrbio do pânico. ## **Uso em idosos** Os efeitos dos benzodiazepínicos parecem ser maiores em pacientes idosos do que em pacientes mais jovens, mesmo em concentrações plasmáticas similares. ## **Principais interações medicamentosas** Informe seu médico, se estiver tomando outros medic...",3,chunk_3e429871e6b5,leaf_582f152be8a1,sec_abf3caa6f886,contraindication,4,high,sobreposição semântica/lexical com pergunta e resposta esperada,"e tônus muscular, depressão respiratória e dificuldade de sucção no bebê. Tanto a gestação quanto a suspensão de **Rivotril[® ]** podem exacerbar a epilepsia. Informe seu médico se estiver amamentando. Se você realmente precisar tomar **Rivotril[®]** , a amamentação deve ser descontinuada. 2 **==> picture [109 x 35] intentionally omitted <==** ## **Uso em crianças** Avaliar o risco / benefício do uso de **Rivotril[® ]** a longo prazo em pacientes pediátricos com distúrbios epilépticos. **Rivotril[® ]** pode aumentar a salivação e as secreções brônquicas em lactentes e crianças pequenas. Atenção: manter as vias aéreas livres. Não há dados sobre eficácia / segurança de **Rivotril[® ]** em menores de 18 anos com distúrbio do pânico. ## **Uso em idosos** Os efeitos dos benzodiazepínicos parecem ser maiores em pacientes idosos do que em pacientes mais jovens, mesmo em concentrações plasmáticas similares. ## **Principais interações medicamentosas** Informe seu médico, se estiver tomando outros medicamentos, incluindo as substâncias a seguir, pois elas podem interagir com **Rivotril[®]** . – Depressores do sistema nervoso central e álcool; – Medicamentos que agem no sistema nervoso: antidepressivos, medicamentos para dormir, alguns analgésicos, antipsicóticos, ansiolíticos, anticonvulsivantes. – Medicamentos para o estômago. ## **Interações fármaco-alimento** Interações com alimentos não foram estabelecidas. O suco de toranja pode aumentar o efeito de **Rivotril**[®] . ## **Interações fármaco-laboratório**",Nem todas as seções esperadas foram cobertas: warning_precaution
q025,medias_revisadas.csv:10,RIVOTRIL,medio,Como a orientação para não interromper Rivotril subitamente se relaciona com o risco de abstinência e novas crises epilépticas descrito na bula?,"A bula informa que a retirada brusca deve ser evitada, pois a descontinuação súbita pode causar sintomas de abstinência, incluindo ansiedade, alterações de humor, irritabilidade e convulsões epiléticas. Também orienta que o paciente não pare de tomar Rivotril subitamente, pois pode ter novas crises epilépticas, e que a interrupção deve ocorrer com redução gradual da dose sob orientação médica.",partial_match,q025_ev01,essential,3,"...ometimento do fígado grave não devem ser tratados com clonazepam e pacientes com comprometimento hepático leve a moderado devem receber a dose mais baixa possível. ## **Instruções especiais de administração** **Rivotril[® ]** pode ser usado com outros antiepilépticos. Nesse caso, seu médico ajustará a dose de cada medicamento para atingir o efeito ideal. Não pare de tomar **Rivotril[® ]** subitamente, você pode ter novas crises epilépticas. Somente seu médico poderá orientar a interrupção do tratamento reduzindo gr...",1,chunk_063f6288233c,leaf_582f152be8a1,sec_ccfcb1197b73,dosage,2,high,seção esperada; sobreposição semântica/lexical com pergunta e resposta esperada,"utilizada em idosos. Deve-se ter especial cuidado durante as alterações na dose. **Comprometimento do fígado:** pacientes com comprometimento do fígado grave não devem ser tratados com clonazepam e pacientes com comprometimento hepático leve a moderado devem receber a dose mais baixa possível. ## **Instruções especiais de administração** **Rivotril[® ]** pode ser usado com outros antiepilépticos. Nesse caso, seu médico ajustará a dose de cada medicamento para atingir o efeito ideal. Não pare de tomar **Rivotril[® ]** subitamente, você pode ter novas crises epilépticas. Somente seu médico poderá orientar a interrupção do tratamento reduzindo gradualmente a dose utilizada. **Siga a orientação de seu médico, respeitando sempre os horários, as doses e a duração do tratamento. Não interrompa o tratamento sem o conhecimento do seu médico.** **7. O QUE DEVO FAZER QUANDO EU ME ESQUECER DE USAR ESTE MEDICAMENTO?** Nunca dobre a dose na próxima tomada. Apenas continue com a próxima dose no tempo determinado. 4 **==> picture [109 x 35] intentionally omitted <==** ## **Em caso de dúvidas, procure orientação do farmacêutico, do seu médico ou cirurgião-dentista.** ## **8. QUAIS OS MALES QUE ESTE MEDICAMENTO PODE ME CAUSAR?**",Nem todas as seções esperadas foram cobertas: warning_precaution
q025,medias_revisadas.csv:10,RIVOTRIL,medio,Como a orientação para não interromper Rivotril subitamente se relaciona com o risco de abstinência e novas crises epilépticas descrito na bula?,"A bula informa que a retirada brusca deve ser evitada, pois a descontinuação súbita pode causar sintomas de abstinência, incluindo ansiedade, alterações de humor, irritabilidade e convulsões epiléticas. Também orienta que o paciente não pare de tomar Rivotril subitamente, pois pode ter novas crises epilépticas, e que a interrupção deve ocorrer com redução gradual da dose sob orientação médica.",partial_match,q025_ev02,essential,3,"...a em idosos. Deve-se ter especial cuidado durante as alterações na dose. **Comprometimento do fígado:** pacientes com comprometimento do fígado grave não devem ser tratados com clonazepam e pacientes com comprometimento hepático leve a moderado devem receber a dose mais baixa possível. 4 **==> picture [109 x 35] intentionally omitted <==** ## **Instruções especiais de administração** **Rivotril[® ]** pode ser usado com outros antiepilépticos. Nesse caso, seu médico ajustará a dose de cada medicamento para atingir o...",2,chunk_5b49c617ebff,leaf_2c68e53f153b,sec_ccd9ca5a4b7c,dosage,2,high,seção esperada; sobreposição semântica/lexical com pergunta e resposta esperada,"0,5 a 3,0 mg/dia. ## **Síndrome das pernas inquietas:** 0,5 mg a 2,0 mg/dia. **Vertigem e distúrbios do equilíbrio** : 0,5 mg a 1,0 mg/dia (2x/dia). Doses diárias superiores a 1,0 mg não são recomendáveis. **Síndrome da boca ardente:** 0,25 a 6,0 mg/dia. Dose recomendada: 1,0 a 2,0 mg/dia. **Uso em idosos:** a dose mais baixa possível deve ser utilizada em idosos. Deve-se ter especial cuidado durante as alterações na dose. **Comprometimento do fígado:** pacientes com comprometimento do fígado grave não devem ser tratados com clonazepam e pacientes com comprometimento hepático leve a moderado devem receber a dose mais baixa possível. 4 **==> picture [109 x 35] intentionally omitted <==** ## **Instruções especiais de administração** **Rivotril[® ]** pode ser usado com outros antiepilépticos. Nesse caso, seu médico ajustará a dose de cada medicamento para atingir o efeito ideal. Não pare de tomar **Rivotril[® ]** subitamente, você pode ter novas crises epilépticas. Somente seu médico poderá orientar a interrupção do tratamento reduzindo gradualmente a dose utilizada. ## **Siga a orientação de seu médico, respeitando sempre os horários, as doses e a duração do tratamento. Não interrompa o tratamento sem o conhecimento do seu médico.** ## **7.",Nem todas as seções esperadas foram cobertas: warning_precaution
q025,medias_revisadas.csv:10,RIVOTRIL,medio,Como a orientação para não interromper Rivotril subitamente se relaciona com o risco de abstinência e novas crises epilépticas descrito na bula?,"A bula informa que a retirada brusca deve ser evitada, pois a descontinuação súbita pode causar sintomas de abstinência, incluindo ansiedade, alterações de humor, irritabilidade e convulsões epiléticas. Também orienta que o paciente não pare de tomar Rivotril subitamente, pois pode ter novas crises epilépticas, e que a interrupção deve ocorrer com redução gradual da dose sob orientação médica.",partial_match,q025_ev03,supporting,2,"...acompanhada por sintomas de abstinência: psicoses, distúrbio comportamental, tremor, sudorese, agitação, distúrbios do sono e ansiedade, dor de cabeça, diarreia, dores musculares, câimbras, ansiedade extrema, tensão, cansaço, inquietação, alteração de humor, confusão, irritabilidade e convulsões epiléticas que podem ser associadas à doença de base. Em casos graves, desrealização (sentimentos de estranhamento ou distanciamento em relação ao ambiente), despersonalização (processo psíquico, em que se tem a impressão...",3,chunk_d77c1f8474ad,leaf_3cb34533cd62,sec_a09f972c4cdf,contraindication,2,high,sobreposição semântica/lexical com pergunta e resposta esperada,"ções), com o uso de benzodiazepínicos em doses terapêuticas. **Rivotril[® ]** pode precipitar o estado de mal epiléptico (crises epilépticas em sequência rápida). Fale com seu médico antes de aumentar a dose ou interromper abruptamente esta medicação. ## **Abuso e dependência do medicamento** O uso de benzodiazepínicos pode levar ao desenvolvimento de dependência física e psicológica. O risco de dependência aumenta com a dose, tratamentos prolongados e em pacientes com história de abuso de álcool ou drogas. Em caso de dependência, especialmente com doses elevadas, a descontinuação brusca do tratamento será acompanhada por sintomas de abstinência: psicoses, distúrbio comportamental, tremor, sudorese, agitação, distúrbios do sono e ansiedade, dor de cabeça, diarreia, dores musculares, câimbras, ansiedade extrema, tensão, cansaço, inquietação, alteração de humor, confusão, irritabilidade e convulsões epiléticas que podem ser associadas à doença de base. Em casos graves, desrealização (sentimentos de estranhamento ou distanciamento em relação ao ambiente), despersonalização (processo psíquico, em que se tem a impressão de que se é estranho a si mesmo), hipersensibilidade ao som, à luz, a ruídos e ao contato físico, sensações anormais, formigamentos, alucinações. O risco dos sintomas de abstinência é maior após descontinuação súbita do tratamento, portanto a retirada brusca do medicamento deve ser evitada. O tratamento (mesmo de curta duração) deve ser interrompido pela redução gradativa da dose diária. ## **Efeitos sobre a capacidade de dirigir e operar máquinas**",Nem todas as seções esperadas foram cobertas: warning_precaution
q025,medias_revisadas.csv:10,RIVOTRIL,medio,Como a orientação para não interromper Rivotril subitamente se relaciona com o risco de abstinência e novas crises epilépticas descrito na bula?,"A bula informa que a retirada brusca deve ser evitada, pois a descontinuação súbita pode causar sintomas de abstinência, incluindo ansiedade, alterações de humor, irritabilidade e convulsões epiléticas. Também orienta que o paciente não pare de tomar Rivotril subitamente, pois pode ter novas crises epilépticas, e que a interrupção deve ocorrer com redução gradual da dose sob orientação médica.",partial_match,q025_ev04,supporting,2,"...acompanhada por sintomas de abstinência: psicoses, distúrbio comportamental, tremor, sudorese, agitação, distúrbios do sono e ansiedade, dor de cabeça, diarreia, dores musculares, câimbras, ansiedade extrema, tensão, cansaço, inquietação, alteração de humor, confusão, irritabilidade e convulsões epiléticas que podem ser associadas à doença de base. Em casos graves, desrealização (sentimento de estranhamento ou distanciamento em relação ao ambiente), despersonalização (processo psíquico, em que se tem a impressão d...",4,chunk_8437acb2fe62,leaf_582f152be8a1,sec_abf3caa6f886,contraindication,2,high,sobreposição semântica/lexical com pergunta e resposta esperada,"s), com o uso de benzodiazepínicos em doses terapêuticas. **Rivotril[® ]** pode precipitar o estado de mal epiléptico (crises epilépticas em sequência rápida). Fale com o seu médico antes de aumentar a dose ou interromper abruptamente esta medicação. ## **Abuso e dependência do medicamento** O uso de benzodiazepínicos pode levar ao desenvolvimento de dependência física e psicológica. O risco de dependência aumenta com a dose, tratamentos prolongados e em pacientes com história de abuso de álcool ou drogas. Em caso de dependência, especialmente com uso de doses elevadas, a descontinuação brusca do tratamento será acompanhada por sintomas de abstinência: psicoses, distúrbio comportamental, tremor, sudorese, agitação, distúrbios do sono e ansiedade, dor de cabeça, diarreia, dores musculares, câimbras, ansiedade extrema, tensão, cansaço, inquietação, alteração de humor, confusão, irritabilidade e convulsões epiléticas que podem ser associadas à doença de base. Em casos graves, desrealização (sentimento de estranhamento ou distanciamento em relação ao ambiente), despersonalização (processo psíquico, em que se tem a impressão de que se é estranho a si mesmo), hipersensibilidade ao som, à luz, a ruídos e ao contato físico sensações anormais formigamentos, alucinações. O risco dos sintomas de abstinência é maior após descontinuação súbita do tratamento, portanto a retirada brusca do medicamento deve ser evitada. O tratamento (mesmo de curta duração) deve ser interrompido pela redução gradativa da dose diária.",Nem todas as seções esperadas foram cobertas: warning_precaution
q026,medias_revisadas.csv:11,TYLENOL,medio,Como a indicação por idade de TYLENOL se relaciona com a contraindicação para menores de 12 anos e com a posologia descrita na bula?,"A bula informa que TYLENOL comprimidos é de uso adulto e pediátrico acima de 12 anos e contraindicado para menores de 12 anos. A posologia apresentada também se aplica a adultos e crianças acima de 12 anos: TYLENOL 500 mg, 1 a 2 comprimidos, 3 a 4 vezes ao dia; ou TYLENOL 750 mg, 1 comprimido, 3 a 5 vezes ao dia, respeitando a dose máxima diária.",partial_match,q026_ev01,essential,3,QUANDO NÃO DEVO USAR ESTE MEDICAMENTO?** Você não deve usar **TYLENOL[® ]** se possuir alergia ao paracetamol ou a qualquer componente de sua fórmula. **Este medicamento é contraindicado para menores de 12 anos.** ## **4.,1,chunk_77f72cabf81a,leaf_1d4d2acf0a65,sec_ffa142a2855b,contraindication,0,high,seção esperada; apresentação/formulação mencionada; sobreposição semântica/lexical com pergunta e resposta esperada,QUANDO NÃO DEVO USAR ESTE MEDICAMENTO?** Você não deve usar **TYLENOL[® ]** se possuir alergia ao paracetamol ou a qualquer componente de sua fórmula. **Este medicamento é contraindicado para menores de 12 anos.** ## **4.,Nem todas as seções esperadas foram cobertas: identification
q026,medias_revisadas.csv:11,TYLENOL,medio,Como a indicação por idade de TYLENOL se relaciona com a contraindicação para menores de 12 anos e com a posologia descrita na bula?,"A bula informa que TYLENOL comprimidos é de uso adulto e pediátrico acima de 12 anos e contraindicado para menores de 12 anos. A posologia apresentada também se aplica a adultos e crianças acima de 12 anos: TYLENOL 500 mg, 1 a 2 comprimidos, 3 a 4 vezes ao dia; ou TYLENOL 750 mg, 1 comprimido, 3 a 5 vezes ao dia, respeitando a dose máxima diária.",partial_match,q026_ev02,essential,3,"COMO DEVO USAR ESTE MEDICAMENTO?** Uso oral. Você deve tomar os comprimidos com líquido. O paracetamol pode ser administrado independentemente das refeições. ## **Adultos e crianças acima de 12 anos:** **TYLENOL[® ] 500 mg:** 1 a 2 comprimidos, 3 a 4 vezes ao dia. **TYLENOL[® ] 750 mg:** 1 comprimido, 3 a 5 vezes ao dia. A dose diária máxima recomendada de paracetamol é de 4000 mg ( **8 comprimidos de TYLENOL[® ] 500 mg ou 5 comprimidos de TYLENOL® 750 mg** ) administrada em doses fracionadas, não excedendo 1000 mg...",2,chunk_d4d5a2d20ab2,leaf_1d4d2acf0a65,sec_1646f2946e08,dosage,0,high,seção esperada; apresentação/formulação mencionada; sobreposição semântica/lexical com pergunta e resposta esperada,"COMO DEVO USAR ESTE MEDICAMENTO?** Uso oral. Você deve tomar os comprimidos com líquido. O paracetamol pode ser administrado independentemente das refeições. ## **Adultos e crianças acima de 12 anos:** **TYLENOL[® ] 500 mg:** 1 a 2 comprimidos, 3 a 4 vezes ao dia. **TYLENOL[® ] 750 mg:** 1 comprimido, 3 a 5 vezes ao dia. A dose diária máxima recomendada de paracetamol é de 4000 mg ( **8 comprimidos de TYLENOL[® ] 500 mg ou 5 comprimidos de TYLENOL® 750 mg** ) administrada em doses fracionadas, não excedendo 1000 mg/dose ( **2 comprimidos de TYLENOL[® ] 500 mg ou 1 comprimido de TYLENOL[® ] 750 mg** ), em intervalos de 4 a 6 horas, em um período de 24 horas. **Duração do tratamento:** depende do desaparecimento dos sintomas. **Este medicamento não pode ser partido, aberto ou mastigado.** **Siga corretamente o modo de usar. Em caso de dúvidas sobre este medicamento, procure orientação do farmacêutico. Não desaparecendo os sintomas, procure orientação médica ou de seu cirurgião-dentista.** ## **7.",Nem todas as seções esperadas foram cobertas: identification
q026,medias_revisadas.csv:11,TYLENOL,medio,Como a indicação por idade de TYLENOL se relaciona com a contraindicação para menores de 12 anos e com a posologia descrita na bula?,"A bula informa que TYLENOL comprimidos é de uso adulto e pediátrico acima de 12 anos e contraindicado para menores de 12 anos. A posologia apresentada também se aplica a adultos e crianças acima de 12 anos: TYLENOL 500 mg, 1 a 2 comprimidos, 3 a 4 vezes ao dia; ou TYLENOL 750 mg, 1 comprimido, 3 a 5 vezes ao dia, respeitando a dose máxima diária.",partial_match,q026_ev03,supporting,2,"...as iniciais que se seguem a uma dose potencialmente hepatotóxica de paracetamol são: perda de apetite, náusea, vômito, sudorese intensa, palidez e mal-estar geral. **Em caso de uso de grande quantidade deste medicamento, procure rapidamente socorro médico e leve a embalagem ou bula do medicamento, se possível. Ligue para 0800 722 6001, se você precisar de mais orientações.** ## **DIZERES LEGAIS** MS - 1.5721.1214 Farmacêutico Responsável: Jean F. L. Festuccia – CRF - SP nº 29.625 Registrado por: ## **JOHNSON & JOHN...",3,chunk_983a58909e27,leaf_1d4d2acf0a65,sec_1115276e728e,overdose,0,high,apresentação/formulação mencionada; sobreposição semântica/lexical com pergunta e resposta esperada,"O QUE FAZER SE ALGUÉM USAR UMA QUANTIDADE MAIOR DO QUE A INDICADA DESTE MEDICAMENTO?** O uso de doses excessivas, acima das doses recomendadas (superdose) pode causar danos ao fígado. Em caso de superdose, procure ajuda médica ou um centro de intoxicação imediatamente. O apoio médico imediato é fundamental para adultos e crianças, mesmo se os sinais e sintomas de intoxicação não estiverem presentes. Os sinais e sintomas iniciais que se seguem a uma dose potencialmente hepatotóxica de paracetamol são: perda de apetite, náusea, vômito, sudorese intensa, palidez e mal-estar geral. **Em caso de uso de grande quantidade deste medicamento, procure rapidamente socorro médico e leve a embalagem ou bula do medicamento, se possível. Ligue para 0800 722 6001, se você precisar de mais orientações.** ## **DIZERES LEGAIS** MS - 1.5721.1214 Farmacêutico Responsável: Jean F. L. Festuccia – CRF - SP nº 29.625 Registrado por: ## **JOHNSON & JOHNSON INDUSTRIAL LTDA.** Rodovia Presidente Dutra, Km 154, São José dos Campos – SP CNPJ 59.748.988/0001-14 Fabricado por: ## **JOHNSON & JOHNSON INDUSTRIAL LTDA** Rodovia Presidente Dutra, km 154 São José dos Campos – SP CNPJ: 59.748.988/0001-14 Industria Brasileira ®Marca Registrada TYLENOL® - Paciente **==> picture [114 x 31] intentionally omitted <==** SAC 0800 728 6767 www.tylenol.com.br Siga corretamente o modo de usar, não desaparecendo os sintomas procure orientação médica. **==> picture [23 x 19] intentionally omitted <==** TYLENOL® - Paciente **==> picture [115 x 30] intentionally omitted <==**",Nem todas as seções esperadas foram cobertas: identification
q026,medias_revisadas.csv:11,TYLENOL,medio,Como a indicação por idade de TYLENOL se relaciona com a contraindicação para menores de 12 anos e com a posologia descrita na bula?,"A bula informa que TYLENOL comprimidos é de uso adulto e pediátrico acima de 12 anos e contraindicado para menores de 12 anos. A posologia apresentada também se aplica a adultos e crianças acima de 12 anos: TYLENOL 500 mg, 1 a 2 comprimidos, 3 a 4 vezes ao dia; ou TYLENOL 750 mg, 1 comprimido, 3 a 5 vezes ao dia, respeitando a dose máxima diária.",partial_match,q026_ev04,supporting,2,"4 x 31] intentionally omitted <==** SAC 0800 728 6767 www.tylenol.com.br Siga corretamente o modo de usar, não desaparecendo os sintomas procure orientação médica. **==> picture [23 x 19] intentionally omitted <==** TYLENOL® - Paciente **==> picture [115 x 30] intentionally omitted <==** ## **",4,chunk_3c190b3ea9f8,leaf_1d4d2acf0a65,sec_1115276e728e,overdose,1,high,apresentação/formulação mencionada; sobreposição semântica/lexical com pergunta e resposta esperada,"4 x 31] intentionally omitted <==** SAC 0800 728 6767 www.tylenol.com.br Siga corretamente o modo de usar, não desaparecendo os sintomas procure orientação médica. **==> picture [23 x 19] intentionally omitted <==** TYLENOL® - Paciente **==> picture [115 x 30] intentionally omitted <==** ## **",Nem todas as seções esperadas foram cobertas: identification
q027,medias_revisadas.csv:12,TYLENOL,medio,Qual é a dose diária máxima recomendada de TYLENOL e que risco a bula associa ao uso acima das doses recomendadas?,"A dose diária máxima recomendada de paracetamol é de 4000 mg, equivalente a 8 comprimidos de TYLENOL 500 mg ou 5 comprimidos de TYLENOL 750 mg, em doses fracionadas, sem exceder 1000 mg por dose em intervalos de 4 a 6 horas em 24 horas. A bula alerta que doses excessivas acima das recomendadas podem causar danos ao fígado.",matched,q027_ev01,essential,3,"COMO DEVO USAR ESTE MEDICAMENTO?** Uso oral. Você deve tomar os comprimidos com líquido. O paracetamol pode ser administrado independentemente das refeições. ## **Adultos e crianças acima de 12 anos:** **TYLENOL[® ] 500 mg:** 1 a 2 comprimidos, 3 a 4 vezes ao dia. **TYLENOL[® ] 750 mg:** 1 comprimido, 3 a 5 vezes ao dia. A dose diária máxima recomendada de paracetamol é de 4000 mg ( **8 comprimidos de TYLENOL[® ] 500 mg ou 5 comprimidos de TYLENOL® 750 mg** ) administrada em doses fracionadas, não excedendo 1000 mg...",1,chunk_d4d5a2d20ab2,leaf_1d4d2acf0a65,sec_1646f2946e08,dosage,0,high,seção esperada; apresentação/formulação mencionada; sobreposição semântica/lexical com pergunta e resposta esperada,"COMO DEVO USAR ESTE MEDICAMENTO?** Uso oral. Você deve tomar os comprimidos com líquido. O paracetamol pode ser administrado independentemente das refeições. ## **Adultos e crianças acima de 12 anos:** **TYLENOL[® ] 500 mg:** 1 a 2 comprimidos, 3 a 4 vezes ao dia. **TYLENOL[® ] 750 mg:** 1 comprimido, 3 a 5 vezes ao dia. A dose diária máxima recomendada de paracetamol é de 4000 mg ( **8 comprimidos de TYLENOL[® ] 500 mg ou 5 comprimidos de TYLENOL® 750 mg** ) administrada em doses fracionadas, não excedendo 1000 mg/dose ( **2 comprimidos de TYLENOL[® ] 500 mg ou 1 comprimido de TYLENOL[® ] 750 mg** ), em intervalos de 4 a 6 horas, em um período de 24 horas. **Duração do tratamento:** depende do desaparecimento dos sintomas. **Este medicamento não pode ser partido, aberto ou mastigado.** **Siga corretamente o modo de usar. Em caso de dúvidas sobre este medicamento, procure orientação do farmacêutico. Não desaparecendo os sintomas, procure orientação médica ou de seu cirurgião-dentista.** ## **7.",
q027,medias_revisadas.csv:12,TYLENOL,medio,Qual é a dose diária máxima recomendada de TYLENOL e que risco a bula associa ao uso acima das doses recomendadas?,"A dose diária máxima recomendada de paracetamol é de 4000 mg, equivalente a 8 comprimidos de TYLENOL 500 mg ou 5 comprimidos de TYLENOL 750 mg, em doses fracionadas, sem exceder 1000 mg por dose em intervalos de 4 a 6 horas em 24 horas. A bula alerta que doses excessivas acima das recomendadas podem causar danos ao fígado.",matched,q027_ev02,essential,3,"...nos ao fígado. Em caso de superdose, procure ajuda médica ou um centro de intoxicação imediatamente. O apoio médico imediato é fundamental para adultos e crianças, mesmo se os sinais e sintomas de intoxicação não estiverem presentes. Os sinais e sintomas iniciais que se seguem a uma dose potencialmente hepatotóxica de paracetamol são: perda de apetite, náusea, vômito, sudorese intensa, palidez e mal-estar geral. **Em caso de uso de grande quantidade deste medicamento, procure rapidamente socorro médico e leve a emb...",2,chunk_983a58909e27,leaf_1d4d2acf0a65,sec_1115276e728e,overdose,0,high,seção esperada; apresentação/formulação mencionada; sobreposição semântica/lexical com pergunta e resposta esperada,"O QUE FAZER SE ALGUÉM USAR UMA QUANTIDADE MAIOR DO QUE A INDICADA DESTE MEDICAMENTO?** O uso de doses excessivas, acima das doses recomendadas (superdose) pode causar danos ao fígado. Em caso de superdose, procure ajuda médica ou um centro de intoxicação imediatamente. O apoio médico imediato é fundamental para adultos e crianças, mesmo se os sinais e sintomas de intoxicação não estiverem presentes. Os sinais e sintomas iniciais que se seguem a uma dose potencialmente hepatotóxica de paracetamol são: perda de apetite, náusea, vômito, sudorese intensa, palidez e mal-estar geral. **Em caso de uso de grande quantidade deste medicamento, procure rapidamente socorro médico e leve a embalagem ou bula do medicamento, se possível. Ligue para 0800 722 6001, se você precisar de mais orientações.** ## **DIZERES LEGAIS** MS - 1.5721.1214 Farmacêutico Responsável: Jean F. L. Festuccia – CRF - SP nº 29.625 Registrado por: ## **JOHNSON & JOHNSON INDUSTRIAL LTDA.** Rodovia Presidente Dutra, Km 154, São José dos Campos – SP CNPJ 59.748.988/0001-14 Fabricado por: ## **JOHNSON & JOHNSON INDUSTRIAL LTDA** Rodovia Presidente Dutra, km 154 São José dos Campos – SP CNPJ: 59.748.988/0001-14 Industria Brasileira ®Marca Registrada TYLENOL® - Paciente **==> picture [114 x 31] intentionally omitted <==** SAC 0800 728 6767 www.tylenol.com.br Siga corretamente o modo de usar, não desaparecendo os sintomas procure orientação médica. **==> picture [23 x 19] intentionally omitted <==** TYLENOL® - Paciente **==> picture [115 x 30] intentionally omitted <==**",
q027,medias_revisadas.csv:12,TYLENOL,medio,Qual é a dose diária máxima recomendada de TYLENOL e que risco a bula associa ao uso acima das doses recomendadas?,"A dose diária máxima recomendada de paracetamol é de 4000 mg, equivalente a 8 comprimidos de TYLENOL 500 mg ou 5 comprimidos de TYLENOL 750 mg, em doses fracionadas, sem exceder 1000 mg por dose em intervalos de 4 a 6 horas em 24 horas. A bula alerta que doses excessivas acima das recomendadas podem causar danos ao fígado.",matched,q027_ev03,supporting,2,"...L® - Paciente **==> picture [114 x 31] intentionally omitted <==** Você não deve tomar mais do que a dose recomendada (superdose) para provocar maior alívio, pois pode causar sérios problemas de saúde. Você deve consultar seu médico se a dor ou febre continuarem ou piorarem, ou se surgirem novos sintomas, pois estes sintomas podem ser sinais de doenças graves. **Uso com álcool** : consumidores de doses abusivas de álcool devem consultar seu médico para saber se podem tomar **TYLENOL[® ]** ou qualquer outro analgési...",3,chunk_97251e7ccd85,leaf_1d4d2acf0a65,sec_a29ed3da881a,warning_precaution,0,high,apresentação/formulação mencionada; sobreposição semântica/lexical com pergunta e resposta esperada,"O QUE DEVO SABER ANTES DE USAR ESTE MEDICAMENTO?** TYLENOL® - Paciente **==> picture [114 x 31] intentionally omitted <==** Você não deve tomar mais do que a dose recomendada (superdose) para provocar maior alívio, pois pode causar sérios problemas de saúde. Você deve consultar seu médico se a dor ou febre continuarem ou piorarem, ou se surgirem novos sintomas, pois estes sintomas podem ser sinais de doenças graves. **Uso com álcool** : consumidores de doses abusivas de álcool devem consultar seu médico para saber se podem tomar **TYLENOL[® ]** ou qualquer outro analgésico. ## **Gravidez e Amamentação** ## Se você estiver grávida ou amamentando, consulte o seu médico antes de usar este medicamento. **Este medicamento não deve ser utilizado por mulheres grávidas sem orientação médica ou do cirurgião-dentista.** **Uso em pacientes com problemas no fígado** : Consulte seu médico antes de usar o medicamento. **Uso em idosos** : Até o momento não são conhecidas restrições específicas ao uso de **TYLENOL[® ]** por pacientes idosos. Não existe necessidade de ajuste de dose neste grupo etário. Muito raramente, foram relatadas reações cutâneas graves em pacientes que administraram paracetamol. Os sintomas podem incluir: vermelhidão na pele, bolhas e erupções cutâneas. Se ocorrerem reações cutâneas ou piora de problemas de pele já existentes, interrompa o uso do medicamento e procure ajuda médica imediatamente. ## **Não use outro produto que contenha paracetamol.** ## **O paracetamol nas doses terapêuticas não foi associado à irritação gástrica.**",
q027,medias_revisadas.csv:12,TYLENOL,medio,Qual é a dose diária máxima recomendada de TYLENOL e que risco a bula associa ao uso acima das doses recomendadas?,"A dose diária máxima recomendada de paracetamol é de 4000 mg, equivalente a 8 comprimidos de TYLENOL 500 mg ou 5 comprimidos de TYLENOL 750 mg, em doses fracionadas, sem exceder 1000 mg por dose em intervalos de 4 a 6 horas em 24 horas. A bula alerta que doses excessivas acima das recomendadas podem causar danos ao fígado.",matched,q027_ev04,supporting,2,"4 x 31] intentionally omitted <==** SAC 0800 728 6767 www.tylenol.com.br Siga corretamente o modo de usar, não desaparecendo os sintomas procure orientação médica. **==> picture [23 x 19] intentionally omitted <==** TYLENOL® - Paciente **==> picture [115 x 30] intentionally omitted <==** ## **",4,chunk_3c190b3ea9f8,leaf_1d4d2acf0a65,sec_1115276e728e,overdose,1,high,seção esperada; apresentação/formulação mencionada; sobreposição semântica/lexical com pergunta e resposta esperada,"4 x 31] intentionally omitted <==** SAC 0800 728 6767 www.tylenol.com.br Siga corretamente o modo de usar, não desaparecendo os sintomas procure orientação médica. **==> picture [23 x 19] intentionally omitted <==** TYLENOL® - Paciente **==> picture [115 x 30] intentionally omitted <==** ## **",
q028,medias_revisadas.csv:13,TYLENOL,medio,Como a ingestão de alimentos influencia a absorção de TYLENOL e como isso se relaciona com o início de ação informado na bula?,"A bula informa que a absorção de TYLENOL é mais rápida em jejum. Os alimentos podem afetar a velocidade da absorção, mas não a quantidade absorvida. A bula também informa que o efeito tem início 15 a 30 minutos após a administração oral e permanece por 4 a 6 horas.",matched,q028_ev01,essential,3,COMO ESTE MEDICAMENTO FUNCIONA?** **TYLENOL[® ]** reduz a febre atuando no centro regulador da temperatura no Sistema Nervoso Central (SNC) e diminui a sensibilidade a dor. Seu efeito tem início 15 a 30 minutos após a administração oral e permanece por um período de 4 a 6 horas. ## **3.,1,chunk_578c6a49ac86,leaf_1d4d2acf0a65,sec_f6f167271d61,simplified_mechanism,0,high,seção esperada; sobreposição semântica/lexical com pergunta e resposta esperada,COMO ESTE MEDICAMENTO FUNCIONA?** **TYLENOL[® ]** reduz a febre atuando no centro regulador da temperatura no Sistema Nervoso Central (SNC) e diminui a sensibilidade a dor. Seu efeito tem início 15 a 30 minutos após a administração oral e permanece por um período de 4 a 6 horas. ## **3.,
q028,medias_revisadas.csv:13,TYLENOL,medio,Como a ingestão de alimentos influencia a absorção de TYLENOL e como isso se relaciona com o início de ação informado na bula?,"A bula informa que a absorção de TYLENOL é mais rápida em jejum. Os alimentos podem afetar a velocidade da absorção, mas não a quantidade absorvida. A bula também informa que o efeito tem início 15 a 30 minutos após a administração oral e permanece por 4 a 6 horas.",matched,q028_ev02,essential,3,"...ro produto que contenha paracetamol.** ## **O paracetamol nas doses terapêuticas não foi associado à irritação gástrica.** Se você tem pressão alta, não use este produto por mais tempo do que o indicado no rótulo, a menos que indicado por um médico. A absorção de **TYLENOL[® ]** é mais rápida se você estiver em jejum. Os alimentos podem afetar a velocidade da absorção, mas não a quantidade absorvida do medicamento. A interferência do paracetamol na metabolização de outros medicamentos e a influência destes medicame...",2,chunk_01578455e892,leaf_1d4d2acf0a65,sec_a29ed3da881a,warning_precaution,1,high,seção esperada; sobreposição semântica/lexical com pergunta e resposta esperada,"cutâneas. Se ocorrerem reações cutâneas ou piora de problemas de pele já existentes, interrompa o uso do medicamento e procure ajuda médica imediatamente. ## **Não use outro produto que contenha paracetamol.** ## **O paracetamol nas doses terapêuticas não foi associado à irritação gástrica.** Se você tem pressão alta, não use este produto por mais tempo do que o indicado no rótulo, a menos que indicado por um médico. A absorção de **TYLENOL[® ]** é mais rápida se você estiver em jejum. Os alimentos podem afetar a velocidade da absorção, mas não a quantidade absorvida do medicamento. A interferência do paracetamol na metabolização de outros medicamentos e a influência destes medicamentos na ação e na toxicidade do paracetamol, em geral, não são relevantes. **Consulte seu médico antes de utilizar este medicamento se você está tomando flucloxacilina (penicilina - um antibiótico), varfarina (anticoagulante) ou outros derivados cumarínicos.** **Informe ao seu médico ou cirurgião-dentista se você está fazendo uso de algum outro medicamento.** **5.",
q028,medias_revisadas.csv:13,TYLENOL,medio,Como a ingestão de alimentos influencia a absorção de TYLENOL e como isso se relaciona com o início de ação informado na bula?,"A bula informa que a absorção de TYLENOL é mais rápida em jejum. Os alimentos podem afetar a velocidade da absorção, mas não a quantidade absorvida. A bula também informa que o efeito tem início 15 a 30 minutos após a administração oral e permanece por 4 a 6 horas.",matched,q028_ev03,supporting,2,"O QUE DEVO SABER ANTES DE USAR ESTE MEDICAMENTO?** TYLENOL® - Paciente **==> picture [114 x 31] intentionally omitted <==** Você não deve tomar mais do que a dose recomendada (superdose) para provocar maior alívio, pois pode causar sérios problemas de saúde. Você deve consultar seu médico se a dor ou febre continuarem ou piorarem, ou se surgirem novos sintomas, pois estes sintomas podem ser sinais de doenças graves. **Uso com álcool** : consumidores de doses abusivas de álcool devem consultar seu médico para saber...",3,chunk_97251e7ccd85,leaf_1d4d2acf0a65,sec_a29ed3da881a,warning_precaution,0,high,seção esperada; sobreposição semântica/lexical com pergunta e resposta esperada,"O QUE DEVO SABER ANTES DE USAR ESTE MEDICAMENTO?** TYLENOL® - Paciente **==> picture [114 x 31] intentionally omitted <==** Você não deve tomar mais do que a dose recomendada (superdose) para provocar maior alívio, pois pode causar sérios problemas de saúde. Você deve consultar seu médico se a dor ou febre continuarem ou piorarem, ou se surgirem novos sintomas, pois estes sintomas podem ser sinais de doenças graves. **Uso com álcool** : consumidores de doses abusivas de álcool devem consultar seu médico para saber se podem tomar **TYLENOL[® ]** ou qualquer outro analgésico. ## **Gravidez e Amamentação** ## Se você estiver grávida ou amamentando, consulte o seu médico antes de usar este medicamento. **Este medicamento não deve ser utilizado por mulheres grávidas sem orientação médica ou do cirurgião-dentista.** **Uso em pacientes com problemas no fígado** : Consulte seu médico antes de usar o medicamento. **Uso em idosos** : Até o momento não são conhecidas restrições específicas ao uso de **TYLENOL[® ]** por pacientes idosos. Não existe necessidade de ajuste de dose neste grupo etário. Muito raramente, foram relatadas reações cutâneas graves em pacientes que administraram paracetamol. Os sintomas podem incluir: vermelhidão na pele, bolhas e erupções cutâneas. Se ocorrerem reações cutâneas ou piora de problemas de pele já existentes, interrompa o uso do medicamento e procure ajuda médica imediatamente. ## **Não use outro produto que contenha paracetamol.** ## **O paracetamol nas doses terapêuticas não foi associado à irritação gástrica.**",
q028,medias_revisadas.csv:13,TYLENOL,medio,Como a ingestão de alimentos influencia a absorção de TYLENOL e como isso se relaciona com o início de ação informado na bula?,"A bula informa que a absorção de TYLENOL é mais rápida em jejum. Os alimentos podem afetar a velocidade da absorção, mas não a quantidade absorvida. A bula também informa que o efeito tem início 15 a 30 minutos após a administração oral e permanece por 4 a 6 horas.",matched,q028_ev04,supporting,2,"...AMENTO?** Uso oral. Você deve tomar os comprimidos com líquido. O paracetamol pode ser administrado independentemente das refeições. ## **Adultos e crianças acima de 12 anos:** **TYLENOL[® ] 500 mg:** 1 a 2 comprimidos, 3 a 4 vezes ao dia. **TYLENOL[® ] 750 mg:** 1 comprimido, 3 a 5 vezes ao dia. A dose diária máxima recomendada de paracetamol é de 4000 mg ( **8 comprimidos de TYLENOL[® ] 500 mg ou 5 comprimidos de TYLENOL® 750 mg** ) administrada em doses fracionadas, não excedendo 1000 mg/dose ( **2 comprimidos d...",4,chunk_d4d5a2d20ab2,leaf_1d4d2acf0a65,sec_1646f2946e08,dosage,0,high,sobreposição semântica/lexical com pergunta e resposta esperada,"COMO DEVO USAR ESTE MEDICAMENTO?** Uso oral. Você deve tomar os comprimidos com líquido. O paracetamol pode ser administrado independentemente das refeições. ## **Adultos e crianças acima de 12 anos:** **TYLENOL[® ] 500 mg:** 1 a 2 comprimidos, 3 a 4 vezes ao dia. **TYLENOL[® ] 750 mg:** 1 comprimido, 3 a 5 vezes ao dia. A dose diária máxima recomendada de paracetamol é de 4000 mg ( **8 comprimidos de TYLENOL[® ] 500 mg ou 5 comprimidos de TYLENOL® 750 mg** ) administrada em doses fracionadas, não excedendo 1000 mg/dose ( **2 comprimidos de TYLENOL[® ] 500 mg ou 1 comprimido de TYLENOL[® ] 750 mg** ), em intervalos de 4 a 6 horas, em um período de 24 horas. **Duração do tratamento:** depende do desaparecimento dos sintomas. **Este medicamento não pode ser partido, aberto ou mastigado.** **Siga corretamente o modo de usar. Em caso de dúvidas sobre este medicamento, procure orientação do farmacêutico. Não desaparecendo os sintomas, procure orientação médica ou de seu cirurgião-dentista.** ## **7.",
q029,medias_revisadas.csv:14,TYLENOL,medio,"Se uma dose de TYLENOL for esquecida, como o paciente deve proceder sem dobrar dose ou ultrapassar os limites de uso da bula?","Se esquecer uma dose, a bula orienta tomá-la assim que lembrar, caso ainda haja necessidade, e então ajustar o horário das próximas tomadas. Não se deve tomar dose dobrada para compensar a dose esquecida. A posologia também limita cada dose a 1000 mg, com intervalos de 4 a 6 horas, e a dose diária máxima a 4000 mg em 24 horas.",matched,q029_ev01,essential,3,"O QUE DEVO FAZER QUANDO EU ME ESQUECER DE USAR ESTE MEDICAMENTO?** Se você se esquecer de tomar uma dose do medicamento, faça-o assim que se lembrar, no caso de ainda haver necessidade, e então ajuste o horário das próximas tomadas. Não tome a dose dobrada para compensar a dose esquecida. **Em caso de dúvidas, procure orientação do farmacêutico ou de seu médico, ou cirurgiãodentista.** ## **8.",1,chunk_2f6979089ee8,leaf_1d4d2acf0a65,sec_3e4fee1ee29f,missed_dose,0,high,seção esperada; sobreposição semântica/lexical com pergunta e resposta esperada,"O QUE DEVO FAZER QUANDO EU ME ESQUECER DE USAR ESTE MEDICAMENTO?** Se você se esquecer de tomar uma dose do medicamento, faça-o assim que se lembrar, no caso de ainda haver necessidade, e então ajuste o horário das próximas tomadas. Não tome a dose dobrada para compensar a dose esquecida. **Em caso de dúvidas, procure orientação do farmacêutico ou de seu médico, ou cirurgiãodentista.** ## **8.",
q029,medias_revisadas.csv:14,TYLENOL,medio,"Se uma dose de TYLENOL for esquecida, como o paciente deve proceder sem dobrar dose ou ultrapassar os limites de uso da bula?","Se esquecer uma dose, a bula orienta tomá-la assim que lembrar, caso ainda haja necessidade, e então ajustar o horário das próximas tomadas. Não se deve tomar dose dobrada para compensar a dose esquecida. A posologia também limita cada dose a 1000 mg, com intervalos de 4 a 6 horas, e a dose diária máxima a 4000 mg em 24 horas.",matched,q029_ev02,essential,3,"...tos e crianças acima de 12 anos:** **TYLENOL[® ] 500 mg:** 1 a 2 comprimidos, 3 a 4 vezes ao dia. **TYLENOL[® ] 750 mg:** 1 comprimido, 3 a 5 vezes ao dia. A dose diária máxima recomendada de paracetamol é de 4000 mg ( **8 comprimidos de TYLENOL[® ] 500 mg ou 5 comprimidos de TYLENOL® 750 mg** ) administrada em doses fracionadas, não excedendo 1000 mg/dose ( **2 comprimidos de TYLENOL[® ] 500 mg ou 1 comprimido de TYLENOL[® ] 750 mg** ), em intervalos de 4 a 6 horas, em um período de 24 horas. **Duração do tratamen...",2,chunk_d4d5a2d20ab2,leaf_1d4d2acf0a65,sec_1646f2946e08,dosage,0,high,seção esperada; sobreposição semântica/lexical com pergunta e resposta esperada,"COMO DEVO USAR ESTE MEDICAMENTO?** Uso oral. Você deve tomar os comprimidos com líquido. O paracetamol pode ser administrado independentemente das refeições. ## **Adultos e crianças acima de 12 anos:** **TYLENOL[® ] 500 mg:** 1 a 2 comprimidos, 3 a 4 vezes ao dia. **TYLENOL[® ] 750 mg:** 1 comprimido, 3 a 5 vezes ao dia. A dose diária máxima recomendada de paracetamol é de 4000 mg ( **8 comprimidos de TYLENOL[® ] 500 mg ou 5 comprimidos de TYLENOL® 750 mg** ) administrada em doses fracionadas, não excedendo 1000 mg/dose ( **2 comprimidos de TYLENOL[® ] 500 mg ou 1 comprimido de TYLENOL[® ] 750 mg** ), em intervalos de 4 a 6 horas, em um período de 24 horas. **Duração do tratamento:** depende do desaparecimento dos sintomas. **Este medicamento não pode ser partido, aberto ou mastigado.** **Siga corretamente o modo de usar. Em caso de dúvidas sobre este medicamento, procure orientação do farmacêutico. Não desaparecendo os sintomas, procure orientação médica ou de seu cirurgião-dentista.** ## **7.",
q029,medias_revisadas.csv:14,TYLENOL,medio,"Se uma dose de TYLENOL for esquecida, como o paciente deve proceder sem dobrar dose ou ultrapassar os limites de uso da bula?","Se esquecer uma dose, a bula orienta tomá-la assim que lembrar, caso ainda haja necessidade, e então ajustar o horário das próximas tomadas. Não se deve tomar dose dobrada para compensar a dose esquecida. A posologia também limita cada dose a 1000 mg, com intervalos de 4 a 6 horas, e a dose diária máxima a 4000 mg em 24 horas.",matched,q029_ev03,supporting,2,"...TYLENOL® - Paciente **==> picture [114 x 31] intentionally omitted <==** Você não deve tomar mais do que a dose recomendada (superdose) para provocar maior alívio, pois pode causar sérios problemas de saúde. Você deve consultar seu médico se a dor ou febre continuarem ou piorarem, ou se surgirem novos sintomas, pois estes sintomas podem ser sinais de doenças graves. **Uso com álcool** : consumidores de doses abusivas de álcool devem consultar seu médico para saber se podem tomar **TYLENOL[® ]** ou qualquer outro an...",3,chunk_97251e7ccd85,leaf_1d4d2acf0a65,sec_a29ed3da881a,warning_precaution,0,medium,sobreposição semântica/lexical com pergunta e resposta esperada,"O QUE DEVO SABER ANTES DE USAR ESTE MEDICAMENTO?** TYLENOL® - Paciente **==> picture [114 x 31] intentionally omitted <==** Você não deve tomar mais do que a dose recomendada (superdose) para provocar maior alívio, pois pode causar sérios problemas de saúde. Você deve consultar seu médico se a dor ou febre continuarem ou piorarem, ou se surgirem novos sintomas, pois estes sintomas podem ser sinais de doenças graves. **Uso com álcool** : consumidores de doses abusivas de álcool devem consultar seu médico para saber se podem tomar **TYLENOL[® ]** ou qualquer outro analgésico. ## **Gravidez e Amamentação** ## Se você estiver grávida ou amamentando, consulte o seu médico antes de usar este medicamento. **Este medicamento não deve ser utilizado por mulheres grávidas sem orientação médica ou do cirurgião-dentista.** **Uso em pacientes com problemas no fígado** : Consulte seu médico antes de usar o medicamento. **Uso em idosos** : Até o momento não são conhecidas restrições específicas ao uso de **TYLENOL[® ]** por pacientes idosos. Não existe necessidade de ajuste de dose neste grupo etário. Muito raramente, foram relatadas reações cutâneas graves em pacientes que administraram paracetamol. Os sintomas podem incluir: vermelhidão na pele, bolhas e erupções cutâneas. Se ocorrerem reações cutâneas ou piora de problemas de pele já existentes, interrompa o uso do medicamento e procure ajuda médica imediatamente. ## **Não use outro produto que contenha paracetamol.** ## **O paracetamol nas doses terapêuticas não foi associado à irritação gástrica.**",
q029,medias_revisadas.csv:14,TYLENOL,medio,"Se uma dose de TYLENOL for esquecida, como o paciente deve proceder sem dobrar dose ou ultrapassar os limites de uso da bula?","Se esquecer uma dose, a bula orienta tomá-la assim que lembrar, caso ainda haja necessidade, e então ajustar o horário das próximas tomadas. Não se deve tomar dose dobrada para compensar a dose esquecida. A posologia também limita cada dose a 1000 mg, com intervalos de 4 a 6 horas, e a dose diária máxima a 4000 mg em 24 horas.",matched,q029_ev04,supporting,2,"...para adultos e crianças, mesmo se os sinais e sintomas de intoxicação não estiverem presentes. Os sinais e sintomas iniciais que se seguem a uma dose potencialmente hepatotóxica de paracetamol são: perda de apetite, náusea, vômito, sudorese intensa, palidez e mal-estar geral. **Em caso de uso de grande quantidade deste medicamento, procure rapidamente socorro médico e leve a embalagem ou bula do medicamento, se possível. Ligue para 0800 722 6001, se você precisar de mais orientações.** ## **DIZERES LEGAIS** MS - 1...",4,chunk_983a58909e27,leaf_1d4d2acf0a65,sec_1115276e728e,overdose,0,medium,sobreposição semântica/lexical com pergunta e resposta esperada,"O QUE FAZER SE ALGUÉM USAR UMA QUANTIDADE MAIOR DO QUE A INDICADA DESTE MEDICAMENTO?** O uso de doses excessivas, acima das doses recomendadas (superdose) pode causar danos ao fígado. Em caso de superdose, procure ajuda médica ou um centro de intoxicação imediatamente. O apoio médico imediato é fundamental para adultos e crianças, mesmo se os sinais e sintomas de intoxicação não estiverem presentes. Os sinais e sintomas iniciais que se seguem a uma dose potencialmente hepatotóxica de paracetamol são: perda de apetite, náusea, vômito, sudorese intensa, palidez e mal-estar geral. **Em caso de uso de grande quantidade deste medicamento, procure rapidamente socorro médico e leve a embalagem ou bula do medicamento, se possível. Ligue para 0800 722 6001, se você precisar de mais orientações.** ## **DIZERES LEGAIS** MS - 1.5721.1214 Farmacêutico Responsável: Jean F. L. Festuccia – CRF - SP nº 29.625 Registrado por: ## **JOHNSON & JOHNSON INDUSTRIAL LTDA.** Rodovia Presidente Dutra, Km 154, São José dos Campos – SP CNPJ 59.748.988/0001-14 Fabricado por: ## **JOHNSON & JOHNSON INDUSTRIAL LTDA** Rodovia Presidente Dutra, km 154 São José dos Campos – SP CNPJ: 59.748.988/0001-14 Industria Brasileira ®Marca Registrada TYLENOL® - Paciente **==> picture [114 x 31] intentionally omitted <==** SAC 0800 728 6767 www.tylenol.com.br Siga corretamente o modo de usar, não desaparecendo os sintomas procure orientação médica. **==> picture [23 x 19] intentionally omitted <==** TYLENOL® - Paciente **==> picture [115 x 30] intentionally omitted <==**",
q030,medias_revisadas.csv:15,TYLENOL,medio,Quais cuidados especiais devem ser observados em pacientes com problemas no fígado antes de usar TYLENOL e por que esse cuidado é importante segundo a bula?,A bula orienta que pacientes com problemas no fígado consultem o médico antes de usar TYLENOL. Esse cuidado é importante porque a bula também alerta que não se deve tomar mais que a dose recomendada e que a superdose de paracetamol pode causar danos ao fígado.,matched,q030_ev01,essential,3,"O QUE DEVO SABER ANTES DE USAR ESTE MEDICAMENTO?** TYLENOL® - Paciente **==> picture [114 x 31] intentionally omitted <==** Você não deve tomar mais do que a dose recomendada (superdose) para provocar maior alívio, pois pode causar sérios problemas de saúde. Você deve consultar seu médico se a dor ou febre continuarem ou piorarem, ou se surgirem novos sintomas, pois estes sintomas podem ser sinais de doenças graves. **Uso com álcool** : consumidores de doses abusivas de álcool devem consultar seu médico para saber...",1,chunk_97251e7ccd85,leaf_1d4d2acf0a65,sec_a29ed3da881a,warning_precaution,0,high,seção esperada; sobreposição semântica/lexical com pergunta e resposta esperada,"O QUE DEVO SABER ANTES DE USAR ESTE MEDICAMENTO?** TYLENOL® - Paciente **==> picture [114 x 31] intentionally omitted <==** Você não deve tomar mais do que a dose recomendada (superdose) para provocar maior alívio, pois pode causar sérios problemas de saúde. Você deve consultar seu médico se a dor ou febre continuarem ou piorarem, ou se surgirem novos sintomas, pois estes sintomas podem ser sinais de doenças graves. **Uso com álcool** : consumidores de doses abusivas de álcool devem consultar seu médico para saber se podem tomar **TYLENOL[® ]** ou qualquer outro analgésico. ## **Gravidez e Amamentação** ## Se você estiver grávida ou amamentando, consulte o seu médico antes de usar este medicamento. **Este medicamento não deve ser utilizado por mulheres grávidas sem orientação médica ou do cirurgião-dentista.** **Uso em pacientes com problemas no fígado** : Consulte seu médico antes de usar o medicamento. **Uso em idosos** : Até o momento não são conhecidas restrições específicas ao uso de **TYLENOL[® ]** por pacientes idosos. Não existe necessidade de ajuste de dose neste grupo etário. Muito raramente, foram relatadas reações cutâneas graves em pacientes que administraram paracetamol. Os sintomas podem incluir: vermelhidão na pele, bolhas e erupções cutâneas. Se ocorrerem reações cutâneas ou piora de problemas de pele já existentes, interrompa o uso do medicamento e procure ajuda médica imediatamente. ## **Não use outro produto que contenha paracetamol.** ## **O paracetamol nas doses terapêuticas não foi associado à irritação gástrica.**",
q030,medias_revisadas.csv:15,TYLENOL,medio,Quais cuidados especiais devem ser observados em pacientes com problemas no fígado antes de usar TYLENOL e por que esse cuidado é importante segundo a bula?,A bula orienta que pacientes com problemas no fígado consultem o médico antes de usar TYLENOL. Esse cuidado é importante porque a bula também alerta que não se deve tomar mais que a dose recomendada e que a superdose de paracetamol pode causar danos ao fígado.,matched,q030_ev02,essential,3,"...usar danos ao fígado. Em caso de superdose, procure ajuda médica ou um centro de intoxicação imediatamente. O apoio médico imediato é fundamental para adultos e crianças, mesmo se os sinais e sintomas de intoxicação não estiverem presentes. Os sinais e sintomas iniciais que se seguem a uma dose potencialmente hepatotóxica de paracetamol são: perda de apetite, náusea, vômito, sudorese intensa, palidez e mal-estar geral. **Em caso de uso de grande quantidade deste medicamento, procure rapidamente socorro médico e lev...",2,chunk_983a58909e27,leaf_1d4d2acf0a65,sec_1115276e728e,overdose,0,high,seção esperada; sobreposição semântica/lexical com pergunta e resposta esperada,"O QUE FAZER SE ALGUÉM USAR UMA QUANTIDADE MAIOR DO QUE A INDICADA DESTE MEDICAMENTO?** O uso de doses excessivas, acima das doses recomendadas (superdose) pode causar danos ao fígado. Em caso de superdose, procure ajuda médica ou um centro de intoxicação imediatamente. O apoio médico imediato é fundamental para adultos e crianças, mesmo se os sinais e sintomas de intoxicação não estiverem presentes. Os sinais e sintomas iniciais que se seguem a uma dose potencialmente hepatotóxica de paracetamol são: perda de apetite, náusea, vômito, sudorese intensa, palidez e mal-estar geral. **Em caso de uso de grande quantidade deste medicamento, procure rapidamente socorro médico e leve a embalagem ou bula do medicamento, se possível. Ligue para 0800 722 6001, se você precisar de mais orientações.** ## **DIZERES LEGAIS** MS - 1.5721.1214 Farmacêutico Responsável: Jean F. L. Festuccia – CRF - SP nº 29.625 Registrado por: ## **JOHNSON & JOHNSON INDUSTRIAL LTDA.** Rodovia Presidente Dutra, Km 154, São José dos Campos – SP CNPJ 59.748.988/0001-14 Fabricado por: ## **JOHNSON & JOHNSON INDUSTRIAL LTDA** Rodovia Presidente Dutra, km 154 São José dos Campos – SP CNPJ: 59.748.988/0001-14 Industria Brasileira ®Marca Registrada TYLENOL® - Paciente **==> picture [114 x 31] intentionally omitted <==** SAC 0800 728 6767 www.tylenol.com.br Siga corretamente o modo de usar, não desaparecendo os sintomas procure orientação médica. **==> picture [23 x 19] intentionally omitted <==** TYLENOL® - Paciente **==> picture [115 x 30] intentionally omitted <==**",
q030,medias_revisadas.csv:15,TYLENOL,medio,Quais cuidados especiais devem ser observados em pacientes com problemas no fígado antes de usar TYLENOL e por que esse cuidado é importante segundo a bula?,A bula orienta que pacientes com problemas no fígado consultem o médico antes de usar TYLENOL. Esse cuidado é importante porque a bula também alerta que não se deve tomar mais que a dose recomendada e que a superdose de paracetamol pode causar danos ao fígado.,matched,q030_ev03,supporting,2,"...xistentes, interrompa o uso do medicamento e procure ajuda médica imediatamente. ## **Não use outro produto que contenha paracetamol.** ## **O paracetamol nas doses terapêuticas não foi associado à irritação gástrica.** Se você tem pressão alta, não use este produto por mais tempo do que o indicado no rótulo, a menos que indicado por um médico. A absorção de **TYLENOL[® ]** é mais rápida se você estiver em jejum. Os alimentos podem afetar a velocidade da absorção, mas não a quantidade absorvida do medicamento. A in...",3,chunk_01578455e892,leaf_1d4d2acf0a65,sec_a29ed3da881a,warning_precaution,1,high,seção esperada; sobreposição semântica/lexical com pergunta e resposta esperada,"cutâneas. Se ocorrerem reações cutâneas ou piora de problemas de pele já existentes, interrompa o uso do medicamento e procure ajuda médica imediatamente. ## **Não use outro produto que contenha paracetamol.** ## **O paracetamol nas doses terapêuticas não foi associado à irritação gástrica.** Se você tem pressão alta, não use este produto por mais tempo do que o indicado no rótulo, a menos que indicado por um médico. A absorção de **TYLENOL[® ]** é mais rápida se você estiver em jejum. Os alimentos podem afetar a velocidade da absorção, mas não a quantidade absorvida do medicamento. A interferência do paracetamol na metabolização de outros medicamentos e a influência destes medicamentos na ação e na toxicidade do paracetamol, em geral, não são relevantes. **Consulte seu médico antes de utilizar este medicamento se você está tomando flucloxacilina (penicilina - um antibiótico), varfarina (anticoagulante) ou outros derivados cumarínicos.** **Informe ao seu médico ou cirurgião-dentista se você está fazendo uso de algum outro medicamento.** **5.",
q030,medias_revisadas.csv:15,TYLENOL,medio,Quais cuidados especiais devem ser observados em pacientes com problemas no fígado antes de usar TYLENOL e por que esse cuidado é importante segundo a bula?,A bula orienta que pacientes com problemas no fígado consultem o médico antes de usar TYLENOL. Esse cuidado é importante porque a bula também alerta que não se deve tomar mais que a dose recomendada e que a superdose de paracetamol pode causar danos ao fígado.,matched,q030_ev04,supporting,2,"COMO DEVO USAR ESTE MEDICAMENTO?** Uso oral. Você deve tomar os comprimidos com líquido. O paracetamol pode ser administrado independentemente das refeições. ## **Adultos e crianças acima de 12 anos:** **TYLENOL[® ] 500 mg:** 1 a 2 comprimidos, 3 a 4 vezes ao dia. **TYLENOL[® ] 750 mg:** 1 comprimido, 3 a 5 vezes ao dia. A dose diária máxima recomendada de paracetamol é de 4000 mg ( **8 comprimidos de TYLENOL[® ] 500 mg ou 5 comprimidos de TYLENOL® 750 mg** ) administrada em doses fracionadas, não excedendo 1000 mg...",4,chunk_d4d5a2d20ab2,leaf_1d4d2acf0a65,sec_1646f2946e08,dosage,0,high,sobreposição semântica/lexical com pergunta e resposta esperada,"COMO DEVO USAR ESTE MEDICAMENTO?** Uso oral. Você deve tomar os comprimidos com líquido. O paracetamol pode ser administrado independentemente das refeições. ## **Adultos e crianças acima de 12 anos:** **TYLENOL[® ] 500 mg:** 1 a 2 comprimidos, 3 a 4 vezes ao dia. **TYLENOL[® ] 750 mg:** 1 comprimido, 3 a 5 vezes ao dia. A dose diária máxima recomendada de paracetamol é de 4000 mg ( **8 comprimidos de TYLENOL[® ] 500 mg ou 5 comprimidos de TYLENOL® 750 mg** ) administrada em doses fracionadas, não excedendo 1000 mg/dose ( **2 comprimidos de TYLENOL[® ] 500 mg ou 1 comprimido de TYLENOL[® ] 750 mg** ), em intervalos de 4 a 6 horas, em um período de 24 horas. **Duração do tratamento:** depende do desaparecimento dos sintomas. **Este medicamento não pode ser partido, aberto ou mastigado.** **Siga corretamente o modo de usar. Em caso de dúvidas sobre este medicamento, procure orientação do farmacêutico. Não desaparecendo os sintomas, procure orientação médica ou de seu cirurgião-dentista.** ## **7.",
q031,dificeis_revisadas.csv:1,AMOXIL,dificil,"Em um paciente que usa varfarina e apresenta insuficiência renal moderada, quais cuidados a bula orienta quanto ao anticoagulante e como a posologia de Amoxil deve ser ajustada? Explique a relação entre eliminação renal e necessidade de ajuste.","A bula orienta informar o médico sobre o uso de anticoagulantes como varfarina; o médico fará monitoramento e, se necessário, poderá ajustar a dose dos anticoagulantes. Em insuficiência renal moderada, a dose máxima para adultos e crianças acima de 40 kg é 500 mg duas vezes ao dia, de 12 em 12 horas, porque na insuficiência renal a eliminação do antibiótico é mais lenta e a dose diária total pode precisar ser reduzida.",matched,q031_ev01,essential,3,"...ntentionally omitted <==** ## Modelo de Texto de Bula – Pacientes Amoxil[®] Pó para suspensão oral - se você apresenta febre glandular. - se você toma medicamentos usados para prevenir coágulos sanguíneos (anticoagulantes), tais como varfarina, o seu médico fará um monitoramento e, se necessário, poderá sugerir ajustes na dose dos anticoagulantes. - se você apresenta problema nos rins. - se você não estiver urinando regularmente. - se você já teve diarreia durante ou após o uso de antibióticos. O uso prolongado tam...",1,chunk_e3c9fe99e5cd,leaf_d76f76b8b2f4,sec_5c572d7c146d,warning_precaution,0,high,seção esperada; sobreposição semântica/lexical com pergunta e resposta esperada,"O QUE DEVO SABER ANTES DE USAR ESTE MEDICAMENTO?** **Amoxil**[] suspensão contém aspartamo, que é fonte de fenilalanina e deve ser usado com cautela em pacientes com fenilcetonúria. Informe seu médico caso você tenha uma doença chamada fenilcetonúria. Antes de iniciar o tratamento com **Amoxil**[] , informe seu médico: - se você já apresentou reação alérgica a algum antibiótico. Isso pode incluir reações na pele ou inchaço na face ou pescoço ou dores no peito. 1 **==> picture [86 x 28] intentionally omitted <==** ## Modelo de Texto de Bula – Pacientes Amoxil[®] Pó para suspensão oral - se você apresenta febre glandular. - se você toma medicamentos usados para prevenir coágulos sanguíneos (anticoagulantes), tais como varfarina, o seu médico fará um monitoramento e, se necessário, poderá sugerir ajustes na dose dos anticoagulantes. - se você apresenta problema nos rins. - se você não estiver urinando regularmente. - se você já teve diarreia durante ou após o uso de antibióticos. O uso prolongado também pode resultar, ocasionalmente, em supercrescimento de microrganismos resistentes a **Amoxil[®]** . **Amoxil[®]** pode piorar algumas condições existentes ou causar efeitos colaterais graves, como reações alérgicas severas, reações cutâneas severas, dor no peito, vômitos repetitivos dentro de 1 a 4 horas após a administração de **Amoxil[®]** ou diarreia grave (colite pseudomembranosa). Você deve estar atento a determinados sintomas enquanto estiver recebendo **Amoxil[®]** para ajudar a reduzir o risco de quaisquer problemas.",
q031,dificeis_revisadas.csv:1,AMOXIL,dificil,"Em um paciente que usa varfarina e apresenta insuficiência renal moderada, quais cuidados a bula orienta quanto ao anticoagulante e como a posologia de Amoxil deve ser ajustada? Explique a relação entre eliminação renal e necessidade de ajuste.","A bula orienta informar o médico sobre o uso de anticoagulantes como varfarina; o médico fará monitoramento e, se necessário, poderá ajustar a dose dos anticoagulantes. Em insuficiência renal moderada, a dose máxima para adultos e crianças acima de 40 kg é 500 mg duas vezes ao dia, de 12 em 12 horas, porque na insuficiência renal a eliminação do antibiótico é mais lenta e a dose diária total pode precisar ser reduzida.",matched,q031_ev02,essential,3,"...50 mg/kg/dia em doses divididas (de 8 em 8 horas), até um máximo de 150 mg/kg/dia em doses divididas. ## **Pacientes com insuficiência renal (dos rins)** Na insuficiência renal, a eliminação do antibiótico é mais lenta. Conforme o grau dessa condição, seu médico pode indicar a redução da dose diária total de acordo com o esquema descrito a seguir. Adultos e crianças acima de 40 kg - insuficiência leve: nenhuma alteração de dose; - insuficiência moderada: máximo de 500 mg duas vezes ao dia (de 12 em 12 horas); - ins...",2,chunk_e88b1f4c2667,leaf_d76f76b8b2f4,sec_8896cdffa974,dosage,2,high,seção esperada; sobreposição semântica/lexical com pergunta e resposta esperada,"robiano (por exemplo claritromicina, metronidazol), por 7 dias. ## **Dose para crianças abaixo de 40 kg** Dose padrão para crianças: 20 a 50 mg/kg/dia em doses divididas (de 8 em 8 horas), até um máximo de 150 mg/kg/dia em doses divididas. ## **Pacientes com insuficiência renal (dos rins)** Na insuficiência renal, a eliminação do antibiótico é mais lenta. Conforme o grau dessa condição, seu médico pode indicar a redução da dose diária total de acordo com o esquema descrito a seguir. Adultos e crianças acima de 40 kg - insuficiência leve: nenhuma alteração de dose; - insuficiência moderada: máximo de 500 mg duas vezes ao dia (de 12 em 12 horas); - insuficiência grave: máximo de 500 mg uma vez ao dia. Crianças abaixo de 40 kg - insuficiência leve: nenhuma alteração de dose; - insuficiência moderada: 15 mg/kg duas vezes ao dia (de 12/12 horas); (no máximo de 500mg duas vezes ao dia); - insuficiência grave: 15 mg/kg uma vez ao dia. (no máximo de 500mg). ## **Pacientes que recebem diálise peritoneal** Usa-se a mesma posologia indicada para pacientes com insuficiência renal grave. A diálise peritoneal (processo de limpeza das substâncias tóxicas do organismo através do peritônio, membrana que envolve o abdômen) não remove a amoxicilina do corpo. ## **Pacientes que recebem hemodiálise** Usa-se a mesma posologia indicada para pacientes com insuficiência renal grave.",
q031,dificeis_revisadas.csv:1,AMOXIL,dificil,"Em um paciente que usa varfarina e apresenta insuficiência renal moderada, quais cuidados a bula orienta quanto ao anticoagulante e como a posologia de Amoxil deve ser ajustada? Explique a relação entre eliminação renal e necessidade de ajuste.","A bula orienta informar o médico sobre o uso de anticoagulantes como varfarina; o médico fará monitoramento e, se necessário, poderá ajustar a dose dos anticoagulantes. Em insuficiência renal moderada, a dose máxima para adultos e crianças acima de 40 kg é 500 mg duas vezes ao dia, de 12 em 12 horas, porque na insuficiência renal a eliminação do antibiótico é mais lenta e a dose diária total pode precisar ser reduzida.",matched,q031_ev03,essential,3,"...oras), em associação com um medicamento conhecido como inibidor da bomba de prótons (exemplo: omeprazol, lanzoprazol) e outro agente antimicrobiano (por exemplo claritromicina, metronidazol), por 7 dias. ## **Pacientes com insuficiência renal (dos rins)** Na insuficiência renal, a eliminação do antibiótico é mais lenta. Conforme o grau dessa condição, seu médico pode indicar a redução da dose diária total de acordo com o esquema descrito a seguir. Adultos e crianças acima de 40 kg - insuficiência leve: nenhuma alte...",3,chunk_05bc48672ff1,leaf_0ee4a572a9d5,sec_70be16f94d2d,dosage,1,high,seção esperada; sobreposição semântica/lexical com pergunta e resposta esperada,"g ao dia em doses divididas): recomenda-se uma dose de 3 g (seis cápsulas) duas vezes ao dia (de 12 em 12 horas) em casos que requerem tratamento de infecção respiratória purulenta (com a presença de pus) grave ou recorrente. ## **- Tratamento de curta duração (gonorreia): dose única de 3 g.** **Erradicação de** _**Helicobacter pylori:**_ para combater o _Helicobacter_ (bactéria que ataca o estômago e o duodeno), recomenda-se o uso de Amoxil[®] no esquema de 1 g duas vezes ao dia (de 12 em 12 horas), em associação com um medicamento conhecido como inibidor da bomba de prótons (exemplo: omeprazol, lanzoprazol) e outro agente antimicrobiano (por exemplo claritromicina, metronidazol), por 7 dias. ## **Pacientes com insuficiência renal (dos rins)** Na insuficiência renal, a eliminação do antibiótico é mais lenta. Conforme o grau dessa condição, seu médico pode indicar a redução da dose diária total de acordo com o esquema descrito a seguir. Adultos e crianças acima de 40 kg - insuficiência leve: nenhuma alteração de dose; - insuficiência moderada: máximo de 500 mg (uma cápsula) duas vezes ao dia (de 12 em 12 horas); - insuficiência grave: máximo de 500 mg (uma cápsula) ao dia. 3 **==> picture [87 x 28] intentionally omitted <==** ## Modelo de Texto de Bula – Pacientes Amoxil[®] Cápsulas ## **Pacientes que recebem diálise peritoneal**",
q031,dificeis_revisadas.csv:1,AMOXIL,dificil,"Em um paciente que usa varfarina e apresenta insuficiência renal moderada, quais cuidados a bula orienta quanto ao anticoagulante e como a posologia de Amoxil deve ser ajustada? Explique a relação entre eliminação renal e necessidade de ajuste.","A bula orienta informar o médico sobre o uso de anticoagulantes como varfarina; o médico fará monitoramento e, se necessário, poderá ajustar a dose dos anticoagulantes. Em insuficiência renal moderada, a dose máxima para adultos e crianças acima de 40 kg é 500 mg duas vezes ao dia, de 12 em 12 horas, porque na insuficiência renal a eliminação do antibiótico é mais lenta e a dose diária total pode precisar ser reduzida.",matched,q031_ev04,supporting,2,"...ntes com insuficiência renal grave. A diálise peritoneal (processo de limpeza das substâncias tóxicas do organismo através do peritônio, membrana que envolve o abdômen) não remove a amoxicilina do corpo. ## **Pacientes que recebem hemodiálise** Usa-se a mesma posologia indicada para pacientes com insuficiência renal grave. A amoxicilina é removida do sangue por hemodiálise (processo que substitui os rins na filtragem sanguínea). Portanto, uma dose adicional (500 mg para adultos e crianças acima de 40kg ou 15 mg/kg...",4,chunk_920654c7064a,leaf_0ee4a572a9d5,sec_70be16f94d2d,dosage,2,high,seção esperada; sobreposição semântica/lexical com pergunta e resposta esperada,"imo de 500 mg (uma cápsula) duas vezes ao dia (de 12 em 12 horas); - insuficiência grave: máximo de 500 mg (uma cápsula) ao dia. 3 **==> picture [87 x 28] intentionally omitted <==** ## Modelo de Texto de Bula – Pacientes Amoxil[®] Cápsulas ## **Pacientes que recebem diálise peritoneal** Usa-se a mesma posologia indicada para pacientes com insuficiência renal grave. A diálise peritoneal (processo de limpeza das substâncias tóxicas do organismo através do peritônio, membrana que envolve o abdômen) não remove a amoxicilina do corpo. ## **Pacientes que recebem hemodiálise** Usa-se a mesma posologia indicada para pacientes com insuficiência renal grave. A amoxicilina é removida do sangue por hemodiálise (processo que substitui os rins na filtragem sanguínea). Portanto, uma dose adicional (500 mg para adultos e crianças acima de 40kg ou 15 mg/kg para crianças abaixo de 40 kg) pode ser administrada durante e no final de cada diálise. Seu médico poderá indicar tratamento por via parenteral (feito com aplicação de injeções intravenosas, intramusculares ou subcutâneas) nos casos em que a via oral for considerada inadequada (particularmente nos tratamentos urgentes de infecções graves). Conforme o grau de insuficiência renal, talvez seu médico ache necessário reduzir a dose diária total. **Siga a orientação de seu médico, respeitando sempre os horários, as doses e a duração do tratamento. Não interrompa o tratamento sem o conhecimento de seu médico. Este medicamento não deve ser partido ou mastigado.** ## **7.",
q031,dificeis_revisadas.csv:1,AMOXIL,dificil,"Em um paciente que usa varfarina e apresenta insuficiência renal moderada, quais cuidados a bula orienta quanto ao anticoagulante e como a posologia de Amoxil deve ser ajustada? Explique a relação entre eliminação renal e necessidade de ajuste.","A bula orienta informar o médico sobre o uso de anticoagulantes como varfarina; o médico fará monitoramento e, se necessário, poderá ajustar a dose dos anticoagulantes. Em insuficiência renal moderada, a dose máxima para adultos e crianças acima de 40 kg é 500 mg duas vezes ao dia, de 12 em 12 horas, porque na insuficiência renal a eliminação do antibiótico é mais lenta e a dose diária total pode precisar ser reduzida.",matched,q031_ev05,supporting,2,"...a de 40 kg** Dose padrão: 250 mg três vezes ao dia (de 8 em 8 horas), podendo ser aumentada para 500 mg três vezes ao dia (de 8 em 8 horas) nas infecções mais graves. ## **Tratamento com dosagem alta (máximo recomendável de 6 g ao dia em doses divididas)** Recomenda-se uma dose de 3g duas vezes ao dia (de 12 em 12 horas) nos casos que requerem tratamento de infecção respiratória purulenta (com a presença de pus) grave ou recorrente. ## **Tratamento de curta duração** Gonorreia: dose única de 3 g. ## **Erradicação d...",5,chunk_c0033b15fe08,leaf_d76f76b8b2f4,sec_8896cdffa974,dosage,1,high,seção esperada; sobreposição semântica/lexical com pergunta e resposta esperada,"servada em geladeira (entre 2[o] C e 8[o] C). ## **Agite a suspensão oral antes de usá-la.** 3 **==> picture [86 x 28] intentionally omitted <==** ## Modelo de Texto de Bula – Pacientes Amoxil[®] Pó para suspensão oral ## **Posologia** ## **Dose para adultos e crianças acima de 40 kg** Dose padrão: 250 mg três vezes ao dia (de 8 em 8 horas), podendo ser aumentada para 500 mg três vezes ao dia (de 8 em 8 horas) nas infecções mais graves. ## **Tratamento com dosagem alta (máximo recomendável de 6 g ao dia em doses divididas)** Recomenda-se uma dose de 3g duas vezes ao dia (de 12 em 12 horas) nos casos que requerem tratamento de infecção respiratória purulenta (com a presença de pus) grave ou recorrente. ## **Tratamento de curta duração** Gonorreia: dose única de 3 g. ## **Erradicação de** _**Helicobacter pylori**_ **em úlcera péptica (no duodeno ou no estômago)** Para combater o _Helicobacter_ (bactéria que ataca o estômago e o duodeno), recomenda-se o uso de **Amoxil[®]** no esquema de 750 mg a 1 g duas vezes ao dia, em associação com um inibidor da bomba de prótons (exemplo: omeprazol, lanzoprazol) e outro agente antimicrobiano (por exemplo claritromicina, metronidazol), por 7 dias. ## **Dose para crianças abaixo de 40 kg** Dose padrão para crianças: 20 a 50 mg/kg/dia em doses divididas (de 8 em 8 horas), até um máximo de 150 mg/kg/dia em doses divididas. ## **Pacientes com insuficiência renal (dos rins)**",
q032,dificeis_revisadas.csv:2,AMOXIL,dificil,"Em pacientes com insuficiência renal grave submetidos a diálise peritoneal ou hemodiálise, como a bula diferencia o manejo posológico de Amoxil e qual é a justificativa relacionada à remoção da amoxicilina?","Para diálise peritoneal, usa-se a mesma posologia indicada para insuficiência renal grave, e a bula informa que a diálise peritoneal não remove a amoxicilina do corpo. Para hemodiálise, também se usa a posologia de insuficiência renal grave, mas a amoxicilina é removida do sangue por hemodiálise; por isso, uma dose adicional de 500 mg para adultos e crianças acima de 40 kg, ou 15 mg/kg para crianças abaixo de 40 kg, pode ser administrada durante e ao final de cada diálise.",matched,q032_ev01,essential,3,"imo de 500 mg (uma cápsula) duas vezes ao dia (de 12 em 12 horas); - insuficiência grave: máximo de 500 mg (uma cápsula) ao dia. 3 **==> picture [87 x 28] intentionally omitted <==** ## Modelo de Texto de Bula – Pacientes Amoxil[®] Cápsulas ## **Pacientes que recebem diálise peritoneal** Usa-se a mesma posologia indicada para pacientes com insuficiência renal grave. A diálise peritoneal (processo de limpeza das substâncias tóxicas do organismo através do peritônio, membrana que envolve o abdômen) não remove a amoxi...",1,chunk_920654c7064a,leaf_0ee4a572a9d5,sec_70be16f94d2d,dosage,2,high,seção esperada; sobreposição semântica/lexical com pergunta e resposta esperada,"imo de 500 mg (uma cápsula) duas vezes ao dia (de 12 em 12 horas); - insuficiência grave: máximo de 500 mg (uma cápsula) ao dia. 3 **==> picture [87 x 28] intentionally omitted <==** ## Modelo de Texto de Bula – Pacientes Amoxil[®] Cápsulas ## **Pacientes que recebem diálise peritoneal** Usa-se a mesma posologia indicada para pacientes com insuficiência renal grave. A diálise peritoneal (processo de limpeza das substâncias tóxicas do organismo através do peritônio, membrana que envolve o abdômen) não remove a amoxicilina do corpo. ## **Pacientes que recebem hemodiálise** Usa-se a mesma posologia indicada para pacientes com insuficiência renal grave. A amoxicilina é removida do sangue por hemodiálise (processo que substitui os rins na filtragem sanguínea). Portanto, uma dose adicional (500 mg para adultos e crianças acima de 40kg ou 15 mg/kg para crianças abaixo de 40 kg) pode ser administrada durante e no final de cada diálise. Seu médico poderá indicar tratamento por via parenteral (feito com aplicação de injeções intravenosas, intramusculares ou subcutâneas) nos casos em que a via oral for considerada inadequada (particularmente nos tratamentos urgentes de infecções graves). Conforme o grau de insuficiência renal, talvez seu médico ache necessário reduzir a dose diária total. **Siga a orientação de seu médico, respeitando sempre os horários, as doses e a duração do tratamento. Não interrompa o tratamento sem o conhecimento de seu médico. Este medicamento não deve ser partido ou mastigado.** ## **7.",
q032,dificeis_revisadas.csv:2,AMOXIL,dificil,"Em pacientes com insuficiência renal grave submetidos a diálise peritoneal ou hemodiálise, como a bula diferencia o manejo posológico de Amoxil e qual é a justificativa relacionada à remoção da amoxicilina?","Para diálise peritoneal, usa-se a mesma posologia indicada para insuficiência renal grave, e a bula informa que a diálise peritoneal não remove a amoxicilina do corpo. Para hemodiálise, também se usa a posologia de insuficiência renal grave, mas a amoxicilina é removida do sangue por hemodiálise; por isso, uma dose adicional de 500 mg para adultos e crianças acima de 40 kg, ou 15 mg/kg para crianças abaixo de 40 kg, pode ser administrada durante e ao final de cada diálise.",matched,q032_ev02,essential,3,"ave. A diálise peritoneal (processo de limpeza das substâncias tóxicas do organismo através do peritônio, membrana que envolve o abdômen) não remove a amoxicilina do corpo. ## **Pacientes que recebem hemodiálise** Usa-se a mesma posologia indicada para pacientes com insuficiência renal grave. A amoxicilina é removida do sangue por hemodiálise (processo que substitui os rins na filtragem sanguínea). Portanto, uma dose adicional (500 mg para adultos e crianças acima de 40kg ou 15 mg/kg para crianças abaixo de 40 kg)...",2,chunk_619626ac8cd4,leaf_d76f76b8b2f4,sec_8896cdffa974,dosage,3,high,seção esperada; sobreposição semântica/lexical com pergunta e resposta esperada,"ave. A diálise peritoneal (processo de limpeza das substâncias tóxicas do organismo através do peritônio, membrana que envolve o abdômen) não remove a amoxicilina do corpo. ## **Pacientes que recebem hemodiálise** Usa-se a mesma posologia indicada para pacientes com insuficiência renal grave. A amoxicilina é removida do sangue por hemodiálise (processo que substitui os rins na filtragem sanguínea). Portanto, uma dose adicional (500 mg para adultos e crianças acima de 40kg ou 15 mg/kg para crianças abaixo de 40 kg) pode ser administrada durante e no final de cada diálise. Seu médico poderá indicar tratamento por via parenteral (feito com aplicação de injeções intravenosas, intramusculares ou subcutâneas) nos casos em que a via oral for considerada inadequada (particularmente nos tratamentos urgentes de infecções graves). Conforme o grau de insuficiência renal, talvez seu médico ache necessário reduzir a dose diária total. 4 **==> picture [86 x 28] intentionally omitted <==** ## Modelo de Texto de Bula – Pacientes Amoxil[®] Pó para suspensão oral ## **Siga a orientação de seu médico, respeitando sempre os horários, as doses e a duração do tratamento. Não interrompa o tratamento sem o conhecimento de seu médico.** ## **7.",
q032,dificeis_revisadas.csv:2,AMOXIL,dificil,"Em pacientes com insuficiência renal grave submetidos a diálise peritoneal ou hemodiálise, como a bula diferencia o manejo posológico de Amoxil e qual é a justificativa relacionada à remoção da amoxicilina?","Para diálise peritoneal, usa-se a mesma posologia indicada para insuficiência renal grave, e a bula informa que a diálise peritoneal não remove a amoxicilina do corpo. Para hemodiálise, também se usa a posologia de insuficiência renal grave, mas a amoxicilina é removida do sangue por hemodiálise; por isso, uma dose adicional de 500 mg para adultos e crianças acima de 40 kg, ou 15 mg/kg para crianças abaixo de 40 kg, pode ser administrada durante e ao final de cada diálise.",matched,q032_ev03,supporting,2,...ima de 40 kg - insuficiência leve: nenhuma alteração de dose; - insuficiência moderada: máximo de 500 mg duas vezes ao dia (de 12 em 12 horas); - insuficiência grave: máximo de 500 mg uma vez ao dia. Crianças abaixo de 40 kg - insuficiência leve: nenhuma alteração de dose; - insuficiência moderada: 15 mg/kg duas vezes ao dia (de 12/12 horas); (no máximo de 500mg duas vezes ao dia); - insuficiência grave: 15 mg/kg uma vez ao dia. (no máximo de 500mg). ## **Pacientes que recebem diálise peritoneal** Usa-se a mesma po...,3,chunk_e88b1f4c2667,leaf_d76f76b8b2f4,sec_8896cdffa974,dosage,2,high,seção esperada; sobreposição semântica/lexical com pergunta e resposta esperada,"robiano (por exemplo claritromicina, metronidazol), por 7 dias. ## **Dose para crianças abaixo de 40 kg** Dose padrão para crianças: 20 a 50 mg/kg/dia em doses divididas (de 8 em 8 horas), até um máximo de 150 mg/kg/dia em doses divididas. ## **Pacientes com insuficiência renal (dos rins)** Na insuficiência renal, a eliminação do antibiótico é mais lenta. Conforme o grau dessa condição, seu médico pode indicar a redução da dose diária total de acordo com o esquema descrito a seguir. Adultos e crianças acima de 40 kg - insuficiência leve: nenhuma alteração de dose; - insuficiência moderada: máximo de 500 mg duas vezes ao dia (de 12 em 12 horas); - insuficiência grave: máximo de 500 mg uma vez ao dia. Crianças abaixo de 40 kg - insuficiência leve: nenhuma alteração de dose; - insuficiência moderada: 15 mg/kg duas vezes ao dia (de 12/12 horas); (no máximo de 500mg duas vezes ao dia); - insuficiência grave: 15 mg/kg uma vez ao dia. (no máximo de 500mg). ## **Pacientes que recebem diálise peritoneal** Usa-se a mesma posologia indicada para pacientes com insuficiência renal grave. A diálise peritoneal (processo de limpeza das substâncias tóxicas do organismo através do peritônio, membrana que envolve o abdômen) não remove a amoxicilina do corpo. ## **Pacientes que recebem hemodiálise** Usa-se a mesma posologia indicada para pacientes com insuficiência renal grave.",
q032,dificeis_revisadas.csv:2,AMOXIL,dificil,"Em pacientes com insuficiência renal grave submetidos a diálise peritoneal ou hemodiálise, como a bula diferencia o manejo posológico de Amoxil e qual é a justificativa relacionada à remoção da amoxicilina?","Para diálise peritoneal, usa-se a mesma posologia indicada para insuficiência renal grave, e a bula informa que a diálise peritoneal não remove a amoxicilina do corpo. Para hemodiálise, também se usa a posologia de insuficiência renal grave, mas a amoxicilina é removida do sangue por hemodiálise; por isso, uma dose adicional de 500 mg para adultos e crianças acima de 40 kg, ou 15 mg/kg para crianças abaixo de 40 kg, pode ser administrada durante e ao final de cada diálise.",matched,q032_ev04,supporting,2,"...ente antimicrobiano (por exemplo claritromicina, metronidazol), por 7 dias. ## **Pacientes com insuficiência renal (dos rins)** Na insuficiência renal, a eliminação do antibiótico é mais lenta. Conforme o grau dessa condição, seu médico pode indicar a redução da dose diária total de acordo com o esquema descrito a seguir. Adultos e crianças acima de 40 kg - insuficiência leve: nenhuma alteração de dose; - insuficiência moderada: máximo de 500 mg (uma cápsula) duas vezes ao dia (de 12 em 12 horas); - insuficiência g...",4,chunk_05bc48672ff1,leaf_0ee4a572a9d5,sec_70be16f94d2d,dosage,1,high,seção esperada; sobreposição semântica/lexical com pergunta e resposta esperada,"g ao dia em doses divididas): recomenda-se uma dose de 3 g (seis cápsulas) duas vezes ao dia (de 12 em 12 horas) em casos que requerem tratamento de infecção respiratória purulenta (com a presença de pus) grave ou recorrente. ## **- Tratamento de curta duração (gonorreia): dose única de 3 g.** **Erradicação de** _**Helicobacter pylori:**_ para combater o _Helicobacter_ (bactéria que ataca o estômago e o duodeno), recomenda-se o uso de Amoxil[®] no esquema de 1 g duas vezes ao dia (de 12 em 12 horas), em associação com um medicamento conhecido como inibidor da bomba de prótons (exemplo: omeprazol, lanzoprazol) e outro agente antimicrobiano (por exemplo claritromicina, metronidazol), por 7 dias. ## **Pacientes com insuficiência renal (dos rins)** Na insuficiência renal, a eliminação do antibiótico é mais lenta. Conforme o grau dessa condição, seu médico pode indicar a redução da dose diária total de acordo com o esquema descrito a seguir. Adultos e crianças acima de 40 kg - insuficiência leve: nenhuma alteração de dose; - insuficiência moderada: máximo de 500 mg (uma cápsula) duas vezes ao dia (de 12 em 12 horas); - insuficiência grave: máximo de 500 mg (uma cápsula) ao dia. 3 **==> picture [87 x 28] intentionally omitted <==** ## Modelo de Texto de Bula – Pacientes Amoxil[®] Cápsulas ## **Pacientes que recebem diálise peritoneal**",
q033,dificeis_revisadas.csv:3,AMOXIL,dificil,"Ao escolher entre cápsulas e suspensão oral de Amoxil para um paciente com fenilcetonúria e histórico de reações alérgicas, quais componentes da formulação exigem cautela e como esses alertas diferem entre as apresentações?","Na suspensão oral, a bula informa que há aspartamo, fonte de fenilalanina, devendo ser usado com cautela em pacientes com fenilcetonúria; também informa que contém benzoato de sódio, que pode causar reações alérgicas, como asma, especialmente em pessoas alérgicas ao ácido acetilsalicílico. Nas cápsulas, a bula alerta para corantes como vermelho de eritrosina, azul de indigotina, dióxido de titânio e óxido de ferro amarelo, que podem eventualmente causar reações alérgicas. Assim, a avaliação depende da apresentação e do tipo de risco do paciente.",matched,q033_ev01,essential,3,"...TO** **Amoxil**[] amoxicilina ## **APRESENTAÇÕES** Cápsulas de 500 mg em embalagem com 15, 21 ou 30 unidades. ## **USO ORAL** ## **USO ADULTO E PEDIÁTRICO (ACIMA DE 40 KG)** ## **COMPOSIÇÃO** Cada cápsula contém: amoxicilina ................................................................................................................................................................ 500 mg (equivalentes a 575 mg de amoxicilina tri-hidratada) Excipiente[1] q.s.p. .......................................................",1,chunk_381105994f64,leaf_0ee4a572a9d5,sec_1d6c2dc3e760,identification,0,high,seção esperada; apresentação/formulação mencionada; sobreposição semântica/lexical com pergunta e resposta esperada,"IDENTIFICAÇÃO DO MEDICAMENTO** **Amoxil**[] amoxicilina ## **APRESENTAÇÕES** Cápsulas de 500 mg em embalagem com 15, 21 ou 30 unidades. ## **USO ORAL** ## **USO ADULTO E PEDIÁTRICO (ACIMA DE 40 KG)** ## **COMPOSIÇÃO** Cada cápsula contém: amoxicilina ................................................................................................................................................................ 500 mg (equivalentes a 575 mg de amoxicilina tri-hidratada) Excipiente[1] q.s.p. .................................................................................................................................................... 1 cápsula - 1Excipiente: estearato de magnésio. Composição da cápsula: gelatina, vermelho de eritrosina, azul de indigotina, dióxido de titânio, óxido de ferro amarelo. ## **II) INFORMAÇÕES AO PACIENTE** ## **1.",
q033,dificeis_revisadas.csv:3,AMOXIL,dificil,"Ao escolher entre cápsulas e suspensão oral de Amoxil para um paciente com fenilcetonúria e histórico de reações alérgicas, quais componentes da formulação exigem cautela e como esses alertas diferem entre as apresentações?","Na suspensão oral, a bula informa que há aspartamo, fonte de fenilalanina, devendo ser usado com cautela em pacientes com fenilcetonúria; também informa que contém benzoato de sódio, que pode causar reações alérgicas, como asma, especialmente em pessoas alérgicas ao ácido acetilsalicílico. Nas cápsulas, a bula alerta para corantes como vermelho de eritrosina, azul de indigotina, dióxido de titânio e óxido de ferro amarelo, que podem eventualmente causar reações alérgicas. Assim, a avaliação depende da apresentação e do tipo de risco do paciente.",matched,q033_ev02,essential,3,"...TO** **Amoxil**[] amoxicilina ## **APRESENTAÇÕES** Cápsulas de 500 mg em embalagem com 15, 21 ou 30 unidades. ## **USO ORAL** ## **USO ADULTO E PEDIÁTRICO (ACIMA DE 40 KG)** ## **COMPOSIÇÃO** Cada cápsula contém: amoxicilina ................................................................................................................................................................ 500 mg (equivalentes a 575 mg de amoxicilina tri-hidratada) Excipiente[1] q.s.p. .......................................................",2,chunk_381105994f64,leaf_0ee4a572a9d5,sec_1d6c2dc3e760,identification,0,high,seção esperada; apresentação/formulação mencionada; sobreposição semântica/lexical com pergunta e resposta esperada,"IDENTIFICAÇÃO DO MEDICAMENTO** **Amoxil**[] amoxicilina ## **APRESENTAÇÕES** Cápsulas de 500 mg em embalagem com 15, 21 ou 30 unidades. ## **USO ORAL** ## **USO ADULTO E PEDIÁTRICO (ACIMA DE 40 KG)** ## **COMPOSIÇÃO** Cada cápsula contém: amoxicilina ................................................................................................................................................................ 500 mg (equivalentes a 575 mg de amoxicilina tri-hidratada) Excipiente[1] q.s.p. .................................................................................................................................................... 1 cápsula - 1Excipiente: estearato de magnésio. Composição da cápsula: gelatina, vermelho de eritrosina, azul de indigotina, dióxido de titânio, óxido de ferro amarelo. ## **II) INFORMAÇÕES AO PACIENTE** ## **1.",
q033,dificeis_revisadas.csv:3,AMOXIL,dificil,"Ao escolher entre cápsulas e suspensão oral de Amoxil para um paciente com fenilcetonúria e histórico de reações alérgicas, quais componentes da formulação exigem cautela e como esses alertas diferem entre as apresentações?","Na suspensão oral, a bula informa que há aspartamo, fonte de fenilalanina, devendo ser usado com cautela em pacientes com fenilcetonúria; também informa que contém benzoato de sódio, que pode causar reações alérgicas, como asma, especialmente em pessoas alérgicas ao ácido acetilsalicílico. Nas cápsulas, a bula alerta para corantes como vermelho de eritrosina, azul de indigotina, dióxido de titânio e óxido de ferro amarelo, que podem eventualmente causar reações alérgicas. Assim, a avaliação depende da apresentação e do tipo de risco do paciente.",matched,q033_ev03,essential,3,"O QUE DEVO SABER ANTES DE USAR ESTE MEDICAMENTO?** **Amoxil**[] suspensão contém aspartamo, que é fonte de fenilalanina e deve ser usado com cautela em pacientes com fenilcetonúria. Informe seu médico caso você tenha uma doença chamada fenilcetonúria. Antes de iniciar o tratamento com **Amoxil**[] , informe seu médico: - se você já apresentou reação alérgica a algum antibiótico. Isso pode incluir reações na pele ou inchaço na face ou pescoço ou dores no peito. 1 **==> picture [86 x 28] intentionally omitted <==**...",3,chunk_e3c9fe99e5cd,leaf_d76f76b8b2f4,sec_5c572d7c146d,warning_precaution,0,high,seção esperada; apresentação/formulação mencionada; sobreposição semântica/lexical com pergunta e resposta esperada,"O QUE DEVO SABER ANTES DE USAR ESTE MEDICAMENTO?** **Amoxil**[] suspensão contém aspartamo, que é fonte de fenilalanina e deve ser usado com cautela em pacientes com fenilcetonúria. Informe seu médico caso você tenha uma doença chamada fenilcetonúria. Antes de iniciar o tratamento com **Amoxil**[] , informe seu médico: - se você já apresentou reação alérgica a algum antibiótico. Isso pode incluir reações na pele ou inchaço na face ou pescoço ou dores no peito. 1 **==> picture [86 x 28] intentionally omitted <==** ## Modelo de Texto de Bula – Pacientes Amoxil[®] Pó para suspensão oral - se você apresenta febre glandular. - se você toma medicamentos usados para prevenir coágulos sanguíneos (anticoagulantes), tais como varfarina, o seu médico fará um monitoramento e, se necessário, poderá sugerir ajustes na dose dos anticoagulantes. - se você apresenta problema nos rins. - se você não estiver urinando regularmente. - se você já teve diarreia durante ou após o uso de antibióticos. O uso prolongado também pode resultar, ocasionalmente, em supercrescimento de microrganismos resistentes a **Amoxil[®]** . **Amoxil[®]** pode piorar algumas condições existentes ou causar efeitos colaterais graves, como reações alérgicas severas, reações cutâneas severas, dor no peito, vômitos repetitivos dentro de 1 a 4 horas após a administração de **Amoxil[®]** ou diarreia grave (colite pseudomembranosa). Você deve estar atento a determinados sintomas enquanto estiver recebendo **Amoxil[®]** para ajudar a reduzir o risco de quaisquer problemas.",
q033,dificeis_revisadas.csv:3,AMOXIL,dificil,"Ao escolher entre cápsulas e suspensão oral de Amoxil para um paciente com fenilcetonúria e histórico de reações alérgicas, quais componentes da formulação exigem cautela e como esses alertas diferem entre as apresentações?","Na suspensão oral, a bula informa que há aspartamo, fonte de fenilalanina, devendo ser usado com cautela em pacientes com fenilcetonúria; também informa que contém benzoato de sódio, que pode causar reações alérgicas, como asma, especialmente em pessoas alérgicas ao ácido acetilsalicílico. Nas cápsulas, a bula alerta para corantes como vermelho de eritrosina, azul de indigotina, dióxido de titânio e óxido de ferro amarelo, que podem eventualmente causar reações alérgicas. Assim, a avaliação depende da apresentação e do tipo de risco do paciente.",matched,q033_ev04,essential,3,...do em embalagem com frasco de 150 mL (250 mg/5 mL e 500 mg/5 mL) acompanhado de colher dosadora. ## **USO ORAL USO ADULTO E PEDIÁTRICO** ## **COMPOSIÇÃO** Cada dose de 5 mL de suspensão oral com 250 mg/5 mL contém: amoxicilina...................................................................................................................................................................250mg (equivalentes a 287 mg de amoxicilina tri-hidratada) veículo[*] q.s.p. .........................................................,4,chunk_ca122aa1e079,leaf_d76f76b8b2f4,sec_2aa96fc3ee1d,identification,0,high,seção esperada; apresentação/formulação mencionada; sobreposição semântica/lexical com pergunta e resposta esperada,"IDENTIFICAÇÃO DO MEDICAMENTO** **Amoxil**[] amoxicilina ## **APRESENTAÇÕES** **Amoxil**[] pó para suspensão oral é apresentado em embalagem com frasco de 150 mL (250 mg/5 mL e 500 mg/5 mL) acompanhado de colher dosadora. ## **USO ORAL USO ADULTO E PEDIÁTRICO** ## **COMPOSIÇÃO** Cada dose de 5 mL de suspensão oral com 250 mg/5 mL contém: amoxicilina...................................................................................................................................................................250mg (equivalentes a 287 mg de amoxicilina tri-hidratada) veículo[*] q.s.p. .................................................................................................................................................................5 mL Cada dose de 5 mL de suspensão oral com 500 mg/5 mL contém: amoxicilina..................................................................................................................................................................500 mg (equivalentes a 574 mg de amoxicilina tri-hidratada) veículo[*] q.s.p. .................................................................................................................................................................5 mL *Veículo: crospovidona, goma xantana, carmelose sódica, benzoato de sódio, sílica coloidal, estearato de magnésio, sabor de limão-pêssego-morango e aspartamo. ## **II) INFORMAÇÕES AO PACIENTE** ## **1.",
q033,dificeis_revisadas.csv:3,AMOXIL,dificil,"Ao escolher entre cápsulas e suspensão oral de Amoxil para um paciente com fenilcetonúria e histórico de reações alérgicas, quais componentes da formulação exigem cautela e como esses alertas diferem entre as apresentações?","Na suspensão oral, a bula informa que há aspartamo, fonte de fenilalanina, devendo ser usado com cautela em pacientes com fenilcetonúria; também informa que contém benzoato de sódio, que pode causar reações alérgicas, como asma, especialmente em pessoas alérgicas ao ácido acetilsalicílico. Nas cápsulas, a bula alerta para corantes como vermelho de eritrosina, azul de indigotina, dióxido de titânio e óxido de ferro amarelo, que podem eventualmente causar reações alérgicas. Assim, a avaliação depende da apresentação e do tipo de risco do paciente.",matched,q033_ev05,supporting,2,"...lérgicas, como asma, especialmente em pessoas alérgicas ao ácido acetilsalicílico.** ## **Uso em idosos, crianças e outros grupos de risco** As recomendações especiais se referem às dosagens . Não há contraindicação relativa a faixas etárias. ## **Interações medicamentosas** Alguns medicamentos podem causar efeitos indesejáveis se você os ingerir durante o tratamento com **Amoxil[®]** . Não deixe de avisar seu médico caso você esteja tomando: - medicamentos usados no tratamento de gota (probenecida ou alopurinol);...",5,chunk_621ddc66ac1b,leaf_d76f76b8b2f4,sec_5c572d7c146d,warning_precaution,2,high,seção esperada; apresentação/formulação mencionada; sobreposição semântica/lexical com pergunta e resposta esperada,"camento não interfere no aleitamento do bebê.** ## **Atenção: Contém fenilalanina.** **Este produto contém benzoato de sódio, que pode causar reações alérgicas, como asma, especialmente em pessoas alérgicas ao ácido acetilsalicílico.** ## **Uso em idosos, crianças e outros grupos de risco** As recomendações especiais se referem às dosagens . Não há contraindicação relativa a faixas etárias. ## **Interações medicamentosas** Alguns medicamentos podem causar efeitos indesejáveis se você os ingerir durante o tratamento com **Amoxil[®]** . Não deixe de avisar seu médico caso você esteja tomando: - medicamentos usados no tratamento de gota (probenecida ou alopurinol); - outros antibióticos; - pílulas anticoncepcionais (como acontece com outros antibióticos, talvez sejam necessárias precauções adicionais para evitar a gravidez); - anticoagulantes; - metotrexato (usado para tratar doenças como câncer e psoríase grave). A alimentação não interfere na ação de **Amoxil[®]** , que pode ser ingerido nas refeições. 2 **==> picture [86 x 28] intentionally omitted <==** ## Modelo de Texto de Bula – Pacientes Amoxil[®] Pó para suspensão oral **Informe seu médico ou cirurgião-dentista se você está fazendo uso de algum outro medicamento. Não use medicamento sem o conhecimento de seu médico. Pode ser perigoso para sua saúde.**",
q034,dificeis_revisadas.csv:4,AMOXIL,dificil,"Durante o uso de Amoxil, um paciente apresenta diarreia grave com sangue e cólicas abdominais, além de erupção cutânea com bolhas. Que eventos graves descritos na bula devem ser considerados e qual conduta a bula orienta diante de sinais alérgicos importantes?","A diarreia grave, possivelmente com sangue e acompanhada de cólicas, é compatível com colite associada a antibióticos descrita na bula. A erupção cutânea com bolhas pode corresponder a reações cutâneas graves, como eritema multiforme, necrólise epidérmica tóxica, síndrome de Stevens-Johnson, dermatite esfoliativa bolhosa, exantema pustuloso, doença IgA linear, DRESS ou SDRIFE. A bula alerta que Amoxil pode causar reações alérgicas severas e reações cutâneas severas; diante de sinais repentinos de alergia, como erupção, coceira, urticária, inchaço da face/lábios/língua, falta de ar ou problemas para respirar, o paciente deve parar de usar Amoxil e procurar socorro médico o mais rápido possível.",matched,q034_ev01,essential,3,"...toma medicamentos usados para prevenir coágulos sanguíneos (anticoagulantes), tais como varfarina, o seu médico fará um monitoramento e, se necessário, poderá sugerir ajustes na dose dos anticoagulantes. - se você apresenta problema nos rins. - se você não estiver urinando regularmente. - se você já teve diarreia durante ou após o uso de antibióticos. O uso prolongado também pode resultar, ocasionalmente, em supercrescimento de microrganismos resistentes a **Amoxil[®]** . **Amoxil[®]** pode piorar algumas condições...",1,chunk_e3c9fe99e5cd,leaf_d76f76b8b2f4,sec_5c572d7c146d,warning_precaution,0,high,seção esperada; sobreposição semântica/lexical com pergunta e resposta esperada,"O QUE DEVO SABER ANTES DE USAR ESTE MEDICAMENTO?** **Amoxil**[] suspensão contém aspartamo, que é fonte de fenilalanina e deve ser usado com cautela em pacientes com fenilcetonúria. Informe seu médico caso você tenha uma doença chamada fenilcetonúria. Antes de iniciar o tratamento com **Amoxil**[] , informe seu médico: - se você já apresentou reação alérgica a algum antibiótico. Isso pode incluir reações na pele ou inchaço na face ou pescoço ou dores no peito. 1 **==> picture [86 x 28] intentionally omitted <==** ## Modelo de Texto de Bula – Pacientes Amoxil[®] Pó para suspensão oral - se você apresenta febre glandular. - se você toma medicamentos usados para prevenir coágulos sanguíneos (anticoagulantes), tais como varfarina, o seu médico fará um monitoramento e, se necessário, poderá sugerir ajustes na dose dos anticoagulantes. - se você apresenta problema nos rins. - se você não estiver urinando regularmente. - se você já teve diarreia durante ou após o uso de antibióticos. O uso prolongado também pode resultar, ocasionalmente, em supercrescimento de microrganismos resistentes a **Amoxil[®]** . **Amoxil[®]** pode piorar algumas condições existentes ou causar efeitos colaterais graves, como reações alérgicas severas, reações cutâneas severas, dor no peito, vômitos repetitivos dentro de 1 a 4 horas após a administração de **Amoxil[®]** ou diarreia grave (colite pseudomembranosa). Você deve estar atento a determinados sintomas enquanto estiver recebendo **Amoxil[®]** para ajudar a reduzir o risco de quaisquer problemas.",
q034,dificeis_revisadas.csv:4,AMOXIL,dificil,"Durante o uso de Amoxil, um paciente apresenta diarreia grave com sangue e cólicas abdominais, além de erupção cutânea com bolhas. Que eventos graves descritos na bula devem ser considerados e qual conduta a bula orienta diante de sinais alérgicos importantes?","A diarreia grave, possivelmente com sangue e acompanhada de cólicas, é compatível com colite associada a antibióticos descrita na bula. A erupção cutânea com bolhas pode corresponder a reações cutâneas graves, como eritema multiforme, necrólise epidérmica tóxica, síndrome de Stevens-Johnson, dermatite esfoliativa bolhosa, exantema pustuloso, doença IgA linear, DRESS ou SDRIFE. A bula alerta que Amoxil pode causar reações alérgicas severas e reações cutâneas severas; diante de sinais repentinos de alergia, como erupção, coceira, urticária, inchaço da face/lábios/língua, falta de ar ou problemas para respirar, o paciente deve parar de usar Amoxil e procurar socorro médico o mais rápido possível.",matched,q034_ev02,essential,3,"...hos e escurecimento da urina e aumento de algumas substâncias (enzimas) produzidas pelo fígado; - Reações cutâneas graves: erupção cutânea (eritema multiforme), que pode formar bolhas (com pequenas manchas escuras centrais rodeadas por uma área pálida, com um anel escuro ao redor da borda); erupção cutânea generalizada com bolhas e descamação da pele na maior parte da superfície corporal (necrólise epidérmica tóxica); erupções na pele com bolhas e descamação, especialmente ao redor da boca, nariz, olhos e genitais...",2,chunk_f062de23819d,leaf_0ee4a572a9d5,sec_b161227b9c29,adverse_reaction,3,high,seção esperada; sobreposição semântica/lexical com pergunta e resposta esperada,"(doença IgA linear); - Efeitos relacionados ao fígado; esses sintomas podem manifestar-se como enjoo, vômito, perda de apetite, sensação geral de mal-estar, febre, coceira, amarelamento da pele e dos olhos e escurecimento da urina e aumento de algumas substâncias (enzimas) produzidas pelo fígado; - Reações cutâneas graves: erupção cutânea (eritema multiforme), que pode formar bolhas (com pequenas manchas escuras centrais rodeadas por uma área pálida, com um anel escuro ao redor da borda); erupção cutânea generalizada com bolhas e descamação da pele na maior parte da superfície corporal (necrólise epidérmica tóxica); erupções na pele com bolhas e descamação, especialmente ao redor da boca, nariz, olhos e genitais (síndrome de Stevens-Johnson); erupções na pele com bolhas contendo pus (dermatite esfoliativa bolhosa); erupções escamosas na pele, com bolhas e inchaços sob a pele (exantema pustuloso); - Doença renal (problemas para urinar, possivelmente com dor e presença de sangue ou cristais na urina); - Sintomas semelhantes aos da gripe com erupção cutânea, febre, glândulas inchadas e resultados anormais de exames de sangue (incluindo o aumento dos glóbulos brancos (eosinofilia) e enzimas hepáticas) (Reação do medicamento com eosinofilia e sintomas sistêmicos (DRESS)); - uma erupção cutânea vermelha comumente observada em ambos os lados das nádegas, parte interna superior das coxas, axilas, pescoço (Exantema Intertriginoso e Flexural Simétrico Relacionado a Medicamentos (SDRIFE)).",
q034,dificeis_revisadas.csv:4,AMOXIL,dificil,"Durante o uso de Amoxil, um paciente apresenta diarreia grave com sangue e cólicas abdominais, além de erupção cutânea com bolhas. Que eventos graves descritos na bula devem ser considerados e qual conduta a bula orienta diante de sinais alérgicos importantes?","A diarreia grave, possivelmente com sangue e acompanhada de cólicas, é compatível com colite associada a antibióticos descrita na bula. A erupção cutânea com bolhas pode corresponder a reações cutâneas graves, como eritema multiforme, necrólise epidérmica tóxica, síndrome de Stevens-Johnson, dermatite esfoliativa bolhosa, exantema pustuloso, doença IgA linear, DRESS ou SDRIFE. A bula alerta que Amoxil pode causar reações alérgicas severas e reações cutâneas severas; diante de sinais repentinos de alergia, como erupção, coceira, urticária, inchaço da face/lábios/língua, falta de ar ou problemas para respirar, o paciente deve parar de usar Amoxil e procurar socorro médico o mais rápido possível.",matched,q034_ev03,essential,3,"...e escurecimento da urina e aumento de algumas substâncias (enzimas) produzidas pelo fígado; - Reações cutâneas graves: erupção cutânea (eritema multiforme), que pode formar bolhas (com pequenas manchas escuras centrais rodeadas por uma área pálida, com um anel escuro ao redor da borda); erupção cutânea generalizada com bolhas e descamação da pele na maior parte da superfície corporal (necrólise epidérmica tóxica); erupções na pele com bolhas e descamação, especialmente ao redor da boca, nariz, olhos e genitais (sí...",3,chunk_e0bc72b64caf,leaf_d76f76b8b2f4,sec_16fd6dd8639e,adverse_reaction,3,high,seção esperada; sobreposição semântica/lexical com pergunta e resposta esperada,"ara suspensão oral - Efeitos relacionados ao fígado; esses sintomas podem manifestar-se como enjoo, vômito, perda de apetite, sensação geral de mal-estar, febre, coceira, amarelamento da pele e dos olhos e escurecimento da urina e aumento de algumas substâncias (enzimas) produzidas pelo fígado; - Reações cutâneas graves: erupção cutânea (eritema multiforme), que pode formar bolhas (com pequenas manchas escuras centrais rodeadas por uma área pálida, com um anel escuro ao redor da borda); erupção cutânea generalizada com bolhas e descamação da pele na maior parte da superfície corporal (necrólise epidérmica tóxica); erupções na pele com bolhas e descamação, especialmente ao redor da boca, nariz, olhos e genitais (síndrome de Stevens-Johnson); erupções na pele com bolhas contendo pus (dermatite esfoliativa bolhosa); erupções escamosas na pele, com bolhas e inchaços sob a pele (exantema pustuloso); - Doença renal (problemas para urinar, possivelmente com dor e presença de sangue ou cristais na urina); - Sintomas semelhantes aos da gripe com erupção cutânea, febre, glândulas inchadas e resultados anormais de exames de sangue (incluindo o aumento dos glóbulos brancos (eosinofilia) e enzimas hepáticas) (Reações do medicamento com eosinofilia e sintomas sistêmicos (DRESS)); - Erupção cutânea vermelha comumente observada em ambos os lados das nádegas, parte interna superior das coxas, axilas, pescoço (Exantema Intertriginoso e Flexural Simétrico Relacionado a Medicamentos (SDRIFE)).",
q034,dificeis_revisadas.csv:4,AMOXIL,dificil,"Durante o uso de Amoxil, um paciente apresenta diarreia grave com sangue e cólicas abdominais, além de erupção cutânea com bolhas. Que eventos graves descritos na bula devem ser considerados e qual conduta a bula orienta diante de sinais alérgicos importantes?","A diarreia grave, possivelmente com sangue e acompanhada de cólicas, é compatível com colite associada a antibióticos descrita na bula. A erupção cutânea com bolhas pode corresponder a reações cutâneas graves, como eritema multiforme, necrólise epidérmica tóxica, síndrome de Stevens-Johnson, dermatite esfoliativa bolhosa, exantema pustuloso, doença IgA linear, DRESS ou SDRIFE. A bula alerta que Amoxil pode causar reações alérgicas severas e reações cutâneas severas; diante de sinais repentinos de alergia, como erupção, coceira, urticária, inchaço da face/lábios/língua, falta de ar ou problemas para respirar, o paciente deve parar de usar Amoxil e procurar socorro médico o mais rápido possível.",matched,q034_ev04,supporting,2,"...respiração ofegante ou problemas para respirar; se esses sintomas ocorrerem, pare de usar o medicamento e procure socorro médico o mais rápido possível; - Dor no peito, que pode ser um sinal de uma reação alérgica potencialmente grave chamada síndrome de Kounis; - Vômitos repetitivos (1 a 4 horas após a administração de **Amoxil[®]** ), dores no estômago, sonolência anormal, diarreia e pressão baixa, que podem ser um sinal de uma reação alérgica grave denominada síndrome de enterocolite induzida por medicamentos; -...",4,chunk_09405370d2ab,leaf_d76f76b8b2f4,sec_16fd6dd8639e,adverse_reaction,1,high,seção esperada; sobreposição semântica/lexical com pergunta e resposta esperada,"roxas que surgem com mais facilidade que o normal); - Destruição de glóbulos vermelhos e consequentemente anemia (anemia hemolítica), que pode resultar em cansaço, dores de cabeça e falta de ar causada pela prática de exercícios físicos, vertigem, palidez e amarelamento da pele e/ou dos olhos; - Sinais repentinos de alergia, tais como erupções da pele, prurido (coceira) ou urticária, inchaço da face, dos lábios, da língua ou de outras partes do corpo, falta de ar, respiração ofegante ou problemas para respirar; se esses sintomas ocorrerem, pare de usar o medicamento e procure socorro médico o mais rápido possível; - Dor no peito, que pode ser um sinal de uma reação alérgica potencialmente grave chamada síndrome de Kounis; - Vômitos repetitivos (1 a 4 horas após a administração de **Amoxil[®]** ), dores no estômago, sonolência anormal, diarreia e pressão baixa, que podem ser um sinal de uma reação alérgica grave denominada síndrome de enterocolite induzida por medicamentos; - Convulsões podem ocorrer em pacientes com função renal prejudicada ou que estejam recebendo doses altas do medicamento; - Hipercinesia (presença de movimentos exacerbados e incontroláveis), tontura; - Candidíase mucocutânea, infecção micótica (causada por fungos) que normalmente afeta as partes íntimas ou a boca; na área genital, pode provocar coceira e queimação (com a presença de uma fina camada de secreção branca), e na boca ou na língua podem surgir pintas brancas dolorosas;",
q034,dificeis_revisadas.csv:4,AMOXIL,dificil,"Durante o uso de Amoxil, um paciente apresenta diarreia grave com sangue e cólicas abdominais, além de erupção cutânea com bolhas. Que eventos graves descritos na bula devem ser considerados e qual conduta a bula orienta diante de sinais alérgicos importantes?","A diarreia grave, possivelmente com sangue e acompanhada de cólicas, é compatível com colite associada a antibióticos descrita na bula. A erupção cutânea com bolhas pode corresponder a reações cutâneas graves, como eritema multiforme, necrólise epidérmica tóxica, síndrome de Stevens-Johnson, dermatite esfoliativa bolhosa, exantema pustuloso, doença IgA linear, DRESS ou SDRIFE. A bula alerta que Amoxil pode causar reações alérgicas severas e reações cutâneas severas; diante de sinais repentinos de alergia, como erupção, coceira, urticária, inchaço da face/lábios/língua, falta de ar ou problemas para respirar, o paciente deve parar de usar Amoxil e procurar socorro médico o mais rápido possível.",matched,q034_ev05,supporting,2,"...ação ofegante ou problemas para respirar; se esses sintomas ocorrerem, pare de usar **Amoxil[®]** e procure socorro médico o mais rápido possível; 4 **==> picture [87 x 28] intentionally omitted <==** ## Modelo de Texto de Bula – Pacientes Amoxil[®] Cápsulas - Dor no peito, que pode ser um sinal de uma reação alérgica potencialmente grave chamada síndrome de Kounis; - Vômitos repetitivos (1 a 4 horas após a administração de **Amoxil[®]** ), dores no estômago, sonolência anormal, diarreia e pressão baixa, que podem...",5,chunk_1ddf28119f88,leaf_0ee4a572a9d5,sec_b161227b9c29,adverse_reaction,1,high,seção esperada; sobreposição semântica/lexical com pergunta e resposta esperada,"roxas) que surgem com mais facilidade que o normal; - Destruição de glóbulos vermelhos e consequentemente anemia (anemia hemolítica), que pode resultar em cansaço, dores de cabeça e falta de ar causada pela prática de exercícios físicos, vertigem, palidez e amarelamento da pele e/ou dos olhos; - Sinais repentinos de alergia, como erupções da pele, prurido (coceira) ou urticária, inchaço da face, dos lábios, da língua ou de outras partes do corpo, falta de ar, respiração ofegante ou problemas para respirar; se esses sintomas ocorrerem, pare de usar **Amoxil[®]** e procure socorro médico o mais rápido possível; 4 **==> picture [87 x 28] intentionally omitted <==** ## Modelo de Texto de Bula – Pacientes Amoxil[®] Cápsulas - Dor no peito, que pode ser um sinal de uma reação alérgica potencialmente grave chamada síndrome de Kounis; - Vômitos repetitivos (1 a 4 horas após a administração de **Amoxil[®]** ), dores no estômago, sonolência anormal, diarreia e pressão baixa, que podem ser um sinal de uma reação alérgica grave denominada síndrome de enterocolite induzida por medicamentos; - Convulsões (ataques) podem ocorrer em pacientes com função renal prejudicada ou que estejam recebendo doses altas do medicamento; - Hipercinesia (presença de movimentos exacerbados e incontrolados), tontura;",
q035,dificeis_revisadas.csv:5,AMOXIL,dificil,"Compare os esquemas de Amoxil para infecção grave em adultos, infecção respiratória purulenta grave ou recorrente, gonorreia e erradicação de Helicobacter pylori, destacando quando a bula exige associação com outros medicamentos.","Para adultos e crianças acima de 40 kg, a dose padrão em infecções mais graves é 500 mg três vezes ao dia, de 8 em 8 horas. Para infecção respiratória purulenta grave ou recorrente, a bula recomenda dose alta de 3 g duas vezes ao dia, de 12 em 12 horas, respeitando o máximo recomendável de 6 g ao dia em doses divididas. Para gonorreia, a bula descreve dose única de 3 g. Para erradicação de Helicobacter pylori, Amoxil deve ser usado em associação com um inibidor da bomba de prótons, como omeprazol ou lanzoprazol, e outro antimicrobiano, como claritromicina ou metronidazol, por 7 dias.",matched,q035_ev01,essential,3,"...[o] C e 8[o] C). ## **Agite a suspensão oral antes de usá-la.** 3 **==> picture [86 x 28] intentionally omitted <==** ## Modelo de Texto de Bula – Pacientes Amoxil[®] Pó para suspensão oral ## **Posologia** ## **Dose para adultos e crianças acima de 40 kg** Dose padrão: 250 mg três vezes ao dia (de 8 em 8 horas), podendo ser aumentada para 500 mg três vezes ao dia (de 8 em 8 horas) nas infecções mais graves. ## **Tratamento com dosagem alta (máximo recomendável de 6 g ao dia em doses divididas)** Recomenda-se uma d...",1,chunk_c0033b15fe08,leaf_d76f76b8b2f4,sec_8896cdffa974,dosage,1,high,seção esperada; sobreposição semântica/lexical com pergunta e resposta esperada,"servada em geladeira (entre 2[o] C e 8[o] C). ## **Agite a suspensão oral antes de usá-la.** 3 **==> picture [86 x 28] intentionally omitted <==** ## Modelo de Texto de Bula – Pacientes Amoxil[®] Pó para suspensão oral ## **Posologia** ## **Dose para adultos e crianças acima de 40 kg** Dose padrão: 250 mg três vezes ao dia (de 8 em 8 horas), podendo ser aumentada para 500 mg três vezes ao dia (de 8 em 8 horas) nas infecções mais graves. ## **Tratamento com dosagem alta (máximo recomendável de 6 g ao dia em doses divididas)** Recomenda-se uma dose de 3g duas vezes ao dia (de 12 em 12 horas) nos casos que requerem tratamento de infecção respiratória purulenta (com a presença de pus) grave ou recorrente. ## **Tratamento de curta duração** Gonorreia: dose única de 3 g. ## **Erradicação de** _**Helicobacter pylori**_ **em úlcera péptica (no duodeno ou no estômago)** Para combater o _Helicobacter_ (bactéria que ataca o estômago e o duodeno), recomenda-se o uso de **Amoxil[®]** no esquema de 750 mg a 1 g duas vezes ao dia, em associação com um inibidor da bomba de prótons (exemplo: omeprazol, lanzoprazol) e outro agente antimicrobiano (por exemplo claritromicina, metronidazol), por 7 dias. ## **Dose para crianças abaixo de 40 kg** Dose padrão para crianças: 20 a 50 mg/kg/dia em doses divididas (de 8 em 8 horas), até um máximo de 150 mg/kg/dia em doses divididas. ## **Pacientes com insuficiência renal (dos rins)**",
q035,dificeis_revisadas.csv:5,AMOXIL,dificil,"Compare os esquemas de Amoxil para infecção grave em adultos, infecção respiratória purulenta grave ou recorrente, gonorreia e erradicação de Helicobacter pylori, destacando quando a bula exige associação com outros medicamentos.","Para adultos e crianças acima de 40 kg, a dose padrão em infecções mais graves é 500 mg três vezes ao dia, de 8 em 8 horas. Para infecção respiratória purulenta grave ou recorrente, a bula recomenda dose alta de 3 g duas vezes ao dia, de 12 em 12 horas, respeitando o máximo recomendável de 6 g ao dia em doses divididas. Para gonorreia, a bula descreve dose única de 3 g. Para erradicação de Helicobacter pylori, Amoxil deve ser usado em associação com um inibidor da bomba de prótons, como omeprazol ou lanzoprazol, e outro antimicrobiano, como claritromicina ou metronidazol, por 7 dias.",matched,q035_ev02,essential,3,"...ara combater o _Helicobacter_ (bactéria que ataca o estômago e o duodeno), recomenda-se o uso de Amoxil[®] no esquema de 1 g duas vezes ao dia (de 12 em 12 horas), em associação com um medicamento conhecido como inibidor da bomba de prótons (exemplo: omeprazol, lanzoprazol) e outro agente antimicrobiano (por exemplo claritromicina, metronidazol), por 7 dias. ## **Pacientes com insuficiência renal (dos rins)** Na insuficiência renal, a eliminação do antibiótico é mais lenta. Conforme o grau dessa condição, seu médic...",2,chunk_05bc48672ff1,leaf_0ee4a572a9d5,sec_70be16f94d2d,dosage,1,high,seção esperada; sobreposição semântica/lexical com pergunta e resposta esperada,"g ao dia em doses divididas): recomenda-se uma dose de 3 g (seis cápsulas) duas vezes ao dia (de 12 em 12 horas) em casos que requerem tratamento de infecção respiratória purulenta (com a presença de pus) grave ou recorrente. ## **- Tratamento de curta duração (gonorreia): dose única de 3 g.** **Erradicação de** _**Helicobacter pylori:**_ para combater o _Helicobacter_ (bactéria que ataca o estômago e o duodeno), recomenda-se o uso de Amoxil[®] no esquema de 1 g duas vezes ao dia (de 12 em 12 horas), em associação com um medicamento conhecido como inibidor da bomba de prótons (exemplo: omeprazol, lanzoprazol) e outro agente antimicrobiano (por exemplo claritromicina, metronidazol), por 7 dias. ## **Pacientes com insuficiência renal (dos rins)** Na insuficiência renal, a eliminação do antibiótico é mais lenta. Conforme o grau dessa condição, seu médico pode indicar a redução da dose diária total de acordo com o esquema descrito a seguir. Adultos e crianças acima de 40 kg - insuficiência leve: nenhuma alteração de dose; - insuficiência moderada: máximo de 500 mg (uma cápsula) duas vezes ao dia (de 12 em 12 horas); - insuficiência grave: máximo de 500 mg (uma cápsula) ao dia. 3 **==> picture [87 x 28] intentionally omitted <==** ## Modelo de Texto de Bula – Pacientes Amoxil[®] Cápsulas ## **Pacientes que recebem diálise peritoneal**",
q035,dificeis_revisadas.csv:5,AMOXIL,dificil,"Compare os esquemas de Amoxil para infecção grave em adultos, infecção respiratória purulenta grave ou recorrente, gonorreia e erradicação de Helicobacter pylori, destacando quando a bula exige associação com outros medicamentos.","Para adultos e crianças acima de 40 kg, a dose padrão em infecções mais graves é 500 mg três vezes ao dia, de 8 em 8 horas. Para infecção respiratória purulenta grave ou recorrente, a bula recomenda dose alta de 3 g duas vezes ao dia, de 12 em 12 horas, respeitando o máximo recomendável de 6 g ao dia em doses divididas. Para gonorreia, a bula descreve dose única de 3 g. Para erradicação de Helicobacter pylori, Amoxil deve ser usado em associação com um inibidor da bomba de prótons, como omeprazol ou lanzoprazol, e outro antimicrobiano, como claritromicina ou metronidazol, por 7 dias.",matched,q035_ev03,supporting,2,"...sulas devem ser ingeridas inteiras com água. Não as mastigue.** ## **Posologia** Atenção! Para algumas doses indicadas abaixo (doses inferiores a 500 mg) é necessário o uso da suspensão oral, converse com seu médico ou farmacêutico em caso de dúvida. ## **Dose para adultos e crianças acima de 40 kg** - Dose padrão: 500 mg (uma cápsula) três vezes ao dia (de 8 em 8 horas) nas infecções mais graves. - Tratamento com dosagem alta (máximo recomendável de 6 g ao dia em doses divididas): recomenda-se uma dose de 3 g (sei...",3,chunk_9d0ab2325c26,leaf_0ee4a572a9d5,sec_70be16f94d2d,dosage,0,high,seção esperada; sobreposição semântica/lexical com pergunta e resposta esperada,"COMO DEVO USAR ESTE MEDICAMENTO?** ## **Modo de usar** Siga as orientações de seu médico sobre a maneira e a hora correta de tomar o medicamento. Ele vai decidir a quantidade diária que você precisa e o tempo durante o qual você deve usar este medicamento. Leia esta bula com cautela. Se você tiver alguma dúvida, fale com seu médico. Recomenda-se ingerir o medicamento nas refeições, embora ele continue eficaz mesmo que você o tome em outros horários. Continue tomando este medicamento até o fim do tratamento prescrito pelo médico. Não pare somente porque se sente melhor. **As cápsulas devem ser ingeridas inteiras com água. Não as mastigue.** ## **Posologia** Atenção! Para algumas doses indicadas abaixo (doses inferiores a 500 mg) é necessário o uso da suspensão oral, converse com seu médico ou farmacêutico em caso de dúvida. ## **Dose para adultos e crianças acima de 40 kg** - Dose padrão: 500 mg (uma cápsula) três vezes ao dia (de 8 em 8 horas) nas infecções mais graves. - Tratamento com dosagem alta (máximo recomendável de 6 g ao dia em doses divididas): recomenda-se uma dose de 3 g (seis cápsulas) duas vezes ao dia (de 12 em 12 horas) em casos que requerem tratamento de infecção respiratória purulenta (com a presença de pus) grave ou recorrente. ## **- Tratamento de curta duração (gonorreia): dose única de 3 g.**",
q035,dificeis_revisadas.csv:5,AMOXIL,dificil,"Compare os esquemas de Amoxil para infecção grave em adultos, infecção respiratória purulenta grave ou recorrente, gonorreia e erradicação de Helicobacter pylori, destacando quando a bula exige associação com outros medicamentos.","Para adultos e crianças acima de 40 kg, a dose padrão em infecções mais graves é 500 mg três vezes ao dia, de 8 em 8 horas. Para infecção respiratória purulenta grave ou recorrente, a bula recomenda dose alta de 3 g duas vezes ao dia, de 12 em 12 horas, respeitando o máximo recomendável de 6 g ao dia em doses divididas. Para gonorreia, a bula descreve dose única de 3 g. Para erradicação de Helicobacter pylori, Amoxil deve ser usado em associação com um inibidor da bomba de prótons, como omeprazol ou lanzoprazol, e outro antimicrobiano, como claritromicina ou metronidazol, por 7 dias.",matched,q035_ev04,supporting,2,"...abaixo de 40 kg** Dose padrão para crianças: 20 a 50 mg/kg/dia em doses divididas (de 8 em 8 horas), até um máximo de 150 mg/kg/dia em doses divididas. ## **Pacientes com insuficiência renal (dos rins)** Na insuficiência renal, a eliminação do antibiótico é mais lenta. Conforme o grau dessa condição, seu médico pode indicar a redução da dose diária total de acordo com o esquema descrito a seguir. Adultos e crianças acima de 40 kg - insuficiência leve: nenhuma alteração de dose; - insuficiência moderada: máximo de 5...",4,chunk_e88b1f4c2667,leaf_d76f76b8b2f4,sec_8896cdffa974,dosage,2,high,seção esperada; sobreposição semântica/lexical com pergunta e resposta esperada,"robiano (por exemplo claritromicina, metronidazol), por 7 dias. ## **Dose para crianças abaixo de 40 kg** Dose padrão para crianças: 20 a 50 mg/kg/dia em doses divididas (de 8 em 8 horas), até um máximo de 150 mg/kg/dia em doses divididas. ## **Pacientes com insuficiência renal (dos rins)** Na insuficiência renal, a eliminação do antibiótico é mais lenta. Conforme o grau dessa condição, seu médico pode indicar a redução da dose diária total de acordo com o esquema descrito a seguir. Adultos e crianças acima de 40 kg - insuficiência leve: nenhuma alteração de dose; - insuficiência moderada: máximo de 500 mg duas vezes ao dia (de 12 em 12 horas); - insuficiência grave: máximo de 500 mg uma vez ao dia. Crianças abaixo de 40 kg - insuficiência leve: nenhuma alteração de dose; - insuficiência moderada: 15 mg/kg duas vezes ao dia (de 12/12 horas); (no máximo de 500mg duas vezes ao dia); - insuficiência grave: 15 mg/kg uma vez ao dia. (no máximo de 500mg). ## **Pacientes que recebem diálise peritoneal** Usa-se a mesma posologia indicada para pacientes com insuficiência renal grave. A diálise peritoneal (processo de limpeza das substâncias tóxicas do organismo através do peritônio, membrana que envolve o abdômen) não remove a amoxicilina do corpo. ## **Pacientes que recebem hemodiálise** Usa-se a mesma posologia indicada para pacientes com insuficiência renal grave.",
q036,dificeis_revisadas.csv:6,RIVOTRIL,dificil,"Em um paciente idoso com comprometimento hepático leve a moderado que também usa depressores do sistema nervoso central, quais riscos e ajustes a bula exige considerar antes de iniciar Rivotril?","A bula informa que os efeitos dos benzodiazepínicos parecem ser maiores em idosos, mesmo em concentrações plasmáticas similares, e que nesses pacientes deve ser usada a menor dose possível, com cuidado especial durante alterações de dose. Para comprometimento hepático leve a moderado, a bula também recomenda a menor dose possível; em comprometimento hepático grave, Rivotril não deve ser usado. Além disso, não se deve tomar Rivotril com álcool e/ou depressores do sistema nervoso central, pois a combinação pode aumentar seus efeitos, com potencial sedação grave que pode resultar em coma ou morte, depressão cardiovascular e/ou respiratória.",partial_match,q036_ev01,essential,3,"...pticos. **Rivotril[® ]** pode aumentar a salivação e as secreções brônquicas em lactentes e crianças pequenas. Atenção: manter as vias aéreas livres. Não há dados de eficácia / segurança de **Rivotril[® ]** em menores de 18 anos com distúrbio do pânico. ## **Uso em idosos** Os efeitos dos benzodiazepínicos parecem ser maiores em pacientes idosos do que em pacientes mais jovens, mesmo em concentrações plasmáticas similares. ## **Principais interações medicamentosas** Informe seu médico se estiver tomando outros medi...",1,chunk_d1e77a6a6e34,leaf_3cb34533cd62,sec_a09f972c4cdf,contraindication,4,high,seção esperada; sobreposição semântica/lexical com pergunta e resposta esperada,"lta de tônus muscular, depressão respiratória e dificuldade de sucção no bebê. Tanto a gestação quanto a suspensão de **Rivotril**[® ] podem exacerbar a epilepsia. Informe seu médico se estiver amamentando. Se você realmente precisar tomar **Rivotril[®]** , a amamentação deve ser descontinuada. ## **Uso em crianças** Avaliar o risco / benefício do uso de **Rivotril[® ]** a longo prazo em pacientes pediátricos com distúrbios epilépticos. **Rivotril[® ]** pode aumentar a salivação e as secreções brônquicas em lactentes e crianças pequenas. Atenção: manter as vias aéreas livres. Não há dados de eficácia / segurança de **Rivotril[® ]** em menores de 18 anos com distúrbio do pânico. ## **Uso em idosos** Os efeitos dos benzodiazepínicos parecem ser maiores em pacientes idosos do que em pacientes mais jovens, mesmo em concentrações plasmáticas similares. ## **Principais interações medicamentosas** Informe seu médico se estiver tomando outros medicamentos, incluindo as substâncias a seguir, pois elas podem interagir com **Rivotril[®]** : – Depressores do sistema nervoso central e álcool; – Medicamentos que agem no sistema nervoso: antidepressivos, medicamentos para dormir, alguns analgésicos, antipsicóticos, ansiolíticos, anticonvulsivantes; – Medicamentos para o estômago. ## **Interações fármaco-alimento** Interações com alimentos não foram estabelecidas. O suco de toranja pode aumentar o efeito de **Rivotril**[®] . ## **Interações fármaco-laboratório** Interações com testes laboratoriais não foram estabelecidas.",Nem todas as seções esperadas foram cobertas: warning_precaution
q036,dificeis_revisadas.csv:6,RIVOTRIL,dificil,"Em um paciente idoso com comprometimento hepático leve a moderado que também usa depressores do sistema nervoso central, quais riscos e ajustes a bula exige considerar antes de iniciar Rivotril?","A bula informa que os efeitos dos benzodiazepínicos parecem ser maiores em idosos, mesmo em concentrações plasmáticas similares, e que nesses pacientes deve ser usada a menor dose possível, com cuidado especial durante alterações de dose. Para comprometimento hepático leve a moderado, a bula também recomenda a menor dose possível; em comprometimento hepático grave, Rivotril não deve ser usado. Além disso, não se deve tomar Rivotril com álcool e/ou depressores do sistema nervoso central, pois a combinação pode aumentar seus efeitos, com potencial sedação grave que pode resultar em coma ou morte, depressão cardiovascular e/ou respiratória.",partial_match,q036_ev02,essential,3,"...quilíbrio** : 0,5 mg a 1,0 mg/dia (2x/dia). Doses diárias superiores a 1,0 mg não são recomendáveis. **Síndrome da boca ardente:** 0,25 a 6,0 mg/dia. Dose recomendada: 1,0 a 2,0 mg/dia. **Uso em idosos:** a dose mais baixa possível deve ser utilizada em idosos. Deve-se ter especial cuidado durante as alterações na dose. **Comprometimento do fígado:** pacientes com comprometimento do fígado grave não devem ser tratados com clonazepam e pacientes com comprometimento hepático leve a moderado devem receber a dose mais...",2,chunk_5b49c617ebff,leaf_2c68e53f153b,sec_ccd9ca5a4b7c,dosage,2,high,seção esperada; sobreposição semântica/lexical com pergunta e resposta esperada,"0,5 a 3,0 mg/dia. ## **Síndrome das pernas inquietas:** 0,5 mg a 2,0 mg/dia. **Vertigem e distúrbios do equilíbrio** : 0,5 mg a 1,0 mg/dia (2x/dia). Doses diárias superiores a 1,0 mg não são recomendáveis. **Síndrome da boca ardente:** 0,25 a 6,0 mg/dia. Dose recomendada: 1,0 a 2,0 mg/dia. **Uso em idosos:** a dose mais baixa possível deve ser utilizada em idosos. Deve-se ter especial cuidado durante as alterações na dose. **Comprometimento do fígado:** pacientes com comprometimento do fígado grave não devem ser tratados com clonazepam e pacientes com comprometimento hepático leve a moderado devem receber a dose mais baixa possível. 4 **==> picture [109 x 35] intentionally omitted <==** ## **Instruções especiais de administração** **Rivotril[® ]** pode ser usado com outros antiepilépticos. Nesse caso, seu médico ajustará a dose de cada medicamento para atingir o efeito ideal. Não pare de tomar **Rivotril[® ]** subitamente, você pode ter novas crises epilépticas. Somente seu médico poderá orientar a interrupção do tratamento reduzindo gradualmente a dose utilizada. ## **Siga a orientação de seu médico, respeitando sempre os horários, as doses e a duração do tratamento. Não interrompa o tratamento sem o conhecimento do seu médico.** ## **7.",Nem todas as seções esperadas foram cobertas: warning_precaution
q036,dificeis_revisadas.csv:6,RIVOTRIL,dificil,"Em um paciente idoso com comprometimento hepático leve a moderado que também usa depressores do sistema nervoso central, quais riscos e ajustes a bula exige considerar antes de iniciar Rivotril?","A bula informa que os efeitos dos benzodiazepínicos parecem ser maiores em idosos, mesmo em concentrações plasmáticas similares, e que nesses pacientes deve ser usada a menor dose possível, com cuidado especial durante alterações de dose. Para comprometimento hepático leve a moderado, a bula também recomenda a menor dose possível; em comprometimento hepático grave, Rivotril não deve ser usado. Além disso, não se deve tomar Rivotril com álcool e/ou depressores do sistema nervoso central, pois a combinação pode aumentar seus efeitos, com potencial sedação grave que pode resultar em coma ou morte, depressão cardiovascular e/ou respiratória.",partial_match,q036_ev03,essential,3,"...epilépticos. **Rivotril[® ]** pode aumentar a salivação e as secreções brônquicas em lactentes e crianças pequenas. Atenção: manter as vias aéreas livres. Não há dados de eficácia / segurança de **Rivotril[® ]** em menores de 18 anos com distúrbio do pânico. **Uso em idosos** Os efeitos dos benzodiazepínicos parecem ser maiores em pacientes idosos do que em pacientes mais jovens, mesmo em concentrações plasmáticas similares, ## **Principais interações medicamentosas** Informe seu médico, se estiver tomando outros m...",3,chunk_2ff643ba29cb,leaf_2c68e53f153b,sec_13e10898653d,contraindication,4,high,seção esperada; sobreposição semântica/lexical com pergunta e resposta esperada,"ionally omitted <==** depressão respiratória e dificuldade de sucção no bebê. Tanto a gestação quanto a suspensão de **Rivotril[® ]** podem exacerbar a epilepsia. Informe seu médico se estiver amamentando. Se você realmente precisar tomar **Rivotril[®]** , a amamentação deve ser descontinuada. ## **Uso em crianças** Avaliar o risco / benefício do uso de **Rivotril[® ]** a longo prazo em pacientes pediátricos com distúrbios epilépticos. **Rivotril[® ]** pode aumentar a salivação e as secreções brônquicas em lactentes e crianças pequenas. Atenção: manter as vias aéreas livres. Não há dados de eficácia / segurança de **Rivotril[® ]** em menores de 18 anos com distúrbio do pânico. **Uso em idosos** Os efeitos dos benzodiazepínicos parecem ser maiores em pacientes idosos do que em pacientes mais jovens, mesmo em concentrações plasmáticas similares, ## **Principais interações medicamentosas** Informe seu médico, se estiver tomando outros medicamentos, incluindo as substâncias a seguir, pois elas podem interagir com **Rivotril[®]** . **-** Depressores do sistema nervoso central e álcool; **-** Medicamentos que agem no sistema nervoso: antidepressivos, medicamentos para dormir, alguns analgésicos, antipsicóticos, ansiolíticos, anticonvulsivantes; **-** Medicamentos para o estômago. ## **Interações fármaco-alimento** Interações com alimentos não foram estabelecidas. O suco de toranja pode aumentar o efeito de **Rivotril[®]** . ## **Interações fármaco-laboratório** Interações com testes laboratoriais não foram estabelecidas.",Nem todas as seções esperadas foram cobertas: warning_precaution
q036,dificeis_revisadas.csv:6,RIVOTRIL,dificil,"Em um paciente idoso com comprometimento hepático leve a moderado que também usa depressores do sistema nervoso central, quais riscos e ajustes a bula exige considerar antes de iniciar Rivotril?","A bula informa que os efeitos dos benzodiazepínicos parecem ser maiores em idosos, mesmo em concentrações plasmáticas similares, e que nesses pacientes deve ser usada a menor dose possível, com cuidado especial durante alterações de dose. Para comprometimento hepático leve a moderado, a bula também recomenda a menor dose possível; em comprometimento hepático grave, Rivotril não deve ser usado. Além disso, não se deve tomar Rivotril com álcool e/ou depressores do sistema nervoso central, pois a combinação pode aumentar seus efeitos, com potencial sedação grave que pode resultar em coma ou morte, depressão cardiovascular e/ou respiratória.",partial_match,q036_ev04,essential,3,"...escoordenação dos movimentos por problema do cerebelo ou medula); - 5) uso regular ou intoxicação aguda por álcool ou drogas. Pode ocorrer perda de efeito durante o tratamento com clonazepam. Não tome **Rivotril[® ]** com álcool e/ou depressores do sistema nervoso central. Essa combinação pode aumentar os efeitos de **Rivotril[®]** , com potencial sedação grave que pode resultar em coma ou morte, depressão cardiovascular e/ou respiratória. Caso ocorram reações paradoxais ** durante o tratamento, fale com seu médico...",4,chunk_90dfe3d49fe4,leaf_582f152be8a1,sec_abf3caa6f886,contraindication,1,high,seção esperada; sobreposição semântica/lexical com pergunta e resposta esperada,"essão e/ou tentativa de suicídio; - 3) intolerância à galactose (açúcar) ou deficiência de lactase (enzima que quebra a lactose); - 4) ataxia cerebelar ou espinhal (descoordenação dos movimentos por problema do cerebelo ou medula); - 5) uso regular ou intoxicação aguda por álcool ou drogas. Pode ocorrer perda de efeito durante o tratamento com clonazepam. Não tome **Rivotril[® ]** com álcool e/ou depressores do sistema nervoso central. Essa combinação pode aumentar os efeitos de **Rivotril[®]** , com potencial sedação grave que pode resultar em coma ou morte, depressão cardiovascular e/ou respiratória. Caso ocorram reações paradoxais ** durante o tratamento, fale com seu médico, pois o uso do medicamento deve ser descontinuado. Pode ocorrer amnésia anterógrada (perda da habilidade de criar novas memórias e absorver novas informações), com o uso de benzodiazepínicos em doses terapêuticas. **Rivotril[® ]** pode precipitar o estado de mal epiléptico (crises epilépticas em sequência rápida). Fale com o seu médico antes de aumentar a dose ou interromper abruptamente esta medicação. ## **Abuso e dependência do medicamento**",Nem todas as seções esperadas foram cobertas: warning_precaution
q036,dificeis_revisadas.csv:6,RIVOTRIL,dificil,"Em um paciente idoso com comprometimento hepático leve a moderado que também usa depressores do sistema nervoso central, quais riscos e ajustes a bula exige considerar antes de iniciar Rivotril?","A bula informa que os efeitos dos benzodiazepínicos parecem ser maiores em idosos, mesmo em concentrações plasmáticas similares, e que nesses pacientes deve ser usada a menor dose possível, com cuidado especial durante alterações de dose. Para comprometimento hepático leve a moderado, a bula também recomenda a menor dose possível; em comprometimento hepático grave, Rivotril não deve ser usado. Além disso, não se deve tomar Rivotril com álcool e/ou depressores do sistema nervoso central, pois a combinação pode aumentar seus efeitos, com potencial sedação grave que pode resultar em coma ou morte, depressão cardiovascular e/ou respiratória.",partial_match,q036_ev05,supporting,2,"...denação dos movimentos por problema do cerebelo ou medula); > 5) uso regular ou intoxicação aguda por álcool ou drogas. Pode ocorrer perda de efeito durante o tratamento com clonazepam. Não tome **Rivotril[® ]** com álcool e/ou depressores do sistema nervoso central, essa combinação pode aumentar os efeitos de **Rivotril[®]** , com potencial sedação grave que pode resultar em coma ou morte, depressão cardiovascular e/ou respiratória. Caso ocorram reações paradoxais ** durante o tratamento, fale com seu médico, pois...",5,chunk_07b5a2953783,leaf_3cb34533cd62,sec_a09f972c4cdf,contraindication,1,high,seção esperada; sobreposição semântica/lexical com pergunta e resposta esperada,"(açúcar) ou deficiência de lactase (enzima que quebra a lactose); 4) ataxia cerebelar ou espinhal (descoordenação dos movimentos por problema do cerebelo ou medula); > 5) uso regular ou intoxicação aguda por álcool ou drogas. Pode ocorrer perda de efeito durante o tratamento com clonazepam. Não tome **Rivotril[® ]** com álcool e/ou depressores do sistema nervoso central, essa combinação pode aumentar os efeitos de **Rivotril[®]** , com potencial sedação grave que pode resultar em coma ou morte, depressão cardiovascular e/ou respiratória. Caso ocorram reações paradoxais ** durante o tratamento, fale com seu médico, pois o uso do medicamento deve ser descontinuado. Pode ocorrer amnésia anterógrada (perda da habilidade de criar novas memórias e absorver novas informações), com o uso de benzodiazepínicos em doses terapêuticas. **Rivotril[® ]** pode precipitar o estado de mal epiléptico (crises epilépticas em sequência rápida). Fale com seu médico antes de aumentar a dose ou interromper abruptamente esta medicação. ## **Abuso e dependência do medicamento**",Nem todas as seções esperadas foram cobertas: warning_precaution
q037,dificeis_revisadas.csv:7,RIVOTRIL,dificil,"Um paciente com epilepsia em uso de Rivotril deseja interromper o tratamento subitamente. Quais riscos a bula descreve envolvendo estado de mal epiléptico, dependência e abstinência, e qual deve ser a estratégia de retirada?","A bula alerta que Rivotril pode precipitar estado de mal epiléptico e orienta falar com o médico antes de aumentar a dose ou interromper abruptamente a medicação. O uso de benzodiazepínicos pode levar à dependência física e psicológica, com risco maior em doses altas, tratamentos prolongados e história de abuso de álcool ou drogas. A descontinuação brusca pode causar sintomas de abstinência, incluindo psicoses, alterações comportamentais, tremor, sudorese, agitação, distúrbios do sono, ansiedade e convulsões epilépticas. Portanto, a retirada brusca deve ser evitada e o tratamento deve ser interrompido por redução gradativa da dose diária, sob orientação médica.",partial_match,q037_ev01,essential,3,"...cular, tonturas, ataxia são frequentes e geralmente transitórias. Dor de cabeça (raro). Distúrbios reversíveis: dificuldade para articular a fala, incoordenação de movimentos e da marcha, movimento anormal dos olhos. Pode haver esquecimento de fatos recentes, associado a alteração de comportamento. Pode haver aumento das crises convulsivas em determinadas formas de epilepsia. Perda da voz, movimento grosseiros e descoordenados de braços e pernas, coma, tremor, perda de força de um lado do corpo, sensação de cabeça...",1,chunk_f69004fcc440,leaf_582f152be8a1,sec_ccfcb1197b73,dosage,5,high,seção esperada; sobreposição semântica/lexical com pergunta e resposta esperada,"o, hostilidade, ansiedade, distúrbios do sono, delírio, raiva, pesadelos, sonhos anormais, alucinações, psicose, hiperatividade, comportamento inapropriado e outros efeitos comportamentais. Alterações da libido (casos raros). Dependência e retirada, vide item “Abuso e dependência do medicamento”. **Distúrbios do sistema nervoso** : diminuição da concentração, sonolência, lentificação, hipotonia muscular, tonturas, ataxia são frequentes e geralmente transitórias. Dor de cabeça (raro). Distúrbios reversíveis: dificuldade para articular a fala, incoordenação de movimentos e da marcha, movimento anormal dos olhos. Pode haver esquecimento de fatos recentes, associado a alteração de comportamento. Pode haver aumento das crises convulsivas em determinadas formas de epilepsia. Perda da voz, movimento grosseiros e descoordenados de braços e pernas, coma, tremor, perda de força de um lado do corpo, sensação de cabeça leve, falta de energia e formigamento e alteração da sensibilidade nas extremidades. **Distúrbios oculares** : visão dupla reversível, aparência de “olho vítreo”. **Distúrbios cardiovasculares** : palpitações, dor torácica, insuficiência cardíaca (incluindo parada cardíaca). **Distúrbios respiratórios** : congestão pulmonar, congestão nasal, hipersecreção, tosse, falta de ar, bronquite, rinite, faringite. Pode ocorrer depressão respiratória. **Rivotril[® ]** pode aumentar a produção de saliva ou de secreção brônquica (secreção nas vias aéreas) em lactentes e crianças.",Nem todas as seções esperadas foram cobertas: warning_precaution
q037,dificeis_revisadas.csv:7,RIVOTRIL,dificil,"Um paciente com epilepsia em uso de Rivotril deseja interromper o tratamento subitamente. Quais riscos a bula descreve envolvendo estado de mal epiléptico, dependência e abstinência, e qual deve ser a estratégia de retirada?","A bula alerta que Rivotril pode precipitar estado de mal epiléptico e orienta falar com o médico antes de aumentar a dose ou interromper abruptamente a medicação. O uso de benzodiazepínicos pode levar à dependência física e psicológica, com risco maior em doses altas, tratamentos prolongados e história de abuso de álcool ou drogas. A descontinuação brusca pode causar sintomas de abstinência, incluindo psicoses, alterações comportamentais, tremor, sudorese, agitação, distúrbios do sono, ansiedade e convulsões epilépticas. Portanto, a retirada brusca deve ser evitada e o tratamento deve ser interrompido por redução gradativa da dose diária, sob orientação médica.",partial_match,q037_ev02,supporting,2,"ções), com o uso de benzodiazepínicos em doses terapêuticas. **Rivotril[® ]** pode precipitar o estado de mal epiléptico (crises epilépticas em sequência rápida). Fale com seu médico antes de aumentar a dose ou interromper abruptamente esta medicação. ## **Abuso e dependência do medicamento** O uso de benzodiazepínicos pode levar ao desenvolvimento de dependência física e psicológica. O risco de dependência aumenta com a dose, tratamentos prolongados e em pacientes com história de abuso de álcool ou drogas. Em caso...",2,chunk_d77c1f8474ad,leaf_3cb34533cd62,sec_a09f972c4cdf,contraindication,2,high,sobreposição semântica/lexical com pergunta e resposta esperada,"ções), com o uso de benzodiazepínicos em doses terapêuticas. **Rivotril[® ]** pode precipitar o estado de mal epiléptico (crises epilépticas em sequência rápida). Fale com seu médico antes de aumentar a dose ou interromper abruptamente esta medicação. ## **Abuso e dependência do medicamento** O uso de benzodiazepínicos pode levar ao desenvolvimento de dependência física e psicológica. O risco de dependência aumenta com a dose, tratamentos prolongados e em pacientes com história de abuso de álcool ou drogas. Em caso de dependência, especialmente com doses elevadas, a descontinuação brusca do tratamento será acompanhada por sintomas de abstinência: psicoses, distúrbio comportamental, tremor, sudorese, agitação, distúrbios do sono e ansiedade, dor de cabeça, diarreia, dores musculares, câimbras, ansiedade extrema, tensão, cansaço, inquietação, alteração de humor, confusão, irritabilidade e convulsões epiléticas que podem ser associadas à doença de base. Em casos graves, desrealização (sentimentos de estranhamento ou distanciamento em relação ao ambiente), despersonalização (processo psíquico, em que se tem a impressão de que se é estranho a si mesmo), hipersensibilidade ao som, à luz, a ruídos e ao contato físico, sensações anormais, formigamentos, alucinações. O risco dos sintomas de abstinência é maior após descontinuação súbita do tratamento, portanto a retirada brusca do medicamento deve ser evitada. O tratamento (mesmo de curta duração) deve ser interrompido pela redução gradativa da dose diária. ## **Efeitos sobre a capacidade de dirigir e operar máquinas**",Nem todas as seções esperadas foram cobertas: warning_precaution
q037,dificeis_revisadas.csv:7,RIVOTRIL,dificil,"Um paciente com epilepsia em uso de Rivotril deseja interromper o tratamento subitamente. Quais riscos a bula descreve envolvendo estado de mal epiléptico, dependência e abstinência, e qual deve ser a estratégia de retirada?","A bula alerta que Rivotril pode precipitar estado de mal epiléptico e orienta falar com o médico antes de aumentar a dose ou interromper abruptamente a medicação. O uso de benzodiazepínicos pode levar à dependência física e psicológica, com risco maior em doses altas, tratamentos prolongados e história de abuso de álcool ou drogas. A descontinuação brusca pode causar sintomas de abstinência, incluindo psicoses, alterações comportamentais, tremor, sudorese, agitação, distúrbios do sono, ansiedade e convulsões epilépticas. Portanto, a retirada brusca deve ser evitada e o tratamento deve ser interrompido por redução gradativa da dose diária, sob orientação médica.",partial_match,q037_ev03,supporting,2,"s), com o uso de benzodiazepínicos em doses terapêuticas. **Rivotril[® ]** pode precipitar o estado de mal epiléptico (crises epilépticas em sequência rápida). Fale com o seu médico antes de aumentar a dose ou interromper abruptamente esta medicação. ## **Abuso e dependência do medicamento** O uso de benzodiazepínicos pode levar ao desenvolvimento de dependência física e psicológica. O risco de dependência aumenta com a dose, tratamentos prolongados e em pacientes com história de abuso de álcool ou drogas. Em caso...",3,chunk_8437acb2fe62,leaf_582f152be8a1,sec_abf3caa6f886,contraindication,2,high,sobreposição semântica/lexical com pergunta e resposta esperada,"s), com o uso de benzodiazepínicos em doses terapêuticas. **Rivotril[® ]** pode precipitar o estado de mal epiléptico (crises epilépticas em sequência rápida). Fale com o seu médico antes de aumentar a dose ou interromper abruptamente esta medicação. ## **Abuso e dependência do medicamento** O uso de benzodiazepínicos pode levar ao desenvolvimento de dependência física e psicológica. O risco de dependência aumenta com a dose, tratamentos prolongados e em pacientes com história de abuso de álcool ou drogas. Em caso de dependência, especialmente com uso de doses elevadas, a descontinuação brusca do tratamento será acompanhada por sintomas de abstinência: psicoses, distúrbio comportamental, tremor, sudorese, agitação, distúrbios do sono e ansiedade, dor de cabeça, diarreia, dores musculares, câimbras, ansiedade extrema, tensão, cansaço, inquietação, alteração de humor, confusão, irritabilidade e convulsões epiléticas que podem ser associadas à doença de base. Em casos graves, desrealização (sentimento de estranhamento ou distanciamento em relação ao ambiente), despersonalização (processo psíquico, em que se tem a impressão de que se é estranho a si mesmo), hipersensibilidade ao som, à luz, a ruídos e ao contato físico sensações anormais formigamentos, alucinações. O risco dos sintomas de abstinência é maior após descontinuação súbita do tratamento, portanto a retirada brusca do medicamento deve ser evitada. O tratamento (mesmo de curta duração) deve ser interrompido pela redução gradativa da dose diária.",Nem todas as seções esperadas foram cobertas: warning_precaution
q038,dificeis_revisadas.csv:8,RIVOTRIL,dificil,"Por que a bula contraindica Rivotril para tratamento de transtorno do pânico em pacientes com histórico de apneia do sono, quando se consideram seus efeitos no sistema nervoso e no sistema respiratório?","A bula contraindica Rivotril comprimidos e gotas para tratamento de transtornos do pânico em pacientes com histórico de apneia do sono. Ela informa que clonazepam é um benzodiazepínico que causa inibição leve do sistema nervoso, com ação sedativa leve, relaxante muscular e tranquilizante, e também descreve risco de depressão respiratória. Além disso, álcool e depressores do sistema nervoso central podem aumentar os efeitos de Rivotril, com sedação grave, coma ou morte e depressão cardiovascular e/ou respiratória. Assim, usando apenas a bula, a contraindicação se relaciona ao risco de agravar comprometimento respiratório em pacientes com apneia do sono.",partial_match,q038_ev01,essential,3,"COMO ESTE MEDICAMENTO FUNCIONA?** Clonazepam pertence à classe dos benzodiazepínicos, medicamentos que causam inibição leve do sistema nervoso, com consequente ação anticonvulsivante, sedativa leve, relaxante muscular e tranquilizante. A ação de **Rivotril[® ]** oral dose única inicia em 30 a 60 minutos e se estende por 6 à 8 h em crianças e 8 a 12 h em adultos. 1 **==> picture [109 x 35] intentionally omitted <==** ## **3.",1,chunk_4569774ff1a4,leaf_3cb34533cd62,sec_d9f209726d63,simplified_mechanism,0,high,seção esperada; apresentação/formulação mencionada; sobreposição semântica/lexical com pergunta e resposta esperada,"COMO ESTE MEDICAMENTO FUNCIONA?** Clonazepam pertence à classe dos benzodiazepínicos, medicamentos que causam inibição leve do sistema nervoso, com consequente ação anticonvulsivante, sedativa leve, relaxante muscular e tranquilizante. A ação de **Rivotril[® ]** oral dose única inicia em 30 a 60 minutos e se estende por 6 à 8 h em crianças e 8 a 12 h em adultos. 1 **==> picture [109 x 35] intentionally omitted <==** ## **3.","Nem todas as seções esperadas foram cobertas: warning_precaution, adverse_reaction"
q038,dificeis_revisadas.csv:8,RIVOTRIL,dificil,"Por que a bula contraindica Rivotril para tratamento de transtorno do pânico em pacientes com histórico de apneia do sono, quando se consideram seus efeitos no sistema nervoso e no sistema respiratório?","A bula contraindica Rivotril comprimidos e gotas para tratamento de transtornos do pânico em pacientes com histórico de apneia do sono. Ela informa que clonazepam é um benzodiazepínico que causa inibição leve do sistema nervoso, com ação sedativa leve, relaxante muscular e tranquilizante, e também descreve risco de depressão respiratória. Além disso, álcool e depressores do sistema nervoso central podem aumentar os efeitos de Rivotril, com sedação grave, coma ou morte e depressão cardiovascular e/ou respiratória. Assim, usando apenas a bula, a contraindicação se relaciona ao risco de agravar comprometimento respiratório em pacientes com apneia do sono.",partial_match,q038_ev02,essential,3,"...s excipientes do medicamento, em pacientes com insuficiência respiratória grave ou comprometimento do fígado grave, pois os benzodiazepínicos podem levar à ocorrência de comprometimento do sistema nervoso, secundário ao problema no fígado. **Rivotril[® ]** comprimidos e **Rivotril[® ]** gotas são contraindicados para o tratamento de transtornos do pânico em pacientes com histórico médico de apneia do sono. **Rivotril[® ]** é contraindicado a pacientes com glaucoma agudo de ângulo fechado. **Rivotril[® ]** pode ser...",2,chunk_5e3d4ac1c930,leaf_3cb34533cd62,sec_a09f972c4cdf,contraindication,0,high,seção esperada; apresentação/formulação mencionada; sobreposição semântica/lexical com pergunta e resposta esperada,"QUANDO NÃO DEVO USAR ESTE MEDICAMENTO?** **Rivotril[® ]** é contraindicado a pacientes com hipersensibilidade conhecida a clonazepam ou a qualquer dos excipientes do medicamento, em pacientes com insuficiência respiratória grave ou comprometimento do fígado grave, pois os benzodiazepínicos podem levar à ocorrência de comprometimento do sistema nervoso, secundário ao problema no fígado. **Rivotril[® ]** comprimidos e **Rivotril[® ]** gotas são contraindicados para o tratamento de transtornos do pânico em pacientes com histórico médico de apneia do sono. **Rivotril[® ]** é contraindicado a pacientes com glaucoma agudo de ângulo fechado. **Rivotril[® ]** pode ser usado por pacientes com glaucoma de ângulo aberto, desde que estejam recebendo terapia apropriada. ## **4. O QUE DEVO SABER ANTES DE USAR ESTE MEDICAMENTO?** Antes de tomar **Rivotril**[®] , informe seu médico se você tem ou teve: - 1) outros problemas de saúde, como doenças nos rins ou fígado (por exemplo: cirrose hepática), distúrbio neuromuscular ou respiratório, porfiria (doença em que ocorre deficiência de enzimas específicas na via da biossíntese do heme); - 2) sinais ou sintomas de depressão e/ou tentativa de suicídio; - 3) intolerância à galactose (açúcar) ou deficiência de lactase (enzima que quebra a lactose); 4) ataxia cerebelar ou espinhal (descoordenação dos movimentos por problema do cerebelo ou medula); > 5) uso regular ou intoxicação aguda por álcool ou drogas. Pode ocorrer perda de efeito durante o tratamento com clonazepam.","Nem todas as seções esperadas foram cobertas: warning_precaution, adverse_reaction"
q038,dificeis_revisadas.csv:8,RIVOTRIL,dificil,"Por que a bula contraindica Rivotril para tratamento de transtorno do pânico em pacientes com histórico de apneia do sono, quando se consideram seus efeitos no sistema nervoso e no sistema respiratório?","A bula contraindica Rivotril comprimidos e gotas para tratamento de transtornos do pânico em pacientes com histórico de apneia do sono. Ela informa que clonazepam é um benzodiazepínico que causa inibição leve do sistema nervoso, com ação sedativa leve, relaxante muscular e tranquilizante, e também descreve risco de depressão respiratória. Além disso, álcool e depressores do sistema nervoso central podem aumentar os efeitos de Rivotril, com sedação grave, coma ou morte e depressão cardiovascular e/ou respiratória. Assim, usando apenas a bula, a contraindicação se relaciona ao risco de agravar comprometimento respiratório em pacientes com apneia do sono.",partial_match,q038_ev03,essential,3,"...r dos excipientes do medicamento e a pacientes com insuficiência respiratória grave ou comprometimento hepático grave, pois os benzodiazepínicos podem levar à ocorrência de encefalopatia hepática. 1 **==> picture [109 x 35] intentionally omitted <==** **Rivotril[® ]** comprimidos e **Rivotril[® ]** gotas são contraindicados para o tratamento de transtornos do pânico em pacientes com histórico médico de apneia do sono. **Rivotril[® ]** é contraindicado a pacientes com glaucoma agudo de ângulo fechado. **Rivotril[® ]...",3,chunk_551b8de262e2,leaf_2c68e53f153b,sec_13e10898653d,contraindication,0,high,seção esperada; apresentação/formulação mencionada; sobreposição semântica/lexical com pergunta e resposta esperada,"QUANDO NÃO DEVO USAR ESTE MEDICAMENTO?** **Rivotril[® ]** é contraindicado a pacientes com hipersensibilidade conhecida a clonazepam ou a qualquer dos excipientes do medicamento e a pacientes com insuficiência respiratória grave ou comprometimento hepático grave, pois os benzodiazepínicos podem levar à ocorrência de encefalopatia hepática. 1 **==> picture [109 x 35] intentionally omitted <==** **Rivotril[® ]** comprimidos e **Rivotril[® ]** gotas são contraindicados para o tratamento de transtornos do pânico em pacientes com histórico médico de apneia do sono. **Rivotril[® ]** é contraindicado a pacientes com glaucoma agudo de ângulo fechado. **Rivotril[® ]** pode ser usado por pacientes com glaucoma de ângulo aberto, desde que estejam recebendo terapia apropriada. ## **4. O QUE DEVO SABER ANTES DE USAR ESTE MEDICAMENTO?** Antes de tomar **Rivotril**[®] , informe seu médico se você tem ou teve: - 1) outros problemas de saúde: doenças nos rins ou fígado (por exemplo: cirrose hepática), distúrbio neuromuscular ou respiratório, porfiria (doença em que ocorre deficiência de enzimas específicas na via da biossíntese do heme). - 2) sinais ou sintomas de depressão e/ou tentativa de suicídio; - 3) intolerância à galactose (açúcar) ou deficiência de lactase (enzima que quebra a lactose); - 4) ataxia cerebelar ou espinhal (descoordenação dos movimentos por problema do cerebelo ou medula); - 5) uso regular ou intoxicação aguda por álcool ou drogas. Pode ocorrer perda de efeito durante o tratamento com clonazepam.","Nem todas as seções esperadas foram cobertas: warning_precaution, adverse_reaction"
q038,dificeis_revisadas.csv:8,RIVOTRIL,dificil,"Por que a bula contraindica Rivotril para tratamento de transtorno do pânico em pacientes com histórico de apneia do sono, quando se consideram seus efeitos no sistema nervoso e no sistema respiratório?","A bula contraindica Rivotril comprimidos e gotas para tratamento de transtornos do pânico em pacientes com histórico de apneia do sono. Ela informa que clonazepam é um benzodiazepínico que causa inibição leve do sistema nervoso, com ação sedativa leve, relaxante muscular e tranquilizante, e também descreve risco de depressão respiratória. Além disso, álcool e depressores do sistema nervoso central podem aumentar os efeitos de Rivotril, com sedação grave, coma ou morte e depressão cardiovascular e/ou respiratória. Assim, usando apenas a bula, a contraindicação se relaciona ao risco de agravar comprometimento respiratório em pacientes com apneia do sono.",partial_match,q038_ev04,essential,3,"...excipientes do medicamento e a pacientes com insuficiência respiratória grave ou comprometimento do fígado grave, pois os benzodiazepínicos podem levar à ocorrência de comprometimento do sistema nervoso secundário ao problema no fígado. **Rivotril[® ]** comprimidos e **Rivotril[® ]** gotas são contraindicados para o tratamento de transtornos do pânico em pacientes com histórico médico de apneia do sono. **Rivotril[® ]** é contraindicado a pacientes com glaucoma agudo de ângulo fechado. **Rivotril[® ]** pode ser us...",4,chunk_6c577f16cf9f,leaf_582f152be8a1,sec_abf3caa6f886,contraindication,0,high,seção esperada; sobreposição semântica/lexical com pergunta e resposta esperada,"QUANDO NÃO DEVO USAR ESTE MEDICAMENTO?** **Rivotril[® ]** é contraindicado a pacientes com hipersensibilidade conhecida a clonazepam ou a qualquer dos excipientes do medicamento e a pacientes com insuficiência respiratória grave ou comprometimento do fígado grave, pois os benzodiazepínicos podem levar à ocorrência de comprometimento do sistema nervoso secundário ao problema no fígado. **Rivotril[® ]** comprimidos e **Rivotril[® ]** gotas são contraindicados para o tratamento de transtornos do pânico em pacientes com histórico médico de apneia do sono. **Rivotril[® ]** é contraindicado a pacientes com glaucoma agudo de ângulo fechado. **Rivotril[® ]** pode ser usado por pacientes com glaucoma de ângulo aberto, desde que estejam recebendo terapia apropriada. 1 **==> picture [109 x 35] intentionally omitted <==** ## **4. O QUE DEVO SABER ANTES DE USAR ESTE MEDICAMENTO?** Antes de tomar **Rivotril**[®] , informe seu médico se você tem ou teve: - 1) outros problemas de saúde: doenças nos rins ou no fígado (por exemplo: cirrose hepática), distúrbio neuromuscular ou respiratório, porfiria (doença em que ocorre deficiência de enzimas específicas na via da biossíntese do heme); - 2) sinais ou sintomas de depressão e/ou tentativa de suicídio; - 3) intolerância à galactose (açúcar) ou deficiência de lactase (enzima que quebra a lactose); - 4) ataxia cerebelar ou espinhal (descoordenação dos movimentos por problema do cerebelo ou medula); - 5) uso regular ou intoxicação aguda por álcool ou drogas.","Nem todas as seções esperadas foram cobertas: warning_precaution, adverse_reaction"
q038,dificeis_revisadas.csv:8,RIVOTRIL,dificil,"Por que a bula contraindica Rivotril para tratamento de transtorno do pânico em pacientes com histórico de apneia do sono, quando se consideram seus efeitos no sistema nervoso e no sistema respiratório?","A bula contraindica Rivotril comprimidos e gotas para tratamento de transtornos do pânico em pacientes com histórico de apneia do sono. Ela informa que clonazepam é um benzodiazepínico que causa inibição leve do sistema nervoso, com ação sedativa leve, relaxante muscular e tranquilizante, e também descreve risco de depressão respiratória. Além disso, álcool e depressores do sistema nervoso central podem aumentar os efeitos de Rivotril, com sedação grave, coma ou morte e depressão cardiovascular e/ou respiratória. Assim, usando apenas a bula, a contraindicação se relaciona ao risco de agravar comprometimento respiratório em pacientes com apneia do sono.",partial_match,q038_ev05,supporting,2,"...cerebelar ou espinhal (descoordenação dos movimentos por problema do cerebelo ou medula); > 5) uso regular ou intoxicação aguda por álcool ou drogas. Pode ocorrer perda de efeito durante o tratamento com clonazepam. Não tome **Rivotril[® ]** com álcool e/ou depressores do sistema nervoso central, essa combinação pode aumentar os efeitos de **Rivotril[®]** , com potencial sedação grave que pode resultar em coma ou morte, depressão cardiovascular e/ou respiratória. Caso ocorram reações paradoxais ** durante o tratame...",5,chunk_07b5a2953783,leaf_3cb34533cd62,sec_a09f972c4cdf,contraindication,1,high,seção esperada; apresentação/formulação mencionada; sobreposição semântica/lexical com pergunta e resposta esperada,"(açúcar) ou deficiência de lactase (enzima que quebra a lactose); 4) ataxia cerebelar ou espinhal (descoordenação dos movimentos por problema do cerebelo ou medula); > 5) uso regular ou intoxicação aguda por álcool ou drogas. Pode ocorrer perda de efeito durante o tratamento com clonazepam. Não tome **Rivotril[® ]** com álcool e/ou depressores do sistema nervoso central, essa combinação pode aumentar os efeitos de **Rivotril[®]** , com potencial sedação grave que pode resultar em coma ou morte, depressão cardiovascular e/ou respiratória. Caso ocorram reações paradoxais ** durante o tratamento, fale com seu médico, pois o uso do medicamento deve ser descontinuado. Pode ocorrer amnésia anterógrada (perda da habilidade de criar novas memórias e absorver novas informações), com o uso de benzodiazepínicos em doses terapêuticas. **Rivotril[® ]** pode precipitar o estado de mal epiléptico (crises epilépticas em sequência rápida). Fale com seu médico antes de aumentar a dose ou interromper abruptamente esta medicação. ## **Abuso e dependência do medicamento**","Nem todas as seções esperadas foram cobertas: warning_precaution, adverse_reaction"
q039,dificeis_revisadas.csv:9,RIVOTRIL,dificil,"Se um paciente em uso de Rivotril consome suco de toranja e também utiliza medicamentos que agem no sistema nervoso, que efeitos potencializados a bula permite prever e quais limites de informação devem ser reconhecidos?","A bula informa que interações com alimentos não foram estabelecidas, mas que o suco de toranja pode aumentar o efeito de Rivotril. Também orienta informar o médico sobre medicamentos que agem no sistema nervoso, como antidepressivos, medicamentos para dormir, alguns analgésicos, antipsicóticos, ansiolíticos e anticonvulsivantes, pois podem interagir com Rivotril. Com álcool ou depressores do sistema nervoso central, a combinação pode aumentar os efeitos, com sedação grave, coma ou morte e depressão cardiovascular e/ou respiratória. A bula não quantifica alteração de concentração plasmática nem descreve mecanismo farmacocinético do suco de toranja; portanto, esses detalhes não podem ser respondidos apenas pela bula.",partial_match,q039_ev01,essential,3,"...os parecem ser maiores em pacientes idosos do que em pacientes mais jovens, mesmo em concentrações plasmáticas similares. ## **Principais interações medicamentosas** Informe seu médico se estiver tomando outros medicamentos, incluindo as substâncias a seguir, pois elas podem interagir com **Rivotril[®]** : – Depressores do sistema nervoso central e álcool; – Medicamentos que agem no sistema nervoso: antidepressivos, medicamentos para dormir, alguns analgésicos, antipsicóticos, ansiolíticos, anticonvulsivantes; – Me...",1,chunk_d1e77a6a6e34,leaf_3cb34533cd62,sec_a09f972c4cdf,contraindication,4,high,sobreposição semântica/lexical com pergunta e resposta esperada,"lta de tônus muscular, depressão respiratória e dificuldade de sucção no bebê. Tanto a gestação quanto a suspensão de **Rivotril**[® ] podem exacerbar a epilepsia. Informe seu médico se estiver amamentando. Se você realmente precisar tomar **Rivotril[®]** , a amamentação deve ser descontinuada. ## **Uso em crianças** Avaliar o risco / benefício do uso de **Rivotril[® ]** a longo prazo em pacientes pediátricos com distúrbios epilépticos. **Rivotril[® ]** pode aumentar a salivação e as secreções brônquicas em lactentes e crianças pequenas. Atenção: manter as vias aéreas livres. Não há dados de eficácia / segurança de **Rivotril[® ]** em menores de 18 anos com distúrbio do pânico. ## **Uso em idosos** Os efeitos dos benzodiazepínicos parecem ser maiores em pacientes idosos do que em pacientes mais jovens, mesmo em concentrações plasmáticas similares. ## **Principais interações medicamentosas** Informe seu médico se estiver tomando outros medicamentos, incluindo as substâncias a seguir, pois elas podem interagir com **Rivotril[®]** : – Depressores do sistema nervoso central e álcool; – Medicamentos que agem no sistema nervoso: antidepressivos, medicamentos para dormir, alguns analgésicos, antipsicóticos, ansiolíticos, anticonvulsivantes; – Medicamentos para o estômago. ## **Interações fármaco-alimento** Interações com alimentos não foram estabelecidas. O suco de toranja pode aumentar o efeito de **Rivotril**[®] . ## **Interações fármaco-laboratório** Interações com testes laboratoriais não foram estabelecidas.",Nem todas as seções esperadas foram cobertas: warning_precaution
q039,dificeis_revisadas.csv:9,RIVOTRIL,dificil,"Se um paciente em uso de Rivotril consome suco de toranja e também utiliza medicamentos que agem no sistema nervoso, que efeitos potencializados a bula permite prever e quais limites de informação devem ser reconhecidos?","A bula informa que interações com alimentos não foram estabelecidas, mas que o suco de toranja pode aumentar o efeito de Rivotril. Também orienta informar o médico sobre medicamentos que agem no sistema nervoso, como antidepressivos, medicamentos para dormir, alguns analgésicos, antipsicóticos, ansiolíticos e anticonvulsivantes, pois podem interagir com Rivotril. Com álcool ou depressores do sistema nervoso central, a combinação pode aumentar os efeitos, com sedação grave, coma ou morte e depressão cardiovascular e/ou respiratória. A bula não quantifica alteração de concentração plasmática nem descreve mecanismo farmacocinético do suco de toranja; portanto, esses detalhes não podem ser respondidos apenas pela bula.",partial_match,q039_ev02,supporting,2,"...icos parecem ser maiores em pacientes idosos do que em pacientes mais jovens, mesmo em concentrações plasmáticas similares, ## **Principais interações medicamentosas** Informe seu médico, se estiver tomando outros medicamentos, incluindo as substâncias a seguir, pois elas podem interagir com **Rivotril[®]** . **-** Depressores do sistema nervoso central e álcool; **-** Medicamentos que agem no sistema nervoso: antidepressivos, medicamentos para dormir, alguns analgésicos, antipsicóticos, ansiolíticos, anticonvulsiv...",2,chunk_2ff643ba29cb,leaf_2c68e53f153b,sec_13e10898653d,contraindication,4,high,sobreposição semântica/lexical com pergunta e resposta esperada,"ionally omitted <==** depressão respiratória e dificuldade de sucção no bebê. Tanto a gestação quanto a suspensão de **Rivotril[® ]** podem exacerbar a epilepsia. Informe seu médico se estiver amamentando. Se você realmente precisar tomar **Rivotril[®]** , a amamentação deve ser descontinuada. ## **Uso em crianças** Avaliar o risco / benefício do uso de **Rivotril[® ]** a longo prazo em pacientes pediátricos com distúrbios epilépticos. **Rivotril[® ]** pode aumentar a salivação e as secreções brônquicas em lactentes e crianças pequenas. Atenção: manter as vias aéreas livres. Não há dados de eficácia / segurança de **Rivotril[® ]** em menores de 18 anos com distúrbio do pânico. **Uso em idosos** Os efeitos dos benzodiazepínicos parecem ser maiores em pacientes idosos do que em pacientes mais jovens, mesmo em concentrações plasmáticas similares, ## **Principais interações medicamentosas** Informe seu médico, se estiver tomando outros medicamentos, incluindo as substâncias a seguir, pois elas podem interagir com **Rivotril[®]** . **-** Depressores do sistema nervoso central e álcool; **-** Medicamentos que agem no sistema nervoso: antidepressivos, medicamentos para dormir, alguns analgésicos, antipsicóticos, ansiolíticos, anticonvulsivantes; **-** Medicamentos para o estômago. ## **Interações fármaco-alimento** Interações com alimentos não foram estabelecidas. O suco de toranja pode aumentar o efeito de **Rivotril[®]** . ## **Interações fármaco-laboratório** Interações com testes laboratoriais não foram estabelecidas.",Nem todas as seções esperadas foram cobertas: warning_precaution
q039,dificeis_revisadas.csv:9,RIVOTRIL,dificil,"Se um paciente em uso de Rivotril consome suco de toranja e também utiliza medicamentos que agem no sistema nervoso, que efeitos potencializados a bula permite prever e quais limites de informação devem ser reconhecidos?","A bula informa que interações com alimentos não foram estabelecidas, mas que o suco de toranja pode aumentar o efeito de Rivotril. Também orienta informar o médico sobre medicamentos que agem no sistema nervoso, como antidepressivos, medicamentos para dormir, alguns analgésicos, antipsicóticos, ansiolíticos e anticonvulsivantes, pois podem interagir com Rivotril. Com álcool ou depressores do sistema nervoso central, a combinação pode aumentar os efeitos, com sedação grave, coma ou morte e depressão cardiovascular e/ou respiratória. A bula não quantifica alteração de concentração plasmática nem descreve mecanismo farmacocinético do suco de toranja; portanto, esses detalhes não podem ser respondidos apenas pela bula.",partial_match,q039_ev03,supporting,2,"...benzodiazepínicos parecem ser maiores em pacientes idosos do que em pacientes mais jovens, mesmo em concentrações plasmáticas similares. ## **Principais interações medicamentosas** Informe seu médico, se estiver tomando outros medicamentos, incluindo as substâncias a seguir, pois elas podem interagir com **Rivotril[®]** . – Depressores do sistema nervoso central e álcool; – Medicamentos que agem no sistema nervoso: antidepressivos, medicamentos para dormir, alguns analgésicos, antipsicóticos, ansiolíticos, anticonv...",3,chunk_3e429871e6b5,leaf_582f152be8a1,sec_abf3caa6f886,contraindication,4,high,sobreposição semântica/lexical com pergunta e resposta esperada,"e tônus muscular, depressão respiratória e dificuldade de sucção no bebê. Tanto a gestação quanto a suspensão de **Rivotril[® ]** podem exacerbar a epilepsia. Informe seu médico se estiver amamentando. Se você realmente precisar tomar **Rivotril[®]** , a amamentação deve ser descontinuada. 2 **==> picture [109 x 35] intentionally omitted <==** ## **Uso em crianças** Avaliar o risco / benefício do uso de **Rivotril[® ]** a longo prazo em pacientes pediátricos com distúrbios epilépticos. **Rivotril[® ]** pode aumentar a salivação e as secreções brônquicas em lactentes e crianças pequenas. Atenção: manter as vias aéreas livres. Não há dados sobre eficácia / segurança de **Rivotril[® ]** em menores de 18 anos com distúrbio do pânico. ## **Uso em idosos** Os efeitos dos benzodiazepínicos parecem ser maiores em pacientes idosos do que em pacientes mais jovens, mesmo em concentrações plasmáticas similares. ## **Principais interações medicamentosas** Informe seu médico, se estiver tomando outros medicamentos, incluindo as substâncias a seguir, pois elas podem interagir com **Rivotril[®]** . – Depressores do sistema nervoso central e álcool; – Medicamentos que agem no sistema nervoso: antidepressivos, medicamentos para dormir, alguns analgésicos, antipsicóticos, ansiolíticos, anticonvulsivantes. – Medicamentos para o estômago. ## **Interações fármaco-alimento** Interações com alimentos não foram estabelecidas. O suco de toranja pode aumentar o efeito de **Rivotril**[®] . ## **Interações fármaco-laboratório**",Nem todas as seções esperadas foram cobertas: warning_precaution
q040,dificeis_revisadas.csv:10,RIVOTRIL,dificil,"Quais precauções devem ser adotadas antes de iniciar Rivotril em pacientes com depressão, tentativa de suicídio prévia ou risco de alterações comportamentais, e quais eventos psiquiátricos da bula fundamentam essa cautela?","Antes de tomar Rivotril, o paciente deve informar o médico se tem ou teve sinais ou sintomas de depressão e/ou tentativa de suicídio. A cautela se fundamenta nos eventos psiquiátricos relatados na bula, como amnésia, alucinações, psicose, tentativa de suicídio, ideias suicidas, distúrbios emocionais e de humor, estado confusional e desorientação. A bula também descreve reações paradoxais como inquietação, agitação, irritabilidade, agressividade, ansiedade, distúrbios do sono, delírio, raiva, pesadelos, alucinações, psicose, hiperatividade e comportamento inapropriado, e informa que depressão pode estar associada à doença de base.",partial_match,q040_ev01,essential,3,"...Distúrbios do sistema imunológico** : reações alérgicas e muito poucos casos de anafilaxia (reação alérgica grave). **Distúrbios endócrinos** : casos isolados, reversíveis, de puberdade precoce incompleta em crianças. **Distúrbios psiquiátricos** : amnésia, alucinações, histeria, psicose, tentativa de suicídio, despersonalização, distúrbio de memória, desinibição orgânica, ideias suicidas, lamentações, distúrbios emocionais e de humor, estado confusional e desorientação. Depressão pode estar associada à doença de b...",1,chunk_c5bdb78f220a,leaf_3cb34533cd62,sec_87bf8e4ab9aa,missed_dose,1,high,sobreposição semântica/lexical com pergunta e resposta esperada,"leve, sinusite e concentração prejudicada. ## **Pós-comercialização:** **Distúrbios do sistema imunológico** : reações alérgicas e muito poucos casos de anafilaxia (reação alérgica grave). **Distúrbios endócrinos** : casos isolados, reversíveis, de puberdade precoce incompleta em crianças. **Distúrbios psiquiátricos** : amnésia, alucinações, histeria, psicose, tentativa de suicídio, despersonalização, distúrbio de memória, desinibição orgânica, ideias suicidas, lamentações, distúrbios emocionais e de humor, estado confusional e desorientação. Depressão pode estar associada à doença de base. Reações paradoxais: inquietação, agitação, irritabilidade, agressividade, nervosismo, hostilidade, ansiedade, distúrbios do sono, delírio, raiva, pesadelos, sonhos anormais, alucinações, psicose, hiperatividade, comportamento inapropriado e outros efeitos comportamentais. Alterações da libido (casos raros). Dependência e retirada, vide item “Abuso e dependência do medicamento”.","Nem todas as seções esperadas foram cobertas: warning_precaution, adverse_reaction"
q040,dificeis_revisadas.csv:10,RIVOTRIL,dificil,"Quais precauções devem ser adotadas antes de iniciar Rivotril em pacientes com depressão, tentativa de suicídio prévia ou risco de alterações comportamentais, e quais eventos psiquiátricos da bula fundamentam essa cautela?","Antes de tomar Rivotril, o paciente deve informar o médico se tem ou teve sinais ou sintomas de depressão e/ou tentativa de suicídio. A cautela se fundamenta nos eventos psiquiátricos relatados na bula, como amnésia, alucinações, psicose, tentativa de suicídio, ideias suicidas, distúrbios emocionais e de humor, estado confusional e desorientação. A bula também descreve reações paradoxais como inquietação, agitação, irritabilidade, agressividade, ansiedade, distúrbios do sono, delírio, raiva, pesadelos, alucinações, psicose, hiperatividade e comportamento inapropriado, e informa que depressão pode estar associada à doença de base.",partial_match,q040_ev02,supporting,2,"...Distúrbios do sistema imunológico** : reações alérgicas e muito poucos casos de anafilaxia (reação alérgica grave). **Distúrbios endócrinos** : casos isolados, reversíveis, de puberdade precoce incompleta em crianças. **Distúrbios psiquiátricos** : amnésia, alucinações, histeria, psicose, tentativa de suicídio, despersonalização, distúrbio de memória, desinibição orgânica, ideias suicidas, lamentações, distúrbios emocionais e de humor, estado confusional e desorientação. Depressão pode estar associada à doença de b...",2,chunk_31389e77cc89,leaf_582f152be8a1,sec_ccfcb1197b73,dosage,4,high,sobreposição semântica/lexical com pergunta e resposta esperada,"leve, sinusite e concentração prejudicada. ## **Pós-comercialização:** **Distúrbios do sistema imunológico** : reações alérgicas e muito poucos casos de anafilaxia (reação alérgica grave). **Distúrbios endócrinos** : casos isolados, reversíveis, de puberdade precoce incompleta em crianças. **Distúrbios psiquiátricos** : amnésia, alucinações, histeria, psicose, tentativa de suicídio, despersonalização, distúrbio de memória, desinibição orgânica, ideias suicidas, lamentações, distúrbios emocionais e de humor, estado confusional e desorientação. Depressão pode estar associada à doença de base. Reações paradoxais: inquietação, agitação, irritabilidade, agressividade, nervosismo, hostilidade, ansiedade, distúrbios do sono, delírio, raiva, pesadelos, sonhos anormais, alucinações, psicose, hiperatividade, comportamento inapropriado e outros efeitos comportamentais. Alterações da libido (casos raros). Dependência e retirada, vide item “Abuso e dependência do medicamento”.","Nem todas as seções esperadas foram cobertas: warning_precaution, adverse_reaction"
q040,dificeis_revisadas.csv:10,RIVOTRIL,dificil,"Quais precauções devem ser adotadas antes de iniciar Rivotril em pacientes com depressão, tentativa de suicídio prévia ou risco de alterações comportamentais, e quais eventos psiquiátricos da bula fundamentam essa cautela?","Antes de tomar Rivotril, o paciente deve informar o médico se tem ou teve sinais ou sintomas de depressão e/ou tentativa de suicídio. A cautela se fundamenta nos eventos psiquiátricos relatados na bula, como amnésia, alucinações, psicose, tentativa de suicídio, ideias suicidas, distúrbios emocionais e de humor, estado confusional e desorientação. A bula também descreve reações paradoxais como inquietação, agitação, irritabilidade, agressividade, ansiedade, distúrbios do sono, delírio, raiva, pesadelos, alucinações, psicose, hiperatividade e comportamento inapropriado, e informa que depressão pode estar associada à doença de base.",partial_match,q040_ev03,supporting,2,"...var ao desenvolvimento de dependência física e psicológica. O risco de dependência aumenta com a dose, tratamentos prolongados e em pacientes com história de abuso de álcool ou drogas. Em caso de dependência, especialmente com doses elevadas, a descontinuação brusca do tratamento será acompanhada por sintomas de abstinência: psicoses, distúrbio de comportamento, tremor, sudorese, agitação, distúrbios do sono e ansiedade, dor de cabeça, diarreia, dores musculares, câimbras, ansiedade extrema, tensão, cansaço, inquie...",3,chunk_aec91486cda3,leaf_2c68e53f153b,sec_13e10898653d,contraindication,2,high,sobreposição semântica/lexical com pergunta e resposta esperada,"ções), com o uso de benzodiazepínicos em doses terapêuticas. **Rivotril[® ]** pode precipitar o estado de mal epiléptico (crises epilépticas em sequência rápida). Fale com seu médico antes de aumentar a dose ou interromper abruptamente esta medicação. ## **Abuso e dependência do medicamento** O uso de benzodiazepínicos pode levar ao desenvolvimento de dependência física e psicológica. O risco de dependência aumenta com a dose, tratamentos prolongados e em pacientes com história de abuso de álcool ou drogas. Em caso de dependência, especialmente com doses elevadas, a descontinuação brusca do tratamento será acompanhada por sintomas de abstinência: psicoses, distúrbio de comportamento, tremor, sudorese, agitação, distúrbios do sono e ansiedade, dor de cabeça, diarreia, dores musculares, câimbras, ansiedade extrema, tensão, cansaço, inquietação, alteração de humor, confusão, irritabilidade e convulsões epiléticas que podem ser associadas à doença de base. Em casos graves, desrealização (sentimentos de estranhamento ou distanciamento em relação ao ambiente), despersonalização (processo psíquico, em que se tem a impressão de que se é estranho a si mesmo), hipersensibilidade ao som, à luz, a ruídos e ao contato físico, sensações anormais, formigamentos, alucinações. O risco dos sintomas de abstinência é maior após descontinuação súbita do tratamento, portanto a retirada brusca do medicamento deve ser evitada. O tratamento (mesmo de curta duração) deve ser interrompido pela redução gradativa da dose diária. ## **Efeitos sobre a capacidade de dirigir e operar máquinas**","Nem todas as seções esperadas foram cobertas: warning_precaution, adverse_reaction"
q041,dificeis_revisadas.csv:11,TYLENOL,dificil,"Como a duração de ação farmacológica de TYLENOL se relaciona com o esquema posológico fracionado recomendado, considerando seu mecanismo de ação e o risco hepatotóxico descritos na bula?","TYLENOL reduz a febre atuando no centro regulador da temperatura no sistema nervoso central e diminui a sensibilidade à dor; seu efeito começa 15 a 30 minutos após a administração oral e permanece por 4 a 6 horas. A posologia recomenda doses fracionadas em intervalos de 4 a 6 horas, sem exceder 1000 mg por dose nem 4000 mg por dia em 24 horas. Essa relação indica que o intervalo acompanha a duração do efeito, enquanto os limites por dose e por dia reduzem o risco de superdose, que a bula associa a danos ao fígado.",matched,q041_ev01,essential,3,COMO ESTE MEDICAMENTO FUNCIONA?** **TYLENOL[® ]** reduz a febre atuando no centro regulador da temperatura no Sistema Nervoso Central (SNC) e diminui a sensibilidade a dor. Seu efeito tem início 15 a 30 minutos após a administração oral e permanece por um período de 4 a 6 horas. ## **3.,1,chunk_578c6a49ac86,leaf_1d4d2acf0a65,sec_f6f167271d61,simplified_mechanism,0,high,seção esperada; sobreposição semântica/lexical com pergunta e resposta esperada,COMO ESTE MEDICAMENTO FUNCIONA?** **TYLENOL[® ]** reduz a febre atuando no centro regulador da temperatura no Sistema Nervoso Central (SNC) e diminui a sensibilidade a dor. Seu efeito tem início 15 a 30 minutos após a administração oral e permanece por um período de 4 a 6 horas. ## **3.,
q041,dificeis_revisadas.csv:11,TYLENOL,dificil,"Como a duração de ação farmacológica de TYLENOL se relaciona com o esquema posológico fracionado recomendado, considerando seu mecanismo de ação e o risco hepatotóxico descritos na bula?","TYLENOL reduz a febre atuando no centro regulador da temperatura no sistema nervoso central e diminui a sensibilidade à dor; seu efeito começa 15 a 30 minutos após a administração oral e permanece por 4 a 6 horas. A posologia recomenda doses fracionadas em intervalos de 4 a 6 horas, sem exceder 1000 mg por dose nem 4000 mg por dia em 24 horas. Essa relação indica que o intervalo acompanha a duração do efeito, enquanto os limites por dose e por dia reduzem o risco de superdose, que a bula associa a danos ao fígado.",matched,q041_ev02,essential,3,"...dentemente das refeições. ## **Adultos e crianças acima de 12 anos:** **TYLENOL[® ] 500 mg:** 1 a 2 comprimidos, 3 a 4 vezes ao dia. **TYLENOL[® ] 750 mg:** 1 comprimido, 3 a 5 vezes ao dia. A dose diária máxima recomendada de paracetamol é de 4000 mg ( **8 comprimidos de TYLENOL[® ] 500 mg ou 5 comprimidos de TYLENOL® 750 mg** ) administrada em doses fracionadas, não excedendo 1000 mg/dose ( **2 comprimidos de TYLENOL[® ] 500 mg ou 1 comprimido de TYLENOL[® ] 750 mg** ), em intervalos de 4 a 6 horas, em um período...",2,chunk_d4d5a2d20ab2,leaf_1d4d2acf0a65,sec_1646f2946e08,dosage,0,high,seção esperada; sobreposição semântica/lexical com pergunta e resposta esperada,"COMO DEVO USAR ESTE MEDICAMENTO?** Uso oral. Você deve tomar os comprimidos com líquido. O paracetamol pode ser administrado independentemente das refeições. ## **Adultos e crianças acima de 12 anos:** **TYLENOL[® ] 500 mg:** 1 a 2 comprimidos, 3 a 4 vezes ao dia. **TYLENOL[® ] 750 mg:** 1 comprimido, 3 a 5 vezes ao dia. A dose diária máxima recomendada de paracetamol é de 4000 mg ( **8 comprimidos de TYLENOL[® ] 500 mg ou 5 comprimidos de TYLENOL® 750 mg** ) administrada em doses fracionadas, não excedendo 1000 mg/dose ( **2 comprimidos de TYLENOL[® ] 500 mg ou 1 comprimido de TYLENOL[® ] 750 mg** ), em intervalos de 4 a 6 horas, em um período de 24 horas. **Duração do tratamento:** depende do desaparecimento dos sintomas. **Este medicamento não pode ser partido, aberto ou mastigado.** **Siga corretamente o modo de usar. Em caso de dúvidas sobre este medicamento, procure orientação do farmacêutico. Não desaparecendo os sintomas, procure orientação médica ou de seu cirurgião-dentista.** ## **7.",
q041,dificeis_revisadas.csv:11,TYLENOL,dificil,"Como a duração de ação farmacológica de TYLENOL se relaciona com o esquema posológico fracionado recomendado, considerando seu mecanismo de ação e o risco hepatotóxico descritos na bula?","TYLENOL reduz a febre atuando no centro regulador da temperatura no sistema nervoso central e diminui a sensibilidade à dor; seu efeito começa 15 a 30 minutos após a administração oral e permanece por 4 a 6 horas. A posologia recomenda doses fracionadas em intervalos de 4 a 6 horas, sem exceder 1000 mg por dose nem 4000 mg por dia em 24 horas. Essa relação indica que o intervalo acompanha a duração do efeito, enquanto os limites por dose e por dia reduzem o risco de superdose, que a bula associa a danos ao fígado.",matched,q041_ev03,essential,3,"...ais que se seguem a uma dose potencialmente hepatotóxica de paracetamol são: perda de apetite, náusea, vômito, sudorese intensa, palidez e mal-estar geral. **Em caso de uso de grande quantidade deste medicamento, procure rapidamente socorro médico e leve a embalagem ou bula do medicamento, se possível. Ligue para 0800 722 6001, se você precisar de mais orientações.** ## **DIZERES LEGAIS** MS - 1.5721.1214 Farmacêutico Responsável: Jean F. L. Festuccia – CRF - SP nº 29.625 Registrado por: ## **JOHNSON & JOHNSON INDU...",3,chunk_983a58909e27,leaf_1d4d2acf0a65,sec_1115276e728e,overdose,0,high,seção esperada; sobreposição semântica/lexical com pergunta e resposta esperada,"O QUE FAZER SE ALGUÉM USAR UMA QUANTIDADE MAIOR DO QUE A INDICADA DESTE MEDICAMENTO?** O uso de doses excessivas, acima das doses recomendadas (superdose) pode causar danos ao fígado. Em caso de superdose, procure ajuda médica ou um centro de intoxicação imediatamente. O apoio médico imediato é fundamental para adultos e crianças, mesmo se os sinais e sintomas de intoxicação não estiverem presentes. Os sinais e sintomas iniciais que se seguem a uma dose potencialmente hepatotóxica de paracetamol são: perda de apetite, náusea, vômito, sudorese intensa, palidez e mal-estar geral. **Em caso de uso de grande quantidade deste medicamento, procure rapidamente socorro médico e leve a embalagem ou bula do medicamento, se possível. Ligue para 0800 722 6001, se você precisar de mais orientações.** ## **DIZERES LEGAIS** MS - 1.5721.1214 Farmacêutico Responsável: Jean F. L. Festuccia – CRF - SP nº 29.625 Registrado por: ## **JOHNSON & JOHNSON INDUSTRIAL LTDA.** Rodovia Presidente Dutra, Km 154, São José dos Campos – SP CNPJ 59.748.988/0001-14 Fabricado por: ## **JOHNSON & JOHNSON INDUSTRIAL LTDA** Rodovia Presidente Dutra, km 154 São José dos Campos – SP CNPJ: 59.748.988/0001-14 Industria Brasileira ®Marca Registrada TYLENOL® - Paciente **==> picture [114 x 31] intentionally omitted <==** SAC 0800 728 6767 www.tylenol.com.br Siga corretamente o modo de usar, não desaparecendo os sintomas procure orientação médica. **==> picture [23 x 19] intentionally omitted <==** TYLENOL® - Paciente **==> picture [115 x 30] intentionally omitted <==**",
q041,dificeis_revisadas.csv:11,TYLENOL,dificil,"Como a duração de ação farmacológica de TYLENOL se relaciona com o esquema posológico fracionado recomendado, considerando seu mecanismo de ação e o risco hepatotóxico descritos na bula?","TYLENOL reduz a febre atuando no centro regulador da temperatura no sistema nervoso central e diminui a sensibilidade à dor; seu efeito começa 15 a 30 minutos após a administração oral e permanece por 4 a 6 horas. A posologia recomenda doses fracionadas em intervalos de 4 a 6 horas, sem exceder 1000 mg por dose nem 4000 mg por dia em 24 horas. Essa relação indica que o intervalo acompanha a duração do efeito, enquanto os limites por dose e por dia reduzem o risco de superdose, que a bula associa a danos ao fígado.",matched,q041_ev04,supporting,2,"O QUE DEVO SABER ANTES DE USAR ESTE MEDICAMENTO?** TYLENOL® - Paciente **==> picture [114 x 31] intentionally omitted <==** Você não deve tomar mais do que a dose recomendada (superdose) para provocar maior alívio, pois pode causar sérios problemas de saúde. Você deve consultar seu médico se a dor ou febre continuarem ou piorarem, ou se surgirem novos sintomas, pois estes sintomas podem ser sinais de doenças graves. **Uso com álcool** : consumidores de doses abusivas de álcool devem consultar seu médico para saber...",4,chunk_97251e7ccd85,leaf_1d4d2acf0a65,sec_a29ed3da881a,warning_precaution,0,high,sobreposição semântica/lexical com pergunta e resposta esperada,"O QUE DEVO SABER ANTES DE USAR ESTE MEDICAMENTO?** TYLENOL® - Paciente **==> picture [114 x 31] intentionally omitted <==** Você não deve tomar mais do que a dose recomendada (superdose) para provocar maior alívio, pois pode causar sérios problemas de saúde. Você deve consultar seu médico se a dor ou febre continuarem ou piorarem, ou se surgirem novos sintomas, pois estes sintomas podem ser sinais de doenças graves. **Uso com álcool** : consumidores de doses abusivas de álcool devem consultar seu médico para saber se podem tomar **TYLENOL[® ]** ou qualquer outro analgésico. ## **Gravidez e Amamentação** ## Se você estiver grávida ou amamentando, consulte o seu médico antes de usar este medicamento. **Este medicamento não deve ser utilizado por mulheres grávidas sem orientação médica ou do cirurgião-dentista.** **Uso em pacientes com problemas no fígado** : Consulte seu médico antes de usar o medicamento. **Uso em idosos** : Até o momento não são conhecidas restrições específicas ao uso de **TYLENOL[® ]** por pacientes idosos. Não existe necessidade de ajuste de dose neste grupo etário. Muito raramente, foram relatadas reações cutâneas graves em pacientes que administraram paracetamol. Os sintomas podem incluir: vermelhidão na pele, bolhas e erupções cutâneas. Se ocorrerem reações cutâneas ou piora de problemas de pele já existentes, interrompa o uso do medicamento e procure ajuda médica imediatamente. ## **Não use outro produto que contenha paracetamol.** ## **O paracetamol nas doses terapêuticas não foi associado à irritação gástrica.**",
q041,dificeis_revisadas.csv:11,TYLENOL,dificil,"Como a duração de ação farmacológica de TYLENOL se relaciona com o esquema posológico fracionado recomendado, considerando seu mecanismo de ação e o risco hepatotóxico descritos na bula?","TYLENOL reduz a febre atuando no centro regulador da temperatura no sistema nervoso central e diminui a sensibilidade à dor; seu efeito começa 15 a 30 minutos após a administração oral e permanece por 4 a 6 horas. A posologia recomenda doses fracionadas em intervalos de 4 a 6 horas, sem exceder 1000 mg por dose nem 4000 mg por dia em 24 horas. Essa relação indica que o intervalo acompanha a duração do efeito, enquanto os limites por dose e por dia reduzem o risco de superdose, que a bula associa a danos ao fígado.",matched,q041_ev05,supporting,2,"4 x 31] intentionally omitted <==** SAC 0800 728 6767 www.tylenol.com.br Siga corretamente o modo de usar, não desaparecendo os sintomas procure orientação médica. **==> picture [23 x 19] intentionally omitted <==** TYLENOL® - Paciente **==> picture [115 x 30] intentionally omitted <==** ## **",5,chunk_3c190b3ea9f8,leaf_1d4d2acf0a65,sec_1115276e728e,overdose,1,high,seção esperada; sobreposição semântica/lexical com pergunta e resposta esperada,"4 x 31] intentionally omitted <==** SAC 0800 728 6767 www.tylenol.com.br Siga corretamente o modo de usar, não desaparecendo os sintomas procure orientação médica. **==> picture [23 x 19] intentionally omitted <==** TYLENOL® - Paciente **==> picture [115 x 30] intentionally omitted <==** ## **",
q042,dificeis_revisadas.csv:12,TYLENOL,dificil,"Em um paciente idoso que consome doses abusivas de álcool e tem preocupação com função hepática, quais orientações da bula devem ser integradas antes do uso de TYLENOL?","Para idosos, a bula informa que até o momento não são conhecidas restrições específicas ao uso de TYLENOL e que não há necessidade de ajuste de dose nesse grupo etário. Porém, consumidores de doses abusivas de álcool devem consultar o médico para saber se podem tomar TYLENOL ou qualquer outro analgésico. A bula também orienta pacientes com problemas no fígado a consultar o médico antes de usar o medicamento e alerta que doses excessivas acima das recomendadas podem causar danos ao fígado. Portanto, apesar de não haver ajuste específico por idade, o consumo abusivo de álcool e a preocupação hepática exigem consulta médica e respeito rigoroso à dose recomendada.",matched,q042_ev01,essential,3,"...*Uso com álcool** : consumidores de doses abusivas de álcool devem consultar seu médico para saber se podem tomar **TYLENOL[® ]** ou qualquer outro analgésico. ## **Gravidez e Amamentação** ## Se você estiver grávida ou amamentando, consulte o seu médico antes de usar este medicamento. **Este medicamento não deve ser utilizado por mulheres grávidas sem orientação médica ou do cirurgião-dentista.** **Uso em pacientes com problemas no fígado** : Consulte seu médico antes de usar o medicamento. **Uso em idosos** : Até...",1,chunk_97251e7ccd85,leaf_1d4d2acf0a65,sec_a29ed3da881a,warning_precaution,0,high,seção esperada; sobreposição semântica/lexical com pergunta e resposta esperada,"O QUE DEVO SABER ANTES DE USAR ESTE MEDICAMENTO?** TYLENOL® - Paciente **==> picture [114 x 31] intentionally omitted <==** Você não deve tomar mais do que a dose recomendada (superdose) para provocar maior alívio, pois pode causar sérios problemas de saúde. Você deve consultar seu médico se a dor ou febre continuarem ou piorarem, ou se surgirem novos sintomas, pois estes sintomas podem ser sinais de doenças graves. **Uso com álcool** : consumidores de doses abusivas de álcool devem consultar seu médico para saber se podem tomar **TYLENOL[® ]** ou qualquer outro analgésico. ## **Gravidez e Amamentação** ## Se você estiver grávida ou amamentando, consulte o seu médico antes de usar este medicamento. **Este medicamento não deve ser utilizado por mulheres grávidas sem orientação médica ou do cirurgião-dentista.** **Uso em pacientes com problemas no fígado** : Consulte seu médico antes de usar o medicamento. **Uso em idosos** : Até o momento não são conhecidas restrições específicas ao uso de **TYLENOL[® ]** por pacientes idosos. Não existe necessidade de ajuste de dose neste grupo etário. Muito raramente, foram relatadas reações cutâneas graves em pacientes que administraram paracetamol. Os sintomas podem incluir: vermelhidão na pele, bolhas e erupções cutâneas. Se ocorrerem reações cutâneas ou piora de problemas de pele já existentes, interrompa o uso do medicamento e procure ajuda médica imediatamente. ## **Não use outro produto que contenha paracetamol.** ## **O paracetamol nas doses terapêuticas não foi associado à irritação gástrica.**",
q042,dificeis_revisadas.csv:12,TYLENOL,dificil,"Em um paciente idoso que consome doses abusivas de álcool e tem preocupação com função hepática, quais orientações da bula devem ser integradas antes do uso de TYLENOL?","Para idosos, a bula informa que até o momento não são conhecidas restrições específicas ao uso de TYLENOL e que não há necessidade de ajuste de dose nesse grupo etário. Porém, consumidores de doses abusivas de álcool devem consultar o médico para saber se podem tomar TYLENOL ou qualquer outro analgésico. A bula também orienta pacientes com problemas no fígado a consultar o médico antes de usar o medicamento e alerta que doses excessivas acima das recomendadas podem causar danos ao fígado. Portanto, apesar de não haver ajuste específico por idade, o consumo abusivo de álcool e a preocupação hepática exigem consulta médica e respeito rigoroso à dose recomendada.",matched,q042_ev02,essential,3,"COMO DEVO USAR ESTE MEDICAMENTO?** Uso oral. Você deve tomar os comprimidos com líquido. O paracetamol pode ser administrado independentemente das refeições. ## **Adultos e crianças acima de 12 anos:** **TYLENOL[® ] 500 mg:** 1 a 2 comprimidos, 3 a 4 vezes ao dia. **TYLENOL[® ] 750 mg:** 1 comprimido, 3 a 5 vezes ao dia. A dose diária máxima recomendada de paracetamol é de 4000 mg ( **8 comprimidos de TYLENOL[® ] 500 mg ou 5 comprimidos de TYLENOL® 750 mg** ) administrada em doses fracionadas, não excedendo 1000 mg...",2,chunk_d4d5a2d20ab2,leaf_1d4d2acf0a65,sec_1646f2946e08,dosage,0,high,seção esperada; sobreposição semântica/lexical com pergunta e resposta esperada,"COMO DEVO USAR ESTE MEDICAMENTO?** Uso oral. Você deve tomar os comprimidos com líquido. O paracetamol pode ser administrado independentemente das refeições. ## **Adultos e crianças acima de 12 anos:** **TYLENOL[® ] 500 mg:** 1 a 2 comprimidos, 3 a 4 vezes ao dia. **TYLENOL[® ] 750 mg:** 1 comprimido, 3 a 5 vezes ao dia. A dose diária máxima recomendada de paracetamol é de 4000 mg ( **8 comprimidos de TYLENOL[® ] 500 mg ou 5 comprimidos de TYLENOL® 750 mg** ) administrada em doses fracionadas, não excedendo 1000 mg/dose ( **2 comprimidos de TYLENOL[® ] 500 mg ou 1 comprimido de TYLENOL[® ] 750 mg** ), em intervalos de 4 a 6 horas, em um período de 24 horas. **Duração do tratamento:** depende do desaparecimento dos sintomas. **Este medicamento não pode ser partido, aberto ou mastigado.** **Siga corretamente o modo de usar. Em caso de dúvidas sobre este medicamento, procure orientação do farmacêutico. Não desaparecendo os sintomas, procure orientação médica ou de seu cirurgião-dentista.** ## **7.",
q042,dificeis_revisadas.csv:12,TYLENOL,dificil,"Em um paciente idoso que consome doses abusivas de álcool e tem preocupação com função hepática, quais orientações da bula devem ser integradas antes do uso de TYLENOL?","Para idosos, a bula informa que até o momento não são conhecidas restrições específicas ao uso de TYLENOL e que não há necessidade de ajuste de dose nesse grupo etário. Porém, consumidores de doses abusivas de álcool devem consultar o médico para saber se podem tomar TYLENOL ou qualquer outro analgésico. A bula também orienta pacientes com problemas no fígado a consultar o médico antes de usar o medicamento e alerta que doses excessivas acima das recomendadas podem causar danos ao fígado. Portanto, apesar de não haver ajuste específico por idade, o consumo abusivo de álcool e a preocupação hepática exigem consulta médica e respeito rigoroso à dose recomendada.",matched,q042_ev03,essential,3,"...Em caso de superdose, procure ajuda médica ou um centro de intoxicação imediatamente. O apoio médico imediato é fundamental para adultos e crianças, mesmo se os sinais e sintomas de intoxicação não estiverem presentes. Os sinais e sintomas iniciais que se seguem a uma dose potencialmente hepatotóxica de paracetamol são: perda de apetite, náusea, vômito, sudorese intensa, palidez e mal-estar geral. **Em caso de uso de grande quantidade deste medicamento, procure rapidamente socorro médico e leve a embalagem ou bula...",3,chunk_983a58909e27,leaf_1d4d2acf0a65,sec_1115276e728e,overdose,0,high,seção esperada; sobreposição semântica/lexical com pergunta e resposta esperada,"O QUE FAZER SE ALGUÉM USAR UMA QUANTIDADE MAIOR DO QUE A INDICADA DESTE MEDICAMENTO?** O uso de doses excessivas, acima das doses recomendadas (superdose) pode causar danos ao fígado. Em caso de superdose, procure ajuda médica ou um centro de intoxicação imediatamente. O apoio médico imediato é fundamental para adultos e crianças, mesmo se os sinais e sintomas de intoxicação não estiverem presentes. Os sinais e sintomas iniciais que se seguem a uma dose potencialmente hepatotóxica de paracetamol são: perda de apetite, náusea, vômito, sudorese intensa, palidez e mal-estar geral. **Em caso de uso de grande quantidade deste medicamento, procure rapidamente socorro médico e leve a embalagem ou bula do medicamento, se possível. Ligue para 0800 722 6001, se você precisar de mais orientações.** ## **DIZERES LEGAIS** MS - 1.5721.1214 Farmacêutico Responsável: Jean F. L. Festuccia – CRF - SP nº 29.625 Registrado por: ## **JOHNSON & JOHNSON INDUSTRIAL LTDA.** Rodovia Presidente Dutra, Km 154, São José dos Campos – SP CNPJ 59.748.988/0001-14 Fabricado por: ## **JOHNSON & JOHNSON INDUSTRIAL LTDA** Rodovia Presidente Dutra, km 154 São José dos Campos – SP CNPJ: 59.748.988/0001-14 Industria Brasileira ®Marca Registrada TYLENOL® - Paciente **==> picture [114 x 31] intentionally omitted <==** SAC 0800 728 6767 www.tylenol.com.br Siga corretamente o modo de usar, não desaparecendo os sintomas procure orientação médica. **==> picture [23 x 19] intentionally omitted <==** TYLENOL® - Paciente **==> picture [115 x 30] intentionally omitted <==**",
q042,dificeis_revisadas.csv:12,TYLENOL,dificil,"Em um paciente idoso que consome doses abusivas de álcool e tem preocupação com função hepática, quais orientações da bula devem ser integradas antes do uso de TYLENOL?","Para idosos, a bula informa que até o momento não são conhecidas restrições específicas ao uso de TYLENOL e que não há necessidade de ajuste de dose nesse grupo etário. Porém, consumidores de doses abusivas de álcool devem consultar o médico para saber se podem tomar TYLENOL ou qualquer outro analgésico. A bula também orienta pacientes com problemas no fígado a consultar o médico antes de usar o medicamento e alerta que doses excessivas acima das recomendadas podem causar danos ao fígado. Portanto, apesar de não haver ajuste específico por idade, o consumo abusivo de álcool e a preocupação hepática exigem consulta médica e respeito rigoroso à dose recomendada.",matched,q042_ev04,supporting,2,"...s ou piora de problemas de pele já existentes, interrompa o uso do medicamento e procure ajuda médica imediatamente. ## **Não use outro produto que contenha paracetamol.** ## **O paracetamol nas doses terapêuticas não foi associado à irritação gástrica.** Se você tem pressão alta, não use este produto por mais tempo do que o indicado no rótulo, a menos que indicado por um médico. A absorção de **TYLENOL[® ]** é mais rápida se você estiver em jejum. Os alimentos podem afetar a velocidade da absorção, mas não a quant...",4,chunk_01578455e892,leaf_1d4d2acf0a65,sec_a29ed3da881a,warning_precaution,1,high,seção esperada; sobreposição semântica/lexical com pergunta e resposta esperada,"cutâneas. Se ocorrerem reações cutâneas ou piora de problemas de pele já existentes, interrompa o uso do medicamento e procure ajuda médica imediatamente. ## **Não use outro produto que contenha paracetamol.** ## **O paracetamol nas doses terapêuticas não foi associado à irritação gástrica.** Se você tem pressão alta, não use este produto por mais tempo do que o indicado no rótulo, a menos que indicado por um médico. A absorção de **TYLENOL[® ]** é mais rápida se você estiver em jejum. Os alimentos podem afetar a velocidade da absorção, mas não a quantidade absorvida do medicamento. A interferência do paracetamol na metabolização de outros medicamentos e a influência destes medicamentos na ação e na toxicidade do paracetamol, em geral, não são relevantes. **Consulte seu médico antes de utilizar este medicamento se você está tomando flucloxacilina (penicilina - um antibiótico), varfarina (anticoagulante) ou outros derivados cumarínicos.** **Informe ao seu médico ou cirurgião-dentista se você está fazendo uso de algum outro medicamento.** **5.",
q042,dificeis_revisadas.csv:12,TYLENOL,dificil,"Em um paciente idoso que consome doses abusivas de álcool e tem preocupação com função hepática, quais orientações da bula devem ser integradas antes do uso de TYLENOL?","Para idosos, a bula informa que até o momento não são conhecidas restrições específicas ao uso de TYLENOL e que não há necessidade de ajuste de dose nesse grupo etário. Porém, consumidores de doses abusivas de álcool devem consultar o médico para saber se podem tomar TYLENOL ou qualquer outro analgésico. A bula também orienta pacientes com problemas no fígado a consultar o médico antes de usar o medicamento e alerta que doses excessivas acima das recomendadas podem causar danos ao fígado. Portanto, apesar de não haver ajuste específico por idade, o consumo abusivo de álcool e a preocupação hepática exigem consulta médica e respeito rigoroso à dose recomendada.",matched,q042_ev05,supporting,2,"4 x 31] intentionally omitted <==** SAC 0800 728 6767 www.tylenol.com.br Siga corretamente o modo de usar, não desaparecendo os sintomas procure orientação médica. **==> picture [23 x 19] intentionally omitted <==** TYLENOL® - Paciente **==> picture [115 x 30] intentionally omitted <==** ## **",5,chunk_3c190b3ea9f8,leaf_1d4d2acf0a65,sec_1115276e728e,overdose,1,high,seção esperada; sobreposição semântica/lexical com pergunta e resposta esperada,"4 x 31] intentionally omitted <==** SAC 0800 728 6767 www.tylenol.com.br Siga corretamente o modo de usar, não desaparecendo os sintomas procure orientação médica. **==> picture [23 x 19] intentionally omitted <==** TYLENOL® - Paciente **==> picture [115 x 30] intentionally omitted <==** ## **",
q043,dificeis_revisadas.csv:13,TYLENOL,dificil,"Ao avaliar TYLENOL para um adolescente de 11 anos e para um paciente idoso, o que a bula permite concluir sobre contraindicação, faixa etária de uso e necessidade de ajuste de dose, e quais limites ela não explica?","A bula informa que TYLENOL comprimidos revestidos é de uso adulto e pediátrico acima de 12 anos e contraindicado para menores de 12 anos; portanto, o adolescente de 11 anos não deve usar essa apresentação segundo a bula. Para idosos, a bula informa que não são conhecidas restrições específicas e que não há necessidade de ajuste de dose nesse grupo etário. A bula não fornece a justificativa clínica detalhada para a contraindicação em menores de 12 anos nem para a ausência de ajuste em idosos; apenas estabelece essas orientações.",partial_match,q043_ev01,essential,3,QUANDO NÃO DEVO USAR ESTE MEDICAMENTO?** Você não deve usar **TYLENOL[® ]** se possuir alergia ao paracetamol ou a qualquer componente de sua fórmula. **Este medicamento é contraindicado para menores de 12 anos.** ## **4.,1,chunk_77f72cabf81a,leaf_1d4d2acf0a65,sec_ffa142a2855b,contraindication,0,high,seção esperada; apresentação/formulação mencionada; sobreposição semântica/lexical com pergunta e resposta esperada,QUANDO NÃO DEVO USAR ESTE MEDICAMENTO?** Você não deve usar **TYLENOL[® ]** se possuir alergia ao paracetamol ou a qualquer componente de sua fórmula. **Este medicamento é contraindicado para menores de 12 anos.** ## **4.,Nem todas as seções esperadas foram cobertas: identification
q043,dificeis_revisadas.csv:13,TYLENOL,dificil,"Ao avaliar TYLENOL para um adolescente de 11 anos e para um paciente idoso, o que a bula permite concluir sobre contraindicação, faixa etária de uso e necessidade de ajuste de dose, e quais limites ela não explica?","A bula informa que TYLENOL comprimidos revestidos é de uso adulto e pediátrico acima de 12 anos e contraindicado para menores de 12 anos; portanto, o adolescente de 11 anos não deve usar essa apresentação segundo a bula. Para idosos, a bula informa que não são conhecidas restrições específicas e que não há necessidade de ajuste de dose nesse grupo etário. A bula não fornece a justificativa clínica detalhada para a contraindicação em menores de 12 anos nem para a ausência de ajuste em idosos; apenas estabelece essas orientações.",partial_match,q043_ev02,essential,3,"...sérios problemas de saúde. Você deve consultar seu médico se a dor ou febre continuarem ou piorarem, ou se surgirem novos sintomas, pois estes sintomas podem ser sinais de doenças graves. **Uso com álcool** : consumidores de doses abusivas de álcool devem consultar seu médico para saber se podem tomar **TYLENOL[® ]** ou qualquer outro analgésico. ## **Gravidez e Amamentação** ## Se você estiver grávida ou amamentando, consulte o seu médico antes de usar este medicamento. **Este medicamento não deve ser utilizado p...",2,chunk_97251e7ccd85,leaf_1d4d2acf0a65,sec_a29ed3da881a,warning_precaution,0,high,seção esperada; apresentação/formulação mencionada; sobreposição semântica/lexical com pergunta e resposta esperada,"O QUE DEVO SABER ANTES DE USAR ESTE MEDICAMENTO?** TYLENOL® - Paciente **==> picture [114 x 31] intentionally omitted <==** Você não deve tomar mais do que a dose recomendada (superdose) para provocar maior alívio, pois pode causar sérios problemas de saúde. Você deve consultar seu médico se a dor ou febre continuarem ou piorarem, ou se surgirem novos sintomas, pois estes sintomas podem ser sinais de doenças graves. **Uso com álcool** : consumidores de doses abusivas de álcool devem consultar seu médico para saber se podem tomar **TYLENOL[® ]** ou qualquer outro analgésico. ## **Gravidez e Amamentação** ## Se você estiver grávida ou amamentando, consulte o seu médico antes de usar este medicamento. **Este medicamento não deve ser utilizado por mulheres grávidas sem orientação médica ou do cirurgião-dentista.** **Uso em pacientes com problemas no fígado** : Consulte seu médico antes de usar o medicamento. **Uso em idosos** : Até o momento não são conhecidas restrições específicas ao uso de **TYLENOL[® ]** por pacientes idosos. Não existe necessidade de ajuste de dose neste grupo etário. Muito raramente, foram relatadas reações cutâneas graves em pacientes que administraram paracetamol. Os sintomas podem incluir: vermelhidão na pele, bolhas e erupções cutâneas. Se ocorrerem reações cutâneas ou piora de problemas de pele já existentes, interrompa o uso do medicamento e procure ajuda médica imediatamente. ## **Não use outro produto que contenha paracetamol.** ## **O paracetamol nas doses terapêuticas não foi associado à irritação gástrica.**",Nem todas as seções esperadas foram cobertas: identification
q043,dificeis_revisadas.csv:13,TYLENOL,dificil,"Ao avaliar TYLENOL para um adolescente de 11 anos e para um paciente idoso, o que a bula permite concluir sobre contraindicação, faixa etária de uso e necessidade de ajuste de dose, e quais limites ela não explica?","A bula informa que TYLENOL comprimidos revestidos é de uso adulto e pediátrico acima de 12 anos e contraindicado para menores de 12 anos; portanto, o adolescente de 11 anos não deve usar essa apresentação segundo a bula. Para idosos, a bula informa que não são conhecidas restrições específicas e que não há necessidade de ajuste de dose nesse grupo etário. A bula não fornece a justificativa clínica detalhada para a contraindicação em menores de 12 anos nem para a ausência de ajuste em idosos; apenas estabelece essas orientações.",partial_match,q043_ev03,essential,3,"COMO DEVO USAR ESTE MEDICAMENTO?** Uso oral. Você deve tomar os comprimidos com líquido. O paracetamol pode ser administrado independentemente das refeições. ## **Adultos e crianças acima de 12 anos:** **TYLENOL[® ] 500 mg:** 1 a 2 comprimidos, 3 a 4 vezes ao dia. **TYLENOL[® ] 750 mg:** 1 comprimido, 3 a 5 vezes ao dia. A dose diária máxima recomendada de paracetamol é de 4000 mg ( **8 comprimidos de TYLENOL[® ] 500 mg ou 5 comprimidos de TYLENOL® 750 mg** ) administrada em doses fracionadas, não excedendo 1000 mg...",3,chunk_d4d5a2d20ab2,leaf_1d4d2acf0a65,sec_1646f2946e08,dosage,0,high,seção esperada; apresentação/formulação mencionada; sobreposição semântica/lexical com pergunta e resposta esperada,"COMO DEVO USAR ESTE MEDICAMENTO?** Uso oral. Você deve tomar os comprimidos com líquido. O paracetamol pode ser administrado independentemente das refeições. ## **Adultos e crianças acima de 12 anos:** **TYLENOL[® ] 500 mg:** 1 a 2 comprimidos, 3 a 4 vezes ao dia. **TYLENOL[® ] 750 mg:** 1 comprimido, 3 a 5 vezes ao dia. A dose diária máxima recomendada de paracetamol é de 4000 mg ( **8 comprimidos de TYLENOL[® ] 500 mg ou 5 comprimidos de TYLENOL® 750 mg** ) administrada em doses fracionadas, não excedendo 1000 mg/dose ( **2 comprimidos de TYLENOL[® ] 500 mg ou 1 comprimido de TYLENOL[® ] 750 mg** ), em intervalos de 4 a 6 horas, em um período de 24 horas. **Duração do tratamento:** depende do desaparecimento dos sintomas. **Este medicamento não pode ser partido, aberto ou mastigado.** **Siga corretamente o modo de usar. Em caso de dúvidas sobre este medicamento, procure orientação do farmacêutico. Não desaparecendo os sintomas, procure orientação médica ou de seu cirurgião-dentista.** ## **7.",Nem todas as seções esperadas foram cobertas: identification
q043,dificeis_revisadas.csv:13,TYLENOL,dificil,"Ao avaliar TYLENOL para um adolescente de 11 anos e para um paciente idoso, o que a bula permite concluir sobre contraindicação, faixa etária de uso e necessidade de ajuste de dose, e quais limites ela não explica?","A bula informa que TYLENOL comprimidos revestidos é de uso adulto e pediátrico acima de 12 anos e contraindicado para menores de 12 anos; portanto, o adolescente de 11 anos não deve usar essa apresentação segundo a bula. Para idosos, a bula informa que não são conhecidas restrições específicas e que não há necessidade de ajuste de dose nesse grupo etário. A bula não fornece a justificativa clínica detalhada para a contraindicação em menores de 12 anos nem para a ausência de ajuste em idosos; apenas estabelece essas orientações.",partial_match,q043_ev04,supporting,2,"cutâneas. Se ocorrerem reações cutâneas ou piora de problemas de pele já existentes, interrompa o uso do medicamento e procure ajuda médica imediatamente. ## **Não use outro produto que contenha paracetamol.** ## **O paracetamol nas doses terapêuticas não foi associado à irritação gástrica.** Se você tem pressão alta, não use este produto por mais tempo do que o indicado no rótulo, a menos que indicado por um médico. A absorção de **TYLENOL[® ]** é mais rápida se você estiver em jejum. Os alimentos podem afetar a v...",4,chunk_01578455e892,leaf_1d4d2acf0a65,sec_a29ed3da881a,warning_precaution,1,high,seção esperada; apresentação/formulação mencionada; sobreposição semântica/lexical com pergunta e resposta esperada,"cutâneas. Se ocorrerem reações cutâneas ou piora de problemas de pele já existentes, interrompa o uso do medicamento e procure ajuda médica imediatamente. ## **Não use outro produto que contenha paracetamol.** ## **O paracetamol nas doses terapêuticas não foi associado à irritação gástrica.** Se você tem pressão alta, não use este produto por mais tempo do que o indicado no rótulo, a menos que indicado por um médico. A absorção de **TYLENOL[® ]** é mais rápida se você estiver em jejum. Os alimentos podem afetar a velocidade da absorção, mas não a quantidade absorvida do medicamento. A interferência do paracetamol na metabolização de outros medicamentos e a influência destes medicamentos na ação e na toxicidade do paracetamol, em geral, não são relevantes. **Consulte seu médico antes de utilizar este medicamento se você está tomando flucloxacilina (penicilina - um antibiótico), varfarina (anticoagulante) ou outros derivados cumarínicos.** **Informe ao seu médico ou cirurgião-dentista se você está fazendo uso de algum outro medicamento.** **5.",Nem todas as seções esperadas foram cobertas: identification
q043,dificeis_revisadas.csv:13,TYLENOL,dificil,"Ao avaliar TYLENOL para um adolescente de 11 anos e para um paciente idoso, o que a bula permite concluir sobre contraindicação, faixa etária de uso e necessidade de ajuste de dose, e quais limites ela não explica?","A bula informa que TYLENOL comprimidos revestidos é de uso adulto e pediátrico acima de 12 anos e contraindicado para menores de 12 anos; portanto, o adolescente de 11 anos não deve usar essa apresentação segundo a bula. Para idosos, a bula informa que não são conhecidas restrições específicas e que não há necessidade de ajuste de dose nesse grupo etário. A bula não fornece a justificativa clínica detalhada para a contraindicação em menores de 12 anos nem para a ausência de ajuste em idosos; apenas estabelece essas orientações.",partial_match,q043_ev05,supporting,2,"...superdose, procure ajuda médica ou um centro de intoxicação imediatamente. O apoio médico imediato é fundamental para adultos e crianças, mesmo se os sinais e sintomas de intoxicação não estiverem presentes. Os sinais e sintomas iniciais que se seguem a uma dose potencialmente hepatotóxica de paracetamol são: perda de apetite, náusea, vômito, sudorese intensa, palidez e mal-estar geral. **Em caso de uso de grande quantidade deste medicamento, procure rapidamente socorro médico e leve a embalagem ou bula do medicame...",5,chunk_983a58909e27,leaf_1d4d2acf0a65,sec_1115276e728e,overdose,0,medium,apresentação/formulação mencionada; sobreposição semântica/lexical com pergunta e resposta esperada,"O QUE FAZER SE ALGUÉM USAR UMA QUANTIDADE MAIOR DO QUE A INDICADA DESTE MEDICAMENTO?** O uso de doses excessivas, acima das doses recomendadas (superdose) pode causar danos ao fígado. Em caso de superdose, procure ajuda médica ou um centro de intoxicação imediatamente. O apoio médico imediato é fundamental para adultos e crianças, mesmo se os sinais e sintomas de intoxicação não estiverem presentes. Os sinais e sintomas iniciais que se seguem a uma dose potencialmente hepatotóxica de paracetamol são: perda de apetite, náusea, vômito, sudorese intensa, palidez e mal-estar geral. **Em caso de uso de grande quantidade deste medicamento, procure rapidamente socorro médico e leve a embalagem ou bula do medicamento, se possível. Ligue para 0800 722 6001, se você precisar de mais orientações.** ## **DIZERES LEGAIS** MS - 1.5721.1214 Farmacêutico Responsável: Jean F. L. Festuccia – CRF - SP nº 29.625 Registrado por: ## **JOHNSON & JOHNSON INDUSTRIAL LTDA.** Rodovia Presidente Dutra, Km 154, São José dos Campos – SP CNPJ 59.748.988/0001-14 Fabricado por: ## **JOHNSON & JOHNSON INDUSTRIAL LTDA** Rodovia Presidente Dutra, km 154 São José dos Campos – SP CNPJ: 59.748.988/0001-14 Industria Brasileira ®Marca Registrada TYLENOL® - Paciente **==> picture [114 x 31] intentionally omitted <==** SAC 0800 728 6767 www.tylenol.com.br Siga corretamente o modo de usar, não desaparecendo os sintomas procure orientação médica. **==> picture [23 x 19] intentionally omitted <==** TYLENOL® - Paciente **==> picture [115 x 30] intentionally omitted <==**",Nem todas as seções esperadas foram cobertas: identification
q044,dificeis_revisadas.csv:14,TYLENOL,dificil,"Para um paciente com dor leve associada à artrite, hipertensão e preocupação com irritação gástrica, quais benefícios e cautelas sobre TYLENOL podem ser inferidos exclusivamente da bula?","A bula indica TYLENOL para alívio temporário de dores leves a moderadas, incluindo dores leves associadas a artrites. Também informa que o paracetamol em doses terapêuticas não foi associado à irritação gástrica, o que pode ser considerado um ponto favorável para o paciente preocupado com esse efeito. Porém, se o paciente tem pressão alta, a bula orienta não usar o produto por mais tempo do que o indicado no rótulo, a menos que indicado por um médico. A resposta deve respeitar que a bula não compara TYLENOL diretamente com outros analgésicos ou anti-inflamatórios.",matched,q044_ev01,essential,3,"PARA QUE ESTE MEDICAMENTO É INDICADO?** Este medicamento é indicado para a redução da febre e para o alívio temporário de dores leves a moderadas, tais como: dores associadas a resfriados comuns, dor de cabeça, dor no corpo, dor de dente, dor nas costas, dores musculares, dores leves associadas a artrites e cólicas menstruais. ## **2.",1,chunk_a508cae3796b,leaf_1d4d2acf0a65,sec_d89fa894c1df,indication,0,high,seção esperada; sobreposição semântica/lexical com pergunta e resposta esperada,"PARA QUE ESTE MEDICAMENTO É INDICADO?** Este medicamento é indicado para a redução da febre e para o alívio temporário de dores leves a moderadas, tais como: dores associadas a resfriados comuns, dor de cabeça, dor no corpo, dor de dente, dor nas costas, dores musculares, dores leves associadas a artrites e cólicas menstruais. ## **2.",
q044,dificeis_revisadas.csv:14,TYLENOL,dificil,"Para um paciente com dor leve associada à artrite, hipertensão e preocupação com irritação gástrica, quais benefícios e cautelas sobre TYLENOL podem ser inferidos exclusivamente da bula?","A bula indica TYLENOL para alívio temporário de dores leves a moderadas, incluindo dores leves associadas a artrites. Também informa que o paracetamol em doses terapêuticas não foi associado à irritação gástrica, o que pode ser considerado um ponto favorável para o paciente preocupado com esse efeito. Porém, se o paciente tem pressão alta, a bula orienta não usar o produto por mais tempo do que o indicado no rótulo, a menos que indicado por um médico. A resposta deve respeitar que a bula não compara TYLENOL diretamente com outros analgésicos ou anti-inflamatórios.",matched,q044_ev02,essential,3,"cutâneas. Se ocorrerem reações cutâneas ou piora de problemas de pele já existentes, interrompa o uso do medicamento e procure ajuda médica imediatamente. ## **Não use outro produto que contenha paracetamol.** ## **O paracetamol nas doses terapêuticas não foi associado à irritação gástrica.** Se você tem pressão alta, não use este produto por mais tempo do que o indicado no rótulo, a menos que indicado por um médico. A absorção de **TYLENOL[® ]** é mais rápida se você estiver em jejum. Os alimentos podem afetar a v...",2,chunk_01578455e892,leaf_1d4d2acf0a65,sec_a29ed3da881a,warning_precaution,1,high,seção esperada; sobreposição semântica/lexical com pergunta e resposta esperada,"cutâneas. Se ocorrerem reações cutâneas ou piora de problemas de pele já existentes, interrompa o uso do medicamento e procure ajuda médica imediatamente. ## **Não use outro produto que contenha paracetamol.** ## **O paracetamol nas doses terapêuticas não foi associado à irritação gástrica.** Se você tem pressão alta, não use este produto por mais tempo do que o indicado no rótulo, a menos que indicado por um médico. A absorção de **TYLENOL[® ]** é mais rápida se você estiver em jejum. Os alimentos podem afetar a velocidade da absorção, mas não a quantidade absorvida do medicamento. A interferência do paracetamol na metabolização de outros medicamentos e a influência destes medicamentos na ação e na toxicidade do paracetamol, em geral, não são relevantes. **Consulte seu médico antes de utilizar este medicamento se você está tomando flucloxacilina (penicilina - um antibiótico), varfarina (anticoagulante) ou outros derivados cumarínicos.** **Informe ao seu médico ou cirurgião-dentista se você está fazendo uso de algum outro medicamento.** **5.",
q044,dificeis_revisadas.csv:14,TYLENOL,dificil,"Para um paciente com dor leve associada à artrite, hipertensão e preocupação com irritação gástrica, quais benefícios e cautelas sobre TYLENOL podem ser inferidos exclusivamente da bula?","A bula indica TYLENOL para alívio temporário de dores leves a moderadas, incluindo dores leves associadas a artrites. Também informa que o paracetamol em doses terapêuticas não foi associado à irritação gástrica, o que pode ser considerado um ponto favorável para o paciente preocupado com esse efeito. Porém, se o paciente tem pressão alta, a bula orienta não usar o produto por mais tempo do que o indicado no rótulo, a menos que indicado por um médico. A resposta deve respeitar que a bula não compara TYLENOL diretamente com outros analgésicos ou anti-inflamatórios.",matched,q044_ev03,supporting,2,"...vida ou amamentando, consulte o seu médico antes de usar este medicamento. **Este medicamento não deve ser utilizado por mulheres grávidas sem orientação médica ou do cirurgião-dentista.** **Uso em pacientes com problemas no fígado** : Consulte seu médico antes de usar o medicamento. **Uso em idosos** : Até o momento não são conhecidas restrições específicas ao uso de **TYLENOL[® ]** por pacientes idosos. Não existe necessidade de ajuste de dose neste grupo etário. Muito raramente, foram relatadas reações cutâneas...",3,chunk_97251e7ccd85,leaf_1d4d2acf0a65,sec_a29ed3da881a,warning_precaution,0,high,seção esperada; sobreposição semântica/lexical com pergunta e resposta esperada,"O QUE DEVO SABER ANTES DE USAR ESTE MEDICAMENTO?** TYLENOL® - Paciente **==> picture [114 x 31] intentionally omitted <==** Você não deve tomar mais do que a dose recomendada (superdose) para provocar maior alívio, pois pode causar sérios problemas de saúde. Você deve consultar seu médico se a dor ou febre continuarem ou piorarem, ou se surgirem novos sintomas, pois estes sintomas podem ser sinais de doenças graves. **Uso com álcool** : consumidores de doses abusivas de álcool devem consultar seu médico para saber se podem tomar **TYLENOL[® ]** ou qualquer outro analgésico. ## **Gravidez e Amamentação** ## Se você estiver grávida ou amamentando, consulte o seu médico antes de usar este medicamento. **Este medicamento não deve ser utilizado por mulheres grávidas sem orientação médica ou do cirurgião-dentista.** **Uso em pacientes com problemas no fígado** : Consulte seu médico antes de usar o medicamento. **Uso em idosos** : Até o momento não são conhecidas restrições específicas ao uso de **TYLENOL[® ]** por pacientes idosos. Não existe necessidade de ajuste de dose neste grupo etário. Muito raramente, foram relatadas reações cutâneas graves em pacientes que administraram paracetamol. Os sintomas podem incluir: vermelhidão na pele, bolhas e erupções cutâneas. Se ocorrerem reações cutâneas ou piora de problemas de pele já existentes, interrompa o uso do medicamento e procure ajuda médica imediatamente. ## **Não use outro produto que contenha paracetamol.** ## **O paracetamol nas doses terapêuticas não foi associado à irritação gástrica.**",
q044,dificeis_revisadas.csv:14,TYLENOL,dificil,"Para um paciente com dor leve associada à artrite, hipertensão e preocupação com irritação gástrica, quais benefícios e cautelas sobre TYLENOL podem ser inferidos exclusivamente da bula?","A bula indica TYLENOL para alívio temporário de dores leves a moderadas, incluindo dores leves associadas a artrites. Também informa que o paracetamol em doses terapêuticas não foi associado à irritação gástrica, o que pode ser considerado um ponto favorável para o paciente preocupado com esse efeito. Porém, se o paciente tem pressão alta, a bula orienta não usar o produto por mais tempo do que o indicado no rótulo, a menos que indicado por um médico. A resposta deve respeitar que a bula não compara TYLENOL diretamente com outros analgésicos ou anti-inflamatórios.",matched,q044_ev04,supporting,2,"...e intoxicação não estiverem presentes. Os sinais e sintomas iniciais que se seguem a uma dose potencialmente hepatotóxica de paracetamol são: perda de apetite, náusea, vômito, sudorese intensa, palidez e mal-estar geral. **Em caso de uso de grande quantidade deste medicamento, procure rapidamente socorro médico e leve a embalagem ou bula do medicamento, se possível. Ligue para 0800 722 6001, se você precisar de mais orientações.** ## **DIZERES LEGAIS** MS - 1.5721.1214 Farmacêutico Responsável: Jean F. L. Festuccia...",4,chunk_983a58909e27,leaf_1d4d2acf0a65,sec_1115276e728e,overdose,0,high,sobreposição semântica/lexical com pergunta e resposta esperada,"O QUE FAZER SE ALGUÉM USAR UMA QUANTIDADE MAIOR DO QUE A INDICADA DESTE MEDICAMENTO?** O uso de doses excessivas, acima das doses recomendadas (superdose) pode causar danos ao fígado. Em caso de superdose, procure ajuda médica ou um centro de intoxicação imediatamente. O apoio médico imediato é fundamental para adultos e crianças, mesmo se os sinais e sintomas de intoxicação não estiverem presentes. Os sinais e sintomas iniciais que se seguem a uma dose potencialmente hepatotóxica de paracetamol são: perda de apetite, náusea, vômito, sudorese intensa, palidez e mal-estar geral. **Em caso de uso de grande quantidade deste medicamento, procure rapidamente socorro médico e leve a embalagem ou bula do medicamento, se possível. Ligue para 0800 722 6001, se você precisar de mais orientações.** ## **DIZERES LEGAIS** MS - 1.5721.1214 Farmacêutico Responsável: Jean F. L. Festuccia – CRF - SP nº 29.625 Registrado por: ## **JOHNSON & JOHNSON INDUSTRIAL LTDA.** Rodovia Presidente Dutra, Km 154, São José dos Campos – SP CNPJ 59.748.988/0001-14 Fabricado por: ## **JOHNSON & JOHNSON INDUSTRIAL LTDA** Rodovia Presidente Dutra, km 154 São José dos Campos – SP CNPJ: 59.748.988/0001-14 Industria Brasileira ®Marca Registrada TYLENOL® - Paciente **==> picture [114 x 31] intentionally omitted <==** SAC 0800 728 6767 www.tylenol.com.br Siga corretamente o modo de usar, não desaparecendo os sintomas procure orientação médica. **==> picture [23 x 19] intentionally omitted <==** TYLENOL® - Paciente **==> picture [115 x 30] intentionally omitted <==**",
q045,dificeis_revisadas.csv:15,TYLENOL,dificil,"Em um paciente que usa flucloxacilina e varfarina ou outros derivados cumarínicos, quais orientações a bula dá antes do uso de TYLENOL e quais riscos descritos na bula tornam essa cautela clinicamente relevante?","A bula orienta consultar o médico antes de utilizar TYLENOL se o paciente estiver tomando flucloxacilina, varfarina ou outros derivados cumarínicos. Também orienta informar ao médico ou cirurgião-dentista se estiver fazendo uso de outro medicamento. A cautela é clinicamente relevante porque a bula descreve aumento de transaminases como reação muito rara e danos ao fígado em superdose, além de orientar consulta médica em pacientes com problemas no fígado e em consumidores de doses abusivas de álcool. A bula não fornece mecanismo detalhado nem conduta específica de monitoramento para essas interações.",matched,q045_ev01,essential,3,"...a (superdose) para provocar maior alívio, pois pode causar sérios problemas de saúde. Você deve consultar seu médico se a dor ou febre continuarem ou piorarem, ou se surgirem novos sintomas, pois estes sintomas podem ser sinais de doenças graves. **Uso com álcool** : consumidores de doses abusivas de álcool devem consultar seu médico para saber se podem tomar **TYLENOL[® ]** ou qualquer outro analgésico. ## **Gravidez e Amamentação** ## Se você estiver grávida ou amamentando, consulte o seu médico antes de usar est...",1,chunk_97251e7ccd85,leaf_1d4d2acf0a65,sec_a29ed3da881a,warning_precaution,0,high,seção esperada; sobreposição semântica/lexical com pergunta e resposta esperada,"O QUE DEVO SABER ANTES DE USAR ESTE MEDICAMENTO?** TYLENOL® - Paciente **==> picture [114 x 31] intentionally omitted <==** Você não deve tomar mais do que a dose recomendada (superdose) para provocar maior alívio, pois pode causar sérios problemas de saúde. Você deve consultar seu médico se a dor ou febre continuarem ou piorarem, ou se surgirem novos sintomas, pois estes sintomas podem ser sinais de doenças graves. **Uso com álcool** : consumidores de doses abusivas de álcool devem consultar seu médico para saber se podem tomar **TYLENOL[® ]** ou qualquer outro analgésico. ## **Gravidez e Amamentação** ## Se você estiver grávida ou amamentando, consulte o seu médico antes de usar este medicamento. **Este medicamento não deve ser utilizado por mulheres grávidas sem orientação médica ou do cirurgião-dentista.** **Uso em pacientes com problemas no fígado** : Consulte seu médico antes de usar o medicamento. **Uso em idosos** : Até o momento não são conhecidas restrições específicas ao uso de **TYLENOL[® ]** por pacientes idosos. Não existe necessidade de ajuste de dose neste grupo etário. Muito raramente, foram relatadas reações cutâneas graves em pacientes que administraram paracetamol. Os sintomas podem incluir: vermelhidão na pele, bolhas e erupções cutâneas. Se ocorrerem reações cutâneas ou piora de problemas de pele já existentes, interrompa o uso do medicamento e procure ajuda médica imediatamente. ## **Não use outro produto que contenha paracetamol.** ## **O paracetamol nas doses terapêuticas não foi associado à irritação gástrica.**",
q045,dificeis_revisadas.csv:15,TYLENOL,dificil,"Em um paciente que usa flucloxacilina e varfarina ou outros derivados cumarínicos, quais orientações a bula dá antes do uso de TYLENOL e quais riscos descritos na bula tornam essa cautela clinicamente relevante?","A bula orienta consultar o médico antes de utilizar TYLENOL se o paciente estiver tomando flucloxacilina, varfarina ou outros derivados cumarínicos. Também orienta informar ao médico ou cirurgião-dentista se estiver fazendo uso de outro medicamento. A cautela é clinicamente relevante porque a bula descreve aumento de transaminases como reação muito rara e danos ao fígado em superdose, além de orientar consulta médica em pacientes com problemas no fígado e em consumidores de doses abusivas de álcool. A bula não fornece mecanismo detalhado nem conduta específica de monitoramento para essas interações.",matched,q045_ev02,essential,3,"...speradas. Caso você tenha uma reação alérgica, deve parar de tomar o medicamento. TYLENOL® - Paciente **==> picture [114 x 31] intentionally omitted <==** Reação muito rara (ocorre em menos de 0,01% dos pacientes que utilizam este medicamento): urticária, coceira e vermelhidão no corpo, reações alérgicas a este medicamento, aumento das transaminases e erupção fixa medicamentosa. **Informe ao seu médico, cirurgião-dentista ou farmacêutico o aparecimento de reações indesejáveis pelo uso do medicamento. Informe também...",2,chunk_bcded81d765f,leaf_1d4d2acf0a65,sec_02809f0f1529,adverse_reaction,0,high,seção esperada; sobreposição semântica/lexical com pergunta e resposta esperada,"QUAIS OS MALES QUE ESTE MEDICAMENTO PODE ME CAUSAR?** Este medicamento pode causar algumas reações desagradáveis inesperadas. Caso você tenha uma reação alérgica, deve parar de tomar o medicamento. TYLENOL® - Paciente **==> picture [114 x 31] intentionally omitted <==** Reação muito rara (ocorre em menos de 0,01% dos pacientes que utilizam este medicamento): urticária, coceira e vermelhidão no corpo, reações alérgicas a este medicamento, aumento das transaminases e erupção fixa medicamentosa. **Informe ao seu médico, cirurgião-dentista ou farmacêutico o aparecimento de reações indesejáveis pelo uso do medicamento. Informe também à empresa através do seu serviço de atendimento.** ## **9.",
q045,dificeis_revisadas.csv:15,TYLENOL,dificil,"Em um paciente que usa flucloxacilina e varfarina ou outros derivados cumarínicos, quais orientações a bula dá antes do uso de TYLENOL e quais riscos descritos na bula tornam essa cautela clinicamente relevante?","A bula orienta consultar o médico antes de utilizar TYLENOL se o paciente estiver tomando flucloxacilina, varfarina ou outros derivados cumarínicos. Também orienta informar ao médico ou cirurgião-dentista se estiver fazendo uso de outro medicamento. A cautela é clinicamente relevante porque a bula descreve aumento de transaminases como reação muito rara e danos ao fígado em superdose, além de orientar consulta médica em pacientes com problemas no fígado e em consumidores de doses abusivas de álcool. A bula não fornece mecanismo detalhado nem conduta específica de monitoramento para essas interações.",matched,q045_ev03,essential,3,"...DICAMENTO?** O uso de doses excessivas, acima das doses recomendadas (superdose) pode causar danos ao fígado. Em caso de superdose, procure ajuda médica ou um centro de intoxicação imediatamente. O apoio médico imediato é fundamental para adultos e crianças, mesmo se os sinais e sintomas de intoxicação não estiverem presentes. Os sinais e sintomas iniciais que se seguem a uma dose potencialmente hepatotóxica de paracetamol são: perda de apetite, náusea, vômito, sudorese intensa, palidez e mal-estar geral. **Em caso...",3,chunk_983a58909e27,leaf_1d4d2acf0a65,sec_1115276e728e,overdose,0,high,seção esperada; sobreposição semântica/lexical com pergunta e resposta esperada,"O QUE FAZER SE ALGUÉM USAR UMA QUANTIDADE MAIOR DO QUE A INDICADA DESTE MEDICAMENTO?** O uso de doses excessivas, acima das doses recomendadas (superdose) pode causar danos ao fígado. Em caso de superdose, procure ajuda médica ou um centro de intoxicação imediatamente. O apoio médico imediato é fundamental para adultos e crianças, mesmo se os sinais e sintomas de intoxicação não estiverem presentes. Os sinais e sintomas iniciais que se seguem a uma dose potencialmente hepatotóxica de paracetamol são: perda de apetite, náusea, vômito, sudorese intensa, palidez e mal-estar geral. **Em caso de uso de grande quantidade deste medicamento, procure rapidamente socorro médico e leve a embalagem ou bula do medicamento, se possível. Ligue para 0800 722 6001, se você precisar de mais orientações.** ## **DIZERES LEGAIS** MS - 1.5721.1214 Farmacêutico Responsável: Jean F. L. Festuccia – CRF - SP nº 29.625 Registrado por: ## **JOHNSON & JOHNSON INDUSTRIAL LTDA.** Rodovia Presidente Dutra, Km 154, São José dos Campos – SP CNPJ 59.748.988/0001-14 Fabricado por: ## **JOHNSON & JOHNSON INDUSTRIAL LTDA** Rodovia Presidente Dutra, km 154 São José dos Campos – SP CNPJ: 59.748.988/0001-14 Industria Brasileira ®Marca Registrada TYLENOL® - Paciente **==> picture [114 x 31] intentionally omitted <==** SAC 0800 728 6767 www.tylenol.com.br Siga corretamente o modo de usar, não desaparecendo os sintomas procure orientação médica. **==> picture [23 x 19] intentionally omitted <==** TYLENOL® - Paciente **==> picture [115 x 30] intentionally omitted <==**",
q045,dificeis_revisadas.csv:15,TYLENOL,dificil,"Em um paciente que usa flucloxacilina e varfarina ou outros derivados cumarínicos, quais orientações a bula dá antes do uso de TYLENOL e quais riscos descritos na bula tornam essa cautela clinicamente relevante?","A bula orienta consultar o médico antes de utilizar TYLENOL se o paciente estiver tomando flucloxacilina, varfarina ou outros derivados cumarínicos. Também orienta informar ao médico ou cirurgião-dentista se estiver fazendo uso de outro medicamento. A cautela é clinicamente relevante porque a bula descreve aumento de transaminases como reação muito rara e danos ao fígado em superdose, além de orientar consulta médica em pacientes com problemas no fígado e em consumidores de doses abusivas de álcool. A bula não fornece mecanismo detalhado nem conduta específica de monitoramento para essas interações.",matched,q045_ev04,supporting,2,"...o. A absorção de **TYLENOL[® ]** é mais rápida se você estiver em jejum. Os alimentos podem afetar a velocidade da absorção, mas não a quantidade absorvida do medicamento. A interferência do paracetamol na metabolização de outros medicamentos e a influência destes medicamentos na ação e na toxicidade do paracetamol, em geral, não são relevantes. **Consulte seu médico antes de utilizar este medicamento se você está tomando flucloxacilina (penicilina - um antibiótico), varfarina (anticoagulante) ou outros derivados c...",4,chunk_01578455e892,leaf_1d4d2acf0a65,sec_a29ed3da881a,warning_precaution,1,high,seção esperada; sobreposição semântica/lexical com pergunta e resposta esperada,"cutâneas. Se ocorrerem reações cutâneas ou piora de problemas de pele já existentes, interrompa o uso do medicamento e procure ajuda médica imediatamente. ## **Não use outro produto que contenha paracetamol.** ## **O paracetamol nas doses terapêuticas não foi associado à irritação gástrica.** Se você tem pressão alta, não use este produto por mais tempo do que o indicado no rótulo, a menos que indicado por um médico. A absorção de **TYLENOL[® ]** é mais rápida se você estiver em jejum. Os alimentos podem afetar a velocidade da absorção, mas não a quantidade absorvida do medicamento. A interferência do paracetamol na metabolização de outros medicamentos e a influência destes medicamentos na ação e na toxicidade do paracetamol, em geral, não são relevantes. **Consulte seu médico antes de utilizar este medicamento se você está tomando flucloxacilina (penicilina - um antibiótico), varfarina (anticoagulante) ou outros derivados cumarínicos.** **Informe ao seu médico ou cirurgião-dentista se você está fazendo uso de algum outro medicamento.** **5.",
q045,dificeis_revisadas.csv:15,TYLENOL,dificil,"Em um paciente que usa flucloxacilina e varfarina ou outros derivados cumarínicos, quais orientações a bula dá antes do uso de TYLENOL e quais riscos descritos na bula tornam essa cautela clinicamente relevante?","A bula orienta consultar o médico antes de utilizar TYLENOL se o paciente estiver tomando flucloxacilina, varfarina ou outros derivados cumarínicos. Também orienta informar ao médico ou cirurgião-dentista se estiver fazendo uso de outro medicamento. A cautela é clinicamente relevante porque a bula descreve aumento de transaminases como reação muito rara e danos ao fígado em superdose, além de orientar consulta médica em pacientes com problemas no fígado e em consumidores de doses abusivas de álcool. A bula não fornece mecanismo detalhado nem conduta específica de monitoramento para essas interações.",matched,q045_ev05,supporting,2,"4 x 31] intentionally omitted <==** SAC 0800 728 6767 www.tylenol.com.br Siga corretamente o modo de usar, não desaparecendo os sintomas procure orientação médica. **==> picture [23 x 19] intentionally omitted <==** TYLENOL® - Paciente **==> picture [115 x 30] intentionally omitted <==** ## **",5,chunk_3c190b3ea9f8,leaf_1d4d2acf0a65,sec_1115276e728e,overdose,1,high,seção esperada; sobreposição semântica/lexical com pergunta e resposta esperada,"4 x 31] intentionally omitted <==** SAC 0800 728 6767 www.tylenol.com.br Siga corretamente o modo de usar, não desaparecendo os sintomas procure orientação médica. **==> picture [23 x 19] intentionally omitted <==** TYLENOL® - Paciente **==> picture [115 x 30] intentionally omitted <==** ## **",
