id,leaflet_id,section_id,medicine,section_type,leaflet_type,chunk_index,start_char,end_char,char_len,section_title,section_heading_path,text
chunk_381105994f64,leaf_0ee4a572a9d5,sec_1d6c2dc3e760,amoxil,identification,patient_leaflet,0,0,878,878,Identificação do medicamento,Identificação do medicamento > **APRESENTAÇÕES**  > **USO ORAL**  > **USO ADULTO E PEDIÁTRICO (ACIMA DE 40 KG)**  > **COMPOSIÇÃO**  > **II) INFORMAÇÕES AO PACIENTE**  > **1.,"IDENTIFICAÇÃO DO MEDICAMENTO** **Amoxil**[] amoxicilina ## **APRESENTAÇÕES** Cápsulas de 500 mg em embalagem com 15, 21 ou 30 unidades. ## **USO ORAL** ## **USO ADULTO E PEDIÁTRICO (ACIMA DE 40 KG)** ## **COMPOSIÇÃO** Cada cápsula contém: amoxicilina ................................................................................................................................................................ 500 mg (equivalentes a 575 mg de amoxicilina tri-hidratada) Excipiente[1] q.s.p. .................................................................................................................................................... 1 cápsula - 1Excipiente: estearato de magnésio. Composição da cápsula: gelatina, vermelho de eritrosina, azul de indigotina, dióxido de titânio, óxido de ferro amarelo. ## **II) INFORMAÇÕES AO PACIENTE** ## **1."
chunk_29c1314f7e21,leaf_0ee4a572a9d5,sec_7be1ca706b0f,amoxil,indication,patient_leaflet,0,0,352,352,PARA QUE ESTE MEDICAMENTO É INDICADO?,PARA QUE ESTE MEDICAMENTO É INDICADO? > **2.,"PARA QUE ESTE MEDICAMENTO É INDICADO?** **Amoxil[®]** , antibiótico eficaz contra grande variedade de bactérias, é indicado para tratamento de infecções bacterianas causadas por germes sensíveis à ação da amoxicilina. Entretanto, seu médico pode receitar este medicamento para outro uso. Se desejar mais informações, pergunte ao seu médico. ## **2."
chunk_9514da6bb24d,leaf_0ee4a572a9d5,sec_c52beaa4e8ac,amoxil,simplified_mechanism,patient_leaflet,0,0,516,516,COMO ESTE MEDICAMENTO FUNCIONA?,COMO ESTE MEDICAMENTO FUNCIONA? > **3.,"COMO ESTE MEDICAMENTO FUNCIONA?** **Amoxil[®]** contém uma penicilina chamada amoxicilina como ingrediente ativo. A amoxicilina pertence ao grupo dos antibióticos penicilânicos. **Amoxil[®]** é usado no tratamento de uma gama de infecções causadas por bactérias, que podem manifestar-se nos pulmões (pneumonia e bronquite), nas amígdalas (amigdalite), nos seios da face (sinusite), no trato urinário e genital, na pele e nas mucosas. **Amoxil[®]** atua destruindo as bactérias que causam essas infecções. ## **3."
chunk_622fb4d46c7e,leaf_0ee4a572a9d5,sec_7d3e1905bb76,amoxil,contraindication,patient_leaflet,0,0,1301,1301,QUANDO NÃO DEVO USAR ESTE MEDICAMENTO?,QUANDO NÃO DEVO USAR ESTE MEDICAMENTO? > **4. O QUE DEVO SABER ANTES DE USAR ESTE MEDICAMENTO** ?  > Modelo de Texto de Bula – Pacientes Amoxil[®] Cápsulas ,"QUANDO NÃO DEVO USAR ESTE MEDICAMENTO?** Este medicamento não pode ser administrado nem ingerido por pessoas alérgicas à amoxicilina, a outros antibióticos penicilínicos ou antibióticos similares, chamados cefalosporinas. Se você já teve uma reação alérgica (como erupções da pele) ao tomar um antibiótico, deve conversar com seu médico antes de usar **Amoxil[®] .** ## **4. O QUE DEVO SABER ANTES DE USAR ESTE MEDICAMENTO** ? Antes de iniciar o tratamento com **Amoxil**[] , informe seu médico: - se você já apresentou reação alérgica a algum antibiótico. Isso pode incluir reações na pele ou inchaço na face ou pescoço ou dores no peito. - se você apresenta febre glandular. - se você toma medicamentos usados para prevenir coágulos sanguíneos (anticoagulantes), tais como varfarina, o seu médico fará um monitoramento e, se necessário, poderá sugerir ajustes na dose dos anticoagulantes. - se você apresenta problema nos rins. - se você não estiver urinando regularmente. - se você já teve diarreia durante ou após o uso de antibióticos. 1 **==> picture [87 x 28] intentionally omitted <==** ## Modelo de Texto de Bula – Pacientes Amoxil[®] Cápsulas O uso prolongado também pode resultar, ocasionalmente, em supercrescimento de microrganismos resistentes a **Amoxil[®]** ."
chunk_d22f44452468,leaf_0ee4a572a9d5,sec_7d3e1905bb76,amoxil,contraindication,patient_leaflet,1,1004,2493,1489,QUANDO NÃO DEVO USAR ESTE MEDICAMENTO?,QUANDO NÃO DEVO USAR ESTE MEDICAMENTO? > Modelo de Texto de Bula – Pacientes Amoxil[®] Cápsulas  > **Efeitos sobre a capacidade de dirigir veículos e de operar máquinas**  > **Gravidez e amamentação** ,"já teve diarreia durante ou após o uso de antibióticos. 1 **==> picture [87 x 28] intentionally omitted <==** ## Modelo de Texto de Bula – Pacientes Amoxil[®] Cápsulas O uso prolongado também pode resultar, ocasionalmente, em supercrescimento de microrganismos resistentes a **Amoxil[®]** . **Amoxil[®]** pode piorar algumas condições existentes ou causar efeitos colaterais graves, como reações alérgicas severas, reações cutâneas severas, dor no peito, vômitos repetitivos dentro de 1 a 4 horas após a administração de **Amoxil[®]** ou diarreia grave (colite pseudomembranosa). Você deve estar atento a determinados sintomas enquanto estiver recebendo **Amoxil[®]** para ajudar a reduzir o risco de quaisquer problemas. ## **Efeitos sobre a capacidade de dirigir veículos e de operar máquinas** Não se observaram efeitos adversos sobre a capacidade de dirigir veículos e de operar máquinas. ## **Gravidez e amamentação** **Amoxil[®]** pode ser usado na gravidez desde que os benefícios potenciais sejam maiores que os riscos potenciais associados ao tratamento. Informe seu médico se você estiver grávida ou suspeitar que está grávida. Você não deve tomar este medicamento se estiver grávida, exceto se seu médico recomendar. Você pode amamentar seu bebê enquanto estiver tomando **Amoxil[®]** , mas há excreção de quantidades mínimas de amoxicilina no leite materno. Se você estiver amamentando, informe ao seu médico antes de iniciar o tratamento com **Amoxil[®]** ."
chunk_7d57d737a19d,leaf_0ee4a572a9d5,sec_7d3e1905bb76,amoxil,contraindication,patient_leaflet,2,2196,3679,1483,QUANDO NÃO DEVO USAR ESTE MEDICAMENTO?,"QUANDO NÃO DEVO USAR ESTE MEDICAMENTO? > **Este medicamento não deve ser utilizado por mulheres grávidas sem orientação médica ou do cirurgião-dentista.**  > **Uso em idosos, crianças e outros grupos de risco**  > **Interações Medicamentosas** ","se estiver grávida, exceto se seu médico recomendar. Você pode amamentar seu bebê enquanto estiver tomando **Amoxil[®]** , mas há excreção de quantidades mínimas de amoxicilina no leite materno. Se você estiver amamentando, informe ao seu médico antes de iniciar o tratamento com **Amoxil[®]** . ## **Este medicamento não deve ser utilizado por mulheres grávidas sem orientação médica ou do cirurgião-dentista.** **Uso compatível com o aleitamento ou doação de leite humano. O uso desse medicamento não interfere no aleitamento do bebê.** ## **Uso em idosos, crianças e outros grupos de risco** As recomendações especiais se referem às doses . ## **Interações Medicamentosas** Alguns medicamentos podem causar efeitos indesejáveis se você os ingerir durante o tratamento com **Amoxil[®]** . Não deixe de avisar seu médico caso você esteja tomando: - medicamentos usados no tratamento de gota (probenecida ou alopurinol); - outros antibióticos; - pílulas anticoncepcionais (como acontece com outros antibióticos, talvez sejam necessárias precauções adicionais para evitar a gravidez); - anticoagulantes; - metotrexato (usado para tratar doenças como câncer e psoríase grave). A alimentação não interfere na ação de **Amoxil[®]** , que pode ser ingerido nas refeições. **Informe ao seu médico ou cirurgião-dentista se você está fazendo uso de algum outro medicamento. Não use medicamento sem o conhecimento do seu médico. Pode ser perigoso para a sua saúde.**"
chunk_11cbb1217441,leaf_0ee4a572a9d5,sec_7d3e1905bb76,amoxil,contraindication,patient_leaflet,3,3382,4164,782,QUANDO NÃO DEVO USAR ESTE MEDICAMENTO?,QUANDO NÃO DEVO USAR ESTE MEDICAMENTO? > **5.,"íase grave). A alimentação não interfere na ação de **Amoxil[®]** , que pode ser ingerido nas refeições. **Informe ao seu médico ou cirurgião-dentista se você está fazendo uso de algum outro medicamento. Não use medicamento sem o conhecimento do seu médico. Pode ser perigoso para a sua saúde.** **Atenção: Contém os corantes vermelho de eritrosina, azul de indigotina, dióxido de titânio e óxido de ferro amarelo que podem, eventualmente, causar reações alérgicas.** **É importante utilizar este medicamento durante todo o tempo prescrito pelo profissional de saúde habilitado, mesmo que os sinais e sintomas da infecção tenham desaparecido, pois isso não significa a cura. A interrupção do tratamento pode contribuir para o aparecimento de infecções mais graves.** ## **5."
chunk_23a1a45ccf28,leaf_0ee4a572a9d5,sec_29b51bfae3c2,amoxil,storage,patient_leaflet,0,0,994,994,"ONDE, COMO E POR QUANTO TEMPO POSSO GUARDAR ESTE MEDICAMENTO?","ONDE, COMO E POR QUANTO TEMPO POSSO GUARDAR ESTE MEDICAMENTO? > Modelo de Texto de Bula – Pacientes Amoxil[®] Cápsulas  > **Manter fora do alcance de crianças**  > **Número de lote e datas de fabricação e validade: vide embalagem. Não use medicamento com o prazo de validade vencido. Guarde-o em sua embalagem original.**  > **Aspecto físico/características organolépticas**  > **6.","ONDE, COMO E POR QUANTO TEMPO POSSO GUARDAR ESTE MEDICAMENTO? Cuidados de armazenamento** 2 **==> picture [87 x 28] intentionally omitted <==** ## Modelo de Texto de Bula – Pacientes Amoxil[®] Cápsulas ## **Manter fora do alcance de crianças** Conservar as cápsulas na embalagem original, protegido da umidade e em temperatura ambiente (entre 15[o] C e 30[o] C). ## **Número de lote e datas de fabricação e validade: vide embalagem. Não use medicamento com o prazo de validade vencido. Guarde-o em sua embalagem original.** ## **Aspecto físico/características organolépticas** Cápsulas de 500 mg de duas cores (corpo amarelo opaco e tampa vermelho opaco) impressa com GS JVL e contendo um pó branco a quase branco. **Antes de usar, observe o aspecto do medicamento. Caso ele esteja no prazo de validade e você observe alguma mudança no aspecto, consulte o farmacêutico para saber se poderá utilizá-lo. Todo medicamento deve ser mantido fora do alcance das crianças.** ## **6."
chunk_9d0ab2325c26,leaf_0ee4a572a9d5,sec_70be16f94d2d,amoxil,dosage,patient_leaflet,0,0,1357,1357,COMO DEVO USAR ESTE MEDICAMENTO?,COMO DEVO USAR ESTE MEDICAMENTO? > **Modo de usar**  > **Posologia**  > **Dose para adultos e crianças acima de 40 kg**  > **- Tratamento de curta duração (gonorreia): dose única de 3 g.**,"COMO DEVO USAR ESTE MEDICAMENTO?** ## **Modo de usar** Siga as orientações de seu médico sobre a maneira e a hora correta de tomar o medicamento. Ele vai decidir a quantidade diária que você precisa e o tempo durante o qual você deve usar este medicamento. Leia esta bula com cautela. Se você tiver alguma dúvida, fale com seu médico. Recomenda-se ingerir o medicamento nas refeições, embora ele continue eficaz mesmo que você o tome em outros horários. Continue tomando este medicamento até o fim do tratamento prescrito pelo médico. Não pare somente porque se sente melhor. **As cápsulas devem ser ingeridas inteiras com água. Não as mastigue.** ## **Posologia** Atenção! Para algumas doses indicadas abaixo (doses inferiores a 500 mg) é necessário o uso da suspensão oral, converse com seu médico ou farmacêutico em caso de dúvida. ## **Dose para adultos e crianças acima de 40 kg** - Dose padrão: 500 mg (uma cápsula) três vezes ao dia (de 8 em 8 horas) nas infecções mais graves. - Tratamento com dosagem alta (máximo recomendável de 6 g ao dia em doses divididas): recomenda-se uma dose de 3 g (seis cápsulas) duas vezes ao dia (de 12 em 12 horas) em casos que requerem tratamento de infecção respiratória purulenta (com a presença de pus) grave ou recorrente. ## **- Tratamento de curta duração (gonorreia): dose única de 3 g.**"
chunk_05bc48672ff1,leaf_0ee4a572a9d5,sec_70be16f94d2d,amoxil,dosage,patient_leaflet,1,1061,2435,1374,COMO DEVO USAR ESTE MEDICAMENTO?,COMO DEVO USAR ESTE MEDICAMENTO? > **- Tratamento de curta duração (gonorreia): dose única de 3 g.**  > **Pacientes com insuficiência renal (dos rins)**  > Modelo de Texto de Bula – Pacientes Amoxil[®] Cápsulas  > **Pacientes que recebem diálise peritoneal**,"g ao dia em doses divididas): recomenda-se uma dose de 3 g (seis cápsulas) duas vezes ao dia (de 12 em 12 horas) em casos que requerem tratamento de infecção respiratória purulenta (com a presença de pus) grave ou recorrente. ## **- Tratamento de curta duração (gonorreia): dose única de 3 g.** **Erradicação de** _**Helicobacter pylori:**_ para combater o _Helicobacter_ (bactéria que ataca o estômago e o duodeno), recomenda-se o uso de Amoxil[®] no esquema de 1 g duas vezes ao dia (de 12 em 12 horas), em associação com um medicamento conhecido como inibidor da bomba de prótons (exemplo: omeprazol, lanzoprazol) e outro agente antimicrobiano (por exemplo claritromicina, metronidazol), por 7 dias. ## **Pacientes com insuficiência renal (dos rins)** Na insuficiência renal, a eliminação do antibiótico é mais lenta. Conforme o grau dessa condição, seu médico pode indicar a redução da dose diária total de acordo com o esquema descrito a seguir. Adultos e crianças acima de 40 kg - insuficiência leve: nenhuma alteração de dose; - insuficiência moderada: máximo de 500 mg (uma cápsula) duas vezes ao dia (de 12 em 12 horas); - insuficiência grave: máximo de 500 mg (uma cápsula) ao dia. 3 **==> picture [87 x 28] intentionally omitted <==** ## Modelo de Texto de Bula – Pacientes Amoxil[®] Cápsulas ## **Pacientes que recebem diálise peritoneal**"
chunk_920654c7064a,leaf_0ee4a572a9d5,sec_70be16f94d2d,amoxil,dosage,patient_leaflet,2,2138,3688,1550,COMO DEVO USAR ESTE MEDICAMENTO?,COMO DEVO USAR ESTE MEDICAMENTO? > Modelo de Texto de Bula – Pacientes Amoxil[®] Cápsulas  > **Pacientes que recebem diálise peritoneal**  > **Pacientes que recebem hemodiálise**  > **7.,"imo de 500 mg (uma cápsula) duas vezes ao dia (de 12 em 12 horas); - insuficiência grave: máximo de 500 mg (uma cápsula) ao dia. 3 **==> picture [87 x 28] intentionally omitted <==** ## Modelo de Texto de Bula – Pacientes Amoxil[®] Cápsulas ## **Pacientes que recebem diálise peritoneal** Usa-se a mesma posologia indicada para pacientes com insuficiência renal grave. A diálise peritoneal (processo de limpeza das substâncias tóxicas do organismo através do peritônio, membrana que envolve o abdômen) não remove a amoxicilina do corpo. ## **Pacientes que recebem hemodiálise** Usa-se a mesma posologia indicada para pacientes com insuficiência renal grave. A amoxicilina é removida do sangue por hemodiálise (processo que substitui os rins na filtragem sanguínea). Portanto, uma dose adicional (500 mg para adultos e crianças acima de 40kg ou 15 mg/kg para crianças abaixo de 40 kg) pode ser administrada durante e no final de cada diálise. Seu médico poderá indicar tratamento por via parenteral (feito com aplicação de injeções intravenosas, intramusculares ou subcutâneas) nos casos em que a via oral for considerada inadequada (particularmente nos tratamentos urgentes de infecções graves). Conforme o grau de insuficiência renal, talvez seu médico ache necessário reduzir a dose diária total. **Siga a orientação de seu médico, respeitando sempre os horários, as doses e a duração do tratamento. Não interrompa o tratamento sem o conhecimento de seu médico. Este medicamento não deve ser partido ou mastigado.** ## **7."
chunk_b0a23e73f642,leaf_0ee4a572a9d5,sec_0b8771c90cce,amoxil,missed_dose,patient_leaflet,0,0,346,346,O QUE DEVO FAZER QUANDO EU ME ESQUECER DE USAR ESTE MEDICAMENTO?,O QUE DEVO FAZER QUANDO EU ME ESQUECER DE USAR ESTE MEDICAMENTO? > **8.,"O QUE DEVO FAZER QUANDO EU ME ESQUECER DE USAR ESTE MEDICAMENTO?** Se você esquecer uma dose, tome-a assim que se lembrar, mas continue com o horário normal das demais. Só não tome duas doses com intervalo igual ou menor que 1 hora. **Em caso de dúvidas, procure orientação do farmacêutico ou de seu médico, ou cirurgião-dentista.** ## **8."
chunk_2273c1b76ec0,leaf_0ee4a572a9d5,sec_b161227b9c29,amoxil,adverse_reaction,patient_leaflet,0,0,1532,1532,QUAIS OS MALES QUE ESTE MEDICAMENTO PODE ME CAUSAR?,"QUAIS OS MALES QUE ESTE MEDICAMENTO PODE ME CAUSAR? > **Reações comuns (ocorrem entre 1% e 10% dos pacientes que utilizam este medicamento):**  > **Reações incomuns (ocorrem entre 0,1% e 1% dos pacientes que utilizam este medicamento):**  > **Reações muito raras (ocorrem em menos de 0,01% dos pacientes que utilizam este medicamento):** ","QUAIS OS MALES QUE ESTE MEDICAMENTO PODE ME CAUSAR?** Avise seu médico o mais cedo possível se você não se sentir bem durante o tratamento com **Amoxil[®]** . Assim como todo medicamento, **Amoxil[®]** pode provocar reações adversas, porém isso não ocorre com todas as pessoas. Os efeitos colaterais deste medicamento geralmente são leves. ## **Reações comuns (ocorrem entre 1% e 10% dos pacientes que utilizam este medicamento):** - Diarreia (várias evacuações amolecidas por dia) e enjoo; quando isso acontece, os sintomas normalmente são leves e com frequência podem ser evitados tomando-se o medicamento no início das refeições. Se continuarem ou se tornarem graves, consulte o médico. - Erupções da pele. ## **Reações incomuns (ocorrem entre 0,1% e 1% dos pacientes que utilizam este medicamento):** - Vômito, urticária e coceira. ## **Reações muito raras (ocorrem em menos de 0,01% dos pacientes que utilizam este medicamento):** - Diminuição de glóbulos brancos (leucopenia reversível), que pode resultar em infecções frequentes, como febre, calafrios, inflamação da garganta ou úlceras na boca; - Baixa contagem de plaquetas (trombocitopenia reversível), que pode resultar em sangramento ou hematomas (manchas roxas) que surgem com mais facilidade que o normal; - Destruição de glóbulos vermelhos e consequentemente anemia (anemia hemolítica), que pode resultar em cansaço, dores de cabeça e falta de ar causada pela prática de exercícios físicos, vertigem, palidez e amarelamento da pele e/ou dos olhos;"
chunk_1ddf28119f88,leaf_0ee4a572a9d5,sec_b161227b9c29,amoxil,adverse_reaction,patient_leaflet,1,1236,2557,1321,QUAIS OS MALES QUE ESTE MEDICAMENTO PODE ME CAUSAR?,QUAIS OS MALES QUE ESTE MEDICAMENTO PODE ME CAUSAR? > Modelo de Texto de Bula – Pacientes Amoxil[®] Cápsulas ,"roxas) que surgem com mais facilidade que o normal; - Destruição de glóbulos vermelhos e consequentemente anemia (anemia hemolítica), que pode resultar em cansaço, dores de cabeça e falta de ar causada pela prática de exercícios físicos, vertigem, palidez e amarelamento da pele e/ou dos olhos; - Sinais repentinos de alergia, como erupções da pele, prurido (coceira) ou urticária, inchaço da face, dos lábios, da língua ou de outras partes do corpo, falta de ar, respiração ofegante ou problemas para respirar; se esses sintomas ocorrerem, pare de usar **Amoxil[®]** e procure socorro médico o mais rápido possível; 4 **==> picture [87 x 28] intentionally omitted <==** ## Modelo de Texto de Bula – Pacientes Amoxil[®] Cápsulas - Dor no peito, que pode ser um sinal de uma reação alérgica potencialmente grave chamada síndrome de Kounis; - Vômitos repetitivos (1 a 4 horas após a administração de **Amoxil[®]** ), dores no estômago, sonolência anormal, diarreia e pressão baixa, que podem ser um sinal de uma reação alérgica grave denominada síndrome de enterocolite induzida por medicamentos; - Convulsões (ataques) podem ocorrer em pacientes com função renal prejudicada ou que estejam recebendo doses altas do medicamento; - Hipercinesia (presença de movimentos exacerbados e incontrolados), tontura;"
chunk_e6dfbd610436,leaf_0ee4a572a9d5,sec_b161227b9c29,amoxil,adverse_reaction,patient_leaflet,2,2260,3608,1348,QUAIS OS MALES QUE ESTE MEDICAMENTO PODE ME CAUSAR?,QUAIS OS MALES QUE ESTE MEDICAMENTO PODE ME CAUSAR?,"eação alérgica grave denominada síndrome de enterocolite induzida por medicamentos; - Convulsões (ataques) podem ocorrer em pacientes com função renal prejudicada ou que estejam recebendo doses altas do medicamento; - Hipercinesia (presença de movimentos exacerbados e incontrolados), tontura; - Candidíase mucocutânea, infecção micótica (causada por fungos) que normalmente afeta as partes íntimas ou a boca; na área genital, pode provocar coceira e queimação (com a presença de uma fina camada de secreção branca), e na boca ou na língua podem surgir pintas brancas dolorosas; - Colite associada a antibióticos (inflamação no cólon (intestino grosso), causando diarreia grave, que também pode conter sangue e ser acompanhada de cólicas abdominais; - Sua língua pode mudar de cor, ficando amarela, marrom ou preta, e dar a impressão de ter pelos (língua pilosa negra); - Inflamação da membrana que reveste o cérebro (meningite asséptica); - Erupção cutânea com bolhas dispostas em círculo com crosta central ou como um colar de pérolas (doença IgA linear); - Efeitos relacionados ao fígado; esses sintomas podem manifestar-se como enjoo, vômito, perda de apetite, sensação geral de mal-estar, febre, coceira, amarelamento da pele e dos olhos e escurecimento da urina e aumento de algumas substâncias (enzimas) produzidas pelo fígado;"
chunk_f062de23819d,leaf_0ee4a572a9d5,sec_b161227b9c29,amoxil,adverse_reaction,patient_leaflet,3,3311,4822,1511,QUAIS OS MALES QUE ESTE MEDICAMENTO PODE ME CAUSAR?,QUAIS OS MALES QUE ESTE MEDICAMENTO PODE ME CAUSAR?,"(doença IgA linear); - Efeitos relacionados ao fígado; esses sintomas podem manifestar-se como enjoo, vômito, perda de apetite, sensação geral de mal-estar, febre, coceira, amarelamento da pele e dos olhos e escurecimento da urina e aumento de algumas substâncias (enzimas) produzidas pelo fígado; - Reações cutâneas graves: erupção cutânea (eritema multiforme), que pode formar bolhas (com pequenas manchas escuras centrais rodeadas por uma área pálida, com um anel escuro ao redor da borda); erupção cutânea generalizada com bolhas e descamação da pele na maior parte da superfície corporal (necrólise epidérmica tóxica); erupções na pele com bolhas e descamação, especialmente ao redor da boca, nariz, olhos e genitais (síndrome de Stevens-Johnson); erupções na pele com bolhas contendo pus (dermatite esfoliativa bolhosa); erupções escamosas na pele, com bolhas e inchaços sob a pele (exantema pustuloso); - Doença renal (problemas para urinar, possivelmente com dor e presença de sangue ou cristais na urina); - Sintomas semelhantes aos da gripe com erupção cutânea, febre, glândulas inchadas e resultados anormais de exames de sangue (incluindo o aumento dos glóbulos brancos (eosinofilia) e enzimas hepáticas) (Reação do medicamento com eosinofilia e sintomas sistêmicos (DRESS)); - uma erupção cutânea vermelha comumente observada em ambos os lados das nádegas, parte interna superior das coxas, axilas, pescoço (Exantema Intertriginoso e Flexural Simétrico Relacionado a Medicamentos (SDRIFE))."
chunk_2d77bceb8a02,leaf_0ee4a572a9d5,sec_b161227b9c29,amoxil,adverse_reaction,patient_leaflet,4,4525,6074,1549,QUAIS OS MALES QUE ESTE MEDICAMENTO PODE ME CAUSAR?,QUAIS OS MALES QUE ESTE MEDICAMENTO PODE ME CAUSAR? > **9. O QUE FAZER SE ALGUÉM USAR UMA QUANTIDADE MAIOR QUE A INDICADA DESTE MEDICAMENTO?**  > **III) DIZERES LEGAIS**  > Modelo de Texto de Bula – Pacientes Amoxil[®] Cápsulas ,"páticas) (Reação do medicamento com eosinofilia e sintomas sistêmicos (DRESS)); - uma erupção cutânea vermelha comumente observada em ambos os lados das nádegas, parte interna superior das coxas, axilas, pescoço (Exantema Intertriginoso e Flexural Simétrico Relacionado a Medicamentos (SDRIFE)). **Se qualquer desconforto incomum se manifestar enquanto você estiver tomando o medicamento, informe seu médico o mais breve possível.** **Informe ao seu médico, cirurgião-dentista ou farmacêutico o aparecimento de reações indesejáveis pelo uso do medicamento. Informe também à empresa através do seu serviço de atendimento.** ## **9. O QUE FAZER SE ALGUÉM USAR UMA QUANTIDADE MAIOR QUE A INDICADA DESTE MEDICAMENTO?** É pouco provável que ocorram problemas graves em caso de superdosagem de amoxicilina. As reações mais comuns são enjoo, vômito e diarreia. Procure seu médico para que os sintomas sejam tratados. **Em caso de uso de grande quantidade deste medicamento, procure rapidamente socorro médico e leve a embalagem ou bula do medicamento se possível. Ligue para 0800 722 6001, se você precisar de mais orientações.** ## **III) DIZERES LEGAIS** Registro: 1.0107.0003 Produzido por: Glaxo Wellcome Production Zone Industrielle de la Peyennière, 53100, Mayenne – França. 5 **==> picture [87 x 28] intentionally omitted <==** ## Modelo de Texto de Bula – Pacientes Amoxil[®] Cápsulas Importado e Registrado por: **GlaxoSmithKline Brasil Ltda.** Estrada dos Bandeirantes, 8464 - Rio de Janeiro - RJ CNPJ: 33.247.743/0001-10"
chunk_dc0a772ae1a8,leaf_0ee4a572a9d5,sec_b161227b9c29,amoxil,adverse_reaction,patient_leaflet,5,5777,6286,509,QUAIS OS MALES QUE ESTE MEDICAMENTO PODE ME CAUSAR?,QUAIS OS MALES QUE ESTE MEDICAMENTO PODE ME CAUSAR? > Modelo de Texto de Bula – Pacientes Amoxil[®] Cápsulas  > **VENDA SOB PRESCRIÇÃO COM RETENÇÃO DA RECEITA**  > **,"la Peyennière, 53100, Mayenne – França. 5 **==> picture [87 x 28] intentionally omitted <==** ## Modelo de Texto de Bula – Pacientes Amoxil[®] Cápsulas Importado e Registrado por: **GlaxoSmithKline Brasil Ltda.** Estrada dos Bandeirantes, 8464 - Rio de Janeiro - RJ CNPJ: 33.247.743/0001-10 ## **VENDA SOB PRESCRIÇÃO COM RETENÇÃO DA RECEITA** L1991_amoxil_cap_gel_dura_GDS35_IPI16 **==> picture [43 x 43] intentionally omitted <==** **==> picture [50 x 41] intentionally omitted <==** 6 ## **"
chunk_001ac8e07f07,leaf_43197a2b402b,sec_815d146d453e,amoxil,identification,patient_leaflet,0,0,67,67,Identificação do medicamento,Identificação do medicamento,Identificação do medicamento<br>Posologia e modo de usar<br>VP:<br>
chunk_1344e2f0da92,leaf_bd4605da9c63,sec_d48dc7bdac53,amoxil,identification,patient_leaflet,0,0,114,114,Identificação do medicamento,Identificação do medicamento,Identificação do Medicamento<br>Indicações<br>Características Farmacológicas<br>Posologia e Modo de Usar<br>VP<br>
chunk_e09fbcda21f8,leaf_7d51be0653cd,sec_104bf386f9c8,amoxil,identification,patient_leaflet,0,0,96,96,Identificação do medicamento,Identificação do medicamento,Identificação do medicamento<br>5. Advertências e precauções<br>III. Dizeres legais<br>VP:<br>I)
chunk_ca122aa1e079,leaf_d76f76b8b2f4,sec_2aa96fc3ee1d,amoxil,identification,patient_leaflet,0,0,1458,1458,Identificação do medicamento,Identificação do medicamento > **APRESENTAÇÕES**  > **USO ORAL USO ADULTO E PEDIÁTRICO**  > **COMPOSIÇÃO**  > **II) INFORMAÇÕES AO PACIENTE**  > **1.,"IDENTIFICAÇÃO DO MEDICAMENTO** **Amoxil**[] amoxicilina ## **APRESENTAÇÕES** **Amoxil**[] pó para suspensão oral é apresentado em embalagem com frasco de 150 mL (250 mg/5 mL e 500 mg/5 mL) acompanhado de colher dosadora. ## **USO ORAL USO ADULTO E PEDIÁTRICO** ## **COMPOSIÇÃO** Cada dose de 5 mL de suspensão oral com 250 mg/5 mL contém: amoxicilina...................................................................................................................................................................250mg (equivalentes a 287 mg de amoxicilina tri-hidratada) veículo[*] q.s.p. .................................................................................................................................................................5 mL Cada dose de 5 mL de suspensão oral com 500 mg/5 mL contém: amoxicilina..................................................................................................................................................................500 mg (equivalentes a 574 mg de amoxicilina tri-hidratada) veículo[*] q.s.p. .................................................................................................................................................................5 mL *Veículo: crospovidona, goma xantana, carmelose sódica, benzoato de sódio, sílica coloidal, estearato de magnésio, sabor de limão-pêssego-morango e aspartamo. ## **II) INFORMAÇÕES AO PACIENTE** ## **1."
chunk_4cbe37a723e5,leaf_d76f76b8b2f4,sec_65e376921073,amoxil,indication,patient_leaflet,0,0,355,355,PARA QUE ESTE MEDICAMENTO É INDICADO?,PARA QUE ESTE MEDICAMENTO É INDICADO? > **2.,"PARA QUE ESTE MEDICAMENTO É INDICADO?** **Amoxil[®]** , um antibiótico eficaz contra grande variedade de bactérias, é indicado para tratamento de infecções bacterianas causadas por germes sensíveis à ação da amoxicilina. Entretanto, seu médico pode receitar este medicamento para outro uso. Se desejar mais informações, pergunte ao seu médico. ## **2."
chunk_2a16089a8bd9,leaf_d76f76b8b2f4,sec_7d8a35683796,amoxil,simplified_mechanism,patient_leaflet,0,0,516,516,COMO ESTE MEDICAMENTO FUNCIONA?,COMO ESTE MEDICAMENTO FUNCIONA? > **3.,"COMO ESTE MEDICAMENTO FUNCIONA?** **Amoxil[®]** contém uma penicilina chamada amoxicilina como ingrediente ativo. A amoxicilina pertence ao grupo dos antibióticos penicilânicos. **Amoxil[®]** é usado no tratamento de uma gama de infecções causadas por bactérias, que podem manifestar-se nos pulmões (pneumonia e bronquite), nas amígdalas (amigdalite), nos seios da face (sinusite), no trato urinário e genital, na pele e nas mucosas. **Amoxil[®]** atua destruindo as bactérias que causam essas infecções. ## **3."
chunk_9d394eb70d17,leaf_d76f76b8b2f4,sec_412d80d7cb44,amoxil,contraindication,patient_leaflet,0,0,358,358,QUANDO NÃO DEVO USAR ESTE MEDICAMENTO?,QUANDO NÃO DEVO USAR ESTE MEDICAMENTO? > **4.,"QUANDO NÃO DEVO USAR ESTE MEDICAMENTO?** Este medicamento não pode ser usado por pessoas alérgicas à amoxicilina, a outros antibióticos penicilínicos ou antibióticos similares, chamados cefalosporinas. Se você já teve uma reação alérgica (como erupções da pele) ao tomar um antibiótico, deve conversar com seu médico antes de usar **Amoxil[®]** . ## **4."
chunk_e3c9fe99e5cd,leaf_d76f76b8b2f4,sec_5c572d7c146d,amoxil,warning_precaution,patient_leaflet,0,0,1570,1570,O QUE DEVO SABER ANTES DE USAR ESTE MEDICAMENTO?,O QUE DEVO SABER ANTES DE USAR ESTE MEDICAMENTO? > Modelo de Texto de Bula – Pacientes Amoxil[®] Pó para suspensão oral ,"O QUE DEVO SABER ANTES DE USAR ESTE MEDICAMENTO?** **Amoxil**[] suspensão contém aspartamo, que é fonte de fenilalanina e deve ser usado com cautela em pacientes com fenilcetonúria. Informe seu médico caso você tenha uma doença chamada fenilcetonúria. Antes de iniciar o tratamento com **Amoxil**[] , informe seu médico: - se você já apresentou reação alérgica a algum antibiótico. Isso pode incluir reações na pele ou inchaço na face ou pescoço ou dores no peito. 1 **==> picture [86 x 28] intentionally omitted <==** ## Modelo de Texto de Bula – Pacientes Amoxil[®] Pó para suspensão oral - se você apresenta febre glandular. - se você toma medicamentos usados para prevenir coágulos sanguíneos (anticoagulantes), tais como varfarina, o seu médico fará um monitoramento e, se necessário, poderá sugerir ajustes na dose dos anticoagulantes. - se você apresenta problema nos rins. - se você não estiver urinando regularmente. - se você já teve diarreia durante ou após o uso de antibióticos. O uso prolongado também pode resultar, ocasionalmente, em supercrescimento de microrganismos resistentes a **Amoxil[®]** . **Amoxil[®]** pode piorar algumas condições existentes ou causar efeitos colaterais graves, como reações alérgicas severas, reações cutâneas severas, dor no peito, vômitos repetitivos dentro de 1 a 4 horas após a administração de **Amoxil[®]** ou diarreia grave (colite pseudomembranosa). Você deve estar atento a determinados sintomas enquanto estiver recebendo **Amoxil[®]** para ajudar a reduzir o risco de quaisquer problemas."
chunk_6fd3c193ea42,leaf_d76f76b8b2f4,sec_5c572d7c146d,amoxil,warning_precaution,patient_leaflet,1,1273,2826,1553,O QUE DEVO SABER ANTES DE USAR ESTE MEDICAMENTO?,"O QUE DEVO SABER ANTES DE USAR ESTE MEDICAMENTO? > **Efeitos sobre a capacidade de dirigir veículos e de operar máquinas**  > **Gravidez e amamentação**  > **Este medicamento não deve ser utilizado por mulheres grávidas sem orientação médica ou do cirurgião-dentista.**  > **Atenção: Contém fenilalanina.**  > **Uso em idosos, crianças e outros grupos de risco**","utâneas severas, dor no peito, vômitos repetitivos dentro de 1 a 4 horas após a administração de **Amoxil[®]** ou diarreia grave (colite pseudomembranosa). Você deve estar atento a determinados sintomas enquanto estiver recebendo **Amoxil[®]** para ajudar a reduzir o risco de quaisquer problemas. ## **Efeitos sobre a capacidade de dirigir veículos e de operar máquinas** Não se observaram efeitos adversos sobre a capacidade de dirigir veículos e de operar máquinas. ## **Gravidez e amamentação** **Amoxil[®]** pode ser usado na gravidez desde que os benefícios potenciais sejam maiores que os riscos potenciais associados ao tratamento. Informe seu médico se você estiver grávida ou suspeitar que está grávida. Você não deve tomar este medicamento se estiver grávida, exceto se seu médico recomendar. Você pode amamentar seu bebê enquanto estiver tomando **Amoxil[®]** , mas há excreção de quantidades mínimas de amoxicilina no leite materno. Se você estiver amamentando, informe ao seu médico antes de iniciar o tratamento com **Amoxil[®]** . ## **Este medicamento não deve ser utilizado por mulheres grávidas sem orientação médica ou do cirurgião-dentista.** **Uso compatível com o aleitamento ou doação de leite humano. O uso desse medicamento não interfere no aleitamento do bebê.** ## **Atenção: Contém fenilalanina.** **Este produto contém benzoato de sódio, que pode causar reações alérgicas, como asma, especialmente em pessoas alérgicas ao ácido acetilsalicílico.** ## **Uso em idosos, crianças e outros grupos de risco**"
chunk_621ddc66ac1b,leaf_d76f76b8b2f4,sec_5c572d7c146d,amoxil,warning_precaution,patient_leaflet,2,2529,3888,1359,O QUE DEVO SABER ANTES DE USAR ESTE MEDICAMENTO?,"O QUE DEVO SABER ANTES DE USAR ESTE MEDICAMENTO? > **Atenção: Contém fenilalanina.**  > **Uso em idosos, crianças e outros grupos de risco**  > **Interações medicamentosas**  > Modelo de Texto de Bula – Pacientes Amoxil[®] Pó para suspensão oral ","camento não interfere no aleitamento do bebê.** ## **Atenção: Contém fenilalanina.** **Este produto contém benzoato de sódio, que pode causar reações alérgicas, como asma, especialmente em pessoas alérgicas ao ácido acetilsalicílico.** ## **Uso em idosos, crianças e outros grupos de risco** As recomendações especiais se referem às dosagens . Não há contraindicação relativa a faixas etárias. ## **Interações medicamentosas** Alguns medicamentos podem causar efeitos indesejáveis se você os ingerir durante o tratamento com **Amoxil[®]** . Não deixe de avisar seu médico caso você esteja tomando: - medicamentos usados no tratamento de gota (probenecida ou alopurinol); - outros antibióticos; - pílulas anticoncepcionais (como acontece com outros antibióticos, talvez sejam necessárias precauções adicionais para evitar a gravidez); - anticoagulantes; - metotrexato (usado para tratar doenças como câncer e psoríase grave). A alimentação não interfere na ação de **Amoxil[®]** , que pode ser ingerido nas refeições. 2 **==> picture [86 x 28] intentionally omitted <==** ## Modelo de Texto de Bula – Pacientes Amoxil[®] Pó para suspensão oral **Informe seu médico ou cirurgião-dentista se você está fazendo uso de algum outro medicamento. Não use medicamento sem o conhecimento de seu médico. Pode ser perigoso para sua saúde.**"
chunk_f81a2a346d66,leaf_d76f76b8b2f4,sec_5c572d7c146d,amoxil,warning_precaution,patient_leaflet,3,3591,4199,608,O QUE DEVO SABER ANTES DE USAR ESTE MEDICAMENTO?,O QUE DEVO SABER ANTES DE USAR ESTE MEDICAMENTO? > Modelo de Texto de Bula – Pacientes Amoxil[®] Pó para suspensão oral  > **5.,"86 x 28] intentionally omitted <==** ## Modelo de Texto de Bula – Pacientes Amoxil[®] Pó para suspensão oral **Informe seu médico ou cirurgião-dentista se você está fazendo uso de algum outro medicamento. Não use medicamento sem o conhecimento de seu médico. Pode ser perigoso para sua saúde.** **É importante utilizar este medicamento durante todo o tempo prescrito pelo profissional de saúde habilitado, mesmo que os sinais e sintomas da infecção tenham desaparecido, pois isso não significa a cura. A interrupção do tratamento pode contribuir para o aparecimento de infecções mais graves.** ## **5."
chunk_6a5892989281,leaf_d76f76b8b2f4,sec_ba489291d620,amoxil,storage,patient_leaflet,0,0,1270,1270,"ONDE, COMO E POR QUANTO TEMPO POSSO GUARDAR ESTE MEDICAMENTO?","ONDE, COMO E POR QUANTO TEMPO POSSO GUARDAR ESTE MEDICAMENTO? > **Cuidados de armazenamento**  > **Manter fora do alcance de crianças**  > **Aspecto físico/características organolépticas Aspecto físico:**  > **Características organolépticas:**  > **6.","ONDE, COMO E POR QUANTO TEMPO POSSO GUARDAR ESTE MEDICAMENTO?** ## **Cuidados de armazenamento** ## **Manter fora do alcance de crianças** Conservar o produto em pó na embalagem original, protegido da umidade e em temperatura ambiente entre (15[o] C e 30[o] C). Após preparo da suspensão, conservar em geladeira (entre 2[o] C e 8[o] C), sendo o produto válido por 14 dias após a reconstituição. **Número de lote e datas de fabricação e validade: vide embalagem.** **Não use medicamento com o prazo de validade vencido. Guarde-o em sua embalagem original. Após preparo, manter o produto por 14 dias em geladeira (entre 2[o] C e 8[o] C).** ## **Aspecto físico/características organolépticas Aspecto físico:** O **Amoxil[®]** (amoxicilina) é um pó branco (para reconstituição) com grânulos amarelados, que após a reconstituição resultará em uma suspensão homogênea quase branca. ## **Características organolépticas:** Suspensão oral: sabor de tutti frutti e odor característico de frutas. **Antes de usar, observe o aspecto do medicamento. Caso ele esteja no prazo de validade e você observe alguma mudança no aspecto, consulte o farmacêutico para saber se poderá utilizá-lo. Todo medicamento deve ser mantido fora do alcance das crianças.** ## **6."
chunk_6db122270a0d,leaf_d76f76b8b2f4,sec_8896cdffa974,amoxil,dosage,patient_leaflet,0,0,1541,1541,COMO DEVO USAR ESTE MEDICAMENTO?,COMO DEVO USAR ESTE MEDICAMENTO? > **Modo de usar**  > Preparo da suspensão  > **Agite a suspensão oral antes de usá-la.**  > Modelo de Texto de Bula – Pacientes Amoxil[®] Pó para suspensão oral  > **Posologia**  > **Dose para adultos e crianças acima de 40 kg**,"COMO DEVO USAR ESTE MEDICAMENTO?** ## **Modo de usar** Siga as orientações de seu médico sobre a maneira e a hora correta de tomar o medicamento. Ele vai decidir a quantidade diária que você precisa e o tempo durante o qual você deve usar o medicamento. Leia esta bula com cautela. Se você tiver alguma dúvida, fale com seu médico. Recomenda-se ingerir o medicamento nas refeições, embora ele continue eficaz mesmo que você o tome em outros horários. Continue tomando este medicamento até o fim do tratamento prescrito pelo médico. Não pare somente porque se sente melhor. ## Preparo da suspensão 1. Verifique se o selo está intacto antes do uso do produto 2. Para soltar o pó que fica no fundo do frasco, agite-o antes de abri-lo. Isso facilitará a reconstituição. 3. Ponha água filtrada no frasco até a marca indicada e agite-o bem para misturar totalmente o pó com a água. 4. Se a mistura não atingir a marca indicada, espere a espuma baixar e complete (lentamente) com água filtrada. Agite de novo o frasco e espere a espuma baixar até que a solução atinja exatamente a marca indicada. Utilize a colher dosadora para tomar o medicamento. A suspensão oral, após a reconstituição, ficará estável por 14 dias se for conservada em geladeira (entre 2[o] C e 8[o] C). ## **Agite a suspensão oral antes de usá-la.** 3 **==> picture [86 x 28] intentionally omitted <==** ## Modelo de Texto de Bula – Pacientes Amoxil[®] Pó para suspensão oral ## **Posologia** ## **Dose para adultos e crianças acima de 40 kg**"
chunk_c0033b15fe08,leaf_d76f76b8b2f4,sec_8896cdffa974,amoxil,dosage,patient_leaflet,1,1244,2704,1460,COMO DEVO USAR ESTE MEDICAMENTO?,COMO DEVO USAR ESTE MEDICAMENTO? > **Agite a suspensão oral antes de usá-la.**  > Modelo de Texto de Bula – Pacientes Amoxil[®] Pó para suspensão oral  > **Posologia**  > **Dose para adultos e crianças acima de 40 kg**  > **Tratamento com dosagem alta (máximo recomendável de 6 g ao dia em doses divididas)**  > **Tratamento de curta duração**  > **Erradicação de** _**Helicobacter pylori**_ **em úlcera péptica (no duodeno ou no estômago)**  > **Dose para crianças abaixo de 40 kg**  > **Pacientes com insuficiência renal (dos rins)**,"servada em geladeira (entre 2[o] C e 8[o] C). ## **Agite a suspensão oral antes de usá-la.** 3 **==> picture [86 x 28] intentionally omitted <==** ## Modelo de Texto de Bula – Pacientes Amoxil[®] Pó para suspensão oral ## **Posologia** ## **Dose para adultos e crianças acima de 40 kg** Dose padrão: 250 mg três vezes ao dia (de 8 em 8 horas), podendo ser aumentada para 500 mg três vezes ao dia (de 8 em 8 horas) nas infecções mais graves. ## **Tratamento com dosagem alta (máximo recomendável de 6 g ao dia em doses divididas)** Recomenda-se uma dose de 3g duas vezes ao dia (de 12 em 12 horas) nos casos que requerem tratamento de infecção respiratória purulenta (com a presença de pus) grave ou recorrente. ## **Tratamento de curta duração** Gonorreia: dose única de 3 g. ## **Erradicação de** _**Helicobacter pylori**_ **em úlcera péptica (no duodeno ou no estômago)** Para combater o _Helicobacter_ (bactéria que ataca o estômago e o duodeno), recomenda-se o uso de **Amoxil[®]** no esquema de 750 mg a 1 g duas vezes ao dia, em associação com um inibidor da bomba de prótons (exemplo: omeprazol, lanzoprazol) e outro agente antimicrobiano (por exemplo claritromicina, metronidazol), por 7 dias. ## **Dose para crianças abaixo de 40 kg** Dose padrão para crianças: 20 a 50 mg/kg/dia em doses divididas (de 8 em 8 horas), até um máximo de 150 mg/kg/dia em doses divididas. ## **Pacientes com insuficiência renal (dos rins)**"
chunk_e88b1f4c2667,leaf_d76f76b8b2f4,sec_8896cdffa974,amoxil,dosage,patient_leaflet,2,2407,3819,1412,COMO DEVO USAR ESTE MEDICAMENTO?,COMO DEVO USAR ESTE MEDICAMENTO? > **Dose para crianças abaixo de 40 kg**  > **Pacientes com insuficiência renal (dos rins)**  > **Pacientes que recebem diálise peritoneal**  > **Pacientes que recebem hemodiálise** ,"robiano (por exemplo claritromicina, metronidazol), por 7 dias. ## **Dose para crianças abaixo de 40 kg** Dose padrão para crianças: 20 a 50 mg/kg/dia em doses divididas (de 8 em 8 horas), até um máximo de 150 mg/kg/dia em doses divididas. ## **Pacientes com insuficiência renal (dos rins)** Na insuficiência renal, a eliminação do antibiótico é mais lenta. Conforme o grau dessa condição, seu médico pode indicar a redução da dose diária total de acordo com o esquema descrito a seguir. Adultos e crianças acima de 40 kg - insuficiência leve: nenhuma alteração de dose; - insuficiência moderada: máximo de 500 mg duas vezes ao dia (de 12 em 12 horas); - insuficiência grave: máximo de 500 mg uma vez ao dia. Crianças abaixo de 40 kg - insuficiência leve: nenhuma alteração de dose; - insuficiência moderada: 15 mg/kg duas vezes ao dia (de 12/12 horas); (no máximo de 500mg duas vezes ao dia); - insuficiência grave: 15 mg/kg uma vez ao dia. (no máximo de 500mg). ## **Pacientes que recebem diálise peritoneal** Usa-se a mesma posologia indicada para pacientes com insuficiência renal grave. A diálise peritoneal (processo de limpeza das substâncias tóxicas do organismo através do peritônio, membrana que envolve o abdômen) não remove a amoxicilina do corpo. ## **Pacientes que recebem hemodiálise** Usa-se a mesma posologia indicada para pacientes com insuficiência renal grave."
chunk_619626ac8cd4,leaf_d76f76b8b2f4,sec_8896cdffa974,amoxil,dosage,patient_leaflet,3,3522,4779,1257,COMO DEVO USAR ESTE MEDICAMENTO?,"COMO DEVO USAR ESTE MEDICAMENTO? > **Pacientes que recebem hemodiálise**  > Modelo de Texto de Bula – Pacientes Amoxil[®] Pó para suspensão oral  > **Siga a orientação de seu médico, respeitando sempre os horários, as doses e a duração do tratamento. Não interrompa o tratamento sem o conhecimento de seu médico.**  > **7.","ave. A diálise peritoneal (processo de limpeza das substâncias tóxicas do organismo através do peritônio, membrana que envolve o abdômen) não remove a amoxicilina do corpo. ## **Pacientes que recebem hemodiálise** Usa-se a mesma posologia indicada para pacientes com insuficiência renal grave. A amoxicilina é removida do sangue por hemodiálise (processo que substitui os rins na filtragem sanguínea). Portanto, uma dose adicional (500 mg para adultos e crianças acima de 40kg ou 15 mg/kg para crianças abaixo de 40 kg) pode ser administrada durante e no final de cada diálise. Seu médico poderá indicar tratamento por via parenteral (feito com aplicação de injeções intravenosas, intramusculares ou subcutâneas) nos casos em que a via oral for considerada inadequada (particularmente nos tratamentos urgentes de infecções graves). Conforme o grau de insuficiência renal, talvez seu médico ache necessário reduzir a dose diária total. 4 **==> picture [86 x 28] intentionally omitted <==** ## Modelo de Texto de Bula – Pacientes Amoxil[®] Pó para suspensão oral ## **Siga a orientação de seu médico, respeitando sempre os horários, as doses e a duração do tratamento. Não interrompa o tratamento sem o conhecimento de seu médico.** ## **7."
chunk_3a7b8afb7a27,leaf_d76f76b8b2f4,sec_29fcb5c7472b,amoxil,missed_dose,patient_leaflet,0,0,349,349,O QUE DEVO FAZER QUANDO EU ME ESQUECER DE USAR ESTE MEDICAMENTO?,"O QUE DEVO FAZER QUANDO EU ME ESQUECER DE USAR ESTE MEDICAMENTO? > **Em caso de dúvidas, procure orientação do farmacêutico ou de seu médico, ou cirurgião-dentista.**  > **8.","O QUE DEVO FAZER QUANDO EU ME ESQUECER DE USAR ESTE MEDICAMENTO?** Se você esquecer uma dose, tome-a assim que se lembrar, mas continue com o horário normal das demais. Só não tome duas doses com intervalo igual ou menor que 1 hora. ## **Em caso de dúvidas, procure orientação do farmacêutico ou de seu médico, ou cirurgião-dentista.** ## **8."
chunk_cf81874efa63,leaf_d76f76b8b2f4,sec_16fd6dd8639e,amoxil,adverse_reaction,patient_leaflet,0,0,1532,1532,QUAIS OS MALES QUE ESTE MEDICAMENTO PODE ME CAUSAR?,"QUAIS OS MALES QUE ESTE MEDICAMENTO PODE ME CAUSAR? > **Reações comuns (ocorrem entre 1% e 10% dos pacientes que utilizam este medicamento):**  > **Reações incomuns (ocorrem entre 0,1% e 1% dos pacientes que utilizam este medicamento):**  > **Reações muito raras (ocorrem em menos de 0,01% dos pacientes que utilizam este medicamento):** ","QUAIS OS MALES QUE ESTE MEDICAMENTO PODE ME CAUSAR?** Avise seu médico o mais cedo possível se você não se sentir bem durante o tratamento com **Amoxil[®]** . Assim como todo medicamento, **Amoxil[®]** pode provocar reações adversas, porém isso não ocorre com todas as pessoas. Os efeitos colaterais deste medicamento geralmente são leves. ## **Reações comuns (ocorrem entre 1% e 10% dos pacientes que utilizam este medicamento):** - Diarreia (várias evacuações amolecidas por dia) e enjoo; quando isso acontece, os sintomas normalmente são leves e com frequência podem ser evitados tomando-se o medicamento no início das refeições. Se continuarem ou se tornarem graves, consulte o médico; - Erupções da pele. ## **Reações incomuns (ocorrem entre 0,1% e 1% dos pacientes que utilizam este medicamento):** - Vômito, urticária e coceira. ## **Reações muito raras (ocorrem em menos de 0,01% dos pacientes que utilizam este medicamento):** - Diminuição de glóbulos brancos (leucopenia reversível), que pode resultar em infecções frequentes, como febre, calafrios, inflamação da garganta ou úlceras na boca; - Baixa contagem de plaquetas (trombocitopenia reversível), que pode resultar em sangramento ou hematomas (manchas roxas que surgem com mais facilidade que o normal); - Destruição de glóbulos vermelhos e consequentemente anemia (anemia hemolítica), que pode resultar em cansaço, dores de cabeça e falta de ar causada pela prática de exercícios físicos, vertigem, palidez e amarelamento da pele e/ou dos olhos;"
chunk_09405370d2ab,leaf_d76f76b8b2f4,sec_16fd6dd8639e,amoxil,adverse_reaction,patient_leaflet,1,1236,2723,1487,QUAIS OS MALES QUE ESTE MEDICAMENTO PODE ME CAUSAR?,QUAIS OS MALES QUE ESTE MEDICAMENTO PODE ME CAUSAR?,"roxas que surgem com mais facilidade que o normal); - Destruição de glóbulos vermelhos e consequentemente anemia (anemia hemolítica), que pode resultar em cansaço, dores de cabeça e falta de ar causada pela prática de exercícios físicos, vertigem, palidez e amarelamento da pele e/ou dos olhos; - Sinais repentinos de alergia, tais como erupções da pele, prurido (coceira) ou urticária, inchaço da face, dos lábios, da língua ou de outras partes do corpo, falta de ar, respiração ofegante ou problemas para respirar; se esses sintomas ocorrerem, pare de usar o medicamento e procure socorro médico o mais rápido possível; - Dor no peito, que pode ser um sinal de uma reação alérgica potencialmente grave chamada síndrome de Kounis; - Vômitos repetitivos (1 a 4 horas após a administração de **Amoxil[®]** ), dores no estômago, sonolência anormal, diarreia e pressão baixa, que podem ser um sinal de uma reação alérgica grave denominada síndrome de enterocolite induzida por medicamentos; - Convulsões podem ocorrer em pacientes com função renal prejudicada ou que estejam recebendo doses altas do medicamento; - Hipercinesia (presença de movimentos exacerbados e incontroláveis), tontura; - Candidíase mucocutânea, infecção micótica (causada por fungos) que normalmente afeta as partes íntimas ou a boca; na área genital, pode provocar coceira e queimação (com a presença de uma fina camada de secreção branca), e na boca ou na língua podem surgir pintas brancas dolorosas;"
chunk_6313476f076e,leaf_d76f76b8b2f4,sec_16fd6dd8639e,amoxil,adverse_reaction,patient_leaflet,2,2426,3844,1418,QUAIS OS MALES QUE ESTE MEDICAMENTO PODE ME CAUSAR?,QUAIS OS MALES QUE ESTE MEDICAMENTO PODE ME CAUSAR? > Modelo de Texto de Bula – Pacientes Amoxil[®] Pó para suspensão oral ,", tontura; - Candidíase mucocutânea, infecção micótica (causada por fungos) que normalmente afeta as partes íntimas ou a boca; na área genital, pode provocar coceira e queimação (com a presença de uma fina camada de secreção branca), e na boca ou na língua podem surgir pintas brancas dolorosas; - Colite associada a antibióticos (inflamação no cólon (intestino grosso), causando diarreia grave, que também pode conter sangue e ser acompanhada de cólicas abdominais; - Sua língua pode mudar de cor, ficando amarela, marrom ou preta, e dar a impressão de ter pelos (língua pilosa negra); - Houve relatos de descoloração superficial dos dentes em crianças. Uma boa higiene oral ajuda a prevenir esse efeito porque o produto pode, em geral, ser removido com a escovação (apenas **Amoxil[®]** em suspensão oral); - Inflamação da membrana que reveste o cérebro (meningite asséptica); - Erupção cutânea com bolhas dispostas em círculo com crosta central ou como um colar de pérolas (doença IgA linear); 5 **==> picture [86 x 28] intentionally omitted <==** ## Modelo de Texto de Bula – Pacientes Amoxil[®] Pó para suspensão oral - Efeitos relacionados ao fígado; esses sintomas podem manifestar-se como enjoo, vômito, perda de apetite, sensação geral de mal-estar, febre, coceira, amarelamento da pele e dos olhos e escurecimento da urina e aumento de algumas substâncias (enzimas) produzidas pelo fígado;"
chunk_e0bc72b64caf,leaf_d76f76b8b2f4,sec_16fd6dd8639e,amoxil,adverse_reaction,patient_leaflet,3,3547,5055,1508,QUAIS OS MALES QUE ESTE MEDICAMENTO PODE ME CAUSAR?,QUAIS OS MALES QUE ESTE MEDICAMENTO PODE ME CAUSAR?,"ara suspensão oral - Efeitos relacionados ao fígado; esses sintomas podem manifestar-se como enjoo, vômito, perda de apetite, sensação geral de mal-estar, febre, coceira, amarelamento da pele e dos olhos e escurecimento da urina e aumento de algumas substâncias (enzimas) produzidas pelo fígado; - Reações cutâneas graves: erupção cutânea (eritema multiforme), que pode formar bolhas (com pequenas manchas escuras centrais rodeadas por uma área pálida, com um anel escuro ao redor da borda); erupção cutânea generalizada com bolhas e descamação da pele na maior parte da superfície corporal (necrólise epidérmica tóxica); erupções na pele com bolhas e descamação, especialmente ao redor da boca, nariz, olhos e genitais (síndrome de Stevens-Johnson); erupções na pele com bolhas contendo pus (dermatite esfoliativa bolhosa); erupções escamosas na pele, com bolhas e inchaços sob a pele (exantema pustuloso); - Doença renal (problemas para urinar, possivelmente com dor e presença de sangue ou cristais na urina); - Sintomas semelhantes aos da gripe com erupção cutânea, febre, glândulas inchadas e resultados anormais de exames de sangue (incluindo o aumento dos glóbulos brancos (eosinofilia) e enzimas hepáticas) (Reações do medicamento com eosinofilia e sintomas sistêmicos (DRESS)); - Erupção cutânea vermelha comumente observada em ambos os lados das nádegas, parte interna superior das coxas, axilas, pescoço (Exantema Intertriginoso e Flexural Simétrico Relacionado a Medicamentos (SDRIFE))."
chunk_cb37aafa6f60,leaf_d76f76b8b2f4,sec_16fd6dd8639e,amoxil,adverse_reaction,patient_leaflet,4,4759,6335,1576,QUAIS OS MALES QUE ESTE MEDICAMENTO PODE ME CAUSAR?,"QUAIS OS MALES QUE ESTE MEDICAMENTO PODE ME CAUSAR? > **Se qualquer desconforto incomum se manifestar enquanto você estiver tomando o medicamento, informe seu médico o mais breve possível.**  > **9. O QUE FAZER SE ALGUÉM USAR UMA QUANTIDADE MAIOR QUE A INDICADA DESTE MEDICAMENTO?**  > **III) DIZERES LEGAIS**  > **VENDA SOB PRESCRIÇÃO COM RETENÇÃO DA RECEITA** ","hepáticas) (Reações do medicamento com eosinofilia e sintomas sistêmicos (DRESS)); - Erupção cutânea vermelha comumente observada em ambos os lados das nádegas, parte interna superior das coxas, axilas, pescoço (Exantema Intertriginoso e Flexural Simétrico Relacionado a Medicamentos (SDRIFE)). ## **Se qualquer desconforto incomum se manifestar enquanto você estiver tomando o medicamento, informe seu médico o mais breve possível.** **Informe ao seu médico, cirurgião-dentista ou farmacêutico o aparecimento de reações indesejáveis pelo uso do medicamento. Informe também à empresa através do seu serviço de atendimento.** ## **9. O QUE FAZER SE ALGUÉM USAR UMA QUANTIDADE MAIOR QUE A INDICADA DESTE MEDICAMENTO?** É pouco provável que ocorram problemas graves em caso de superdosagem de amoxicilina. As reações mais comuns são enjoo, vômito e diarreia. Procure seu médico para que os sintomas sejam tratados. **Em caso de uso de grande quantidade deste medicamento, procure rapidamente socorro médico e leve a embalagem ou bula do medicamento, se possível. Ligue para 0800 722 6001, se você precisar de mais orientações.** ## **III) DIZERES LEGAIS** Registro: 1.0107.0003 Produzido por: Glaxo Wellcome Production. Zone Industrielle de la Peyennière, 53100, Mayenne, França Importado e Registrado por: **GlaxoSmithKline Brasil Ltda.** Estrada dos Bandeirantes, 8464 - Rio de Janeiro - RJ CNPJ: 33.247.743/0001-10 ## **VENDA SOB PRESCRIÇÃO COM RETENÇÃO DA RECEITA** L1992_amoxil_po_sus_GDS35_IPI16 **==> picture [43 x 43] intentionally omitted <==**"
chunk_7593a9dae93e,leaf_d76f76b8b2f4,sec_16fd6dd8639e,amoxil,adverse_reaction,patient_leaflet,5,6037,6399,362,QUAIS OS MALES QUE ESTE MEDICAMENTO PODE ME CAUSAR?,QUAIS OS MALES QUE ESTE MEDICAMENTO PODE ME CAUSAR? > **VENDA SOB PRESCRIÇÃO COM RETENÇÃO DA RECEITA**  > **,"Mayenne, França Importado e Registrado por: **GlaxoSmithKline Brasil Ltda.** Estrada dos Bandeirantes, 8464 - Rio de Janeiro - RJ CNPJ: 33.247.743/0001-10 ## **VENDA SOB PRESCRIÇÃO COM RETENÇÃO DA RECEITA** L1992_amoxil_po_sus_GDS35_IPI16 **==> picture [43 x 43] intentionally omitted <==** **==> picture [52 x 44] intentionally omitted <==** 6 ## **"
chunk_bb47f5ba5601,leaf_29ca71b992a7,sec_2f49c6eac869,amoxil,identification,patient_leaflet,0,0,67,67,Identificação do medicamento,Identificação do medicamento,Identificação do medicamento<br>Posologia e modo de usar<br>VP:<br>
chunk_24c2ad8873d1,leaf_206778048f80,sec_c436eacb6890,amoxil,identification,patient_leaflet,0,0,114,114,Identificação do medicamento,Identificação do medicamento,Identificação do Medicamento<br>Indicações<br>Características Farmacológicas<br>Posologia e Modo de Usar<br>VP<br>
chunk_40532ec6efbe,leaf_1961a855dce5,sec_c63f9e1a957a,amoxil,identification,patient_leaflet,0,0,96,96,Identificação do medicamento,Identificação do medicamento,Identificação do medicamento<br>5. Advertências e precauções<br>III. Dizeres legais<br>VP:<br>I)
chunk_fb1983257d7b,leaf_3cb34533cd62,sec_a9c91b3416bc,rivotril,identification,patient_leaflet,0,0,1016,1016,Identificação do medicamento,"Identificação do medicamento > **Rivotril[®]**  > **USO ADULTO E PEDIÁTRICO**  > **COMPOSIÇÃO**  > **Comprimidos de 0,5 mg**  > **Comprimidos de 2,0 mg**  > **INFORMAÇÕES AO PACIENTE**  > **1.","IDENTIFICAÇÃO DO MEDICAMENTO** ## **Rivotril[®]** clonazepam **Anticonvulsivante/Ansiolítico** **APRESENTAÇÕES** **Comprimidos de 0,5 mg ou 2 mg. Caixa com 20 ou 30 comprimidos.** **VIA ORAL** ## **USO ADULTO E PEDIÁTRICO** ## **COMPOSIÇÃO** ## **Comprimidos de 0,5 mg** **Princípio ativo:** clonazepam...............................................................................................................................0,5 mg. **Excipientes:** lactose, amido de milho, amido pré-gelatinizado, óxido de ferro amarelo, óxido férrico, talco, estearato de magnésio. ## **Comprimidos de 2,0 mg** **Princípio ativo:** clonazepam...............................................................................................................................2,0 mg. **Excipientes:** lactose, amido pré-gelatinizado, estearato de magnésio, celulose microcristalina. ## **INFORMAÇÕES AO PACIENTE** Leia com atenção as informações a seguir. Se tiver dúvidas, informe seu médico. ## **1."
chunk_3fede5899876,leaf_3cb34533cd62,sec_c1ebfc9276fe,rivotril,indication,patient_leaflet,0,0,1102,1102,PARA QUE ESTE MEDICAMENTO É INDICADO?,PARA QUE ESTE MEDICAMENTO É INDICADO? > **Adulto**  > **Transtornos de ansiedade**  > **Transtornos do humor**  > **Síndromes psicóticas** ,"PARA QUE ESTE MEDICAMENTO É INDICADO? Adulto e pediátrico Distúrbio epiléptico** **Rivotril[® ]** é indicado para tratar crises epilépticas e espasmos infantis (síndrome de West). ## **Adulto** **Rivotril[® ]** também é indicado para: ## **Transtornos de ansiedade** - Como ansiolítico em geral. - Distúrbio do pânico com ou sem medo de espaços abertos. - Fobia social (medo de situações como falar em público). ## **Transtornos do humor** - Transtorno afetivo bipolar (fases de depressão e mania): tratamento da mania. - Depressão maior: associado à antidepressivos na depressão ansiosa e início do tratamento. ## **Síndromes psicóticas**  Acatisia (inquietação extrema, geralmente provocada por medicamentos psiquiátricos). **Síndrome das pernas inquietas (desconforto ou dor nas pernas que leva à necessidade de movimentá-las, prejudicando o sono).** **Vertigem e distúrbios do equilíbrio:** náuseas, vômitos, desmaios, quedas, zumbidos e distúrbios auditivos. **Síndrome da boca ardente (sensação de queimação na parte interna da boca, sem alterações físicas).** **2."
chunk_4569774ff1a4,leaf_3cb34533cd62,sec_d9f209726d63,rivotril,simplified_mechanism,patient_leaflet,0,0,434,434,COMO ESTE MEDICAMENTO FUNCIONA?,COMO ESTE MEDICAMENTO FUNCIONA? > **3.,"COMO ESTE MEDICAMENTO FUNCIONA?** Clonazepam pertence à classe dos benzodiazepínicos, medicamentos que causam inibição leve do sistema nervoso, com consequente ação anticonvulsivante, sedativa leve, relaxante muscular e tranquilizante. A ação de **Rivotril[® ]** oral dose única inicia em 30 a 60 minutos e se estende por 6 à 8 h em crianças e 8 a 12 h em adultos. 1 **==> picture [109 x 35] intentionally omitted <==** ## **3."
chunk_5e3d4ac1c930,leaf_3cb34533cd62,sec_a09f972c4cdf,rivotril,contraindication,patient_leaflet,0,0,1547,1547,QUANDO NÃO DEVO USAR ESTE MEDICAMENTO?,QUANDO NÃO DEVO USAR ESTE MEDICAMENTO? > **4. O QUE DEVO SABER ANTES DE USAR ESTE   MEDICAMENTO?** ,"QUANDO NÃO DEVO USAR ESTE MEDICAMENTO?** **Rivotril[® ]** é contraindicado a pacientes com hipersensibilidade conhecida a clonazepam ou a qualquer dos excipientes do medicamento, em pacientes com insuficiência respiratória grave ou comprometimento do fígado grave, pois os benzodiazepínicos podem levar à ocorrência de comprometimento do sistema nervoso, secundário ao problema no fígado. **Rivotril[® ]** comprimidos e **Rivotril[® ]** gotas são contraindicados para o tratamento de transtornos do pânico em pacientes com histórico médico de apneia do sono. **Rivotril[® ]** é contraindicado a pacientes com glaucoma agudo de ângulo fechado. **Rivotril[® ]** pode ser usado por pacientes com glaucoma de ângulo aberto, desde que estejam recebendo terapia apropriada. ## **4. O QUE DEVO SABER ANTES DE USAR ESTE MEDICAMENTO?** Antes de tomar **Rivotril**[®] , informe seu médico se você tem ou teve: - 1) outros problemas de saúde, como doenças nos rins ou fígado (por exemplo: cirrose hepática), distúrbio neuromuscular ou respiratório, porfiria (doença em que ocorre deficiência de enzimas específicas na via da biossíntese do heme); - 2) sinais ou sintomas de depressão e/ou tentativa de suicídio; - 3) intolerância à galactose (açúcar) ou deficiência de lactase (enzima que quebra a lactose); 4) ataxia cerebelar ou espinhal (descoordenação dos movimentos por problema do cerebelo ou medula); > 5) uso regular ou intoxicação aguda por álcool ou drogas. Pode ocorrer perda de efeito durante o tratamento com clonazepam."
chunk_07b5a2953783,leaf_3cb34533cd62,sec_a09f972c4cdf,rivotril,contraindication,patient_leaflet,1,1250,2329,1079,QUANDO NÃO DEVO USAR ESTE MEDICAMENTO?,QUANDO NÃO DEVO USAR ESTE MEDICAMENTO? > **Abuso e dependência do medicamento**,"(açúcar) ou deficiência de lactase (enzima que quebra a lactose); 4) ataxia cerebelar ou espinhal (descoordenação dos movimentos por problema do cerebelo ou medula); > 5) uso regular ou intoxicação aguda por álcool ou drogas. Pode ocorrer perda de efeito durante o tratamento com clonazepam. Não tome **Rivotril[® ]** com álcool e/ou depressores do sistema nervoso central, essa combinação pode aumentar os efeitos de **Rivotril[®]** , com potencial sedação grave que pode resultar em coma ou morte, depressão cardiovascular e/ou respiratória. Caso ocorram reações paradoxais ** durante o tratamento, fale com seu médico, pois o uso do medicamento deve ser descontinuado. Pode ocorrer amnésia anterógrada (perda da habilidade de criar novas memórias e absorver novas informações), com o uso de benzodiazepínicos em doses terapêuticas. **Rivotril[® ]** pode precipitar o estado de mal epiléptico (crises epilépticas em sequência rápida). Fale com seu médico antes de aumentar a dose ou interromper abruptamente esta medicação. ## **Abuso e dependência do medicamento**"
chunk_d77c1f8474ad,leaf_3cb34533cd62,sec_a09f972c4cdf,rivotril,contraindication,patient_leaflet,2,2032,3627,1595,QUANDO NÃO DEVO USAR ESTE MEDICAMENTO?,QUANDO NÃO DEVO USAR ESTE MEDICAMENTO? > **Abuso e dependência do medicamento**  > **Efeitos sobre a capacidade de dirigir e operar  máquinas**,"ções), com o uso de benzodiazepínicos em doses terapêuticas. **Rivotril[® ]** pode precipitar o estado de mal epiléptico (crises epilépticas em sequência rápida). Fale com seu médico antes de aumentar a dose ou interromper abruptamente esta medicação. ## **Abuso e dependência do medicamento** O uso de benzodiazepínicos pode levar ao desenvolvimento de dependência física e psicológica. O risco de dependência aumenta com a dose, tratamentos prolongados e em pacientes com história de abuso de álcool ou drogas. Em caso de dependência, especialmente com doses elevadas, a descontinuação brusca do tratamento será acompanhada por sintomas de abstinência: psicoses, distúrbio comportamental, tremor, sudorese, agitação, distúrbios do sono e ansiedade, dor de cabeça, diarreia, dores musculares, câimbras, ansiedade extrema, tensão, cansaço, inquietação, alteração de humor, confusão, irritabilidade e convulsões epiléticas que podem ser associadas à doença de base. Em casos graves, desrealização (sentimentos de estranhamento ou distanciamento em relação ao ambiente), despersonalização (processo psíquico, em que se tem a impressão de que se é estranho a si mesmo), hipersensibilidade ao som, à luz, a ruídos e ao contato físico, sensações anormais, formigamentos, alucinações. O risco dos sintomas de abstinência é maior após descontinuação súbita do tratamento, portanto a retirada brusca do medicamento deve ser evitada. O tratamento (mesmo de curta duração) deve ser interrompido pela redução gradativa da dose diária. ## **Efeitos sobre a capacidade de dirigir e operar máquinas**"
chunk_eae4150205a2,leaf_3cb34533cd62,sec_a09f972c4cdf,rivotril,contraindication,patient_leaflet,3,3330,4906,1576,QUANDO NÃO DEVO USAR ESTE MEDICAMENTO?,QUANDO NÃO DEVO USAR ESTE MEDICAMENTO? > **Efeitos sobre a capacidade de dirigir e operar  máquinas**  > **Gravidez e amamentação**  > **Este medicamento não deve ser utilizado por mulheres grávidas sem orientação médica ou do cirurgiãodentista.** ,"intomas de abstinência é maior após descontinuação súbita do tratamento, portanto a retirada brusca do medicamento deve ser evitada. O tratamento (mesmo de curta duração) deve ser interrompido pela redução gradativa da dose diária. ## **Efeitos sobre a capacidade de dirigir e operar máquinas** Clonazepam pode lentificar as reações, efeito agravado com o uso de álcool. **Durante o tratamento, o paciente não deve dirigir veículos ou operar máquinas, pois sua habilidade e atenção podem estar prejudicadas.** Até o momento, não há informações de que **Rivotril[® ]** cause _doping_ . Em caso de dúvidas, consulte o seu médico. ## **Gravidez e amamentação** 2 **==> picture [109 x 35] intentionally omitted <==** ## **Este medicamento não deve ser utilizado por mulheres grávidas sem orientação médica ou do cirurgiãodentista.** **Rivotril[® ]** só deve ser administrado a gestantes se houver indicação absoluta e se os benefícios potenciais superarem os riscos para o feto. **Rivotril[® ]** pode prejudicar seu bebê. Informe seu médico se estiver grávida ou se está tentando engravidar. O uso de altas doses no último trimestre da gestação ou no trabalho de parto pode causar irregularidades no batimento cardíaco do feto e baixa temperatura corpórea, falta de tônus muscular, depressão respiratória e dificuldade de sucção no bebê. Tanto a gestação quanto a suspensão de **Rivotril**[® ] podem exacerbar a epilepsia. Informe seu médico se estiver amamentando. Se você realmente precisar tomar **Rivotril[®]** , a amamentação deve ser descontinuada."
chunk_d1e77a6a6e34,leaf_3cb34533cd62,sec_a09f972c4cdf,rivotril,contraindication,patient_leaflet,4,4609,6171,1562,QUANDO NÃO DEVO USAR ESTE MEDICAMENTO?,QUANDO NÃO DEVO USAR ESTE MEDICAMENTO? > **Uso em crianças**  > **Uso em idosos**  > **Principais interações medicamentosas**  > **Interações fármaco-alimento**  > **Interações fármaco-laboratório** ,"lta de tônus muscular, depressão respiratória e dificuldade de sucção no bebê. Tanto a gestação quanto a suspensão de **Rivotril**[® ] podem exacerbar a epilepsia. Informe seu médico se estiver amamentando. Se você realmente precisar tomar **Rivotril[®]** , a amamentação deve ser descontinuada. ## **Uso em crianças** Avaliar o risco / benefício do uso de **Rivotril[® ]** a longo prazo em pacientes pediátricos com distúrbios epilépticos. **Rivotril[® ]** pode aumentar a salivação e as secreções brônquicas em lactentes e crianças pequenas. Atenção: manter as vias aéreas livres. Não há dados de eficácia / segurança de **Rivotril[® ]** em menores de 18 anos com distúrbio do pânico. ## **Uso em idosos** Os efeitos dos benzodiazepínicos parecem ser maiores em pacientes idosos do que em pacientes mais jovens, mesmo em concentrações plasmáticas similares. ## **Principais interações medicamentosas** Informe seu médico se estiver tomando outros medicamentos, incluindo as substâncias a seguir, pois elas podem interagir com **Rivotril[®]** : – Depressores do sistema nervoso central e álcool; – Medicamentos que agem no sistema nervoso: antidepressivos, medicamentos para dormir, alguns analgésicos, antipsicóticos, ansiolíticos, anticonvulsivantes; – Medicamentos para o estômago. ## **Interações fármaco-alimento** Interações com alimentos não foram estabelecidas. O suco de toranja pode aumentar o efeito de **Rivotril**[®] . ## **Interações fármaco-laboratório** Interações com testes laboratoriais não foram estabelecidas."
chunk_4ff062e5e2e2,leaf_3cb34533cd62,sec_a09f972c4cdf,rivotril,contraindication,patient_leaflet,5,5874,7454,1580,QUANDO NÃO DEVO USAR ESTE MEDICAMENTO?,"QUANDO NÃO DEVO USAR ESTE MEDICAMENTO? > **Interações fármaco-alimento**  > **Interações fármaco-laboratório**  > **5. ONDE, COMO E POR QUANTO TEMPO POSSO GUARDAR ESTE   MEDICAMENTO?**  > **Número de lote e datas de fabricação e validade: vide  embalagem.**  > **Aspecto físico**  > **Características organolépticas** ","sivantes; – Medicamentos para o estômago. ## **Interações fármaco-alimento** Interações com alimentos não foram estabelecidas. O suco de toranja pode aumentar o efeito de **Rivotril**[®] . ## **Interações fármaco-laboratório** Interações com testes laboratoriais não foram estabelecidas. **Informe ao seu médico ou cirurgião-dentista se você está fazendo uso de algum outro medicamento. Não use medicamento sem o conhecimento do seu médico. Pode ser perigoso para a sua saúde.** ## **5. ONDE, COMO E POR QUANTO TEMPO POSSO GUARDAR ESTE MEDICAMENTO?** **Rivotril[® ]** comprimidos de 0,5 mg e 2,0 mg devem ser armazenados em temperatura ambiente (entre 15 e 30 ºC). ## **Número de lote e datas de fabricação e validade: vide embalagem.** **Não use medicamento com o prazo de validade vencido. Guarde-o em sua embalagem original.** ## **Aspecto físico** Os comprimidos de 0,5 mg de **Rivotril[® ]** apresentam formato cilíndrico biplano com presença de ranhura e cor laranja pálido. Os comprimidos de 2,0 mg de **Rivotril[® ]** apresentam formato cilíndrico biplano com presença de ranhura e cor branca a levemente amarelada. ## **Características organolépticas** **Rivotril[® ]** comprimidos de 0,5 mg e 2,0 mg não apresenta características marcantes que o diferenciem de outros comprimidos. **Antes de usar, observe o aspecto do medicamento. Caso ele esteja no prazo de validade e você observe alguma mudança no aspecto, consulte o farmacêutico para saber se poderá utilizá-lo.** 3 **==> picture [109 x 35] intentionally omitted <==**"
chunk_622a72b37a03,leaf_3cb34533cd62,sec_a09f972c4cdf,rivotril,contraindication,patient_leaflet,6,7156,8743,1587,QUANDO NÃO DEVO USAR ESTE MEDICAMENTO?,QUANDO NÃO DEVO USAR ESTE MEDICAMENTO? > **Todo medicamento deve ser mantido fora do alcance das  crianças.**  > **6. COMO DEVO USAR ESTE  MEDICAMENTO?**  > **Distúrbios epilépticos**  > Adultos  > **Transtornos de ansiedade**,"cantes que o diferenciem de outros comprimidos. **Antes de usar, observe o aspecto do medicamento. Caso ele esteja no prazo de validade e você observe alguma mudança no aspecto, consulte o farmacêutico para saber se poderá utilizá-lo.** 3 **==> picture [109 x 35] intentionally omitted <==** ## **Todo medicamento deve ser mantido fora do alcance das crianças.** ## **6. COMO DEVO USAR ESTE MEDICAMENTO?** Tome os comprimidos por via oral com pouca quantidade de líquido não alcoólico. A dose de **Rivotril[® ]** depende da doença, da resposta clínica, idade e tolerabilidade. Recomenda-se que o tratamento inicie com doses mais baixas, que podem ser aumentadas se necessário. Siga a orientação médica. ## **Distúrbios epilépticos** ## Adultos Dose inicial: não exceder 1,5 mg/dia, dividida em 3 doses. Aumentar a critério médico. Dose de manutenção: será definida pelo seu médico, de acordo com sua resposta. Dose diária máxima recomendada: 20 mg. Se você já usa outro anticonvulsivante, avise seu médico. Recém-nascidos e crianças até 10 anos de idade ou 30 kg de peso Dose inicial média: 0,01 a 0,03 mg/kg/dia. Não exceder 0,05 mg/kg/dia, dividido em 2 ou 3 doses diárias. Crianças entre 10 e 16 anos de idade: Dose inicial: 1 a 1,5 mg/dia, dividido em 2 a 3 doses. A dose pode ser aumentada, a critério médico, até atingir a dose de manutenção individual, usualmente de 3 a 6 mg/dia. Sempre que possível, dividir a dose diária em 3 doses iguais. Caso não seja possível, a maior dose deve ser tomada antes de deitar. ## **Transtornos de ansiedade**"
chunk_3eb1bfdbfd3a,leaf_3cb34533cd62,sec_a09f972c4cdf,rivotril,contraindication,patient_leaflet,7,8447,9978,1531,QUANDO NÃO DEVO USAR ESTE MEDICAMENTO?,QUANDO NÃO DEVO USAR ESTE MEDICAMENTO? > **Transtornos de ansiedade**  > **Transtornos do humor**  > **Síndromes psicóticas** ,"a 3 doses. A dose pode ser aumentada, a critério médico, até atingir a dose de manutenção individual, usualmente de 3 a 6 mg/dia. Sempre que possível, dividir a dose diária em 3 doses iguais. Caso não seja possível, a maior dose deve ser tomada antes de deitar. ## **Transtornos de ansiedade** - **Distúrbio do pânico:** Adultos: - Dose inicial: 0,5 mg/dia, dividida em 2 doses. Pode-se aumentar a dose a critério médico. - Dose de manutenção: critério médico, de acordo com sua resposta. A dose tomada ao deitar reduz a inconveniência da sonolência e pode ser desejável no início do tratamento. A retirada deve ser gradual, até que o medicamento seja totalmente suspenso. - **Como ansiolítico em geral:** 0,25 mg a 4,0 mg/dia. Dose recomendada: 0,5 a 1,5 mg/dia (dividida em 3x/dia). - **Fobia social:** 0,25 mg/dia até 6,0 mg/dia (2,0 mg, 3x/dia). Dose recomendada: 1,0 a 2,5 mg/dia. ## **Transtornos do humor** - **Transtorno afetivo bipolar** (tratamento da mania): 1,5 mg a 8 mg/dia. Dose recomendada: 2,0 a 4,0 mg/dia. - **Depressão maior** (associado a antidepressivos): 0,5 a 6,0 mg/dia. Dose recomendada: 2,0 a 4,0 mg/dia. ## **Síndromes psicóticas** - **Acatisia** : 0,5 mg a 4,5 mg/dia. Dose recomendada: 0,5 a 3,0 mg/dia. **Síndrome das pernas inquietas:** 0,5 mg a 2,0 mg/dia. **Vertigem e distúrbios do equilíbrio** : 0,5 mg a 1,0 mg ao dia (2x/dia). Doses diárias superiores a 1,0 mg não são recomendáveis. **Síndrome da boca ardente:** 0,25 a 6,0 mg/dia. Dose recomendada: 1,0 a 2,0 mg/dia."
chunk_138608289ce9,leaf_3cb34533cd62,sec_a09f972c4cdf,rivotril,contraindication,patient_leaflet,8,9682,10957,1275,QUANDO NÃO DEVO USAR ESTE MEDICAMENTO?,QUANDO NÃO DEVO USAR ESTE MEDICAMENTO? > **Instruções especiais de administração** ,"0,5 a 3,0 mg/dia. **Síndrome das pernas inquietas:** 0,5 mg a 2,0 mg/dia. **Vertigem e distúrbios do equilíbrio** : 0,5 mg a 1,0 mg ao dia (2x/dia). Doses diárias superiores a 1,0 mg não são recomendáveis. **Síndrome da boca ardente:** 0,25 a 6,0 mg/dia. Dose recomendada: 1,0 a 2,0 mg/dia. **Uso em idosos:** a dose mais baixa possível deve ser utilizada em idosos. Deve-se ter especial cuidado durante as alterações na dose. **Comprometimento do fígado:** pacientes com comprometimento do fígado grave não devem ser tratados com clonazepam e pacientes com comprometimento hepático leve a moderado devem receber a dose mais baixa possível. 4 **==> picture [109 x 35] intentionally omitted <==** ## **Instruções especiais de administração** **Rivotril[® ]** pode ser usado com outros antiepilépticos. Nesse caso, seu médico ajustará a dose de cada medicamento para atingir o efeito ideal. Não pare de tomar **Rivotril[® ]** subitamente, você pode ter novas crises epilépticas. Somente seu médico poderá orientar a interrupção do tratamento reduzindo gradualmente a dose utilizada. **Siga a orientação de seu médico, respeitando sempre os horários, as doses e a duração do tratamento. Não interrompa o tratamento sem o conhecimento do seu médico.** **7."
chunk_6fd00831c65b,leaf_3cb34533cd62,sec_87bf8e4ab9aa,rivotril,missed_dose,patient_leaflet,0,0,1029,1029,O QUE DEVO FAZER QUANDO EU ME ESQUECER DE USAR ESTE MEDICAMENTO?,O QUE DEVO FAZER QUANDO EU ME ESQUECER DE USAR ESTE MEDICAMENTO? > **Pós-comercialização:** ,"O QUE DEVO FAZER QUANDO EU ME ESQUECER DE USAR ESTE MEDICAMENTO?** Nunca dobre a dose na próxima tomada. Apenas continue com a próxima dose no tempo determinado. **Em caso de dúvidas, procure orientação do farmacêutico, de seu médico ou cirurgião-dentista.** **8. QUAIS OS MALES QUE ESTE MEDICAMENTO PODE ME CAUSAR?** Algumas reações são transitórias e desaparecem espontaneamente no decorrer do tratamento ou com redução da dose. As reações que ocorreram em ≥ 5% dos pacientes em estudos clínicos foram: sonolência, dor de cabeça, infecção das vias aéreas superiores, cansaço, gripe, depressão, vertigem, irritabilidade, insônia, perda da coordenação de movimentos e da marcha, perda do equilíbrio, náusea, sensação de cabeça leve, sinusite e concentração prejudicada. ## **Pós-comercialização:** **Distúrbios do sistema imunológico** : reações alérgicas e muito poucos casos de anafilaxia (reação alérgica grave). **Distúrbios endócrinos** : casos isolados, reversíveis, de puberdade precoce incompleta em crianças."
chunk_c5bdb78f220a,leaf_3cb34533cd62,sec_87bf8e4ab9aa,rivotril,missed_dose,patient_leaflet,1,733,1719,986,O QUE DEVO FAZER QUANDO EU ME ESQUECER DE USAR ESTE MEDICAMENTO?,O QUE DEVO FAZER QUANDO EU ME ESQUECER DE USAR ESTE MEDICAMENTO? > **Pós-comercialização:** ,"leve, sinusite e concentração prejudicada. ## **Pós-comercialização:** **Distúrbios do sistema imunológico** : reações alérgicas e muito poucos casos de anafilaxia (reação alérgica grave). **Distúrbios endócrinos** : casos isolados, reversíveis, de puberdade precoce incompleta em crianças. **Distúrbios psiquiátricos** : amnésia, alucinações, histeria, psicose, tentativa de suicídio, despersonalização, distúrbio de memória, desinibição orgânica, ideias suicidas, lamentações, distúrbios emocionais e de humor, estado confusional e desorientação. Depressão pode estar associada à doença de base. Reações paradoxais: inquietação, agitação, irritabilidade, agressividade, nervosismo, hostilidade, ansiedade, distúrbios do sono, delírio, raiva, pesadelos, sonhos anormais, alucinações, psicose, hiperatividade, comportamento inapropriado e outros efeitos comportamentais. Alterações da libido (casos raros). Dependência e retirada, vide item “Abuso e dependência do medicamento”."
chunk_241b8f0d59e6,leaf_3cb34533cd62,sec_87bf8e4ab9aa,rivotril,missed_dose,patient_leaflet,2,1422,2927,1505,O QUE DEVO FAZER QUANDO EU ME ESQUECER DE USAR ESTE MEDICAMENTO?,O QUE DEVO FAZER QUANDO EU ME ESQUECER DE USAR ESTE MEDICAMENTO?,"o, hostilidade, ansiedade, distúrbios do sono, delírio, raiva, pesadelos, sonhos anormais, alucinações, psicose, hiperatividade, comportamento inapropriado e outros efeitos comportamentais. Alterações da libido (casos raros). Dependência e retirada, vide item “Abuso e dependência do medicamento”. **Distúrbios do sistema nervoso** : diminuição da concentração, sonolência, lentificação, hipotonia muscular, tonturas, ataxia são frequentes e geralmente transitórias. Dor de cabeça (raro). Distúrbios reversíveis: dificuldade para articular a fala, incoordenação de movimentos e da marcha, movimento anormal dos olhos. Pode haver esquecimento de fatos recentes, associado a alteração de comportamento. Pode haver aumento das crises convulsivas em determinadas formas de epilepsia. Perda da voz, movimentos grosseiros e descoordenados de braços e pernas, coma, tremor, perda de força de um lado do corpo, sensação de cabeça leve, falta de energia e formigamento e alteração da sensibilidade nas extremidades. **Distúrbios oculares** : visão dupla reversível, aparência de “olho vítreo”. **Distúrbios cardiovasculares** : palpitações, dor torácica, insuficiência cardíaca (incluindo parada cardíaca). **Distúrbios respiratórios** : congestão pulmonar, congestão nasal, hipersecreção, tosse, falta de ar, bronquite, rinite, faringite. Pode ocorrer depressão respiratória. **Rivotril[® ]** pode aumentar a produção de saliva ou de secreção brônquica (secreção nas vias aéreas) em lactentes e crianças."
chunk_f81ed3e80e69,leaf_3cb34533cd62,sec_87bf8e4ab9aa,rivotril,missed_dose,patient_leaflet,3,2630,4116,1486,O QUE DEVO FAZER QUANDO EU ME ESQUECER DE USAR ESTE MEDICAMENTO?,O QUE DEVO FAZER QUANDO EU ME ESQUECER DE USAR ESTE MEDICAMENTO?,"*Distúrbios respiratórios** : congestão pulmonar, congestão nasal, hipersecreção, tosse, falta de ar, bronquite, rinite, faringite. Pode ocorrer depressão respiratória. **Rivotril[® ]** pode aumentar a produção de saliva ou de secreção brônquica (secreção nas vias aéreas) em lactentes e crianças. **Distúrbios gastrintestinais** : perda do apetite, língua saburrosa, constipação, diarreia, boca seca, incontinência fecal (perda do controle da evacuação), gastrite, aumento do fígado, apetite aumentado, gengivas doloridas, dor abdominal, inflamação gastrintestinal, dor de dente. Náuseas e sintomas epigástricos (raro) (sintomas na região do estômago). 5 **==> picture [109 x 35] intentionally omitted <==** **Distúrbios da pele / tecido subcutâneo** : urticária (placas avermelhadas na pele que coçam bastante), coceira, erupção cutânea, perda de cabelo transitória, crescimento anormal de pelos, inchaço na face e tornozelo, alterações da pigmentação (raro). **Distúrbios musculoesqueléticos / tecido conectivo** : fraqueza muscular, frequente e geralmente transitória. Dor muscular, dor nas costas, fratura traumática, dor na nuca, deslocamentos e tensões. **Distúrbios renais / urinários** : dificuldade para urinar, perda urinária durante o sono, noctúria (levantar para urinar à noite), retenção urinária, infecção do trato urinário. Incontinência (raro). **Distúrbios do sistema reprodutivo** : cólicas menstruais, diminuição de interesse sexual. Impotência (raro)."
chunk_f4367282d8f7,leaf_3cb34533cd62,sec_87bf8e4ab9aa,rivotril,missed_dose,patient_leaflet,4,3819,4923,1104,O QUE DEVO FAZER QUANDO EU ME ESQUECER DE USAR ESTE MEDICAMENTO?,"O QUE DEVO FAZER QUANDO EU ME ESQUECER DE USAR ESTE MEDICAMENTO? > **Distúrbios do ouvido** : otite, vertigem.  > **9.","is / urinários** : dificuldade para urinar, perda urinária durante o sono, noctúria (levantar para urinar à noite), retenção urinária, infecção do trato urinário. Incontinência (raro). **Distúrbios do sistema reprodutivo** : cólicas menstruais, diminuição de interesse sexual. Impotência (raro). **Distúrbios gerais** : fadiga frequente e geralmente transitória. Reações paradoxais: vide item “Distúrbios psiquiátricos”. **Lesões e envenenamento** : quedas e fraturas. Risco maior em pessoas que usam outros sedativos incluindo bebidas alcoólicas e em idosos. **Exames complementares** : diminuição do número de plaquetas (raro). Diminuição dos glóbulos brancos e anemia, alterações dos exames da função do fígado. ## **Distúrbios do ouvido** : otite, vertigem. **Diversas** : desidratação, deterioração geral, febre, aumento dos gânglios linfáticos, ganho ou perda de peso, infecção viral. **Informe ao seu médico, cirurgião-dentista ou farmacêutico o aparecimento de reações indesejáveis pelo uso do medicamento. Informe também à empresa através do seu serviço de atendimento.** ## **9."
chunk_ddd8cf00aa9e,leaf_3cb34533cd62,sec_b9149f7435e7,rivotril,overdose,patient_leaflet,0,0,1520,1520,O QUE FAZER SE ALGUÉM USAR UMA QUANTIDADE MAIOR DO QUE A INDICADA DESTE MEDICAMENTO?,O QUE FAZER SE ALGUÉM USAR UMA QUANTIDADE MAIOR DO QUE A INDICADA DESTE MEDICAMENTO?,"O QUE FAZER SE ALGUÉM USAR UMA QUANTIDADE MAIOR DO QUE A INDICADA DESTE MEDICAMENTO? Sintomas** Os benzodiazepínicos geralmente causam sonolência, ataxia (perda da coordenação dos movimentos), disartria, nistagmo, confusão mental, excitação e lentidão de movimento. A superdose de **Rivotril[® ]** está raramente associada com risco de morte, caso o medicamento tenha sido tomado isoladamente, mas pode levar à arreflexia (ausência de reflexos), apneia, hipotensão arterial, depressão cardiorrespiratória e coma. Se ocorrer coma, normalmente tem duração de poucas horas; porém, pode ser prolongado e cíclico, particularmente em idosos. A depressão respiratória por benzodiazepínicos é mais séria em pacientes com doença respiratória. Os benzodiazepínicos aumentam os efeitos de outros depressores do sistema nervoso central, incluindo o álcool. **Conduta** Monitorar sinais vitais e instituir medidas de suporte a critério médico. **Advertência** Flumazenil não é indicado a pacientes com epilepsia que foram tratados com benzodiazepínicos. **Em caso de uso de grande quantidade deste medicamento, procure rapidamente socorro médico e leve a embalagem ou bula do medicamento, se possível. Ligue para 0800 722 6001, se você precisar de mais orientações.** MS-1.1524.0011 Farmacêutico Responsável: Dr. Adriano Costa Leite – CRF-SP n° 38.716 Registrado por: Blanver Farmoquímica e Farmacêutica S.A. Rua Francisco Tramontano, 101 -Sala 507 Real Parque – CEP 05686-010 – São Paulo – SP CNPJ 53.359.824/0001-19"
chunk_0ce797d87485,leaf_3cb34533cd62,sec_b9149f7435e7,rivotril,overdose,patient_leaflet,1,1223,2413,1190,O QUE FAZER SE ALGUÉM USAR UMA QUANTIDADE MAIOR DO QUE A INDICADA DESTE MEDICAMENTO?,O QUE FAZER SE ALGUÉM USAR UMA QUANTIDADE MAIOR DO QUE A INDICADA DESTE MEDICAMENTO? > **Rivotril[®]**  > **,", se você precisar de mais orientações.** MS-1.1524.0011 Farmacêutico Responsável: Dr. Adriano Costa Leite – CRF-SP n° 38.716 Registrado por: Blanver Farmoquímica e Farmacêutica S.A. Rua Francisco Tramontano, 101 -Sala 507 Real Parque – CEP 05686-010 – São Paulo – SP CNPJ 53.359.824/0001-19 Fabricado e Embalado por: Produtos Roche Químicos e Farmacêuticos S.A. Est. dos Bandeirantes, 2020 6 **==> picture [109 x 35] intentionally omitted <==** CEP 22775-109 – Rio de Janeiro – RJ Comercializado por: Biopas Brasil Produtos Farmacêuticos Ltda Estrada da Lagoinha, 501 - Bloco 3 - Lagoa CEP: 06730-000 - Vargem Grande Paulista – SP Indústria Brasileira **Serviço Atendimento ao Consumidor – 0800 591 9210** **VENDA SOB PRESCRIÇÃO MÉDICA. O ABUSO DESTE MEDICAMENTO PODE CAUSAR DEPENDÊNCIA.** **Esta bula foi aprovada pela ANVISA em 03/03/2022.** Bula_VP_Rivotril_V.01 **==> picture [38 x 37] intentionally omitted <==** 7 **==> picture [109 x 35] intentionally omitted <==** ## **Rivotril[®]** **(clonazepam)** **Comprimidos sublinguais 0,25 mg** **Blanver Farmoquímica e Farmacêutica S.A** 8 **==> picture [109 x 35] intentionally omitted <==** ## **"
chunk_d6527b83f1d2,leaf_582f152be8a1,sec_254af5d3b1aa,rivotril,identification,patient_leaflet,0,0,685,685,Identificação do medicamento,Identificação do medicamento > **APRESENTAÇÕES**  > **INFORMAÇÕES AO PACIENTE** ,"IDENTIFICAÇÃO DO MEDICAMENTO** **Rivotril[®]** clonazepam **Anticonvulsivante/Ansiolítico** ## **APRESENTAÇÕES** **Comprimidos sublinguais de 0,25 mg. Caixa com 30 comprimidos.** **VIA SUBLINGUAL** **USO ADULTO E PEDIÁTRICO** **COMPOSIÇÃO** **Comprimidos sublinguais de 0,25 mg Princípio ativo:** clonazepam.............................................................................................................................0,25 mg **Excipientes:** celulose microcristalina, manitol, amidoglicolato de sódio e estearilfumarato de sódio. ## **INFORMAÇÕES AO PACIENTE** Leia com atenção as informações a seguir. Se tiver dúvidas, informe seu médico. **1."
chunk_1f2c88d1dcdf,leaf_582f152be8a1,sec_98ccb636ef21,rivotril,indication,patient_leaflet,0,0,1100,1100,PARA QUE ESTE MEDICAMENTO É INDICADO?,PARA QUE ESTE MEDICAMENTO É INDICADO? > **Adulto**  > **Transtornos do humor**  > **Síndromes psicóticas** ,"PARA QUE ESTE MEDICAMENTO É INDICADO? Adulto e pediátrico Distúrbio epiléptico** **Rivotril[® ]** é indicado para tratar crises epilépticas e espasmos infantis (síndrome de West). ## **Adulto** **Rivotril[® ]** também é indicado para: **Transtornos de ansiedade** - Como ansiolítico em geral. - Distúrbio do pânico com ou sem medo de espaços abertos. - Fobia social (medo de situações como falar em público). ## **Transtornos do humor** - Transtorno afetivo bipolar (fases de depressão e mania): tratamento da mania. - Depressão maior: associado a antidepressivos na depressão ansiosa e início do tratamento. ## **Síndromes psicóticas**  Acatisia (inquietação extrema, geralmente provocada por medicamentos psiquiátricos). **Síndrome das pernas inquietas (desconforto ou dor nas pernas que leva à necessidade de movimentá-las, prejudicando o sono).** **Vertigem e distúrbios do equilíbrio:** náuseas, vômitos, desmaios, quedas, zumbidos e distúrbios auditivos. **Síndrome da boca ardente (sensação de queimação na parte interna da boca, sem alterações físicas).** **2."
chunk_decd403656d2,leaf_582f152be8a1,sec_045aef574f59,rivotril,simplified_mechanism,patient_leaflet,0,0,244,244,COMO ESTE MEDICAMENTO FUNCIONA?,COMO ESTE MEDICAMENTO FUNCIONA?,"COMO ESTE MEDICAMENTO FUNCIONA?** Clonazepam pertence à classe dos benzodiazepínicos, medicamentos que causam inibição leve do sistema nervoso, com consequente ação anticonvulsivante, sedativa leve, relaxante muscular e tranquilizante. **3."
chunk_6c577f16cf9f,leaf_582f152be8a1,sec_abf3caa6f886,rivotril,contraindication,patient_leaflet,0,0,1536,1536,QUANDO NÃO DEVO USAR ESTE MEDICAMENTO?,QUANDO NÃO DEVO USAR ESTE MEDICAMENTO? > **4. O QUE DEVO SABER ANTES DE USAR ESTE   MEDICAMENTO?** ,"QUANDO NÃO DEVO USAR ESTE MEDICAMENTO?** **Rivotril[® ]** é contraindicado a pacientes com hipersensibilidade conhecida a clonazepam ou a qualquer dos excipientes do medicamento e a pacientes com insuficiência respiratória grave ou comprometimento do fígado grave, pois os benzodiazepínicos podem levar à ocorrência de comprometimento do sistema nervoso secundário ao problema no fígado. **Rivotril[® ]** comprimidos e **Rivotril[® ]** gotas são contraindicados para o tratamento de transtornos do pânico em pacientes com histórico médico de apneia do sono. **Rivotril[® ]** é contraindicado a pacientes com glaucoma agudo de ângulo fechado. **Rivotril[® ]** pode ser usado por pacientes com glaucoma de ângulo aberto, desde que estejam recebendo terapia apropriada. 1 **==> picture [109 x 35] intentionally omitted <==** ## **4. O QUE DEVO SABER ANTES DE USAR ESTE MEDICAMENTO?** Antes de tomar **Rivotril**[®] , informe seu médico se você tem ou teve: - 1) outros problemas de saúde: doenças nos rins ou no fígado (por exemplo: cirrose hepática), distúrbio neuromuscular ou respiratório, porfiria (doença em que ocorre deficiência de enzimas específicas na via da biossíntese do heme); - 2) sinais ou sintomas de depressão e/ou tentativa de suicídio; - 3) intolerância à galactose (açúcar) ou deficiência de lactase (enzima que quebra a lactose); - 4) ataxia cerebelar ou espinhal (descoordenação dos movimentos por problema do cerebelo ou medula); - 5) uso regular ou intoxicação aguda por álcool ou drogas."
chunk_90dfe3d49fe4,leaf_582f152be8a1,sec_abf3caa6f886,rivotril,contraindication,patient_leaflet,1,1239,2389,1150,QUANDO NÃO DEVO USAR ESTE MEDICAMENTO?,QUANDO NÃO DEVO USAR ESTE MEDICAMENTO? > **Abuso e dependência do medicamento**,"essão e/ou tentativa de suicídio; - 3) intolerância à galactose (açúcar) ou deficiência de lactase (enzima que quebra a lactose); - 4) ataxia cerebelar ou espinhal (descoordenação dos movimentos por problema do cerebelo ou medula); - 5) uso regular ou intoxicação aguda por álcool ou drogas. Pode ocorrer perda de efeito durante o tratamento com clonazepam. Não tome **Rivotril[® ]** com álcool e/ou depressores do sistema nervoso central. Essa combinação pode aumentar os efeitos de **Rivotril[®]** , com potencial sedação grave que pode resultar em coma ou morte, depressão cardiovascular e/ou respiratória. Caso ocorram reações paradoxais ** durante o tratamento, fale com seu médico, pois o uso do medicamento deve ser descontinuado. Pode ocorrer amnésia anterógrada (perda da habilidade de criar novas memórias e absorver novas informações), com o uso de benzodiazepínicos em doses terapêuticas. **Rivotril[® ]** pode precipitar o estado de mal epiléptico (crises epilépticas em sequência rápida). Fale com o seu médico antes de aumentar a dose ou interromper abruptamente esta medicação. ## **Abuso e dependência do medicamento**"
chunk_8437acb2fe62,leaf_582f152be8a1,sec_abf3caa6f886,rivotril,contraindication,patient_leaflet,2,2092,3627,1535,QUANDO NÃO DEVO USAR ESTE MEDICAMENTO?,QUANDO NÃO DEVO USAR ESTE MEDICAMENTO? > **Abuso e dependência do medicamento** ,"s), com o uso de benzodiazepínicos em doses terapêuticas. **Rivotril[® ]** pode precipitar o estado de mal epiléptico (crises epilépticas em sequência rápida). Fale com o seu médico antes de aumentar a dose ou interromper abruptamente esta medicação. ## **Abuso e dependência do medicamento** O uso de benzodiazepínicos pode levar ao desenvolvimento de dependência física e psicológica. O risco de dependência aumenta com a dose, tratamentos prolongados e em pacientes com história de abuso de álcool ou drogas. Em caso de dependência, especialmente com uso de doses elevadas, a descontinuação brusca do tratamento será acompanhada por sintomas de abstinência: psicoses, distúrbio comportamental, tremor, sudorese, agitação, distúrbios do sono e ansiedade, dor de cabeça, diarreia, dores musculares, câimbras, ansiedade extrema, tensão, cansaço, inquietação, alteração de humor, confusão, irritabilidade e convulsões epiléticas que podem ser associadas à doença de base. Em casos graves, desrealização (sentimento de estranhamento ou distanciamento em relação ao ambiente), despersonalização (processo psíquico, em que se tem a impressão de que se é estranho a si mesmo), hipersensibilidade ao som, à luz, a ruídos e ao contato físico sensações anormais formigamentos, alucinações. O risco dos sintomas de abstinência é maior após descontinuação súbita do tratamento, portanto a retirada brusca do medicamento deve ser evitada. O tratamento (mesmo de curta duração) deve ser interrompido pela redução gradativa da dose diária."
chunk_8cc0cdf740f7,leaf_582f152be8a1,sec_abf3caa6f886,rivotril,contraindication,patient_leaflet,3,3330,4911,1581,QUANDO NÃO DEVO USAR ESTE MEDICAMENTO?,QUANDO NÃO DEVO USAR ESTE MEDICAMENTO? > **Efeitos sobre a capacidade de dirigir e operar  máquinas**  > **Gravidez e amamentação**  > **Este medicamento não deve ser utilizado por mulheres grávidas sem orientação médica ou do cirurgiãodentista.** ,"ísico sensações anormais formigamentos, alucinações. O risco dos sintomas de abstinência é maior após descontinuação súbita do tratamento, portanto a retirada brusca do medicamento deve ser evitada. O tratamento (mesmo de curta duração) deve ser interrompido pela redução gradativa da dose diária. ## **Efeitos sobre a capacidade de dirigir e operar máquinas** Clonazepam pode lentificar as reações, efeito agravado com o uso de álcool. **Durante o tratamento, o paciente não deve dirigir veículos ou operar máquinas, pois sua habilidade e atenção podem estar prejudicadas.** Até o momento, não há informações de que **Rivotril[® ]** cause _doping_ . Em caso de dúvidas, consulte o seu médico. ## **Gravidez e amamentação** ## **Este medicamento não deve ser utilizado por mulheres grávidas sem orientação médica ou do cirurgiãodentista.** **Rivotril[® ]** só deve ser administrado a gestantes se houver indicação absoluta e os benefícios potenciais superarem os riscos para o feto. **Rivotril[® ]** pode prejudicar seu bebê. Informe seu médico se estiver grávida ou se está tentando engravidar. O uso de altas doses no último trimestre da gestação ou no trabalho de parto pode causar irregularidades no batimento cardíaco do feto e baixa temperatura corpórea, falta de tônus muscular, depressão respiratória e dificuldade de sucção no bebê. Tanto a gestação quanto a suspensão de **Rivotril[® ]** podem exacerbar a epilepsia. Informe seu médico se estiver amamentando. Se você realmente precisar tomar **Rivotril[®]** , a amamentação deve ser descontinuada. 2"
chunk_3e429871e6b5,leaf_582f152be8a1,sec_abf3caa6f886,rivotril,contraindication,patient_leaflet,4,4614,6170,1556,QUANDO NÃO DEVO USAR ESTE MEDICAMENTO?,QUANDO NÃO DEVO USAR ESTE MEDICAMENTO? > **Uso em crianças**  > **Uso em idosos**  > **Principais interações medicamentosas**  > **Interações fármaco-alimento**  > **Interações fármaco-laboratório**,"e tônus muscular, depressão respiratória e dificuldade de sucção no bebê. Tanto a gestação quanto a suspensão de **Rivotril[® ]** podem exacerbar a epilepsia. Informe seu médico se estiver amamentando. Se você realmente precisar tomar **Rivotril[®]** , a amamentação deve ser descontinuada. 2 **==> picture [109 x 35] intentionally omitted <==** ## **Uso em crianças** Avaliar o risco / benefício do uso de **Rivotril[® ]** a longo prazo em pacientes pediátricos com distúrbios epilépticos. **Rivotril[® ]** pode aumentar a salivação e as secreções brônquicas em lactentes e crianças pequenas. Atenção: manter as vias aéreas livres. Não há dados sobre eficácia / segurança de **Rivotril[® ]** em menores de 18 anos com distúrbio do pânico. ## **Uso em idosos** Os efeitos dos benzodiazepínicos parecem ser maiores em pacientes idosos do que em pacientes mais jovens, mesmo em concentrações plasmáticas similares. ## **Principais interações medicamentosas** Informe seu médico, se estiver tomando outros medicamentos, incluindo as substâncias a seguir, pois elas podem interagir com **Rivotril[®]** . – Depressores do sistema nervoso central e álcool; – Medicamentos que agem no sistema nervoso: antidepressivos, medicamentos para dormir, alguns analgésicos, antipsicóticos, ansiolíticos, anticonvulsivantes. – Medicamentos para o estômago. ## **Interações fármaco-alimento** Interações com alimentos não foram estabelecidas. O suco de toranja pode aumentar o efeito de **Rivotril**[®] . ## **Interações fármaco-laboratório**"
chunk_39858a900960,leaf_582f152be8a1,sec_abf3caa6f886,rivotril,contraindication,patient_leaflet,5,5873,7350,1477,QUANDO NÃO DEVO USAR ESTE MEDICAMENTO?,"QUANDO NÃO DEVO USAR ESTE MEDICAMENTO? > **Interações fármaco-alimento**  > **Interações fármaco-laboratório**  > **5. ONDE, COMO E POR QUANTO TEMPO POSSO GUARDAR ESTE   MEDICAMENTO?**  > **Aspecto físico**  > **Características organolépticas**  > **Todo medicamento deve ser mantido fora do alcance das crianças.**  > **6.","r, alguns analgésicos, antipsicóticos, ansiolíticos, anticonvulsivantes. – Medicamentos para o estômago. ## **Interações fármaco-alimento** Interações com alimentos não foram estabelecidas. O suco de toranja pode aumentar o efeito de **Rivotril**[®] . ## **Interações fármaco-laboratório** Interações com testes laboratoriais não foram estabelecidas. **Informe ao seu médico ou cirurgião-dentista se você está fazendo uso de algum outro medicamento. Não use medicamento sem o conhecimento do seu médico. Pode ser perigoso para a sua saúde.** ## **5. ONDE, COMO E POR QUANTO TEMPO POSSO GUARDAR ESTE MEDICAMENTO?** **Rivotril[® ]** comprimidos sublinguais de 0,25 mg devem ser armazenados em temperatura ambiente (entre 15 e 30ºC). **Número de lote e datas de fabricação e validade: vide embalagem. Não use medicamento com o prazo de validade vencido. Guarde-o em sua embalagem original.** ## **Aspecto físico** Os comprimidos sublinguais de 0,25 mg de **Rivotril[® ]** apresentam formato cilíndrico de cor branca. ## **Características organolépticas** **Rivotril[® ]** comprimidos sublinguais não apresentam características marcantes que o diferenciem de outros comprimidos. **Antes de usar, observe o aspecto do medicamento. Caso ele esteja no prazo de validade e você observe alguma mudança no aspecto, consulte o farmacêutico para saber se poderá utilizá-lo.** ## **Todo medicamento deve ser mantido fora do alcance das crianças.** ## **6."
chunk_a942103ead0f,leaf_582f152be8a1,sec_ccfcb1197b73,rivotril,dosage,patient_leaflet,0,0,1590,1590,COMO DEVO USAR ESTE MEDICAMENTO?,COMO DEVO USAR ESTE MEDICAMENTO? > **Distúrbios epilépticos**  > **Transtornos de ansiedade** ,"COMO DEVO USAR ESTE MEDICAMENTO?** Colocar o comprimido sublingual debaixo da língua para ser dissolvido na saliva e absorvido por pelo menos, 3 minutos, sem ser deglutido. **Este medicamento não deve ser partido ou mastigado.** A dose de **Rivotril[® ]** depende da doença resposta clínica, idade e tolerabilidade. Recomenda-se, que o tratamento inicie com doses mais baixas, que podem ser aumentadas se necessário. Siga a orientação médica. 3 **==> picture [109 x 35] intentionally omitted <==** ## **Distúrbios epilépticos** Adultos Dose inicial: não exceder 1,5 mg/dia, dividida em 3 doses. Aumentar a critério médico. Dose de manutenção: será definida pelo seu médico, de acordo com sua resposta. Dose diária máxima recomendada: 20 mg. Se você já usa outro anticonvulsivante, avise seu médico. Crianças entre 10 e 16 anos de idade: Dose inicial: 1 a 1,5 mg/dia, dividido em 2 a 3 doses. A dose pode ser aumentada, a critério médico, até atingir a dose de manutenção individual, usualmente de 3 a 6 mg/dia. Sempre que possível, dividir a dose diária em 3 doses iguais. Caso não seja possível, a maior dose deve ser tomada antes de deitar. ## **Transtornos de ansiedade** - **Distúrbio do pânico:** Adultos: – Dose inicial: 0,5 mg/dia, dividida em duas doses. Pode-se aumentar a dose, a critério médico. - Dose de manutenção: a critério médico, de acordo com sua resposta. A dose tomada, ao deitar, reduz a inconveniência da sonolência e pode ser desejável no início do tratamento. A retirada deve ser gradual, até que o medicamento seja totalmente suspenso."
chunk_78815ccfea71,leaf_582f152be8a1,sec_ccfcb1197b73,rivotril,dosage,patient_leaflet,1,1293,2880,1587,COMO DEVO USAR ESTE MEDICAMENTO?,COMO DEVO USAR ESTE MEDICAMENTO? > **Transtornos do humor**  > **Síndromes psicóticas** ,"ode-se aumentar a dose, a critério médico. - Dose de manutenção: a critério médico, de acordo com sua resposta. A dose tomada, ao deitar, reduz a inconveniência da sonolência e pode ser desejável no início do tratamento. A retirada deve ser gradual, até que o medicamento seja totalmente suspenso. - **Nas crises agudas de pânico** : 1 comprimido de **Rivotril[® ]** sublingual. - **Como ansiolítico em geral** : 0,25 mg a 4,0 mg/dia. Dose recomendada: 0,5 a 1,5 mg/dia (dividida em 3x/dia). - **Fobia social:** 0,25 mg/dia até 6,0 mg/dia (2,0 mg, 3x/dia). Dose recomendada: 1,0 a 2,5 mg/dia. ## **Transtornos do humor** - **Transtorno afetivo bipolar** (tratamento da mania): 1,5 mg a 8 mg/dia. Dose recomendada: 2,0 a 4,0 mg/dia. - **Depressão maior** (associado a antidepressivos): 0,5 a 6,0 mg/dia. Dose recomendada: 2,0 a 4,0 mg/dia. ## **Síndromes psicóticas** - **Acatisia** : 0,5 mg a 4,5 mg/dia. Dose recomendada: 0,5 e 3,0 mg/dia. **Síndrome das pernas inquietas:** 0,5 mg a 2,0 mg/dia. **Vertigem e distúrbios do equilíbrio** : 0,5 mg a 1,0 mg/dia (2x/dia). Doses diárias superiores a 1,0 mg não são recomendáveis. **Síndrome da boca ardente:** 0,25 a 6,0 mg/dia. Dose recomendada: 1,0 a 2,0 mg/dia. **Uso em idosos:** a dose mais baixa possível deve ser utilizada em idosos. Deve-se ter especial cuidado durante as alterações na dose. **Comprometimento do fígado:** pacientes com comprometimento do fígado grave não devem ser tratados com clonazepam e pacientes com comprometimento hepático leve a moderado devem receber a dose mais baixa possível."
chunk_063f6288233c,leaf_582f152be8a1,sec_ccfcb1197b73,rivotril,dosage,patient_leaflet,2,2584,3840,1256,COMO DEVO USAR ESTE MEDICAMENTO?,"COMO DEVO USAR ESTE MEDICAMENTO? > **Instruções especiais de administração**  > **Em caso de dúvidas, procure orientação do farmacêutico, do seu médico ou   cirurgião-dentista.**  > **8. QUAIS OS MALES QUE ESTE MEDICAMENTO PODE ME   CAUSAR?**","utilizada em idosos. Deve-se ter especial cuidado durante as alterações na dose. **Comprometimento do fígado:** pacientes com comprometimento do fígado grave não devem ser tratados com clonazepam e pacientes com comprometimento hepático leve a moderado devem receber a dose mais baixa possível. ## **Instruções especiais de administração** **Rivotril[® ]** pode ser usado com outros antiepilépticos. Nesse caso, seu médico ajustará a dose de cada medicamento para atingir o efeito ideal. Não pare de tomar **Rivotril[® ]** subitamente, você pode ter novas crises epilépticas. Somente seu médico poderá orientar a interrupção do tratamento reduzindo gradualmente a dose utilizada. **Siga a orientação de seu médico, respeitando sempre os horários, as doses e a duração do tratamento. Não interrompa o tratamento sem o conhecimento do seu médico.** **7. O QUE DEVO FAZER QUANDO EU ME ESQUECER DE USAR ESTE MEDICAMENTO?** Nunca dobre a dose na próxima tomada. Apenas continue com a próxima dose no tempo determinado. 4 **==> picture [109 x 35] intentionally omitted <==** ## **Em caso de dúvidas, procure orientação do farmacêutico, do seu médico ou cirurgião-dentista.** ## **8. QUAIS OS MALES QUE ESTE MEDICAMENTO PODE ME CAUSAR?**"
chunk_a2180c9f13ba,leaf_582f152be8a1,sec_ccfcb1197b73,rivotril,dosage,patient_leaflet,3,3543,4549,1006,COMO DEVO USAR ESTE MEDICAMENTO?,"COMO DEVO USAR ESTE MEDICAMENTO? > **Em caso de dúvidas, procure orientação do farmacêutico, do seu médico ou   cirurgião-dentista.**  > **8. QUAIS OS MALES QUE ESTE MEDICAMENTO PODE ME   CAUSAR?**  > **Pós-comercialização:** ","ima tomada. Apenas continue com a próxima dose no tempo determinado. 4 **==> picture [109 x 35] intentionally omitted <==** ## **Em caso de dúvidas, procure orientação do farmacêutico, do seu médico ou cirurgião-dentista.** ## **8. QUAIS OS MALES QUE ESTE MEDICAMENTO PODE ME CAUSAR?** Algumas reações são transitórias e desaparecem espontaneamente no decorrer do tratamento ou com redução da dose. As reações que ocorreram em ≥ 5% dos pacientes em estudos clínicos foram: sonolência, dor de cabeça, infecção das vias aéreas superiores, cansaço, gripe, depressão, vertigem, irritabilidade, insônia, perda da coordenação de movimentos e da marcha, perda do equilíbrio, náusea, sensação de cabeça leve, sinusite e concentração prejudicada. ## **Pós-comercialização:** **Distúrbios do sistema imunológico** : reações alérgicas e muito poucos casos de anafilaxia (reação alérgica grave). **Distúrbios endócrinos** : casos isolados, reversíveis, de puberdade precoce incompleta em crianças."
chunk_31389e77cc89,leaf_582f152be8a1,sec_ccfcb1197b73,rivotril,dosage,patient_leaflet,4,4252,5239,987,COMO DEVO USAR ESTE MEDICAMENTO?,COMO DEVO USAR ESTE MEDICAMENTO? > **Pós-comercialização:** ,"leve, sinusite e concentração prejudicada. ## **Pós-comercialização:** **Distúrbios do sistema imunológico** : reações alérgicas e muito poucos casos de anafilaxia (reação alérgica grave). **Distúrbios endócrinos** : casos isolados, reversíveis, de puberdade precoce incompleta em crianças. **Distúrbios psiquiátricos** : amnésia, alucinações, histeria, psicose, tentativa de suicídio, despersonalização, distúrbio de memória, desinibição orgânica, ideias suicidas, lamentações, distúrbios emocionais e de humor, estado confusional e desorientação. Depressão pode estar associada à doença de base. Reações paradoxais: inquietação, agitação, irritabilidade, agressividade, nervosismo, hostilidade, ansiedade, distúrbios do sono, delírio, raiva, pesadelos, sonhos anormais, alucinações, psicose, hiperatividade, comportamento inapropriado e outros efeitos comportamentais. Alterações da libido (casos raros). Dependência e retirada, vide item “Abuso e dependência do medicamento”."
chunk_f69004fcc440,leaf_582f152be8a1,sec_ccfcb1197b73,rivotril,dosage,patient_leaflet,5,4942,6446,1504,COMO DEVO USAR ESTE MEDICAMENTO?,COMO DEVO USAR ESTE MEDICAMENTO?,"o, hostilidade, ansiedade, distúrbios do sono, delírio, raiva, pesadelos, sonhos anormais, alucinações, psicose, hiperatividade, comportamento inapropriado e outros efeitos comportamentais. Alterações da libido (casos raros). Dependência e retirada, vide item “Abuso e dependência do medicamento”. **Distúrbios do sistema nervoso** : diminuição da concentração, sonolência, lentificação, hipotonia muscular, tonturas, ataxia são frequentes e geralmente transitórias. Dor de cabeça (raro). Distúrbios reversíveis: dificuldade para articular a fala, incoordenação de movimentos e da marcha, movimento anormal dos olhos. Pode haver esquecimento de fatos recentes, associado a alteração de comportamento. Pode haver aumento das crises convulsivas em determinadas formas de epilepsia. Perda da voz, movimento grosseiros e descoordenados de braços e pernas, coma, tremor, perda de força de um lado do corpo, sensação de cabeça leve, falta de energia e formigamento e alteração da sensibilidade nas extremidades. **Distúrbios oculares** : visão dupla reversível, aparência de “olho vítreo”. **Distúrbios cardiovasculares** : palpitações, dor torácica, insuficiência cardíaca (incluindo parada cardíaca). **Distúrbios respiratórios** : congestão pulmonar, congestão nasal, hipersecreção, tosse, falta de ar, bronquite, rinite, faringite. Pode ocorrer depressão respiratória. **Rivotril[® ]** pode aumentar a produção de saliva ou de secreção brônquica (secreção nas vias aéreas) em lactentes e crianças."
chunk_2a67f594b235,leaf_582f152be8a1,sec_ccfcb1197b73,rivotril,dosage,patient_leaflet,6,6149,7636,1487,COMO DEVO USAR ESTE MEDICAMENTO?,COMO DEVO USAR ESTE MEDICAMENTO?,"*Distúrbios respiratórios** : congestão pulmonar, congestão nasal, hipersecreção, tosse, falta de ar, bronquite, rinite, faringite. Pode ocorrer depressão respiratória. **Rivotril[® ]** pode aumentar a produção de saliva ou de secreção brônquica (secreção nas vias aéreas) em lactentes e crianças. **Distúrbios gastrintestinais** : perda do apetite, língua saburrosa, constipação, diarreia, boca seca, incontinência fecal (perda do controle da evacuação), gastrite, aumento do fígado, apetite aumentado, gengivas doloridas, dor abdominal, inflamação gastrintestinal, dor de dente. Náuseas e sintomas epigástricos (raro) (sintomas na região do estômago). **Distúrbios da pele / tecido subcutâneo** : urticária (placas avermelhadas na pele que coçam bastante), coceira, erupção cutânea, perda de cabelo transitória, crescimento anormal de pelos, inchaço na face e tornozelo e alterações da pigmentação (raro). **Distúrbios musculoesqueléticos / tecido conectivo** : fraqueza muscular, frequente e geralmente transitória. Dor muscular, dor nas costas, fratura traumática, dor na nuca, deslocamentos e tensões. **Distúrbios renais e urinários** : dificuldade para urinar, perda urinária durante o sono, noctúria (levantar à noite para urinar), retenção urinária, infecção do trato urinário. Incontinência (raro). 5 **==> picture [109 x 35] intentionally omitted <==** **Distúrbios do sistema reprodutivo** : cólicas menstruais, diminuição de interesse sexual, impotência (raro)."
chunk_ec62bef15b0b,leaf_582f152be8a1,sec_ccfcb1197b73,rivotril,dosage,patient_leaflet,7,7339,8441,1102,COMO DEVO USAR ESTE MEDICAMENTO?,"COMO DEVO USAR ESTE MEDICAMENTO? > **Distúrbios do ouvido** : otite, vertigem.  > **9.","durante o sono, noctúria (levantar à noite para urinar), retenção urinária, infecção do trato urinário. Incontinência (raro). 5 **==> picture [109 x 35] intentionally omitted <==** **Distúrbios do sistema reprodutivo** : cólicas menstruais, diminuição de interesse sexual, impotência (raro). **Distúrbios gerais** : fadiga, frequente e geralmente transitória. Reações paradoxais: vide “Distúrbios psiquiátricos”. **Lesões e envenenamento** : quedas e fraturas. Risco maior em pessoas que usam outros sedativos (incluindo bebidas alcoólicas) e em idosos. **Exames complementares** : diminuição do número de plaquetas (raro). Diminuição dos glóbulos brancos e anemia, alterações dos exames da função do fígado. ## **Distúrbios do ouvido** : otite, vertigem. **Diversas** : desidratação, deterioração geral, febre, aumento dos gânglios linfáticos, ganho ou perda de peso, infecção viral. **Informe ao seu médico, cirurgião-dentista ou farmacêutico o aparecimento de reações indesejáveis pelo uso do medicamento. Informe também à empresa através do seu serviço de atendimento.** ## **9."
chunk_722e202084fd,leaf_582f152be8a1,sec_f2150da2dfcd,rivotril,overdose,patient_leaflet,0,0,1523,1523,O QUE FAZER SE ALGUÉM USAR UMA QUANTIDADE MAIOR DO QUE A INDICADA DESTE MEDICAMENTO?,O QUE FAZER SE ALGUÉM USAR UMA QUANTIDADE MAIOR DO QUE A INDICADA DESTE MEDICAMENTO?,"O QUE FAZER SE ALGUÉM USAR UMA QUANTIDADE MAIOR DO QUE A INDICADA DESTE MEDICAMENTO? Sintomas** Os benzodiazepínicos geralmente causam sonolência, ataxia (perda da coordenação dos movimentos), disartria, nistagmo, confusão mental, excitação e lentidão de movimento. A superdose de **Rivotril[® ]** está raramente associada com risco de morte, caso o medicamento tenha sido tomado isoladamente, mas pode levar à arreflexia (ausência de reflexos), apneia, hipotensão arterial, depressão cardiorrespiratória e coma. Se ocorrer coma, normalmente tem duração de poucas horas; porém, pode ser prolongado e cíclico, particularmente em idosos. A depressão respiratória por benzodiazepínicos é mais séria em pacientes com doença respiratória. Os benzodiazepínicos aumentam os efeitos de outros depressores do sistema nervoso central, incluindo o álcool. **Conduta** Monitorar os sinais vitais e instituir medidas de suporte a critério médico. **Advertência** Flumazenil não é indicado a pacientes com epilepsia que foram tratados com benzodiazepínicos. **Em caso de uso de grande quantidade deste medicamento, procure rapidamente socorro médico e leve a embalagem ou bula do medicamento, se possível. Ligue para 0800 722 6001, se você precisar de mais orientações.** MS-1.1524.0011 Farmacêutico Responsável: Dr. Adriano Costa Leite – CRF-SP n° 38.716 Registrado por: Blanver Farmoquímica e Farmacêutica S.A. Rua Francisco Tramontano, 101 -Sala 507 Real Parque – CEP 05686-010 – São Paulo – SP CNPJ 53.359.824/0001-19"
chunk_0263cb068db1,leaf_582f152be8a1,sec_f2150da2dfcd,rivotril,overdose,patient_leaflet,1,1226,2402,1176,O QUE FAZER SE ALGUÉM USAR UMA QUANTIDADE MAIOR DO QUE A INDICADA DESTE MEDICAMENTO?,O QUE FAZER SE ALGUÉM USAR UMA QUANTIDADE MAIOR DO QUE A INDICADA DESTE MEDICAMENTO? > **,", se você precisar de mais orientações.** MS-1.1524.0011 Farmacêutico Responsável: Dr. Adriano Costa Leite – CRF-SP n° 38.716 Registrado por: Blanver Farmoquímica e Farmacêutica S.A. Rua Francisco Tramontano, 101 -Sala 507 Real Parque – CEP 05686-010 – São Paulo – SP CNPJ 53.359.824/0001-19 Fabricado e Embalado por: Produtos Roche Químicos e Farmacêuticos S.A. Est. dos Bandeirantes, 2020 CEP 22775-109 – Rio de Janeiro – RJ Comercializado por: Biopas Brasil Produtos Farmacêuticos Ltda Estrada da Lagoinha, 501 - Bloco 3 - Lagoa CEP: 06730-000 - Vargem Grande Paulista – SP Indústria Brasileira **Serviço Atendimento ao Consumidor – 0800 591 9210** 6 **==> picture [109 x 35] intentionally omitted <==** **VENDA SOB PRESCRIÇÃO MÉDICA. O ABUSO DESTE MEDICAMENTO PODE CAUSAR DEPENDÊNCIA.** **Esta bula foi aprovada pela ANVISA em 03/03/2022.** Bula_VP_Rivotril_V.01 **==> picture [38 x 37] intentionally omitted <==** 7 **==> picture [109 x 35] intentionally omitted <==** **® Rivotril (clonazepam)** **Solução oral de 2,5 mg/mL** **Blanver Farmoquímica e Farmacêutica S.A** 8 **==> picture [109 x 35] intentionally omitted <==** ## **"
chunk_b816c75ebd8a,leaf_2c68e53f153b,sec_e03ffd4821c0,rivotril,identification,patient_leaflet,0,0,730,730,Identificação do medicamento,Identificação do medicamento > **Rivotril[®]**  > **COMPOSIÇÃO**  > **INFORMAÇÕES AO PACIENTE**  > **1.,"IDENTIFICAÇÃO DO MEDICAMENTO** ## **Rivotril[®]** clonazepam **Anticonvulsivante/Ansiolítico** **APRESENTAÇÕES** **Solução oral de 2,5 mg/mL. Frasco com 20 mL.** **VIA ORAL** **USO ADULTO E PEDIÁTRICO** ## **COMPOSIÇÃO** **Solução oral de 2,5 mg/mL (1 gota = 0,1 mg) Princípio ativo:** clonazepam.........................................................................................................................2,5 mg/mL **Excipientes:** sacarina sódica, ácido acético, propilenoglicol, essência de pêssego. Cada 1 mL de **Rivotril[® ]** solução oral equivale a cerca de 25 gotas. ## **INFORMAÇÕES AO PACIENTE** Leia com atenção as informações a seguir. Se tiver dúvidas, informe seu médico. ## **1."
chunk_b5f77dec1fb9,leaf_2c68e53f153b,sec_a467c1052040,rivotril,indication,patient_leaflet,0,0,1103,1103,PARA QUE ESTE MEDICAMENTO É INDICADO?,PARA QUE ESTE MEDICAMENTO É INDICADO? > **Adulto**  > **Transtornos de ansiedade**  > **Transtornos do humor**  > **Síndromes psicóticas** ,"PARA QUE ESTE MEDICAMENTO É INDICADO? Adulto e pediátrico Distúrbio epiléptico** **Rivotril[® ]** é indicado para tratar crises epilépticas e espasmos infantis (síndrome de West). ## **Adulto** **Rivotril[® ]** também é indicado para: ## **Transtornos de ansiedade** - Como ansiolítico em geral. - Distúrbio do pânico com ou sem medo de espaços abertos. - Fobia social (medo de situações como falar em público). ## **Transtornos do humor** - Transtorno afetivo bipolar (fases de depressão e mania): tratamento da mania. - Depressão maior: associado a antidepressivos na depressão ansiosa e início do tratamento. ## **Síndromes psicóticas**  Acatisia (inquietação extrema, geralmente provocada por medicamentos psiquiátricos). **Síndrome das pernas inquietas (desconforto ou dor nas pernas que leva à necessidade de movimentá-las, prejudicando o sono).** **Vertigem distúrbios do equilíbrio:** náuseas, vômitos, desmaios, quedas, zumbidos e distúrbios auditivos. **Síndrome da boca ardente (sensação de queimação na parte interna da boca, sem alterações físicas).** **2."
chunk_d111e9aa94c7,leaf_2c68e53f153b,sec_605ab67d83db,rivotril,simplified_mechanism,patient_leaflet,0,0,378,378,COMO ESTE MEDICAMENTO FUNCIONA?,COMO ESTE MEDICAMENTO FUNCIONA? > **3.,"COMO ESTE MEDICAMENTO FUNCIONA?** Clonazepam pertence à classe dos benzodiazepínicos, medicamentos que causam inibição leve do sistema nervoso, com consequente ação anticonvulsivante, sedativa leve, relaxante muscular e tranquilizante. A ação de **Rivotril[® ]** oral dose única inicia em 30 a 60 minutos e se estende por 6 a 8 h em crianças e 8 a 12 h em adultos. ## **3."
chunk_551b8de262e2,leaf_2c68e53f153b,sec_13e10898653d,rivotril,contraindication,patient_leaflet,0,0,1554,1554,QUANDO NÃO DEVO USAR ESTE MEDICAMENTO?,QUANDO NÃO DEVO USAR ESTE MEDICAMENTO? > **4. O QUE DEVO SABER ANTES DE USAR ESTE   MEDICAMENTO?** ,"QUANDO NÃO DEVO USAR ESTE MEDICAMENTO?** **Rivotril[® ]** é contraindicado a pacientes com hipersensibilidade conhecida a clonazepam ou a qualquer dos excipientes do medicamento e a pacientes com insuficiência respiratória grave ou comprometimento hepático grave, pois os benzodiazepínicos podem levar à ocorrência de encefalopatia hepática. 1 **==> picture [109 x 35] intentionally omitted <==** **Rivotril[® ]** comprimidos e **Rivotril[® ]** gotas são contraindicados para o tratamento de transtornos do pânico em pacientes com histórico médico de apneia do sono. **Rivotril[® ]** é contraindicado a pacientes com glaucoma agudo de ângulo fechado. **Rivotril[® ]** pode ser usado por pacientes com glaucoma de ângulo aberto, desde que estejam recebendo terapia apropriada. ## **4. O QUE DEVO SABER ANTES DE USAR ESTE MEDICAMENTO?** Antes de tomar **Rivotril**[®] , informe seu médico se você tem ou teve: - 1) outros problemas de saúde: doenças nos rins ou fígado (por exemplo: cirrose hepática), distúrbio neuromuscular ou respiratório, porfiria (doença em que ocorre deficiência de enzimas específicas na via da biossíntese do heme). - 2) sinais ou sintomas de depressão e/ou tentativa de suicídio; - 3) intolerância à galactose (açúcar) ou deficiência de lactase (enzima que quebra a lactose); - 4) ataxia cerebelar ou espinhal (descoordenação dos movimentos por problema do cerebelo ou medula); - 5) uso regular ou intoxicação aguda por álcool ou drogas. Pode ocorrer perda de efeito durante o tratamento com clonazepam."
chunk_6e26dd92198c,leaf_2c68e53f153b,sec_13e10898653d,rivotril,contraindication,patient_leaflet,1,1257,2338,1081,QUANDO NÃO DEVO USAR ESTE MEDICAMENTO?,QUANDO NÃO DEVO USAR ESTE MEDICAMENTO? > **Abuso e dependência do medicamento**,"çúcar) ou deficiência de lactase (enzima que quebra a lactose); - 4) ataxia cerebelar ou espinhal (descoordenação dos movimentos por problema do cerebelo ou medula); - 5) uso regular ou intoxicação aguda por álcool ou drogas. Pode ocorrer perda de efeito durante o tratamento com clonazepam. Não tome **Rivotril[® ]** com álcool e/ou depressores do sistema nervoso central. Essa combinação pode aumentar os efeitos de **Rivotril[®]** , com potencial sedação grave que pode resultar em coma ou morte, depressão cardiovascular e/ou respiratória. Caso ocorram reações paradoxais durante o tratamento, fale com seu médico, pois o uso do medicamento deve ser descontinuado. Pode ocorrer amnésia anterógrada (perda da habilidade de criar novas memórias e absorver novas informações), com o uso de benzodiazepínicos em doses terapêuticas. **Rivotril[® ]** pode precipitar o estado de mal epiléptico (crises epilépticas em sequência rápida). Fale com seu médico antes de aumentar a dose ou interromper abruptamente esta medicação. ## **Abuso e dependência do medicamento**"
chunk_aec91486cda3,leaf_2c68e53f153b,sec_13e10898653d,rivotril,contraindication,patient_leaflet,2,2041,3639,1598,QUANDO NÃO DEVO USAR ESTE MEDICAMENTO?,QUANDO NÃO DEVO USAR ESTE MEDICAMENTO? > **Abuso e dependência do medicamento**  > **Efeitos sobre a capacidade de dirigir e operar  máquinas**,"ções), com o uso de benzodiazepínicos em doses terapêuticas. **Rivotril[® ]** pode precipitar o estado de mal epiléptico (crises epilépticas em sequência rápida). Fale com seu médico antes de aumentar a dose ou interromper abruptamente esta medicação. ## **Abuso e dependência do medicamento** O uso de benzodiazepínicos pode levar ao desenvolvimento de dependência física e psicológica. O risco de dependência aumenta com a dose, tratamentos prolongados e em pacientes com história de abuso de álcool ou drogas. Em caso de dependência, especialmente com doses elevadas, a descontinuação brusca do tratamento será acompanhada por sintomas de abstinência: psicoses, distúrbio de comportamento, tremor, sudorese, agitação, distúrbios do sono e ansiedade, dor de cabeça, diarreia, dores musculares, câimbras, ansiedade extrema, tensão, cansaço, inquietação, alteração de humor, confusão, irritabilidade e convulsões epiléticas que podem ser associadas à doença de base. Em casos graves, desrealização (sentimentos de estranhamento ou distanciamento em relação ao ambiente), despersonalização (processo psíquico, em que se tem a impressão de que se é estranho a si mesmo), hipersensibilidade ao som, à luz, a ruídos e ao contato físico, sensações anormais, formigamentos, alucinações. O risco dos sintomas de abstinência é maior após descontinuação súbita do tratamento, portanto a retirada brusca do medicamento deve ser evitada. O tratamento (mesmo de curta duração) deve ser interrompido pela redução gradativa da dose diária. ## **Efeitos sobre a capacidade de dirigir e operar máquinas**"
chunk_62242d5d5166,leaf_2c68e53f153b,sec_13e10898653d,rivotril,contraindication,patient_leaflet,3,3341,4919,1578,QUANDO NÃO DEVO USAR ESTE MEDICAMENTO?,"QUANDO NÃO DEVO USAR ESTE MEDICAMENTO? > **Efeitos sobre a capacidade de dirigir e operar  máquinas**  > **Durante o tratamento, o paciente não deve dirigir veículos ou operar máquinas, pois sua habilidade e atenção podem estar prejudicadas.**  > **Gravidez e amamentação**  > **Este medicamento não deve ser utilizado por mulheres grávidas sem orientação médica ou do cirurgiãodentista.** ","sintomas de abstinência é maior após descontinuação súbita do tratamento, portanto a retirada brusca do medicamento deve ser evitada. O tratamento (mesmo de curta duração) deve ser interrompido pela redução gradativa da dose diária. ## **Efeitos sobre a capacidade de dirigir e operar máquinas** Clonazepam pode lentificar as reações, efeito agravado com o uso de álcool. ## **Durante o tratamento, o paciente não deve dirigir veículos ou operar máquinas, pois sua habilidade e atenção podem estar prejudicadas.** Até o momento, não há informações de que **Rivotril[® ]** cause _doping_ . Em caso de dúvidas, consulte o seu médico. ## **Gravidez e amamentação** ## **Este medicamento não deve ser utilizado por mulheres grávidas sem orientação médica ou do cirurgiãodentista.** **Rivotril[® ]** só deve ser administrado a gestantes se houver indicação absoluta e se os benefícios potenciais superarem os riscos para o feto. **Rivotril[® ]** pode prejudicar seu bebê. Informe seu médico se estiver grávida ou se está tentando engravidar. O uso de altas doses no último trimestre da gestação ou no trabalho de parto pode causar irregularidades no batimento cardíaco do feto e baixa temperatura corpórea, falta de tônus muscular, 2 **==> picture [109 x 35] intentionally omitted <==** depressão respiratória e dificuldade de sucção no bebê. Tanto a gestação quanto a suspensão de **Rivotril[® ]** podem exacerbar a epilepsia. Informe seu médico se estiver amamentando. Se você realmente precisar tomar **Rivotril[®]** , a amamentação deve ser descontinuada."
chunk_2ff643ba29cb,leaf_2c68e53f153b,sec_13e10898653d,rivotril,contraindication,patient_leaflet,4,4622,6194,1572,QUANDO NÃO DEVO USAR ESTE MEDICAMENTO?,QUANDO NÃO DEVO USAR ESTE MEDICAMENTO? > **Uso em crianças**  > **Principais interações medicamentosas**  > **Interações fármaco-alimento**  > **Interações fármaco-laboratório** ,"ionally omitted <==** depressão respiratória e dificuldade de sucção no bebê. Tanto a gestação quanto a suspensão de **Rivotril[® ]** podem exacerbar a epilepsia. Informe seu médico se estiver amamentando. Se você realmente precisar tomar **Rivotril[®]** , a amamentação deve ser descontinuada. ## **Uso em crianças** Avaliar o risco / benefício do uso de **Rivotril[® ]** a longo prazo em pacientes pediátricos com distúrbios epilépticos. **Rivotril[® ]** pode aumentar a salivação e as secreções brônquicas em lactentes e crianças pequenas. Atenção: manter as vias aéreas livres. Não há dados de eficácia / segurança de **Rivotril[® ]** em menores de 18 anos com distúrbio do pânico. **Uso em idosos** Os efeitos dos benzodiazepínicos parecem ser maiores em pacientes idosos do que em pacientes mais jovens, mesmo em concentrações plasmáticas similares, ## **Principais interações medicamentosas** Informe seu médico, se estiver tomando outros medicamentos, incluindo as substâncias a seguir, pois elas podem interagir com **Rivotril[®]** . **-** Depressores do sistema nervoso central e álcool; **-** Medicamentos que agem no sistema nervoso: antidepressivos, medicamentos para dormir, alguns analgésicos, antipsicóticos, ansiolíticos, anticonvulsivantes; **-** Medicamentos para o estômago. ## **Interações fármaco-alimento** Interações com alimentos não foram estabelecidas. O suco de toranja pode aumentar o efeito de **Rivotril[®]** . ## **Interações fármaco-laboratório** Interações com testes laboratoriais não foram estabelecidas."
chunk_8a2bf413efb7,leaf_2c68e53f153b,sec_13e10898653d,rivotril,contraindication,patient_leaflet,5,5897,6397,500,QUANDO NÃO DEVO USAR ESTE MEDICAMENTO?,QUANDO NÃO DEVO USAR ESTE MEDICAMENTO? > **Interações fármaco-alimento**  > **Interações fármaco-laboratório**  > **5.,ntes; **-** Medicamentos para o estômago. ## **Interações fármaco-alimento** Interações com alimentos não foram estabelecidas. O suco de toranja pode aumentar o efeito de **Rivotril[®]** . ## **Interações fármaco-laboratório** Interações com testes laboratoriais não foram estabelecidas. **Informe ao seu médico ou cirurgião-dentista se você está fazendo uso de algum outro medicamento. Não use medicamento sem o conhecimento do seu médico. Pode ser perigoso para a sua saúde.** ## **5.
chunk_e51cd06c2139,leaf_2c68e53f153b,sec_33178f08a940,rivotril,storage,patient_leaflet,0,0,873,873,"ONDE, COMO E POR QUANTO TEMPO POSSO GUARDAR ESTE MEDICAMENTO?","ONDE, COMO E POR QUANTO TEMPO POSSO GUARDAR ESTE MEDICAMENTO? > **Aspecto físico**  > **Características organolépticas**  > **6.","ONDE, COMO E POR QUANTO TEMPO POSSO GUARDAR ESTE MEDICAMENTO?** **Rivotri** l **[®]** solução oral deve ser armazenado em temperatura ambiente (entre 15 e 30 ºC) e protegido do calor. **Número de lote e datas de fabricação e validade: vide embalagem. Não use medicamento com o prazo de validade vencido. Guarde-o em sua embalagem original.** ## **Aspecto físico** A solução oral de **Rivotril[® ]** é um líquido límpido a quase límpido, incolor a levemente amarelado ou amarelo esverdeado. ## **Características organolépticas** A solução oral de **Rivotril[® ]** apresenta aroma de pêssego. **Antes de usar, observe o aspecto do medicamento. Caso ele esteja no prazo de validade e você observe alguma mudança no aspecto, consulte o farmacêutico para saber se poderá utilizá-lo.** **Todo medicamento deve ser mantido fora do alcance das crianças.** ## **6."
chunk_140011e11d9c,leaf_2c68e53f153b,sec_ccd9ca5a4b7c,rivotril,dosage,patient_leaflet,0,0,1485,1485,COMO DEVO USAR ESTE MEDICAMENTO?,COMO DEVO USAR ESTE MEDICAMENTO? > **Distúrbios epilépticos**  > Adultos  > **Transtornos de ansiedade**,"COMO DEVO USAR ESTE MEDICAMENTO?** Administrar por via oral. Ver figura abaixo. Dissolver as gotas em um pouco de líquido não alcoólico. Nunca administre as gotas diretamente na boca. A tampa possui lacre inviolável. Caso o lacre esteja rompido, não receba o frasco ou retorne ao local da compra. 3 **==> picture [109 x 35] intentionally omitted <==** **==> picture [140 x 59] intentionally omitted <==** A dose de **Rivotril[® ]** depende da doença, resposta clínica, idade e tolerabilidade. Recomenda-se que o tratamento inicie com doses mais baixas, que podem ser aumentadas se necessário. Siga a orientação médica. ## **Distúrbios epilépticos** ## Adultos Dose inicial: não exceder 1,5 mg/dia, dividida em 3 doses. Aumentar a critério médico. Dose de manutenção: será definida pelo seu médico, de acordo com sua resposta. Dose diária máxima recomendada: 20 mg. Se você já usa outro anticonvulsivante, avise seu médico. Recém-nascidos e crianças até 10 anos de idade ou 30kg de peso: Dose inicial: 0,01 a 0,03mg/kg/dia. Não exceder 0,05 mg/kg/dia, dividido em 2 ou 3 doses diárias. Crianças entre 10 e 16 anos de idade: Dose inicial: 1 a 1,5 mg/dia, dividido em 2 a 3 doses. A dose pode ser aumentada a critério médico, até atingir a dose de manutenção individual, usualmente de 3 a 6 mg/dia. Sempre que possível, dividir a dose diária em 3 doses iguais. Caso não seja possível, a maior dose deve ser tomada antes de deitar. ## **Transtornos de ansiedade**"
chunk_4d9019d9d6fe,leaf_2c68e53f153b,sec_ccd9ca5a4b7c,rivotril,dosage,patient_leaflet,1,1189,2724,1535,COMO DEVO USAR ESTE MEDICAMENTO?,"COMO DEVO USAR ESTE MEDICAMENTO? > **Transtornos de ansiedade**  > **Transtornos do humor**  > **Síndromes psicóticas**  > **Síndrome das pernas inquietas:** 0,5 mg a 2,0 mg/dia. ","2 a 3 doses. A dose pode ser aumentada a critério médico, até atingir a dose de manutenção individual, usualmente de 3 a 6 mg/dia. Sempre que possível, dividir a dose diária em 3 doses iguais. Caso não seja possível, a maior dose deve ser tomada antes de deitar. ## **Transtornos de ansiedade** - **Distúrbio do pânico:** Adultos: - Dose inicial: 0,5 mg/dia, dividida em 2 doses. Pode-se aumentar a dose a critério médico. - Dose de manutenção: a critério médico, de acordo com sua resposta. A dose tomada ao deitar, reduz a inconveniência da sonolência e pode ser desejável no início do tratamento. A retirada deve ser gradual, até que o medicamento seja totalmente suspenso. - **Como ansiolítico em geral:** 0,25 mg a 4,0 mg/dia. Dose recomendada: 0,5 a 1,5 mg/dia (dividida em 3x/dia). - **Fobia social:** 0,25 mg/dia até 6,0 mg/dia (2,0 mg, 3x/dia). Dose recomendada: 1,0 a 2,5 mg/dia. ## **Transtornos do humor** - **Transtorno afetivo bipolar** (tratamento da mania): 1,5 mg a 8 mg/dia. Dose recomendada: 2,0 a 4,0 mg/dia. - **Depressão maior** (associado a antidepressivos): 0,5 a 6,0 mg/dia. Dose recomendada: 2,0 a 4,0 mg/dia. ## **Síndromes psicóticas** - **Acatisia** : 0,5 mg a 4,5 mg/dia. Dose recomendada: 0,5 a 3,0 mg/dia. ## **Síndrome das pernas inquietas:** 0,5 mg a 2,0 mg/dia. **Vertigem e distúrbios do equilíbrio** : 0,5 mg a 1,0 mg/dia (2x/dia). Doses diárias superiores a 1,0 mg não são recomendáveis. **Síndrome da boca ardente:** 0,25 a 6,0 mg/dia. Dose recomendada: 1,0 a 2,0 mg/dia."
chunk_5b49c617ebff,leaf_2c68e53f153b,sec_ccd9ca5a4b7c,rivotril,dosage,patient_leaflet,2,2428,3710,1282,COMO DEVO USAR ESTE MEDICAMENTO?,"COMO DEVO USAR ESTE MEDICAMENTO? > **Síndrome das pernas inquietas:** 0,5 mg a 2,0 mg/dia.  > **Instruções especiais de administração**  > **Siga a orientação de seu médico, respeitando sempre os horários, as doses e a duração do tratamento. Não interrompa o tratamento sem o conhecimento do seu  médico.**  > **7.","0,5 a 3,0 mg/dia. ## **Síndrome das pernas inquietas:** 0,5 mg a 2,0 mg/dia. **Vertigem e distúrbios do equilíbrio** : 0,5 mg a 1,0 mg/dia (2x/dia). Doses diárias superiores a 1,0 mg não são recomendáveis. **Síndrome da boca ardente:** 0,25 a 6,0 mg/dia. Dose recomendada: 1,0 a 2,0 mg/dia. **Uso em idosos:** a dose mais baixa possível deve ser utilizada em idosos. Deve-se ter especial cuidado durante as alterações na dose. **Comprometimento do fígado:** pacientes com comprometimento do fígado grave não devem ser tratados com clonazepam e pacientes com comprometimento hepático leve a moderado devem receber a dose mais baixa possível. 4 **==> picture [109 x 35] intentionally omitted <==** ## **Instruções especiais de administração** **Rivotril[® ]** pode ser usado com outros antiepilépticos. Nesse caso, seu médico ajustará a dose de cada medicamento para atingir o efeito ideal. Não pare de tomar **Rivotril[® ]** subitamente, você pode ter novas crises epilépticas. Somente seu médico poderá orientar a interrupção do tratamento reduzindo gradualmente a dose utilizada. ## **Siga a orientação de seu médico, respeitando sempre os horários, as doses e a duração do tratamento. Não interrompa o tratamento sem o conhecimento do seu médico.** ## **7."
chunk_19be835d6dcd,leaf_2c68e53f153b,sec_a6ffd5d4139f,rivotril,missed_dose,patient_leaflet,0,0,1023,1023,O QUE DEVO FAZER QUANDO EU ME ESQUECER DE USAR ESTE MEDICAMENTO?,O QUE DEVO FAZER QUANDO EU ME ESQUECER DE USAR ESTE MEDICAMENTO? > **8. QUAIS OS MALES QUE ESTE MEDICAMENTO PODE ME   CAUSAR?**  > **Pós-comercialização:** ,"O QUE DEVO FAZER QUANDO EU ME ESQUECER DE USAR ESTE MEDICAMENTO?** Nunca dobre a dose na próxima tomada. Apenas continue com a próxima dose no tempo determinado. **Em caso de dúvidas, procure orientação do farmacêutico, de seu médico ou cirurgião-dentista.** ## **8. QUAIS OS MALES QUE ESTE MEDICAMENTO PODE ME CAUSAR?** Algumas reações são transitórias e desaparecem espontaneamente no decorrer do tratamento ou com redução da dose. As reações que ocorreram em ≥ 5% dos pacientes em estudos clínicos foram: sonolência, dor de cabeça, infecção das vias aéreas superiores, cansaço, gripe, depressão, vertigem, irritabilidade, insônia, perda da coordenação de movimentos e da marcha, perda do equilíbrio, náusea, sensação de cabeça leve, sinusite e concentração prejudicada. ## **Pós-comercialização:** **Distúrbios do sistema imunológico** : reações alérgicas e muito poucos casos de anafilaxia (reação alérgica grave). **Distúrbios endócrinos** : casos isolados, reversíveis, de puberdade precoce incompleta."
chunk_126f14a058bc,leaf_2c68e53f153b,sec_a6ffd5d4139f,rivotril,missed_dose,patient_leaflet,1,726,1713,987,O QUE DEVO FAZER QUANDO EU ME ESQUECER DE USAR ESTE MEDICAMENTO?,O QUE DEVO FAZER QUANDO EU ME ESQUECER DE USAR ESTE MEDICAMENTO? > **Pós-comercialização:** ,"o de cabeça leve, sinusite e concentração prejudicada. ## **Pós-comercialização:** **Distúrbios do sistema imunológico** : reações alérgicas e muito poucos casos de anafilaxia (reação alérgica grave). **Distúrbios endócrinos** : casos isolados, reversíveis, de puberdade precoce incompleta. **Distúrbios psiquiátricos** : amnésia, alucinações, histeria, psicose, tentativa de suicídio, despersonalização, distúrbio de memória, desinibição orgânica, ideias suicidas, lamentações, distúrbios emocionais e de humor, estado confusional e desorientação. Depressão pode estar associada à doença de base. Reações paradoxais: inquietação, agitação, irritabilidade, agressividade, nervosismo, hostilidade, ansiedade, distúrbios do sono, delírio, raiva, pesadelos, sonhos anormais, alucinações, psicose, hiperatividade, comportamento inapropriado e outros efeitos comportamentais. Alterações da libido (casos raros). Dependência e retirada, vide item “Abuso e dependência do medicamento”."
chunk_ac2da8a38a0c,leaf_2c68e53f153b,sec_a6ffd5d4139f,rivotril,missed_dose,patient_leaflet,2,1416,2918,1502,O QUE DEVO FAZER QUANDO EU ME ESQUECER DE USAR ESTE MEDICAMENTO?,O QUE DEVO FAZER QUANDO EU ME ESQUECER DE USAR ESTE MEDICAMENTO?,"o, hostilidade, ansiedade, distúrbios do sono, delírio, raiva, pesadelos, sonhos anormais, alucinações, psicose, hiperatividade, comportamento inapropriado e outros efeitos comportamentais. Alterações da libido (casos raros). Dependência e retirada, vide item “Abuso e dependência do medicamento”. **Distúrbios do sistema nervoso** : diminuição da concentração, sonolência, lentificação, hipotonia muscular, tonturas, ataxia são frequentes e geralmente transitórias. Dor de cabeça (raro). Distúrbios reversíveis: dificuldade para articular a fala, incoordenação de movimentos e da marcha, movimento anormal dos olhos. Pode haver esquecimento de fatos recentes, associado à alteração de comportamento. Pode haver aumento das crises convulsivas em determinadas formas de epilepsia. Perda da voz, movimentos grosseiros e descoordenados de braços e pernas, coma, tremor, perda de força de um lado do corpo, sensação de cabeça leve, falta de energia e formigamento, alteração da sensibilidade nas extremidades. **Distúrbios oculares** : visão dupla reversível, aparência de “olho vítreo”. **Distúrbios cardiovasculares** : palpitações, dor torácica, insuficiência cardíaca (incluindo parada cardíaca). **Distúrbios respiratórios** : congestão pulmonar, congestão nasal, hipersecreção, tosse, falta de ar, bronquite, rinite, faringite. Pode ocorrer depressão respiratória. **Rivotril[® ]** pode aumentar a produção de saliva ou secreção brônquica (secreção nas vias aéreas) em lactentes e crianças."
chunk_d03fb1ce0aa2,leaf_2c68e53f153b,sec_a6ffd5d4139f,rivotril,missed_dose,patient_leaflet,3,2622,4107,1485,O QUE DEVO FAZER QUANDO EU ME ESQUECER DE USAR ESTE MEDICAMENTO?,O QUE DEVO FAZER QUANDO EU ME ESQUECER DE USAR ESTE MEDICAMENTO?,"**Distúrbios respiratórios** : congestão pulmonar, congestão nasal, hipersecreção, tosse, falta de ar, bronquite, rinite, faringite. Pode ocorrer depressão respiratória. **Rivotril[® ]** pode aumentar a produção de saliva ou secreção brônquica (secreção nas vias aéreas) em lactentes e crianças. **Distúrbios gastrintestinais** : perda do apetite, língua saburrosa, constipação, diarreia, boca seca, incontinência fecal (perda do controle da evacuação), gastrite, aumento do fígado, apetite aumentado, gengivas doloridas, dor abdominal, inflamação gastrintestinal, dor de dente. Náuseas e sintomas epigástricos (raro) (sintomas na região do estômago). 5 **==> picture [109 x 35] intentionally omitted <==** **Distúrbios da pele / tecido subcutâneo** : urticária (placas avermelhadas na pele que coçam bastante), coceira, erupção cutânea, perda de cabelo transitória, crescimento anormal de pelos, inchaço na face e tornozelo, alterações da pigmentação (raro). **Distúrbios musculoesqueléticos / tecido conectivo** : fraqueza muscular frequente e geralmente transitória. Dor muscular, dor nas costas, fratura traumática, dor na nuca, deslocamentos e tensões. **Distúrbios renais / urinários** : dificuldade para urinar, perda urinária durante o sono, noctúria (levantar à noite para urinar), retenção urinária, infecção do trato urinário. Incontinência (raro). **Distúrbios do sistema reprodutivo** : cólicas menstruais, diminuição de interesse sexual, impotência (raro)."
chunk_a7766981684d,leaf_2c68e53f153b,sec_a6ffd5d4139f,rivotril,missed_dose,patient_leaflet,4,3810,5015,1205,O QUE DEVO FAZER QUANDO EU ME ESQUECER DE USAR ESTE MEDICAMENTO?,"O QUE DEVO FAZER QUANDO EU ME ESQUECER DE USAR ESTE MEDICAMENTO? > **Distúrbios do ouvido** : otite, vertigem.  > **9. O QUE FAZER SE ALGUÉM USAR UMA QUANTIDADE MAIOR DO QUE A INDICADADESTE MEDICAMENTO?**  > **Sintomas**","s / urinários** : dificuldade para urinar, perda urinária durante o sono, noctúria (levantar à noite para urinar), retenção urinária, infecção do trato urinário. Incontinência (raro). **Distúrbios do sistema reprodutivo** : cólicas menstruais, diminuição de interesse sexual, impotência (raro). **Distúrbios gerais** : fadiga frequente e geralmente transitória. Reações paradoxais: vide “Distúrbios psiquiátricos”. **Lesões e envenenamento** : quedas e fraturas. Risco maior em pessoas que usam outros sedativos, incluindo bebidas alcoólicas e em idosos. **Exames complementares** : diminuição do número de plaquetas (raro). Diminuição dos glóbulos brancos e anemia, alterações dos exames da função do fígado. ## **Distúrbios do ouvido** : otite, vertigem. **Diversas** : desidratação, deterioração geral, febre, aumento dos gânglios linfáticos, ganho ou perda de peso, infecção viral. **Informe ao seu médico, cirurgião-dentista ou farmacêutico o aparecimento de reações indesejáveis pelo uso do medicamento. Informe também à empresa através do seu serviço de atendimento.** ## **9. O QUE FAZER SE ALGUÉM USAR UMA QUANTIDADE MAIOR DO QUE A INDICADADESTE MEDICAMENTO?** ## **Sintomas**"
chunk_ebb4d2ecfe4f,leaf_2c68e53f153b,sec_a6ffd5d4139f,rivotril,missed_dose,patient_leaflet,5,4718,6273,1555,O QUE DEVO FAZER QUANDO EU ME ESQUECER DE USAR ESTE MEDICAMENTO?,O QUE DEVO FAZER QUANDO EU ME ESQUECER DE USAR ESTE MEDICAMENTO? > **9. O QUE FAZER SE ALGUÉM USAR UMA QUANTIDADE MAIOR DO QUE A INDICADADESTE MEDICAMENTO?**  > **Sintomas** ,"me ao seu médico, cirurgião-dentista ou farmacêutico o aparecimento de reações indesejáveis pelo uso do medicamento. Informe também à empresa através do seu serviço de atendimento.** ## **9. O QUE FAZER SE ALGUÉM USAR UMA QUANTIDADE MAIOR DO QUE A INDICADADESTE MEDICAMENTO?** ## **Sintomas** Os benzodiazepínicos geralmente causam sonolência, ataxia (perda da coordenação dos movimentos), disartria, nistagmo, confusão mental, excitação e lentidão de movimento. A superdose de **Rivotril[® ]** está raramente associada com risco de morte, caso o medicamento tenha sido tomado isoladamente, mas pode levar à arreflexia (ausência de reflexos), apneia, hipotensão arterial, depressão cardiorrespiratória e coma. Se ocorrer coma, normalmente tem duração de poucas horas; porém, pode ser prolongado e cíclico, particularmente em idosos. A depressão respiratória por benzodiazepínicos é mais séria em pacientes com doença respiratória. Os benzodiazepínicos aumentam os efeitos de outros depressores do sistema nervoso central, incluindo o álcool. **Conduta** Monitorar sinais vitais e instituir medidas de suporte a critério médico. **Advertência** Flumazenil não é indicado a pacientes com epilepsia que foram tratados com benzodiazepínicos. **Em caso de uso de grande quantidade deste medicamento, procure rapidamente socorro médico e leve a embalagem ou bula do medicamento, se possível. Ligue para 0800 722 6001, se você precisar de mais orientações.** MS-1.1524.0011 Farmacêutico Responsável: Dr. Adriano Costa Leite – CRF-SP n° 38.716"
chunk_8800e624b01b,leaf_2c68e53f153b,sec_a6ffd5d4139f,rivotril,missed_dose,patient_leaflet,6,5977,7184,1207,O QUE DEVO FAZER QUANDO EU ME ESQUECER DE USAR ESTE MEDICAMENTO?,O QUE DEVO FAZER QUANDO EU ME ESQUECER DE USAR ESTE MEDICAMENTO? > **Histórico de alteração para bula**,"caso de uso de grande quantidade deste medicamento, procure rapidamente socorro médico e leve a embalagem ou bula do medicamento, se possível. Ligue para 0800 722 6001, se você precisar de mais orientações.** MS-1.1524.0011 Farmacêutico Responsável: Dr. Adriano Costa Leite – CRF-SP n° 38.716 Registrado por: Blanver Farmoquímica e Farmacêutica S.A. Rua Francisco Tramontano, 101 -Sala 507 Real Parque – CEP 05686-010 – São Paulo – SP CNPJ 53.359.824/0001-19 Fabricado e Embalado por: Produtos Roche Químicos e Farmacêuticos S.A. Est. dos Bandeirantes, 2020 CEP 22775-109 – Rio de Janeiro – RJ 6 **==> picture [109 x 35] intentionally omitted <==** Comercializado por: Biopas Brasil Produtos Farmacêuticos Ltda Estrada da Lagoinha, 501 - Bloco 3 - Lagoa CEP: 06730-000 - Vargem Grande Paulista – SP Indústria Brasileira **Serviço Atendimento ao Consumidor – 0800 591 9210** **VENDA SOB PRESCRIÇÃO MÉDICA. O ABUSO DESTE MEDICAMENTO PODE CAUSAR DEPENDÊNCIA.** **Esta bula foi aprovada pela ANVISA em 03/03/2022.** Bula_VP_Rivotril_V.01 **==> picture [38 x 37] intentionally omitted <==** 7 **==> picture [109 x 35] intentionally omitted <==** ## **Histórico de alteração para bula**"
chunk_aa30c8fbb7ec,leaf_2c68e53f153b,sec_a6ffd5d4139f,rivotril,missed_dose,patient_leaflet,7,6887,8261,1374,O QUE DEVO FAZER QUANDO EU ME ESQUECER DE USAR ESTE MEDICAMENTO?,O QUE DEVO FAZER QUANDO EU ME ESQUECER DE USAR ESTE MEDICAMENTO? > **Histórico de alteração para bula** ,"ÇÃO MÉDICA. O ABUSO DESTE MEDICAMENTO PODE CAUSAR DEPENDÊNCIA.** **Esta bula foi aprovada pela ANVISA em 03/03/2022.** Bula_VP_Rivotril_V.01 **==> picture [38 x 37] intentionally omitted <==** 7 **==> picture [109 x 35] intentionally omitted <==** ## **Histórico de alteração para bula** |**Dados da submissão eletrônica**|**Dados da submissão eletrônica**|**Dados da submissão eletrônica**|**Dados da petição/notificação que altera bula**|**Dados da petição/notificação que altera bula**|**Dados da petição/notificação que altera bula**|**Dados da petição/notificação que altera bula**|**Dados das alterações de bulas**|**Dados das alterações de bulas**|**Dados das alterações de bulas**| |---|---|---|---|---|---|---|---|---|---| |**Data do**<br>**expediente**|**N° do**<br>**expediente**|**Assunto**|**Data do**<br>**expediente**|**N° do**<br>**expediente**|**Assunto**|**Data de**<br>**aprovação**|**Itens de bula**|**Versões**<br>**(VP/VPS)**<br>*****|**Apresentações**<br>**relacionadas**| |19/10/2021|4212952/21-1|Inclusão<br>Inicial de<br>Texto de Bula<br>– RDC 60/12|<br>19/10/2021|-|Inclusão Inicial de<br>Texto de Bula –<br>RDC 60/12|<br>19/10/2021|Dizeres legais|VP e VPS|Comprimidos de 0,5<br>mg ou 2 mg<br>com 20 ou 30<br>comprimidos.<br>Comprimidos<br>sublinguais de 0,25<br>mg com 30<br>comprimidos.<br>Solução oral de 2,5<br>mg/mL com<br>20 mL.|"
chunk_86e1f05bfbeb,leaf_2c68e53f153b,sec_a6ffd5d4139f,rivotril,missed_dose,patient_leaflet,8,7962,8851,889,O QUE DEVO FAZER QUANDO EU ME ESQUECER DE USAR ESTE MEDICAMENTO?,O QUE DEVO FAZER QUANDO EU ME ESQUECER DE USAR ESTE MEDICAMENTO?,">– RDC 60/12|<br>19/10/2021|-|Inclusão Inicial de<br>Texto de Bula –<br>RDC 60/12|<br>19/10/2021|Dizeres legais|VP e VPS|Comprimidos de 0,5<br>mg ou 2 mg<br>com 20 ou 30<br>comprimidos.<br>Comprimidos<br>sublinguais de 0,25<br>mg com 30<br>comprimidos.<br>Solução oral de 2,5<br>mg/mL com<br>20 mL.| |03/03/2022|**-**|MEDICAMENTO<br>NOVO -<br>Notificação de<br>Alteração de<br>Texto de Bula –<br>publicação no<br>Bulário RDC<br>60/12|03/03/2022|-|MEDICAMENTO<br>NOVO - Notificação<br>de Alteração de<br>Texto de Bula –|<br>03/03/2022|Correção ortográfica|<br>VP e VPS|Comprimidos de 0,5<br>mg ou 2 mg<br>com 20 ou 30<br>comprimidos.<br>Comprimidos<br>sublinguais de 0,25<br>mg com 30<br>comprimidos.<br>Solução oral de 2,5<br>mg/mL com<br>20 mL.| ||||||publicação no Bulário||||| ||||||RDC 60/12||||| *VP = versão de bula do paciente / VPS = versão de bula do profissional da saúde 8"
chunk_a508cae3796b,leaf_1d4d2acf0a65,sec_d89fa894c1df,tylenol,indication,patient_leaflet,0,0,340,340,PARA QUE ESTE MEDICAMENTO É INDICADO?,PARA QUE ESTE MEDICAMENTO É INDICADO? > **2.,"PARA QUE ESTE MEDICAMENTO É INDICADO?** Este medicamento é indicado para a redução da febre e para o alívio temporário de dores leves a moderadas, tais como: dores associadas a resfriados comuns, dor de cabeça, dor no corpo, dor de dente, dor nas costas, dores musculares, dores leves associadas a artrites e cólicas menstruais. ## **2."
chunk_578c6a49ac86,leaf_1d4d2acf0a65,sec_f6f167271d61,tylenol,simplified_mechanism,patient_leaflet,0,0,291,291,COMO ESTE MEDICAMENTO FUNCIONA?,COMO ESTE MEDICAMENTO FUNCIONA? > **3.,COMO ESTE MEDICAMENTO FUNCIONA?** **TYLENOL[® ]** reduz a febre atuando no centro regulador da temperatura no Sistema Nervoso Central (SNC) e diminui a sensibilidade a dor. Seu efeito tem início 15 a 30 minutos após a administração oral e permanece por um período de 4 a 6 horas. ## **3.
chunk_77f72cabf81a,leaf_1d4d2acf0a65,sec_ffa142a2855b,tylenol,contraindication,patient_leaflet,0,0,227,227,QUANDO NÃO DEVO USAR ESTE MEDICAMENTO?,QUANDO NÃO DEVO USAR ESTE MEDICAMENTO? > **4.,QUANDO NÃO DEVO USAR ESTE MEDICAMENTO?** Você não deve usar **TYLENOL[® ]** se possuir alergia ao paracetamol ou a qualquer componente de sua fórmula. **Este medicamento é contraindicado para menores de 12 anos.** ## **4.
chunk_97251e7ccd85,leaf_1d4d2acf0a65,sec_a29ed3da881a,tylenol,warning_precaution,patient_leaflet,0,0,1580,1580,O QUE DEVO SABER ANTES DE USAR ESTE MEDICAMENTO?,"O QUE DEVO SABER ANTES DE USAR ESTE MEDICAMENTO? > **Gravidez e Amamentação**  > Se você estiver grávida ou amamentando, consulte o seu médico antes de usar este medicamento. **Este medicamento não deve ser utilizado por mulheres grávidas sem orientação médica ou do cirurgião-dentista.**  > **Não use outro produto que contenha paracetamol.**  > **O paracetamol nas doses terapêuticas não foi associado à irritação gástrica.**","O QUE DEVO SABER ANTES DE USAR ESTE MEDICAMENTO?** TYLENOL® - Paciente **==> picture [114 x 31] intentionally omitted <==** Você não deve tomar mais do que a dose recomendada (superdose) para provocar maior alívio, pois pode causar sérios problemas de saúde. Você deve consultar seu médico se a dor ou febre continuarem ou piorarem, ou se surgirem novos sintomas, pois estes sintomas podem ser sinais de doenças graves. **Uso com álcool** : consumidores de doses abusivas de álcool devem consultar seu médico para saber se podem tomar **TYLENOL[® ]** ou qualquer outro analgésico. ## **Gravidez e Amamentação** ## Se você estiver grávida ou amamentando, consulte o seu médico antes de usar este medicamento. **Este medicamento não deve ser utilizado por mulheres grávidas sem orientação médica ou do cirurgião-dentista.** **Uso em pacientes com problemas no fígado** : Consulte seu médico antes de usar o medicamento. **Uso em idosos** : Até o momento não são conhecidas restrições específicas ao uso de **TYLENOL[® ]** por pacientes idosos. Não existe necessidade de ajuste de dose neste grupo etário. Muito raramente, foram relatadas reações cutâneas graves em pacientes que administraram paracetamol. Os sintomas podem incluir: vermelhidão na pele, bolhas e erupções cutâneas. Se ocorrerem reações cutâneas ou piora de problemas de pele já existentes, interrompa o uso do medicamento e procure ajuda médica imediatamente. ## **Não use outro produto que contenha paracetamol.** ## **O paracetamol nas doses terapêuticas não foi associado à irritação gástrica.**"
chunk_01578455e892,leaf_1d4d2acf0a65,sec_a29ed3da881a,tylenol,warning_precaution,patient_leaflet,1,1283,2354,1071,O QUE DEVO SABER ANTES DE USAR ESTE MEDICAMENTO?,O QUE DEVO SABER ANTES DE USAR ESTE MEDICAMENTO? > **Não use outro produto que contenha paracetamol.**  > **O paracetamol nas doses terapêuticas não foi associado à irritação gástrica.** ,"cutâneas. Se ocorrerem reações cutâneas ou piora de problemas de pele já existentes, interrompa o uso do medicamento e procure ajuda médica imediatamente. ## **Não use outro produto que contenha paracetamol.** ## **O paracetamol nas doses terapêuticas não foi associado à irritação gástrica.** Se você tem pressão alta, não use este produto por mais tempo do que o indicado no rótulo, a menos que indicado por um médico. A absorção de **TYLENOL[® ]** é mais rápida se você estiver em jejum. Os alimentos podem afetar a velocidade da absorção, mas não a quantidade absorvida do medicamento. A interferência do paracetamol na metabolização de outros medicamentos e a influência destes medicamentos na ação e na toxicidade do paracetamol, em geral, não são relevantes. **Consulte seu médico antes de utilizar este medicamento se você está tomando flucloxacilina (penicilina - um antibiótico), varfarina (anticoagulante) ou outros derivados cumarínicos.** **Informe ao seu médico ou cirurgião-dentista se você está fazendo uso de algum outro medicamento.** **5."
chunk_bd0ae4006d5f,leaf_1d4d2acf0a65,sec_928f4d6a0604,tylenol,storage,patient_leaflet,0,0,791,791,"ONDE, COMO E POR QUANTO TEMPO POSSO GUARDAR ESTE MEDICAMENTO?","ONDE, COMO E POR QUANTO TEMPO POSSO GUARDAR ESTE MEDICAMENTO? > **6.","ONDE, COMO E POR QUANTO TEMPO POSSO GUARDAR ESTE MEDICAMENTO?** **TYLENOL®** deve ser conservado em temperatura ambiente (entre 15°C e 30°C), protegido da luz e umidade. **Número de lote e datas de fabricação e validade: vide embalagem.** TYLENOL® - Paciente **==> picture [114 x 31] intentionally omitted <==** **Não use medicamento com o prazo de validade vencido. Guarde-o em sua embalagem original. TYLENOL[® ] 500 mg e TYLENOL[® ] 750 mg** são comprimidos revestidos oblongos (ovalados) de cor branca. **Antes de usar, observe o aspecto do medicamento. Caso ele esteja no prazo de validade e você observe alguma mudança no aspecto, consulte o farmacêutico para saber se poderá** **utilizá-lo.** **Todo medicamento deve ser mantido fora do alcance das crianças** . ## **6."
chunk_d4d5a2d20ab2,leaf_1d4d2acf0a65,sec_1646f2946e08,tylenol,dosage,patient_leaflet,0,0,1025,1025,COMO DEVO USAR ESTE MEDICAMENTO?,COMO DEVO USAR ESTE MEDICAMENTO? > **Adultos e crianças acima de 12 anos:**  > **7.,"COMO DEVO USAR ESTE MEDICAMENTO?** Uso oral. Você deve tomar os comprimidos com líquido. O paracetamol pode ser administrado independentemente das refeições. ## **Adultos e crianças acima de 12 anos:** **TYLENOL[® ] 500 mg:** 1 a 2 comprimidos, 3 a 4 vezes ao dia. **TYLENOL[® ] 750 mg:** 1 comprimido, 3 a 5 vezes ao dia. A dose diária máxima recomendada de paracetamol é de 4000 mg ( **8 comprimidos de TYLENOL[® ] 500 mg ou 5 comprimidos de TYLENOL® 750 mg** ) administrada em doses fracionadas, não excedendo 1000 mg/dose ( **2 comprimidos de TYLENOL[® ] 500 mg ou 1 comprimido de TYLENOL[® ] 750 mg** ), em intervalos de 4 a 6 horas, em um período de 24 horas. **Duração do tratamento:** depende do desaparecimento dos sintomas. **Este medicamento não pode ser partido, aberto ou mastigado.** **Siga corretamente o modo de usar. Em caso de dúvidas sobre este medicamento, procure orientação do farmacêutico. Não desaparecendo os sintomas, procure orientação médica ou de seu cirurgião-dentista.** ## **7."
chunk_2f6979089ee8,leaf_1d4d2acf0a65,sec_3e4fee1ee29f,tylenol,missed_dose,patient_leaflet,0,0,402,402,O QUE DEVO FAZER QUANDO EU ME ESQUECER DE USAR ESTE MEDICAMENTO?,O QUE DEVO FAZER QUANDO EU ME ESQUECER DE USAR ESTE MEDICAMENTO? > **8.,"O QUE DEVO FAZER QUANDO EU ME ESQUECER DE USAR ESTE MEDICAMENTO?** Se você se esquecer de tomar uma dose do medicamento, faça-o assim que se lembrar, no caso de ainda haver necessidade, e então ajuste o horário das próximas tomadas. Não tome a dose dobrada para compensar a dose esquecida. **Em caso de dúvidas, procure orientação do farmacêutico ou de seu médico, ou cirurgiãodentista.** ## **8."
chunk_bcded81d765f,leaf_1d4d2acf0a65,sec_02809f0f1529,tylenol,adverse_reaction,patient_leaflet,0,0,706,706,QUAIS OS MALES QUE ESTE MEDICAMENTO PODE ME CAUSAR?,QUAIS OS MALES QUE ESTE MEDICAMENTO PODE ME CAUSAR? > **9.,"QUAIS OS MALES QUE ESTE MEDICAMENTO PODE ME CAUSAR?** Este medicamento pode causar algumas reações desagradáveis inesperadas. Caso você tenha uma reação alérgica, deve parar de tomar o medicamento. TYLENOL® - Paciente **==> picture [114 x 31] intentionally omitted <==** Reação muito rara (ocorre em menos de 0,01% dos pacientes que utilizam este medicamento): urticária, coceira e vermelhidão no corpo, reações alérgicas a este medicamento, aumento das transaminases e erupção fixa medicamentosa. **Informe ao seu médico, cirurgião-dentista ou farmacêutico o aparecimento de reações indesejáveis pelo uso do medicamento. Informe também à empresa através do seu serviço de atendimento.** ## **9."
chunk_983a58909e27,leaf_1d4d2acf0a65,sec_1115276e728e,tylenol,overdose,patient_leaflet,0,0,1596,1596,O QUE FAZER SE ALGUÉM USAR UMA QUANTIDADE MAIOR DO QUE A INDICADA DESTE MEDICAMENTO?,O QUE FAZER SE ALGUÉM USAR UMA QUANTIDADE MAIOR DO QUE A INDICADA DESTE MEDICAMENTO? > **DIZERES LEGAIS**  > **JOHNSON & JOHNSON INDUSTRIAL LTDA.**  > **JOHNSON & JOHNSON INDUSTRIAL LTDA** ,"O QUE FAZER SE ALGUÉM USAR UMA QUANTIDADE MAIOR DO QUE A INDICADA DESTE MEDICAMENTO?** O uso de doses excessivas, acima das doses recomendadas (superdose) pode causar danos ao fígado. Em caso de superdose, procure ajuda médica ou um centro de intoxicação imediatamente. O apoio médico imediato é fundamental para adultos e crianças, mesmo se os sinais e sintomas de intoxicação não estiverem presentes. Os sinais e sintomas iniciais que se seguem a uma dose potencialmente hepatotóxica de paracetamol são: perda de apetite, náusea, vômito, sudorese intensa, palidez e mal-estar geral. **Em caso de uso de grande quantidade deste medicamento, procure rapidamente socorro médico e leve a embalagem ou bula do medicamento, se possível. Ligue para 0800 722 6001, se você precisar de mais orientações.** ## **DIZERES LEGAIS** MS - 1.5721.1214 Farmacêutico Responsável: Jean F. L. Festuccia – CRF - SP nº 29.625 Registrado por: ## **JOHNSON & JOHNSON INDUSTRIAL LTDA.** Rodovia Presidente Dutra, Km 154, São José dos Campos – SP CNPJ 59.748.988/0001-14 Fabricado por: ## **JOHNSON & JOHNSON INDUSTRIAL LTDA** Rodovia Presidente Dutra, km 154 São José dos Campos – SP CNPJ: 59.748.988/0001-14 Industria Brasileira ®Marca Registrada TYLENOL® - Paciente **==> picture [114 x 31] intentionally omitted <==** SAC 0800 728 6767 www.tylenol.com.br Siga corretamente o modo de usar, não desaparecendo os sintomas procure orientação médica. **==> picture [23 x 19] intentionally omitted <==** TYLENOL® - Paciente **==> picture [115 x 30] intentionally omitted <==**"
chunk_3c190b3ea9f8,leaf_1d4d2acf0a65,sec_1115276e728e,tylenol,overdose,patient_leaflet,1,1298,1603,305,O QUE FAZER SE ALGUÉM USAR UMA QUANTIDADE MAIOR DO QUE A INDICADA DESTE MEDICAMENTO?,O QUE FAZER SE ALGUÉM USAR UMA QUANTIDADE MAIOR DO QUE A INDICADA DESTE MEDICAMENTO? > **,"4 x 31] intentionally omitted <==** SAC 0800 728 6767 www.tylenol.com.br Siga corretamente o modo de usar, não desaparecendo os sintomas procure orientação médica. **==> picture [23 x 19] intentionally omitted <==** TYLENOL® - Paciente **==> picture [115 x 30] intentionally omitted <==** ## **"
