pipeline,modelo,nome_remedio,nivel,pergunta,dificuldade,resposta_esperada,secoes_esperadas,resposta_gerada,resposta_crua,secoes_recuperadas,chunk_ids_recuperados,textos_recuperados,tempo_recuperacao_segundos,tempo_inferencia_segundos
naive_rag,ollama:mediphi-instruct,AMOXIL,dificil,"Em um paciente que usa varfarina e apresenta insuficiência renal moderada, quais cuidados a bula orienta quanto ao anticoagulante e como a posologia de Amoxil deve ser ajustada? Explique a relação entre eliminação renal e necessidade de ajuste.",dificil,"A bula orienta informar o médico sobre o uso de anticoagulantes como varfarina; o médico fará monitoramento e, se necessário, poderá ajustar a dose dos anticoagulantes. Em insuficiência renal moderada, a dose máxima para adultos e crianças acima de 40 kg é 500 mg duas vezes ao dia, de 12 em 12 horas, porque na insuficiência renal a eliminação do antibiótico é mais lenta e a dose diária total pode precisar ser reduzida.",O QUE DEVO SABER ANTES DE USAR ESTE MEDICAMENTO? / COMO DEVO USAR ESTE MEDICAMENTO?,"De acordo com o contexto fornecido, para um paciente que usa varfarina (um anticoagulante) e apresenta insuficiência renal moderada, é recomendado monitorar a função da coagulação sanguínea de perto. A bula sugere reduzir as doses diárias totalizadas do medicamento com base na capacidade comprometida das funções renais e consultar regularmente o médico para determinar os níveis adequados, pois a varfarina é excretada pelos rins. A relação entre eliminação renal reduzida leva à necessidade de doses menores ou intervalos mais longos do medicamento anticoagulante e da amoxicilina para evitar o risco aumentado de sangramentos devido a um coágulo sanguíneo. Ajustar as posologias com base na função renal é crucial em tais casos, pois os níveis plasmáticos do medicamento podem se acumular e causar reações adversas graves ou ineficácia terapêutica devido a um metabolismo alterado.

---
*Esta resposta se baseia apenas nos trechos da bula recuperados e não substitui orientação médica ou farmacêutica. É recomendável consultar um profissional de saúde para orientação individualizada.*","De acordo com o contexto fornecido, para um paciente que usa varfarina (um anticoagulante) e apresenta insuficiência renal moderada, é recomendado monitorar a função da coagulação sanguínea de perto. A bula sugere reduzir as doses diárias totalizadas do medicamento com base na capacidade comprometida das funções renais e consultar regularmente o médico para determinar os níveis adequados, pois a varfarina é excretada pelos rins. A relação entre eliminação renal reduzida leva à necessidade de doses menores ou intervalos mais longos do medicamento anticoagulante e da amoxicilina para evitar o risco aumentado de sangramentos devido a um coágulo sanguíneo. Ajustar as posologias com base na função renal é crucial em tais casos, pois os níveis plasmáticos do medicamento podem se acumular e causar reações adversas graves ou ineficácia terapêutica devido a um metabolismo alterado.",TODAS (Naive),"chunk_619626ac8cd4, chunk_920654c7064a, chunk_e3c9fe99e5cd, chunk_1ddf28119f88, chunk_7d57d737a19d, chunk_6fd3c193ea42, chunk_29c1314f7e21, chunk_29c1314f7e21, chunk_2273c1b76ec0, chunk_d22f44452468, chunk_2273c1b76ec0, chunk_9d394eb70d17, chunk_11cbb1217441, chunk_09405370d2ab, chunk_621ddc66ac1b","[""ave. A diálise peritoneal (processo de limpeza das substâncias tóxicas do organismo através do peritônio, membrana que envolve o abdômen) não remove a amoxicilina do corpo. \n\n## **Pacientes que recebem hemodiálise** \n\nUsa-se a mesma posologia indicada para pacientes com insuficiência renal grave. \n\nA amoxicilina é removida do sangue por hemodiálise (processo que substitui os rins na filtragem sanguínea). Portanto, uma dose adicional (500 mg para adultos e crianças acima de 40kg ou 15 mg/kg para crianças abaixo de 40 kg) pode ser administrada durante e no final de cada diálise. \n\nSeu médico poderá indicar tratamento por via parenteral (feito com aplicação de injeções intravenosas, intramusculares ou subcutâneas) nos casos em que a via oral for considerada inadequada (particularmente nos tratamentos urgentes de infecções graves). \n\nConforme o grau de insuficiência renal, talvez seu médico ache necessário reduzir a dose diária total. \n\n4 \n\n**==> picture [86 x 28] intentionally omitted <==**\n\n## Modelo de Texto de Bula – Pacientes Amoxil[®] Pó para suspensão oral \n\n## **Siga a orientação de seu médico, respeitando sempre os horários, as doses e a duração do tratamento. Não interrompa o tratamento sem o conhecimento de seu médico.** \n\n## **7."", ""imo de 500 mg (uma cápsula) duas vezes ao dia (de 12 em 12 horas); \n\n- insuficiência grave: máximo de 500 mg (uma cápsula) ao dia. \n\n3 \n\n**==> picture [87 x 28] intentionally omitted <==**\n\n## Modelo de Texto de Bula – Pacientes Amoxil[®] Cápsulas \n\n## **Pacientes que recebem diálise peritoneal** \n\nUsa-se a mesma posologia indicada para pacientes com insuficiência renal grave. A diálise peritoneal (processo de limpeza das substâncias tóxicas do organismo através do peritônio, membrana que envolve o abdômen) não remove a amoxicilina do corpo. \n\n## **Pacientes que recebem hemodiálise** \n\nUsa-se a mesma posologia indicada para pacientes com insuficiência renal grave. \n\nA amoxicilina é removida do sangue por hemodiálise (processo que substitui os rins na filtragem sanguínea). Portanto, uma dose adicional (500 mg para adultos e crianças acima de 40kg ou 15 mg/kg para crianças abaixo de 40 kg) pode ser administrada durante e no final de cada diálise. \n\nSeu médico poderá indicar tratamento por via parenteral (feito com aplicação de injeções intravenosas, intramusculares ou subcutâneas) nos casos em que a via oral for considerada inadequada (particularmente nos tratamentos urgentes de infecções graves). \n\nConforme o grau de insuficiência renal, talvez seu médico ache necessário reduzir a dose diária total. \n\n**Siga a orientação de seu médico, respeitando sempre os horários, as doses e a duração do tratamento. Não interrompa o tratamento sem o conhecimento de seu médico. Este medicamento não deve ser partido ou mastigado.** \n\n## **7."", ""O QUE DEVO SABER ANTES DE USAR ESTE MEDICAMENTO?** \n\n**Amoxil**[] suspensão contém aspartamo, que é fonte de fenilalanina e deve ser usado com cautela em pacientes com fenilcetonúria. Informe seu médico caso você tenha uma doença chamada fenilcetonúria. Antes de iniciar o tratamento com **Amoxil**[] , informe seu médico: \n\n- se você já apresentou reação alérgica a algum antibiótico. Isso pode incluir reações na pele ou inchaço na face ou pescoço ou dores no peito. \n\n1 \n\n**==> picture [86 x 28] intentionally omitted <==**\n\n## Modelo de Texto de Bula – Pacientes Amoxil[®] Pó para suspensão oral \n\n- se você apresenta febre glandular. \n\n- se você toma medicamentos usados para prevenir coágulos sanguíneos (anticoagulantes), tais como varfarina, o seu médico fará um monitoramento e, se necessário, poderá sugerir ajustes na dose dos anticoagulantes. \n\n- se você apresenta problema nos rins. \n\n- se você não estiver urinando regularmente. \n\n- se você já teve diarreia durante ou após o uso de antibióticos. \n\nO uso prolongado também pode resultar, ocasionalmente, em supercrescimento de microrganismos resistentes a **Amoxil[®]** . \n\n**Amoxil[®]** pode piorar algumas condições existentes ou causar efeitos colaterais graves, como reações alérgicas severas, reações cutâneas severas, dor no peito, vômitos repetitivos dentro de 1 a 4 horas após a administração de **Amoxil[®]** ou diarreia grave (colite pseudomembranosa). Você deve estar atento a determinados sintomas enquanto estiver recebendo **Amoxil[®]** para ajudar a reduzir o risco de quaisquer problemas."", ""roxas) que surgem com mais facilidade que o normal; \n\n- Destruição de glóbulos vermelhos e consequentemente anemia (anemia hemolítica), que pode resultar em cansaço, dores de cabeça e falta de ar causada pela prática de exercícios físicos, vertigem, palidez e amarelamento da pele e/ou dos olhos; \n\n- Sinais repentinos de alergia, como erupções da pele, prurido (coceira) ou urticária, inchaço da face, dos lábios, da língua ou de outras partes do corpo, falta de ar, respiração ofegante ou problemas para respirar; se esses sintomas ocorrerem, pare de usar **Amoxil[®]** e procure socorro médico o mais rápido possível; \n\n4 \n\n**==> picture [87 x 28] intentionally omitted <==**\n\n## Modelo de Texto de Bula – Pacientes Amoxil[®] Cápsulas \n\n- Dor no peito, que pode ser um sinal de uma reação alérgica potencialmente grave chamada síndrome de Kounis; \n\n- Vômitos repetitivos (1 a 4 horas após a administração de **Amoxil[®]** ), dores no estômago, sonolência anormal, diarreia e pressão baixa, que podem ser um sinal de uma reação alérgica grave denominada síndrome de enterocolite induzida por medicamentos; \n\n- Convulsões (ataques) podem ocorrer em pacientes com função renal prejudicada ou que estejam recebendo doses altas do medicamento; \n\n- Hipercinesia (presença de movimentos exacerbados e incontrolados), tontura;"", ""se estiver grávida, exceto se seu médico recomendar. \n\nVocê pode amamentar seu bebê enquanto estiver tomando **Amoxil[®]** , mas há excreção de quantidades mínimas de amoxicilina no leite materno. Se você estiver amamentando, informe ao seu médico antes de iniciar o tratamento com **Amoxil[®]** . \n\n## **Este medicamento não deve ser utilizado por mulheres grávidas sem orientação médica ou do cirurgião-dentista.** \n\n**Uso compatível com o aleitamento ou doação de leite humano. O uso desse medicamento não interfere no aleitamento do bebê.** \n\n## **Uso em idosos, crianças e outros grupos de risco** \n\nAs recomendações especiais se referem às doses . \n\n## **Interações Medicamentosas** \n\nAlguns medicamentos podem causar efeitos indesejáveis se você os ingerir durante o tratamento com **Amoxil[®]** . Não deixe de avisar seu médico caso você esteja tomando: \n\n- medicamentos usados no tratamento de gota (probenecida ou alopurinol); \n\n- outros antibióticos; \n\n- pílulas anticoncepcionais (como acontece com outros antibióticos, talvez sejam necessárias precauções adicionais para evitar a gravidez); \n\n- anticoagulantes; \n\n- metotrexato (usado para tratar doenças como câncer e psoríase grave). A alimentação não interfere na ação de **Amoxil[®]** , que pode ser ingerido nas refeições. \n\n**Informe ao seu médico ou cirurgião-dentista se você está fazendo uso de algum outro medicamento. Não use medicamento sem o conhecimento do seu médico. Pode ser perigoso para a sua saúde.**"", ""utâneas severas, dor no peito, vômitos repetitivos dentro de 1 a 4 horas após a administração de **Amoxil[®]** ou diarreia grave (colite pseudomembranosa). Você deve estar atento a determinados sintomas enquanto estiver recebendo **Amoxil[®]** para ajudar a reduzir o risco de quaisquer problemas. \n\n## **Efeitos sobre a capacidade de dirigir veículos e de operar máquinas** \n\nNão se observaram efeitos adversos sobre a capacidade de dirigir veículos e de operar máquinas. \n\n## **Gravidez e amamentação** \n\n**Amoxil[®]** pode ser usado na gravidez desde que os benefícios potenciais sejam maiores que os riscos potenciais associados ao tratamento. Informe seu médico se você estiver grávida ou suspeitar que está grávida. Você não deve tomar este medicamento se estiver grávida, exceto se seu médico recomendar. \n\nVocê pode amamentar seu bebê enquanto estiver tomando **Amoxil[®]** , mas há excreção de quantidades mínimas de amoxicilina no leite materno. Se você estiver amamentando, informe ao seu médico antes de iniciar o tratamento com **Amoxil[®]** . \n\n## **Este medicamento não deve ser utilizado por mulheres grávidas sem orientação médica ou do cirurgião-dentista.** \n\n**Uso compatível com o aleitamento ou doação de leite humano. O uso desse medicamento não interfere no aleitamento do bebê.** \n\n## **Atenção: Contém fenilalanina.** \n\n**Este produto contém benzoato de sódio, que pode causar reações alérgicas, como asma, especialmente em pessoas alérgicas ao ácido acetilsalicílico.** \n\n## **Uso em idosos, crianças e outros grupos de risco**"", ""PARA QUE ESTE MEDICAMENTO É INDICADO?** \n\n**Amoxil[®]** , um antibiótico eficaz contra grande variedade de bactérias, é indicado para tratamento de infecções bacterianas causadas por germes sensíveis à ação da amoxicilina. Entretanto, seu médico pode receitar este medicamento para outro uso. Se desejar mais informações, pergunte ao seu médico. \n\n## **2."", ""PARA QUE ESTE MEDICAMENTO É INDICADO?** \n\n**Amoxil[®]** , antibiótico eficaz contra grande variedade de bactérias, é indicado para tratamento de infecções bacterianas causadas por germes sensíveis à ação da amoxicilina. Entretanto, seu médico pode receitar este medicamento para outro uso. Se desejar mais informações, pergunte ao seu médico. \n\n## **2."", ""QUAIS OS MALES QUE ESTE MEDICAMENTO PODE ME CAUSAR?** \n\nAvise seu médico o mais cedo possível se você não se sentir bem durante o tratamento com **Amoxil[®]** . Assim como todo medicamento, **Amoxil[®]** pode provocar reações adversas, porém isso não ocorre com todas as pessoas. Os efeitos colaterais deste medicamento geralmente são leves. \n\n## **Reações comuns (ocorrem entre 1% e 10% dos pacientes que utilizam este medicamento):** \n\n- Diarreia (várias evacuações amolecidas por dia) e enjoo; quando isso acontece, os sintomas normalmente são leves e com frequência podem ser evitados tomando-se o medicamento no início das refeições. Se continuarem ou se tornarem graves, consulte o médico; \n\n- Erupções da pele. \n\n## **Reações incomuns (ocorrem entre 0,1% e 1% dos pacientes que utilizam este medicamento):** \n\n- Vômito, urticária e coceira. \n\n## **Reações muito raras (ocorrem em menos de 0,01% dos pacientes que utilizam este medicamento):** \n\n- Diminuição de glóbulos brancos (leucopenia reversível), que pode resultar em infecções frequentes, como febre, calafrios, inflamação da garganta ou úlceras na boca; \n\n- Baixa contagem de plaquetas (trombocitopenia reversível), que pode resultar em sangramento ou hematomas (manchas roxas que surgem com mais facilidade que o normal); \n\n- Destruição de glóbulos vermelhos e consequentemente anemia (anemia hemolítica), que pode resultar em cansaço, dores de cabeça e falta de ar causada pela prática de exercícios físicos, vertigem, palidez e amarelamento da pele e/ou dos olhos;"", ""já teve diarreia durante ou após o uso de antibióticos. \n\n1 \n\n**==> picture [87 x 28] intentionally omitted <==**\n\n## Modelo de Texto de Bula – Pacientes Amoxil[®] Cápsulas \n\nO uso prolongado também pode resultar, ocasionalmente, em supercrescimento de microrganismos resistentes a **Amoxil[®]** . \n\n**Amoxil[®]** pode piorar algumas condições existentes ou causar efeitos colaterais graves, como reações alérgicas severas, reações cutâneas severas, dor no peito, vômitos repetitivos dentro de 1 a 4 horas após a administração de **Amoxil[®]** ou diarreia grave (colite pseudomembranosa). Você deve estar atento a determinados sintomas enquanto estiver recebendo **Amoxil[®]** para ajudar a reduzir o risco de quaisquer problemas. \n\n## **Efeitos sobre a capacidade de dirigir veículos e de operar máquinas** \n\nNão se observaram efeitos adversos sobre a capacidade de dirigir veículos e de operar máquinas. \n\n## **Gravidez e amamentação** \n\n**Amoxil[®]** pode ser usado na gravidez desde que os benefícios potenciais sejam maiores que os riscos potenciais associados ao tratamento. Informe seu médico se você estiver grávida ou suspeitar que está grávida. Você não deve tomar este medicamento se estiver grávida, exceto se seu médico recomendar. \n\nVocê pode amamentar seu bebê enquanto estiver tomando **Amoxil[®]** , mas há excreção de quantidades mínimas de amoxicilina no leite materno. Se você estiver amamentando, informe ao seu médico antes de iniciar o tratamento com **Amoxil[®]** ."", ""QUAIS OS MALES QUE ESTE MEDICAMENTO PODE ME CAUSAR?** \n\nAvise seu médico o mais cedo possível se você não se sentir bem durante o tratamento com **Amoxil[®]** . Assim como todo medicamento, **Amoxil[®]** pode provocar reações adversas, porém isso não ocorre com todas as pessoas. Os efeitos colaterais deste medicamento geralmente são leves. \n\n## **Reações comuns (ocorrem entre 1% e 10% dos pacientes que utilizam este medicamento):** \n\n- Diarreia (várias evacuações amolecidas por dia) e enjoo; quando isso acontece, os sintomas normalmente são leves e com frequência podem ser evitados tomando-se o medicamento no início das refeições. Se continuarem ou se tornarem graves, consulte o médico. \n\n- Erupções da pele. \n\n## **Reações incomuns (ocorrem entre 0,1% e 1% dos pacientes que utilizam este medicamento):** \n\n- Vômito, urticária e coceira. \n\n## **Reações muito raras (ocorrem em menos de 0,01% dos pacientes que utilizam este medicamento):** \n\n- Diminuição de glóbulos brancos (leucopenia reversível), que pode resultar em infecções frequentes, como febre, calafrios, inflamação da garganta ou úlceras na boca; \n\n- Baixa contagem de plaquetas (trombocitopenia reversível), que pode resultar em sangramento ou hematomas (manchas roxas) que surgem com mais facilidade que o normal; \n\n- Destruição de glóbulos vermelhos e consequentemente anemia (anemia hemolítica), que pode resultar em cansaço, dores de cabeça e falta de ar causada pela prática de exercícios físicos, vertigem, palidez e amarelamento da pele e/ou dos olhos;"", ""QUANDO NÃO DEVO USAR ESTE MEDICAMENTO?** \n\nEste medicamento não pode ser usado por pessoas alérgicas à amoxicilina, a outros antibióticos penicilínicos ou antibióticos similares, chamados cefalosporinas. Se você já teve uma reação alérgica (como erupções da pele) ao tomar um antibiótico, deve conversar com seu médico antes de usar **Amoxil[®]** . \n\n## **4."", ""íase grave). A alimentação não interfere na ação de **Amoxil[®]** , que pode ser ingerido nas refeições. \n\n**Informe ao seu médico ou cirurgião-dentista se você está fazendo uso de algum outro medicamento. Não use medicamento sem o conhecimento do seu médico. Pode ser perigoso para a sua saúde.** \n\n**Atenção: Contém os corantes vermelho de eritrosina, azul de indigotina, dióxido de titânio e óxido de ferro amarelo que podem, eventualmente, causar reações alérgicas.** \n\n**É importante utilizar este medicamento durante todo o tempo prescrito pelo profissional de saúde habilitado, mesmo que os sinais e sintomas da infecção tenham desaparecido, pois isso não significa a cura. A interrupção do tratamento pode contribuir para o aparecimento de infecções mais graves.** \n\n## **5."", ""roxas que surgem com mais facilidade que o normal); \n\n- Destruição de glóbulos vermelhos e consequentemente anemia (anemia hemolítica), que pode resultar em cansaço, dores de cabeça e falta de ar causada pela prática de exercícios físicos, vertigem, palidez e amarelamento da pele e/ou dos olhos; \n\n- Sinais repentinos de alergia, tais como erupções da pele, prurido (coceira) ou urticária, inchaço da face, dos lábios, da língua ou de outras partes do corpo, falta de ar, respiração ofegante ou problemas para respirar; se esses sintomas ocorrerem, pare de usar o medicamento e procure socorro médico o mais rápido possível; \n\n- Dor no peito, que pode ser um sinal de uma reação alérgica potencialmente grave chamada síndrome de Kounis; \n\n- Vômitos repetitivos (1 a 4 horas após a administração de **Amoxil[®]** ), dores no estômago, sonolência anormal, diarreia e pressão baixa, que podem ser um sinal de uma reação alérgica grave denominada síndrome de enterocolite induzida por medicamentos; \n\n- Convulsões podem ocorrer em pacientes com função renal prejudicada ou que estejam recebendo doses altas do medicamento; \n\n- Hipercinesia (presença de movimentos exacerbados e incontroláveis), tontura; \n\n- Candidíase mucocutânea, infecção micótica (causada por fungos) que normalmente afeta as partes íntimas ou a boca; na área genital, pode provocar coceira e queimação (com a presença de uma fina camada de secreção branca), e na boca ou na língua podem surgir pintas brancas dolorosas;"", ""camento não interfere no aleitamento do bebê.** \n\n## **Atenção: Contém fenilalanina.** \n\n**Este produto contém benzoato de sódio, que pode causar reações alérgicas, como asma, especialmente em pessoas alérgicas ao ácido acetilsalicílico.** \n\n## **Uso em idosos, crianças e outros grupos de risco** \n\nAs recomendações especiais se referem às dosagens . Não há contraindicação relativa a faixas etárias. \n\n## **Interações medicamentosas** \n\nAlguns medicamentos podem causar efeitos indesejáveis se você os ingerir durante o tratamento com **Amoxil[®]** . Não deixe de avisar seu médico caso você esteja tomando: \n\n- medicamentos usados no tratamento de gota (probenecida ou alopurinol); \n\n- outros antibióticos; \n\n- pílulas anticoncepcionais (como acontece com outros antibióticos, talvez sejam necessárias precauções adicionais para evitar a gravidez); \n\n- anticoagulantes; \n\n- metotrexato (usado para tratar doenças como câncer e psoríase grave). \n\nA alimentação não interfere na ação de **Amoxil[®]** , que pode ser ingerido nas refeições. \n\n2 \n\n**==> picture [86 x 28] intentionally omitted <==**\n\n## Modelo de Texto de Bula – Pacientes Amoxil[®] Pó para suspensão oral \n\n**Informe seu médico ou cirurgião-dentista se você está fazendo uso de algum outro medicamento. Não use medicamento sem o conhecimento de seu médico. Pode ser perigoso para sua saúde.**""]",0.091,90.137
naive_rag,ollama:mediphi-instruct,AMOXIL,dificil,"Em pacientes com insuficiência renal grave submetidos a diálise peritoneal ou hemodiálise, como a bula diferencia o manejo posológico de Amoxil e qual é a justificativa relacionada à remoção da amoxicilina?",dificil,"Para diálise peritoneal, usa-se a mesma posologia indicada para insuficiência renal grave, e a bula informa que a diálise peritoneal não remove a amoxicilina do corpo. Para hemodiálise, também se usa a posologia de insuficiência renal grave, mas a amoxicilina é removida do sangue por hemodiálise; por isso, uma dose adicional de 500 mg para adultos e crianças acima de 40 kg, ou 15 mg/kg para crianças abaixo de 40 kg, pode ser administrada durante e ao final de cada diálise.",COMO DEVO USAR ESTE MEDICAMENTO?,"De acordo com a bula consultada de AMOXIL, consta a seguinte informação: 

Para pacientes que recebem diálise peritoneal ou hemodiálise, o manejo posológico é semelhante ao dos casos em que insuficiência renal grave está presente. A amoxicilina não é removida por esses procedimentos de limpeza do organismo (diálise), mas pode ser necessário administrar uma dose adicional durante e no final da diálise para manter níveis terapêuticos adequados, pois a hemodiálise remove o medicamento do sangue.

---
*Esta resposta se baseia apenas nos trechos da bula recuperados e não substitui orientação médica ou farmacêutica. É recomendável consultar um profissional de saúde para orientação individualizada.*","De acordo com a bula consultada de AMOXIL, consta a seguinte informação: 

Para pacientes que recebem diálise peritoneal ou hemodiálise, o manejo posológico é semelhante ao dos casos em que insuficiência renal grave está presente. A amoxicilina não é removida por esses procedimentos de limpeza do organismo (diálise), mas pode ser necessário administrar uma dose adicional durante e no final da diálise para manter níveis terapêuticos adequados, pois a hemodiálise remove o medicamento do sangue.",TODAS (Naive),"chunk_920654c7064a, chunk_619626ac8cd4, chunk_d22f44452468, chunk_7d57d737a19d, chunk_11cbb1217441, chunk_6fd3c193ea42, chunk_29c1314f7e21, chunk_29c1314f7e21, chunk_381105994f64, chunk_9514da6bb24d, chunk_9514da6bb24d, chunk_e3c9fe99e5cd, chunk_1ddf28119f88, chunk_ca122aa1e079, chunk_9d394eb70d17","[""imo de 500 mg (uma cápsula) duas vezes ao dia (de 12 em 12 horas); \n\n- insuficiência grave: máximo de 500 mg (uma cápsula) ao dia. \n\n3 \n\n**==> picture [87 x 28] intentionally omitted <==**\n\n## Modelo de Texto de Bula – Pacientes Amoxil[®] Cápsulas \n\n## **Pacientes que recebem diálise peritoneal** \n\nUsa-se a mesma posologia indicada para pacientes com insuficiência renal grave. A diálise peritoneal (processo de limpeza das substâncias tóxicas do organismo através do peritônio, membrana que envolve o abdômen) não remove a amoxicilina do corpo. \n\n## **Pacientes que recebem hemodiálise** \n\nUsa-se a mesma posologia indicada para pacientes com insuficiência renal grave. \n\nA amoxicilina é removida do sangue por hemodiálise (processo que substitui os rins na filtragem sanguínea). Portanto, uma dose adicional (500 mg para adultos e crianças acima de 40kg ou 15 mg/kg para crianças abaixo de 40 kg) pode ser administrada durante e no final de cada diálise. \n\nSeu médico poderá indicar tratamento por via parenteral (feito com aplicação de injeções intravenosas, intramusculares ou subcutâneas) nos casos em que a via oral for considerada inadequada (particularmente nos tratamentos urgentes de infecções graves). \n\nConforme o grau de insuficiência renal, talvez seu médico ache necessário reduzir a dose diária total. \n\n**Siga a orientação de seu médico, respeitando sempre os horários, as doses e a duração do tratamento. Não interrompa o tratamento sem o conhecimento de seu médico. Este medicamento não deve ser partido ou mastigado.** \n\n## **7."", ""ave. A diálise peritoneal (processo de limpeza das substâncias tóxicas do organismo através do peritônio, membrana que envolve o abdômen) não remove a amoxicilina do corpo. \n\n## **Pacientes que recebem hemodiálise** \n\nUsa-se a mesma posologia indicada para pacientes com insuficiência renal grave. \n\nA amoxicilina é removida do sangue por hemodiálise (processo que substitui os rins na filtragem sanguínea). Portanto, uma dose adicional (500 mg para adultos e crianças acima de 40kg ou 15 mg/kg para crianças abaixo de 40 kg) pode ser administrada durante e no final de cada diálise. \n\nSeu médico poderá indicar tratamento por via parenteral (feito com aplicação de injeções intravenosas, intramusculares ou subcutâneas) nos casos em que a via oral for considerada inadequada (particularmente nos tratamentos urgentes de infecções graves). \n\nConforme o grau de insuficiência renal, talvez seu médico ache necessário reduzir a dose diária total. \n\n4 \n\n**==> picture [86 x 28] intentionally omitted <==**\n\n## Modelo de Texto de Bula – Pacientes Amoxil[®] Pó para suspensão oral \n\n## **Siga a orientação de seu médico, respeitando sempre os horários, as doses e a duração do tratamento. Não interrompa o tratamento sem o conhecimento de seu médico.** \n\n## **7."", ""já teve diarreia durante ou após o uso de antibióticos. \n\n1 \n\n**==> picture [87 x 28] intentionally omitted <==**\n\n## Modelo de Texto de Bula – Pacientes Amoxil[®] Cápsulas \n\nO uso prolongado também pode resultar, ocasionalmente, em supercrescimento de microrganismos resistentes a **Amoxil[®]** . \n\n**Amoxil[®]** pode piorar algumas condições existentes ou causar efeitos colaterais graves, como reações alérgicas severas, reações cutâneas severas, dor no peito, vômitos repetitivos dentro de 1 a 4 horas após a administração de **Amoxil[®]** ou diarreia grave (colite pseudomembranosa). Você deve estar atento a determinados sintomas enquanto estiver recebendo **Amoxil[®]** para ajudar a reduzir o risco de quaisquer problemas. \n\n## **Efeitos sobre a capacidade de dirigir veículos e de operar máquinas** \n\nNão se observaram efeitos adversos sobre a capacidade de dirigir veículos e de operar máquinas. \n\n## **Gravidez e amamentação** \n\n**Amoxil[®]** pode ser usado na gravidez desde que os benefícios potenciais sejam maiores que os riscos potenciais associados ao tratamento. Informe seu médico se você estiver grávida ou suspeitar que está grávida. Você não deve tomar este medicamento se estiver grávida, exceto se seu médico recomendar. \n\nVocê pode amamentar seu bebê enquanto estiver tomando **Amoxil[®]** , mas há excreção de quantidades mínimas de amoxicilina no leite materno. Se você estiver amamentando, informe ao seu médico antes de iniciar o tratamento com **Amoxil[®]** ."", ""se estiver grávida, exceto se seu médico recomendar. \n\nVocê pode amamentar seu bebê enquanto estiver tomando **Amoxil[®]** , mas há excreção de quantidades mínimas de amoxicilina no leite materno. Se você estiver amamentando, informe ao seu médico antes de iniciar o tratamento com **Amoxil[®]** . \n\n## **Este medicamento não deve ser utilizado por mulheres grávidas sem orientação médica ou do cirurgião-dentista.** \n\n**Uso compatível com o aleitamento ou doação de leite humano. O uso desse medicamento não interfere no aleitamento do bebê.** \n\n## **Uso em idosos, crianças e outros grupos de risco** \n\nAs recomendações especiais se referem às doses . \n\n## **Interações Medicamentosas** \n\nAlguns medicamentos podem causar efeitos indesejáveis se você os ingerir durante o tratamento com **Amoxil[®]** . Não deixe de avisar seu médico caso você esteja tomando: \n\n- medicamentos usados no tratamento de gota (probenecida ou alopurinol); \n\n- outros antibióticos; \n\n- pílulas anticoncepcionais (como acontece com outros antibióticos, talvez sejam necessárias precauções adicionais para evitar a gravidez); \n\n- anticoagulantes; \n\n- metotrexato (usado para tratar doenças como câncer e psoríase grave). A alimentação não interfere na ação de **Amoxil[®]** , que pode ser ingerido nas refeições. \n\n**Informe ao seu médico ou cirurgião-dentista se você está fazendo uso de algum outro medicamento. Não use medicamento sem o conhecimento do seu médico. Pode ser perigoso para a sua saúde.**"", ""íase grave). A alimentação não interfere na ação de **Amoxil[®]** , que pode ser ingerido nas refeições. \n\n**Informe ao seu médico ou cirurgião-dentista se você está fazendo uso de algum outro medicamento. Não use medicamento sem o conhecimento do seu médico. Pode ser perigoso para a sua saúde.** \n\n**Atenção: Contém os corantes vermelho de eritrosina, azul de indigotina, dióxido de titânio e óxido de ferro amarelo que podem, eventualmente, causar reações alérgicas.** \n\n**É importante utilizar este medicamento durante todo o tempo prescrito pelo profissional de saúde habilitado, mesmo que os sinais e sintomas da infecção tenham desaparecido, pois isso não significa a cura. A interrupção do tratamento pode contribuir para o aparecimento de infecções mais graves.** \n\n## **5."", ""utâneas severas, dor no peito, vômitos repetitivos dentro de 1 a 4 horas após a administração de **Amoxil[®]** ou diarreia grave (colite pseudomembranosa). Você deve estar atento a determinados sintomas enquanto estiver recebendo **Amoxil[®]** para ajudar a reduzir o risco de quaisquer problemas. \n\n## **Efeitos sobre a capacidade de dirigir veículos e de operar máquinas** \n\nNão se observaram efeitos adversos sobre a capacidade de dirigir veículos e de operar máquinas. \n\n## **Gravidez e amamentação** \n\n**Amoxil[®]** pode ser usado na gravidez desde que os benefícios potenciais sejam maiores que os riscos potenciais associados ao tratamento. Informe seu médico se você estiver grávida ou suspeitar que está grávida. Você não deve tomar este medicamento se estiver grávida, exceto se seu médico recomendar. \n\nVocê pode amamentar seu bebê enquanto estiver tomando **Amoxil[®]** , mas há excreção de quantidades mínimas de amoxicilina no leite materno. Se você estiver amamentando, informe ao seu médico antes de iniciar o tratamento com **Amoxil[®]** . \n\n## **Este medicamento não deve ser utilizado por mulheres grávidas sem orientação médica ou do cirurgião-dentista.** \n\n**Uso compatível com o aleitamento ou doação de leite humano. O uso desse medicamento não interfere no aleitamento do bebê.** \n\n## **Atenção: Contém fenilalanina.** \n\n**Este produto contém benzoato de sódio, que pode causar reações alérgicas, como asma, especialmente em pessoas alérgicas ao ácido acetilsalicílico.** \n\n## **Uso em idosos, crianças e outros grupos de risco**"", ""PARA QUE ESTE MEDICAMENTO É INDICADO?** \n\n**Amoxil[®]** , um antibiótico eficaz contra grande variedade de bactérias, é indicado para tratamento de infecções bacterianas causadas por germes sensíveis à ação da amoxicilina. Entretanto, seu médico pode receitar este medicamento para outro uso. Se desejar mais informações, pergunte ao seu médico. \n\n## **2."", ""PARA QUE ESTE MEDICAMENTO É INDICADO?** \n\n**Amoxil[®]** , antibiótico eficaz contra grande variedade de bactérias, é indicado para tratamento de infecções bacterianas causadas por germes sensíveis à ação da amoxicilina. Entretanto, seu médico pode receitar este medicamento para outro uso. Se desejar mais informações, pergunte ao seu médico. \n\n## **2."", ""IDENTIFICAÇÃO DO MEDICAMENTO** \n\n**Amoxil**[] \n\namoxicilina \n\n## **APRESENTAÇÕES** \n\nCápsulas de 500 mg em embalagem com 15, 21 ou 30 unidades. \n\n## **USO ORAL** \n\n## **USO ADULTO E PEDIÁTRICO (ACIMA DE 40 KG)** \n\n## **COMPOSIÇÃO** \n\nCada cápsula contém: amoxicilina ................................................................................................................................................................ 500 mg (equivalentes a 575 mg de amoxicilina tri-hidratada) Excipiente[1] q.s.p. .................................................................................................................................................... 1 cápsula \n\n- 1Excipiente: estearato de magnésio. \n\nComposição da cápsula: gelatina, vermelho de eritrosina, azul de indigotina, dióxido de titânio, óxido de ferro amarelo. \n\n## **II) INFORMAÇÕES AO PACIENTE** \n\n## **1."", ""COMO ESTE MEDICAMENTO FUNCIONA?** \n\n**Amoxil[®]** contém uma penicilina chamada amoxicilina como ingrediente ativo. A amoxicilina pertence ao grupo dos antibióticos penicilânicos. **Amoxil[®]** é usado no tratamento de uma gama de infecções causadas por bactérias, que podem manifestar-se nos pulmões (pneumonia e bronquite), nas amígdalas (amigdalite), nos seios da face (sinusite), no trato urinário e genital, na pele e nas mucosas. **Amoxil[®]** atua destruindo as bactérias que causam essas infecções. \n\n## **3."", ""COMO ESTE MEDICAMENTO FUNCIONA?** \n\n**Amoxil[®]** contém uma penicilina chamada amoxicilina como ingrediente ativo. A amoxicilina pertence ao grupo dos antibióticos penicilânicos. **Amoxil[®]** é usado no tratamento de uma gama de infecções causadas por bactérias, que podem manifestar-se nos pulmões (pneumonia e bronquite), nas amígdalas (amigdalite), nos seios da face (sinusite), no trato urinário e genital, na pele e nas mucosas. **Amoxil[®]** atua destruindo as bactérias que causam essas infecções. \n\n## **3."", ""O QUE DEVO SABER ANTES DE USAR ESTE MEDICAMENTO?** \n\n**Amoxil**[] suspensão contém aspartamo, que é fonte de fenilalanina e deve ser usado com cautela em pacientes com fenilcetonúria. Informe seu médico caso você tenha uma doença chamada fenilcetonúria. Antes de iniciar o tratamento com **Amoxil**[] , informe seu médico: \n\n- se você já apresentou reação alérgica a algum antibiótico. Isso pode incluir reações na pele ou inchaço na face ou pescoço ou dores no peito. \n\n1 \n\n**==> picture [86 x 28] intentionally omitted <==**\n\n## Modelo de Texto de Bula – Pacientes Amoxil[®] Pó para suspensão oral \n\n- se você apresenta febre glandular. \n\n- se você toma medicamentos usados para prevenir coágulos sanguíneos (anticoagulantes), tais como varfarina, o seu médico fará um monitoramento e, se necessário, poderá sugerir ajustes na dose dos anticoagulantes. \n\n- se você apresenta problema nos rins. \n\n- se você não estiver urinando regularmente. \n\n- se você já teve diarreia durante ou após o uso de antibióticos. \n\nO uso prolongado também pode resultar, ocasionalmente, em supercrescimento de microrganismos resistentes a **Amoxil[®]** . \n\n**Amoxil[®]** pode piorar algumas condições existentes ou causar efeitos colaterais graves, como reações alérgicas severas, reações cutâneas severas, dor no peito, vômitos repetitivos dentro de 1 a 4 horas após a administração de **Amoxil[®]** ou diarreia grave (colite pseudomembranosa). Você deve estar atento a determinados sintomas enquanto estiver recebendo **Amoxil[®]** para ajudar a reduzir o risco de quaisquer problemas."", ""roxas) que surgem com mais facilidade que o normal; \n\n- Destruição de glóbulos vermelhos e consequentemente anemia (anemia hemolítica), que pode resultar em cansaço, dores de cabeça e falta de ar causada pela prática de exercícios físicos, vertigem, palidez e amarelamento da pele e/ou dos olhos; \n\n- Sinais repentinos de alergia, como erupções da pele, prurido (coceira) ou urticária, inchaço da face, dos lábios, da língua ou de outras partes do corpo, falta de ar, respiração ofegante ou problemas para respirar; se esses sintomas ocorrerem, pare de usar **Amoxil[®]** e procure socorro médico o mais rápido possível; \n\n4 \n\n**==> picture [87 x 28] intentionally omitted <==**\n\n## Modelo de Texto de Bula – Pacientes Amoxil[®] Cápsulas \n\n- Dor no peito, que pode ser um sinal de uma reação alérgica potencialmente grave chamada síndrome de Kounis; \n\n- Vômitos repetitivos (1 a 4 horas após a administração de **Amoxil[®]** ), dores no estômago, sonolência anormal, diarreia e pressão baixa, que podem ser um sinal de uma reação alérgica grave denominada síndrome de enterocolite induzida por medicamentos; \n\n- Convulsões (ataques) podem ocorrer em pacientes com função renal prejudicada ou que estejam recebendo doses altas do medicamento; \n\n- Hipercinesia (presença de movimentos exacerbados e incontrolados), tontura;"", ""IDENTIFICAÇÃO DO MEDICAMENTO** \n\n**Amoxil**[] \n\namoxicilina \n\n## **APRESENTAÇÕES** \n\n**Amoxil**[] pó para suspensão oral é apresentado em embalagem com frasco de 150 mL (250 mg/5 mL e 500 mg/5 mL) acompanhado de colher dosadora. \n\n## **USO ORAL USO ADULTO E PEDIÁTRICO** \n\n## **COMPOSIÇÃO** \n\nCada dose de 5 mL de suspensão oral com 250 mg/5 mL contém: \n\namoxicilina...................................................................................................................................................................250mg (equivalentes a 287 mg de amoxicilina tri-hidratada) veículo[*] q.s.p. .................................................................................................................................................................5 mL \n\nCada dose de 5 mL de suspensão oral com 500 mg/5 mL contém: amoxicilina..................................................................................................................................................................500 mg (equivalentes a 574 mg de amoxicilina tri-hidratada) veículo[*] q.s.p. .................................................................................................................................................................5 mL *Veículo: crospovidona, goma xantana, carmelose sódica, benzoato de sódio, sílica coloidal, estearato de magnésio, sabor de limão-pêssego-morango e aspartamo. \n\n## **II) INFORMAÇÕES AO PACIENTE** \n\n## **1."", ""QUANDO NÃO DEVO USAR ESTE MEDICAMENTO?** \n\nEste medicamento não pode ser usado por pessoas alérgicas à amoxicilina, a outros antibióticos penicilínicos ou antibióticos similares, chamados cefalosporinas. Se você já teve uma reação alérgica (como erupções da pele) ao tomar um antibiótico, deve conversar com seu médico antes de usar **Amoxil[®]** . \n\n## **4.""]",0.122,51.774
naive_rag,ollama:mediphi-instruct,AMOXIL,dificil,"Ao escolher entre cápsulas e suspensão oral de Amoxil para um paciente com fenilcetonúria e histórico de reações alérgicas, quais componentes da formulação exigem cautela e como esses alertas diferem entre as apresentações?",dificil,"Na suspensão oral, a bula informa que há aspartamo, fonte de fenilalanina, devendo ser usado com cautela em pacientes com fenilcetonúria; também informa que contém benzoato de sódio, que pode causar reações alérgicas, como asma, especialmente em pessoas alérgicas ao ácido acetilsalicílico. Nas cápsulas, a bula alerta para corantes como vermelho de eritrosina, azul de indigotina, dióxido de titânio e óxido de ferro amarelo, que podem eventualmente causar reações alérgicas. Assim, a avaliação depende da apresentação e do tipo de risco do paciente.",IDENTIFICAÇÃO DO MEDICAMENTO / COMPOSIÇÃO / O QUE DEVO SABER ANTES DE USAR ESTE MEDICAMENTO?,"De acordo com a bula consultada do medicamento Amoxil[®], para pacientes que possuem fenilcetonúria, o pó de suspensão oral contém aspartamo e deve ser usado com cautela. Ao escolher entre as apresentações em cápsulas ou suspensão oral devido a um histórico de reações alérgicas, é importante notar que ambas possuem excipientes como estearato de magnésio; no entanto, o pó para suspensão contém aspartamo. Portanto, em pacientes com fenilcetonúria e preocupação por reações alérgicas a amoxicilina ou componentes semelhantes da formulação (como aspartato), deve-se optar pela cápsula para evitar o risco de exacerbar os sintomas.

---
*Esta resposta se baseia apenas nos trechos da bula recuperados e não substitui orientação médica ou farmacêutica.*","De acordo com a bula consultada do medicamento Amoxil[®], para pacientes que possuem fenilcetonúria, o pó de suspensão oral contém aspartamo e deve ser usado com cautela. Ao escolher entre as apresentações em cápsulas ou suspensão oral devido a um histórico de reações alérgicas, é importante notar que ambas possuem excipientes como estearato de magnésio; no entanto, o pó para suspensão contém aspartamo. Portanto, em pacientes com fenilcetonúria e preocupação por reações alérgicas a amoxicilina ou componentes semelhantes da formulação (como aspartato), deve-se optar pela cápsula para evitar o risco de exacerbar os sintomas.",TODAS (Naive),"chunk_920654c7064a, chunk_381105994f64, chunk_d22f44452468, chunk_7d57d737a19d, chunk_11cbb1217441, chunk_6fd3c193ea42, chunk_619626ac8cd4, chunk_e3c9fe99e5cd, chunk_29c1314f7e21, chunk_29c1314f7e21, chunk_dc0a772ae1a8, chunk_ca122aa1e079, chunk_9514da6bb24d, chunk_9514da6bb24d, chunk_f81a2a346d66","[""imo de 500 mg (uma cápsula) duas vezes ao dia (de 12 em 12 horas); \n\n- insuficiência grave: máximo de 500 mg (uma cápsula) ao dia. \n\n3 \n\n**==> picture [87 x 28] intentionally omitted <==**\n\n## Modelo de Texto de Bula – Pacientes Amoxil[®] Cápsulas \n\n## **Pacientes que recebem diálise peritoneal** \n\nUsa-se a mesma posologia indicada para pacientes com insuficiência renal grave. A diálise peritoneal (processo de limpeza das substâncias tóxicas do organismo através do peritônio, membrana que envolve o abdômen) não remove a amoxicilina do corpo. \n\n## **Pacientes que recebem hemodiálise** \n\nUsa-se a mesma posologia indicada para pacientes com insuficiência renal grave. \n\nA amoxicilina é removida do sangue por hemodiálise (processo que substitui os rins na filtragem sanguínea). Portanto, uma dose adicional (500 mg para adultos e crianças acima de 40kg ou 15 mg/kg para crianças abaixo de 40 kg) pode ser administrada durante e no final de cada diálise. \n\nSeu médico poderá indicar tratamento por via parenteral (feito com aplicação de injeções intravenosas, intramusculares ou subcutâneas) nos casos em que a via oral for considerada inadequada (particularmente nos tratamentos urgentes de infecções graves). \n\nConforme o grau de insuficiência renal, talvez seu médico ache necessário reduzir a dose diária total. \n\n**Siga a orientação de seu médico, respeitando sempre os horários, as doses e a duração do tratamento. Não interrompa o tratamento sem o conhecimento de seu médico. Este medicamento não deve ser partido ou mastigado.** \n\n## **7."", ""IDENTIFICAÇÃO DO MEDICAMENTO** \n\n**Amoxil**[] \n\namoxicilina \n\n## **APRESENTAÇÕES** \n\nCápsulas de 500 mg em embalagem com 15, 21 ou 30 unidades. \n\n## **USO ORAL** \n\n## **USO ADULTO E PEDIÁTRICO (ACIMA DE 40 KG)** \n\n## **COMPOSIÇÃO** \n\nCada cápsula contém: amoxicilina ................................................................................................................................................................ 500 mg (equivalentes a 575 mg de amoxicilina tri-hidratada) Excipiente[1] q.s.p. .................................................................................................................................................... 1 cápsula \n\n- 1Excipiente: estearato de magnésio. \n\nComposição da cápsula: gelatina, vermelho de eritrosina, azul de indigotina, dióxido de titânio, óxido de ferro amarelo. \n\n## **II) INFORMAÇÕES AO PACIENTE** \n\n## **1."", ""já teve diarreia durante ou após o uso de antibióticos. \n\n1 \n\n**==> picture [87 x 28] intentionally omitted <==**\n\n## Modelo de Texto de Bula – Pacientes Amoxil[®] Cápsulas \n\nO uso prolongado também pode resultar, ocasionalmente, em supercrescimento de microrganismos resistentes a **Amoxil[®]** . \n\n**Amoxil[®]** pode piorar algumas condições existentes ou causar efeitos colaterais graves, como reações alérgicas severas, reações cutâneas severas, dor no peito, vômitos repetitivos dentro de 1 a 4 horas após a administração de **Amoxil[®]** ou diarreia grave (colite pseudomembranosa). Você deve estar atento a determinados sintomas enquanto estiver recebendo **Amoxil[®]** para ajudar a reduzir o risco de quaisquer problemas. \n\n## **Efeitos sobre a capacidade de dirigir veículos e de operar máquinas** \n\nNão se observaram efeitos adversos sobre a capacidade de dirigir veículos e de operar máquinas. \n\n## **Gravidez e amamentação** \n\n**Amoxil[®]** pode ser usado na gravidez desde que os benefícios potenciais sejam maiores que os riscos potenciais associados ao tratamento. Informe seu médico se você estiver grávida ou suspeitar que está grávida. Você não deve tomar este medicamento se estiver grávida, exceto se seu médico recomendar. \n\nVocê pode amamentar seu bebê enquanto estiver tomando **Amoxil[®]** , mas há excreção de quantidades mínimas de amoxicilina no leite materno. Se você estiver amamentando, informe ao seu médico antes de iniciar o tratamento com **Amoxil[®]** ."", ""se estiver grávida, exceto se seu médico recomendar. \n\nVocê pode amamentar seu bebê enquanto estiver tomando **Amoxil[®]** , mas há excreção de quantidades mínimas de amoxicilina no leite materno. Se você estiver amamentando, informe ao seu médico antes de iniciar o tratamento com **Amoxil[®]** . \n\n## **Este medicamento não deve ser utilizado por mulheres grávidas sem orientação médica ou do cirurgião-dentista.** \n\n**Uso compatível com o aleitamento ou doação de leite humano. O uso desse medicamento não interfere no aleitamento do bebê.** \n\n## **Uso em idosos, crianças e outros grupos de risco** \n\nAs recomendações especiais se referem às doses . \n\n## **Interações Medicamentosas** \n\nAlguns medicamentos podem causar efeitos indesejáveis se você os ingerir durante o tratamento com **Amoxil[®]** . Não deixe de avisar seu médico caso você esteja tomando: \n\n- medicamentos usados no tratamento de gota (probenecida ou alopurinol); \n\n- outros antibióticos; \n\n- pílulas anticoncepcionais (como acontece com outros antibióticos, talvez sejam necessárias precauções adicionais para evitar a gravidez); \n\n- anticoagulantes; \n\n- metotrexato (usado para tratar doenças como câncer e psoríase grave). A alimentação não interfere na ação de **Amoxil[®]** , que pode ser ingerido nas refeições. \n\n**Informe ao seu médico ou cirurgião-dentista se você está fazendo uso de algum outro medicamento. Não use medicamento sem o conhecimento do seu médico. Pode ser perigoso para a sua saúde.**"", ""íase grave). A alimentação não interfere na ação de **Amoxil[®]** , que pode ser ingerido nas refeições. \n\n**Informe ao seu médico ou cirurgião-dentista se você está fazendo uso de algum outro medicamento. Não use medicamento sem o conhecimento do seu médico. Pode ser perigoso para a sua saúde.** \n\n**Atenção: Contém os corantes vermelho de eritrosina, azul de indigotina, dióxido de titânio e óxido de ferro amarelo que podem, eventualmente, causar reações alérgicas.** \n\n**É importante utilizar este medicamento durante todo o tempo prescrito pelo profissional de saúde habilitado, mesmo que os sinais e sintomas da infecção tenham desaparecido, pois isso não significa a cura. A interrupção do tratamento pode contribuir para o aparecimento de infecções mais graves.** \n\n## **5."", ""utâneas severas, dor no peito, vômitos repetitivos dentro de 1 a 4 horas após a administração de **Amoxil[®]** ou diarreia grave (colite pseudomembranosa). Você deve estar atento a determinados sintomas enquanto estiver recebendo **Amoxil[®]** para ajudar a reduzir o risco de quaisquer problemas. \n\n## **Efeitos sobre a capacidade de dirigir veículos e de operar máquinas** \n\nNão se observaram efeitos adversos sobre a capacidade de dirigir veículos e de operar máquinas. \n\n## **Gravidez e amamentação** \n\n**Amoxil[®]** pode ser usado na gravidez desde que os benefícios potenciais sejam maiores que os riscos potenciais associados ao tratamento. Informe seu médico se você estiver grávida ou suspeitar que está grávida. Você não deve tomar este medicamento se estiver grávida, exceto se seu médico recomendar. \n\nVocê pode amamentar seu bebê enquanto estiver tomando **Amoxil[®]** , mas há excreção de quantidades mínimas de amoxicilina no leite materno. Se você estiver amamentando, informe ao seu médico antes de iniciar o tratamento com **Amoxil[®]** . \n\n## **Este medicamento não deve ser utilizado por mulheres grávidas sem orientação médica ou do cirurgião-dentista.** \n\n**Uso compatível com o aleitamento ou doação de leite humano. O uso desse medicamento não interfere no aleitamento do bebê.** \n\n## **Atenção: Contém fenilalanina.** \n\n**Este produto contém benzoato de sódio, que pode causar reações alérgicas, como asma, especialmente em pessoas alérgicas ao ácido acetilsalicílico.** \n\n## **Uso em idosos, crianças e outros grupos de risco**"", ""ave. A diálise peritoneal (processo de limpeza das substâncias tóxicas do organismo através do peritônio, membrana que envolve o abdômen) não remove a amoxicilina do corpo. \n\n## **Pacientes que recebem hemodiálise** \n\nUsa-se a mesma posologia indicada para pacientes com insuficiência renal grave. \n\nA amoxicilina é removida do sangue por hemodiálise (processo que substitui os rins na filtragem sanguínea). Portanto, uma dose adicional (500 mg para adultos e crianças acima de 40kg ou 15 mg/kg para crianças abaixo de 40 kg) pode ser administrada durante e no final de cada diálise. \n\nSeu médico poderá indicar tratamento por via parenteral (feito com aplicação de injeções intravenosas, intramusculares ou subcutâneas) nos casos em que a via oral for considerada inadequada (particularmente nos tratamentos urgentes de infecções graves). \n\nConforme o grau de insuficiência renal, talvez seu médico ache necessário reduzir a dose diária total. \n\n4 \n\n**==> picture [86 x 28] intentionally omitted <==**\n\n## Modelo de Texto de Bula – Pacientes Amoxil[®] Pó para suspensão oral \n\n## **Siga a orientação de seu médico, respeitando sempre os horários, as doses e a duração do tratamento. Não interrompa o tratamento sem o conhecimento de seu médico.** \n\n## **7."", ""O QUE DEVO SABER ANTES DE USAR ESTE MEDICAMENTO?** \n\n**Amoxil**[] suspensão contém aspartamo, que é fonte de fenilalanina e deve ser usado com cautela em pacientes com fenilcetonúria. Informe seu médico caso você tenha uma doença chamada fenilcetonúria. Antes de iniciar o tratamento com **Amoxil**[] , informe seu médico: \n\n- se você já apresentou reação alérgica a algum antibiótico. Isso pode incluir reações na pele ou inchaço na face ou pescoço ou dores no peito. \n\n1 \n\n**==> picture [86 x 28] intentionally omitted <==**\n\n## Modelo de Texto de Bula – Pacientes Amoxil[®] Pó para suspensão oral \n\n- se você apresenta febre glandular. \n\n- se você toma medicamentos usados para prevenir coágulos sanguíneos (anticoagulantes), tais como varfarina, o seu médico fará um monitoramento e, se necessário, poderá sugerir ajustes na dose dos anticoagulantes. \n\n- se você apresenta problema nos rins. \n\n- se você não estiver urinando regularmente. \n\n- se você já teve diarreia durante ou após o uso de antibióticos. \n\nO uso prolongado também pode resultar, ocasionalmente, em supercrescimento de microrganismos resistentes a **Amoxil[®]** . \n\n**Amoxil[®]** pode piorar algumas condições existentes ou causar efeitos colaterais graves, como reações alérgicas severas, reações cutâneas severas, dor no peito, vômitos repetitivos dentro de 1 a 4 horas após a administração de **Amoxil[®]** ou diarreia grave (colite pseudomembranosa). Você deve estar atento a determinados sintomas enquanto estiver recebendo **Amoxil[®]** para ajudar a reduzir o risco de quaisquer problemas."", ""PARA QUE ESTE MEDICAMENTO É INDICADO?** \n\n**Amoxil[®]** , um antibiótico eficaz contra grande variedade de bactérias, é indicado para tratamento de infecções bacterianas causadas por germes sensíveis à ação da amoxicilina. Entretanto, seu médico pode receitar este medicamento para outro uso. Se desejar mais informações, pergunte ao seu médico. \n\n## **2."", ""PARA QUE ESTE MEDICAMENTO É INDICADO?** \n\n**Amoxil[®]** , antibiótico eficaz contra grande variedade de bactérias, é indicado para tratamento de infecções bacterianas causadas por germes sensíveis à ação da amoxicilina. Entretanto, seu médico pode receitar este medicamento para outro uso. Se desejar mais informações, pergunte ao seu médico. \n\n## **2."", ""la Peyennière, 53100, Mayenne – França. \n\n5 \n\n**==> picture [87 x 28] intentionally omitted <==**\n\n## Modelo de Texto de Bula – Pacientes Amoxil[®] Cápsulas \n\nImportado e Registrado por: **GlaxoSmithKline Brasil Ltda.** Estrada dos Bandeirantes, 8464 - Rio de Janeiro - RJ CNPJ: 33.247.743/0001-10 \n\n## **VENDA SOB PRESCRIÇÃO COM RETENÇÃO DA RECEITA** \n\nL1991_amoxil_cap_gel_dura_GDS35_IPI16 \n\n**==> picture [43 x 43] intentionally omitted <==**\n\n**==> picture [50 x 41] intentionally omitted <==**\n\n6 \n\n## **"", ""IDENTIFICAÇÃO DO MEDICAMENTO** \n\n**Amoxil**[] \n\namoxicilina \n\n## **APRESENTAÇÕES** \n\n**Amoxil**[] pó para suspensão oral é apresentado em embalagem com frasco de 150 mL (250 mg/5 mL e 500 mg/5 mL) acompanhado de colher dosadora. \n\n## **USO ORAL USO ADULTO E PEDIÁTRICO** \n\n## **COMPOSIÇÃO** \n\nCada dose de 5 mL de suspensão oral com 250 mg/5 mL contém: \n\namoxicilina...................................................................................................................................................................250mg (equivalentes a 287 mg de amoxicilina tri-hidratada) veículo[*] q.s.p. .................................................................................................................................................................5 mL \n\nCada dose de 5 mL de suspensão oral com 500 mg/5 mL contém: amoxicilina..................................................................................................................................................................500 mg (equivalentes a 574 mg de amoxicilina tri-hidratada) veículo[*] q.s.p. .................................................................................................................................................................5 mL *Veículo: crospovidona, goma xantana, carmelose sódica, benzoato de sódio, sílica coloidal, estearato de magnésio, sabor de limão-pêssego-morango e aspartamo. \n\n## **II) INFORMAÇÕES AO PACIENTE** \n\n## **1."", ""COMO ESTE MEDICAMENTO FUNCIONA?** \n\n**Amoxil[®]** contém uma penicilina chamada amoxicilina como ingrediente ativo. A amoxicilina pertence ao grupo dos antibióticos penicilânicos. **Amoxil[®]** é usado no tratamento de uma gama de infecções causadas por bactérias, que podem manifestar-se nos pulmões (pneumonia e bronquite), nas amígdalas (amigdalite), nos seios da face (sinusite), no trato urinário e genital, na pele e nas mucosas. **Amoxil[®]** atua destruindo as bactérias que causam essas infecções. \n\n## **3."", ""COMO ESTE MEDICAMENTO FUNCIONA?** \n\n**Amoxil[®]** contém uma penicilina chamada amoxicilina como ingrediente ativo. A amoxicilina pertence ao grupo dos antibióticos penicilânicos. **Amoxil[®]** é usado no tratamento de uma gama de infecções causadas por bactérias, que podem manifestar-se nos pulmões (pneumonia e bronquite), nas amígdalas (amigdalite), nos seios da face (sinusite), no trato urinário e genital, na pele e nas mucosas. **Amoxil[®]** atua destruindo as bactérias que causam essas infecções. \n\n## **3."", ""86 x 28] intentionally omitted <==**\n\n## Modelo de Texto de Bula – Pacientes Amoxil[®] Pó para suspensão oral \n\n**Informe seu médico ou cirurgião-dentista se você está fazendo uso de algum outro medicamento. Não use medicamento sem o conhecimento de seu médico. Pode ser perigoso para sua saúde.** \n\n**É importante utilizar este medicamento durante todo o tempo prescrito pelo profissional de saúde habilitado, mesmo que os sinais e sintomas da infecção tenham desaparecido, pois isso não significa a cura. A interrupção do tratamento pode contribuir para o aparecimento de infecções mais graves.** \n\n## **5.""]",0.068,62.865
naive_rag,ollama:mediphi-instruct,AMOXIL,dificil,"Durante o uso de Amoxil, um paciente apresenta diarreia grave com sangue e cólicas abdominais, além de erupção cutânea com bolhas. Que eventos graves descritos na bula devem ser considerados e qual conduta a bula orienta diante de sinais alérgicos importantes?",dificil,"A diarreia grave, possivelmente com sangue e acompanhada de cólicas, é compatível com colite associada a antibióticos descrita na bula. A erupção cutânea com bolhas pode corresponder a reações cutâneas graves, como eritema multiforme, necrólise epidérmica tóxica, síndrome de Stevens-Johnson, dermatite esfoliativa bolhosa, exantema pustuloso, doença IgA linear, DRESS ou SDRIFE. A bula alerta que Amoxil pode causar reações alérgicas severas e reações cutâneas severas; diante de sinais repentinos de alergia, como erupção, coceira, urticária, inchaço da face/lábios/língua, falta de ar ou problemas para respirar, o paciente deve parar de usar Amoxil e procurar socorro médico o mais rápido possível.",O QUE DEVO SABER ANTES DE USAR ESTE MEDICAMENTO? / QUAIS OS MALES QUE ESTE MEDICAMENTO PODE ME CAUSAR?,"De acordo com o texto da bula, os sintomas que você descreveu são graves. O medicamento pode causar erupção cutânea generalizada (exantema pustulosa bolhoso) e reações alérgicas severas incluindo urticária ou coceira intensa com inchaço da face, dos lábios, do nariz ou de outras partes. Se esses sintomas ocorrerem, pare imediatamente de usar **Amoxil[®]** e procure socorro médico urgente para tratar possíveis reações alérgicas graves como a síndrome de Kounis ou eritema multiforme.

---
*Esta resposta se baseia apenas nos trechos da bula recuperados e não substitui orientação médica ou farmacêutica.*","De acordo com o texto da bula, os sintomas que você descreveu são graves. O medicamento pode causar erupção cutânea generalizada (exantema pustulosa bolhoso) e reações alérgicas severas incluindo urticária ou coceira intensa com inchaço da face, dos lábios, do nariz ou de outras partes. Se esses sintomas ocorrerem, pare imediatamente de usar **Amoxil[®]** e procure socorro médico urgente para tratar possíveis reações alérgicas graves como a síndrome de Kounis ou eritema multiforme.",TODAS (Naive),"chunk_11cbb1217441, chunk_6fd3c193ea42, chunk_d22f44452468, chunk_f81a2a346d66, chunk_2273c1b76ec0, chunk_1ddf28119f88, chunk_2273c1b76ec0, chunk_7d57d737a19d, chunk_7d57d737a19d, chunk_7d57d737a19d, chunk_09405370d2ab, chunk_7d57d737a19d, chunk_cb37aafa6f60, chunk_2d77bceb8a02, chunk_920654c7064a","[""íase grave). A alimentação não interfere na ação de **Amoxil[®]** , que pode ser ingerido nas refeições. \n\n**Informe ao seu médico ou cirurgião-dentista se você está fazendo uso de algum outro medicamento. Não use medicamento sem o conhecimento do seu médico. Pode ser perigoso para a sua saúde.** \n\n**Atenção: Contém os corantes vermelho de eritrosina, azul de indigotina, dióxido de titânio e óxido de ferro amarelo que podem, eventualmente, causar reações alérgicas.** \n\n**É importante utilizar este medicamento durante todo o tempo prescrito pelo profissional de saúde habilitado, mesmo que os sinais e sintomas da infecção tenham desaparecido, pois isso não significa a cura. A interrupção do tratamento pode contribuir para o aparecimento de infecções mais graves.** \n\n## **5."", ""utâneas severas, dor no peito, vômitos repetitivos dentro de 1 a 4 horas após a administração de **Amoxil[®]** ou diarreia grave (colite pseudomembranosa). Você deve estar atento a determinados sintomas enquanto estiver recebendo **Amoxil[®]** para ajudar a reduzir o risco de quaisquer problemas. \n\n## **Efeitos sobre a capacidade de dirigir veículos e de operar máquinas** \n\nNão se observaram efeitos adversos sobre a capacidade de dirigir veículos e de operar máquinas. \n\n## **Gravidez e amamentação** \n\n**Amoxil[®]** pode ser usado na gravidez desde que os benefícios potenciais sejam maiores que os riscos potenciais associados ao tratamento. Informe seu médico se você estiver grávida ou suspeitar que está grávida. Você não deve tomar este medicamento se estiver grávida, exceto se seu médico recomendar. \n\nVocê pode amamentar seu bebê enquanto estiver tomando **Amoxil[®]** , mas há excreção de quantidades mínimas de amoxicilina no leite materno. Se você estiver amamentando, informe ao seu médico antes de iniciar o tratamento com **Amoxil[®]** . \n\n## **Este medicamento não deve ser utilizado por mulheres grávidas sem orientação médica ou do cirurgião-dentista.** \n\n**Uso compatível com o aleitamento ou doação de leite humano. O uso desse medicamento não interfere no aleitamento do bebê.** \n\n## **Atenção: Contém fenilalanina.** \n\n**Este produto contém benzoato de sódio, que pode causar reações alérgicas, como asma, especialmente em pessoas alérgicas ao ácido acetilsalicílico.** \n\n## **Uso em idosos, crianças e outros grupos de risco**"", ""já teve diarreia durante ou após o uso de antibióticos. \n\n1 \n\n**==> picture [87 x 28] intentionally omitted <==**\n\n## Modelo de Texto de Bula – Pacientes Amoxil[®] Cápsulas \n\nO uso prolongado também pode resultar, ocasionalmente, em supercrescimento de microrganismos resistentes a **Amoxil[®]** . \n\n**Amoxil[®]** pode piorar algumas condições existentes ou causar efeitos colaterais graves, como reações alérgicas severas, reações cutâneas severas, dor no peito, vômitos repetitivos dentro de 1 a 4 horas após a administração de **Amoxil[®]** ou diarreia grave (colite pseudomembranosa). Você deve estar atento a determinados sintomas enquanto estiver recebendo **Amoxil[®]** para ajudar a reduzir o risco de quaisquer problemas. \n\n## **Efeitos sobre a capacidade de dirigir veículos e de operar máquinas** \n\nNão se observaram efeitos adversos sobre a capacidade de dirigir veículos e de operar máquinas. \n\n## **Gravidez e amamentação** \n\n**Amoxil[®]** pode ser usado na gravidez desde que os benefícios potenciais sejam maiores que os riscos potenciais associados ao tratamento. Informe seu médico se você estiver grávida ou suspeitar que está grávida. Você não deve tomar este medicamento se estiver grávida, exceto se seu médico recomendar. \n\nVocê pode amamentar seu bebê enquanto estiver tomando **Amoxil[®]** , mas há excreção de quantidades mínimas de amoxicilina no leite materno. Se você estiver amamentando, informe ao seu médico antes de iniciar o tratamento com **Amoxil[®]** ."", ""86 x 28] intentionally omitted <==**\n\n## Modelo de Texto de Bula – Pacientes Amoxil[®] Pó para suspensão oral \n\n**Informe seu médico ou cirurgião-dentista se você está fazendo uso de algum outro medicamento. Não use medicamento sem o conhecimento de seu médico. Pode ser perigoso para sua saúde.** \n\n**É importante utilizar este medicamento durante todo o tempo prescrito pelo profissional de saúde habilitado, mesmo que os sinais e sintomas da infecção tenham desaparecido, pois isso não significa a cura. A interrupção do tratamento pode contribuir para o aparecimento de infecções mais graves.** \n\n## **5."", ""QUAIS OS MALES QUE ESTE MEDICAMENTO PODE ME CAUSAR?** \n\nAvise seu médico o mais cedo possível se você não se sentir bem durante o tratamento com **Amoxil[®]** . Assim como todo medicamento, **Amoxil[®]** pode provocar reações adversas, porém isso não ocorre com todas as pessoas. Os efeitos colaterais deste medicamento geralmente são leves. \n\n## **Reações comuns (ocorrem entre 1% e 10% dos pacientes que utilizam este medicamento):** \n\n- Diarreia (várias evacuações amolecidas por dia) e enjoo; quando isso acontece, os sintomas normalmente são leves e com frequência podem ser evitados tomando-se o medicamento no início das refeições. Se continuarem ou se tornarem graves, consulte o médico; \n\n- Erupções da pele. \n\n## **Reações incomuns (ocorrem entre 0,1% e 1% dos pacientes que utilizam este medicamento):** \n\n- Vômito, urticária e coceira. \n\n## **Reações muito raras (ocorrem em menos de 0,01% dos pacientes que utilizam este medicamento):** \n\n- Diminuição de glóbulos brancos (leucopenia reversível), que pode resultar em infecções frequentes, como febre, calafrios, inflamação da garganta ou úlceras na boca; \n\n- Baixa contagem de plaquetas (trombocitopenia reversível), que pode resultar em sangramento ou hematomas (manchas roxas que surgem com mais facilidade que o normal); \n\n- Destruição de glóbulos vermelhos e consequentemente anemia (anemia hemolítica), que pode resultar em cansaço, dores de cabeça e falta de ar causada pela prática de exercícios físicos, vertigem, palidez e amarelamento da pele e/ou dos olhos;"", ""roxas) que surgem com mais facilidade que o normal; \n\n- Destruição de glóbulos vermelhos e consequentemente anemia (anemia hemolítica), que pode resultar em cansaço, dores de cabeça e falta de ar causada pela prática de exercícios físicos, vertigem, palidez e amarelamento da pele e/ou dos olhos; \n\n- Sinais repentinos de alergia, como erupções da pele, prurido (coceira) ou urticária, inchaço da face, dos lábios, da língua ou de outras partes do corpo, falta de ar, respiração ofegante ou problemas para respirar; se esses sintomas ocorrerem, pare de usar **Amoxil[®]** e procure socorro médico o mais rápido possível; \n\n4 \n\n**==> picture [87 x 28] intentionally omitted <==**\n\n## Modelo de Texto de Bula – Pacientes Amoxil[®] Cápsulas \n\n- Dor no peito, que pode ser um sinal de uma reação alérgica potencialmente grave chamada síndrome de Kounis; \n\n- Vômitos repetitivos (1 a 4 horas após a administração de **Amoxil[®]** ), dores no estômago, sonolência anormal, diarreia e pressão baixa, que podem ser um sinal de uma reação alérgica grave denominada síndrome de enterocolite induzida por medicamentos; \n\n- Convulsões (ataques) podem ocorrer em pacientes com função renal prejudicada ou que estejam recebendo doses altas do medicamento; \n\n- Hipercinesia (presença de movimentos exacerbados e incontrolados), tontura;"", ""QUAIS OS MALES QUE ESTE MEDICAMENTO PODE ME CAUSAR?** \n\nAvise seu médico o mais cedo possível se você não se sentir bem durante o tratamento com **Amoxil[®]** . Assim como todo medicamento, **Amoxil[®]** pode provocar reações adversas, porém isso não ocorre com todas as pessoas. Os efeitos colaterais deste medicamento geralmente são leves. \n\n## **Reações comuns (ocorrem entre 1% e 10% dos pacientes que utilizam este medicamento):** \n\n- Diarreia (várias evacuações amolecidas por dia) e enjoo; quando isso acontece, os sintomas normalmente são leves e com frequência podem ser evitados tomando-se o medicamento no início das refeições. Se continuarem ou se tornarem graves, consulte o médico. \n\n- Erupções da pele. \n\n## **Reações incomuns (ocorrem entre 0,1% e 1% dos pacientes que utilizam este medicamento):** \n\n- Vômito, urticária e coceira. \n\n## **Reações muito raras (ocorrem em menos de 0,01% dos pacientes que utilizam este medicamento):** \n\n- Diminuição de glóbulos brancos (leucopenia reversível), que pode resultar em infecções frequentes, como febre, calafrios, inflamação da garganta ou úlceras na boca; \n\n- Baixa contagem de plaquetas (trombocitopenia reversível), que pode resultar em sangramento ou hematomas (manchas roxas) que surgem com mais facilidade que o normal; \n\n- Destruição de glóbulos vermelhos e consequentemente anemia (anemia hemolítica), que pode resultar em cansaço, dores de cabeça e falta de ar causada pela prática de exercícios físicos, vertigem, palidez e amarelamento da pele e/ou dos olhos;"", ""eação alérgica grave denominada síndrome de enterocolite induzida por medicamentos; \n\n- Convulsões (ataques) podem ocorrer em pacientes com função renal prejudicada ou que estejam recebendo doses altas do medicamento; \n\n- Hipercinesia (presença de movimentos exacerbados e incontrolados), tontura; \n\n- Candidíase mucocutânea, infecção micótica (causada por fungos) que normalmente afeta as partes íntimas ou a boca; na área genital, pode provocar coceira e queimação (com a presença de uma fina camada de secreção branca), e na boca ou na língua podem surgir pintas brancas dolorosas; \n\n- Colite associada a antibióticos (inflamação no cólon (intestino grosso), causando diarreia grave, que também pode conter sangue e ser acompanhada de cólicas abdominais; \n\n- Sua língua pode mudar de cor, ficando amarela, marrom ou preta, e dar a impressão de ter pelos (língua pilosa negra); \n\n- Inflamação da membrana que reveste o cérebro (meningite asséptica); \n\n- Erupção cutânea com bolhas dispostas em círculo com crosta central ou como um colar de pérolas (doença IgA linear); - Efeitos relacionados ao fígado; esses sintomas podem manifestar-se como enjoo, vômito, perda de apetite, sensação geral de mal-estar, febre, coceira, amarelamento da pele e dos olhos e escurecimento da urina e aumento de algumas substâncias (enzimas) produzidas pelo fígado;"", ""ara suspensão oral \n\n- Efeitos relacionados ao fígado; esses sintomas podem manifestar-se como enjoo, vômito, perda de apetite, sensação geral de mal-estar, febre, coceira, amarelamento da pele e dos olhos e escurecimento da urina e aumento de algumas substâncias (enzimas) produzidas pelo fígado; \n\n- Reações cutâneas graves: erupção cutânea (eritema multiforme), que pode formar bolhas (com pequenas manchas escuras centrais rodeadas por uma área pálida, com um anel escuro ao redor da borda); erupção cutânea generalizada com bolhas e descamação da pele na maior parte da superfície corporal (necrólise epidérmica tóxica); erupções na pele com bolhas e descamação, especialmente ao redor da boca, nariz, olhos e genitais (síndrome de Stevens-Johnson); erupções na pele com bolhas contendo pus (dermatite esfoliativa bolhosa); erupções escamosas na pele, com bolhas e inchaços sob a pele (exantema pustuloso); \n\n- Doença renal (problemas para urinar, possivelmente com dor e presença de sangue ou cristais na urina); \n\n- Sintomas semelhantes aos da gripe com erupção cutânea, febre, glândulas inchadas e resultados anormais de exames de sangue (incluindo o aumento dos glóbulos brancos (eosinofilia) e enzimas hepáticas) (Reações do medicamento com eosinofilia e sintomas sistêmicos (DRESS)); \n\n- Erupção cutânea vermelha comumente observada em ambos os lados das nádegas, parte interna superior das coxas, axilas, pescoço (Exantema Intertriginoso e Flexural Simétrico Relacionado a Medicamentos (SDRIFE))."", ""(doença IgA linear); - Efeitos relacionados ao fígado; esses sintomas podem manifestar-se como enjoo, vômito, perda de apetite, sensação geral de mal-estar, febre, coceira, amarelamento da pele e dos olhos e escurecimento da urina e aumento de algumas substâncias (enzimas) produzidas pelo fígado; \n\n- Reações cutâneas graves: erupção cutânea (eritema multiforme), que pode formar bolhas (com pequenas manchas escuras centrais rodeadas por uma área pálida, com um anel escuro ao redor da borda); erupção cutânea generalizada com bolhas e descamação da pele na maior parte da superfície corporal (necrólise epidérmica tóxica); erupções na pele com bolhas e descamação, especialmente ao redor da boca, nariz, olhos e genitais (síndrome de Stevens-Johnson); erupções na pele com bolhas contendo pus (dermatite esfoliativa bolhosa); erupções escamosas na pele, com bolhas e inchaços sob a pele (exantema pustuloso); \n\n- Doença renal (problemas para urinar, possivelmente com dor e presença de sangue ou cristais na urina); \n\n- Sintomas semelhantes aos da gripe com erupção cutânea, febre, glândulas inchadas e resultados anormais de exames de sangue (incluindo o aumento dos glóbulos brancos (eosinofilia) e enzimas hepáticas) (Reação do medicamento com eosinofilia e sintomas sistêmicos (DRESS)); \n\n- uma erupção cutânea vermelha comumente observada em ambos os lados das nádegas, parte interna superior das coxas, axilas, pescoço (Exantema Intertriginoso e Flexural Simétrico Relacionado a Medicamentos (SDRIFE))."", ""roxas que surgem com mais facilidade que o normal); \n\n- Destruição de glóbulos vermelhos e consequentemente anemia (anemia hemolítica), que pode resultar em cansaço, dores de cabeça e falta de ar causada pela prática de exercícios físicos, vertigem, palidez e amarelamento da pele e/ou dos olhos; \n\n- Sinais repentinos de alergia, tais como erupções da pele, prurido (coceira) ou urticária, inchaço da face, dos lábios, da língua ou de outras partes do corpo, falta de ar, respiração ofegante ou problemas para respirar; se esses sintomas ocorrerem, pare de usar o medicamento e procure socorro médico o mais rápido possível; \n\n- Dor no peito, que pode ser um sinal de uma reação alérgica potencialmente grave chamada síndrome de Kounis; \n\n- Vômitos repetitivos (1 a 4 horas após a administração de **Amoxil[®]** ), dores no estômago, sonolência anormal, diarreia e pressão baixa, que podem ser um sinal de uma reação alérgica grave denominada síndrome de enterocolite induzida por medicamentos; \n\n- Convulsões podem ocorrer em pacientes com função renal prejudicada ou que estejam recebendo doses altas do medicamento; \n\n- Hipercinesia (presença de movimentos exacerbados e incontroláveis), tontura; \n\n- Candidíase mucocutânea, infecção micótica (causada por fungos) que normalmente afeta as partes íntimas ou a boca; na área genital, pode provocar coceira e queimação (com a presença de uma fina camada de secreção branca), e na boca ou na língua podem surgir pintas brancas dolorosas;"", ""se estiver grávida, exceto se seu médico recomendar. \n\nVocê pode amamentar seu bebê enquanto estiver tomando **Amoxil[®]** , mas há excreção de quantidades mínimas de amoxicilina no leite materno. Se você estiver amamentando, informe ao seu médico antes de iniciar o tratamento com **Amoxil[®]** . \n\n## **Este medicamento não deve ser utilizado por mulheres grávidas sem orientação médica ou do cirurgião-dentista.** \n\n**Uso compatível com o aleitamento ou doação de leite humano. O uso desse medicamento não interfere no aleitamento do bebê.** \n\n## **Uso em idosos, crianças e outros grupos de risco** \n\nAs recomendações especiais se referem às doses . \n\n## **Interações Medicamentosas** \n\nAlguns medicamentos podem causar efeitos indesejáveis se você os ingerir durante o tratamento com **Amoxil[®]** . Não deixe de avisar seu médico caso você esteja tomando: \n\n- medicamentos usados no tratamento de gota (probenecida ou alopurinol); \n\n- outros antibióticos; \n\n- pílulas anticoncepcionais (como acontece com outros antibióticos, talvez sejam necessárias precauções adicionais para evitar a gravidez); \n\n- anticoagulantes; \n\n- metotrexato (usado para tratar doenças como câncer e psoríase grave). A alimentação não interfere na ação de **Amoxil[®]** , que pode ser ingerido nas refeições. \n\n**Informe ao seu médico ou cirurgião-dentista se você está fazendo uso de algum outro medicamento. Não use medicamento sem o conhecimento do seu médico. Pode ser perigoso para a sua saúde.**"", ""hepáticas) (Reações do medicamento com eosinofilia e sintomas sistêmicos (DRESS)); \n\n- Erupção cutânea vermelha comumente observada em ambos os lados das nádegas, parte interna superior das coxas, axilas, pescoço (Exantema Intertriginoso e Flexural Simétrico Relacionado a Medicamentos (SDRIFE)). \n\n## **Se qualquer desconforto incomum se manifestar enquanto você estiver tomando o medicamento, informe seu médico o mais breve possível.** \n\n**Informe ao seu médico, cirurgião-dentista ou farmacêutico o aparecimento de reações indesejáveis pelo uso do medicamento. Informe também à empresa através do seu serviço de atendimento.** \n\n## **9. O QUE FAZER SE ALGUÉM USAR UMA QUANTIDADE MAIOR QUE A INDICADA DESTE MEDICAMENTO?** \n\nÉ pouco provável que ocorram problemas graves em caso de superdosagem de amoxicilina. As reações mais comuns são enjoo, vômito e diarreia. Procure seu médico para que os sintomas sejam tratados. \n\n**Em caso de uso de grande quantidade deste medicamento, procure rapidamente socorro médico e leve a embalagem ou bula do medicamento, se possível. Ligue para 0800 722 6001, se você precisar de mais orientações.** \n\n## **III) DIZERES LEGAIS** \n\nRegistro: 1.0107.0003 \n\nProduzido por: Glaxo Wellcome Production. Zone Industrielle de la Peyennière, 53100, Mayenne, França \n\nImportado e Registrado por: **GlaxoSmithKline Brasil Ltda.** Estrada dos Bandeirantes, 8464 - Rio de Janeiro - RJ CNPJ: 33.247.743/0001-10 \n\n## **VENDA SOB PRESCRIÇÃO COM RETENÇÃO DA RECEITA** \n\nL1992_amoxil_po_sus_GDS35_IPI16 \n\n**==> picture [43 x 43] intentionally omitted <==**"", ""páticas) (Reação do medicamento com eosinofilia e sintomas sistêmicos (DRESS)); \n\n- uma erupção cutânea vermelha comumente observada em ambos os lados das nádegas, parte interna superior das coxas, axilas, pescoço (Exantema Intertriginoso e Flexural Simétrico Relacionado a Medicamentos (SDRIFE)). \n\n**Se qualquer desconforto incomum se manifestar enquanto você estiver tomando o medicamento, informe seu médico o mais breve possível.** \n\n**Informe ao seu médico, cirurgião-dentista ou farmacêutico o aparecimento de reações indesejáveis pelo uso do medicamento. Informe também à empresa através do seu serviço de atendimento.** \n\n## **9. O QUE FAZER SE ALGUÉM USAR UMA QUANTIDADE MAIOR QUE A INDICADA DESTE MEDICAMENTO?** \n\nÉ pouco provável que ocorram problemas graves em caso de superdosagem de amoxicilina. As reações mais comuns são enjoo, vômito e diarreia. Procure seu médico para que os sintomas sejam tratados. \n\n**Em caso de uso de grande quantidade deste medicamento, procure rapidamente socorro médico e leve a embalagem ou bula do medicamento se possível. Ligue para 0800 722 6001, se você precisar de mais orientações.** \n\n## **III) DIZERES LEGAIS** \n\nRegistro: 1.0107.0003 \n\nProduzido por: Glaxo Wellcome Production Zone Industrielle de la Peyennière, 53100, Mayenne – França. \n\n5 \n\n**==> picture [87 x 28] intentionally omitted <==**\n\n## Modelo de Texto de Bula – Pacientes Amoxil[®] Cápsulas \n\nImportado e Registrado por: **GlaxoSmithKline Brasil Ltda.** Estrada dos Bandeirantes, 8464 - Rio de Janeiro - RJ CNPJ: 33.247.743/0001-10"", ""imo de 500 mg (uma cápsula) duas vezes ao dia (de 12 em 12 horas); \n\n- insuficiência grave: máximo de 500 mg (uma cápsula) ao dia. \n\n3 \n\n**==> picture [87 x 28] intentionally omitted <==**\n\n## Modelo de Texto de Bula – Pacientes Amoxil[®] Cápsulas \n\n## **Pacientes que recebem diálise peritoneal** \n\nUsa-se a mesma posologia indicada para pacientes com insuficiência renal grave. A diálise peritoneal (processo de limpeza das substâncias tóxicas do organismo através do peritônio, membrana que envolve o abdômen) não remove a amoxicilina do corpo. \n\n## **Pacientes que recebem hemodiálise** \n\nUsa-se a mesma posologia indicada para pacientes com insuficiência renal grave. \n\nA amoxicilina é removida do sangue por hemodiálise (processo que substitui os rins na filtragem sanguínea). Portanto, uma dose adicional (500 mg para adultos e crianças acima de 40kg ou 15 mg/kg para crianças abaixo de 40 kg) pode ser administrada durante e no final de cada diálise. \n\nSeu médico poderá indicar tratamento por via parenteral (feito com aplicação de injeções intravenosas, intramusculares ou subcutâneas) nos casos em que a via oral for considerada inadequada (particularmente nos tratamentos urgentes de infecções graves). \n\nConforme o grau de insuficiência renal, talvez seu médico ache necessário reduzir a dose diária total. \n\n**Siga a orientação de seu médico, respeitando sempre os horários, as doses e a duração do tratamento. Não interrompa o tratamento sem o conhecimento de seu médico. Este medicamento não deve ser partido ou mastigado.** \n\n## **7.""]",0.062,62.88
naive_rag,ollama:mediphi-instruct,AMOXIL,dificil,"Compare os esquemas de Amoxil para infecção grave em adultos, infecção respiratória purulenta grave ou recorrente, gonorreia e erradicação de Helicobacter pylori, destacando quando a bula exige associação com outros medicamentos.",dificil,"Para adultos e crianças acima de 40 kg, a dose padrão em infecções mais graves é 500 mg três vezes ao dia, de 8 em 8 horas. Para infecção respiratória purulenta grave ou recorrente, a bula recomenda dose alta de 3 g duas vezes ao dia, de 12 em 12 horas, respeitando o máximo recomendável de 6 g ao dia em doses divididas. Para gonorreia, a bula descreve dose única de 3 g. Para erradicação de Helicobacter pylori, Amoxil deve ser usado em associação com um inibidor da bomba de prótons, como omeprazol ou lanzoprazol, e outro antimicrobiano, como claritromicina ou metronidazol, por 7 dias.",COMO DEVO USAR ESTE MEDICAMENTO?,"De acordo com o contexto fornecido da bula do Amoxil[®], os esquemas de dosagem para infecções graves em adultos são as seguintes, destacando a necessidade ou associação com outros medicamentos: 

- Infecção respiratória purulenta grave (pneumonia e bronquite): **Amoxil[®]** recomendado na dose de até 500 mg três vezes ao dia, podendo ser aumentada para uma dosagem total máxima diária de 6 g. Associação com inibidores da bomba de prótons e outros antimicrobianos é frequentemente necessário em casos recorrentes ou graves (por exemplo claritromicina).
- Infecções bacterianas causadas por Helicobacter pylori: **Amoxil[®]** recomendado na dose de 750 mg a 1 g duas vezes ao dia, em associação com inibidores da bomba de prótons e outros antimicrobianos. O tratamento dura por sete dias para erradicação completa das bactérias causadoras do estômago ou duodeno (Helicobacter pylori). 
- Infecções graves: **Amoxil[®]** recomendado na dosagem de até 3 g duas vezes ao dia, em associação com inibidores da bomba de prótons e outros antimicrobianos. O tratamento dura por sete dias para erradicação completa das bactérias causadoras do estômago ou duodeno (Helicobacter pylori). 
- Infecções graves: **Amoxil[®]** recomendado na dosagem de até 3 g duas vezes ao dia, em associação com inibidores da bomba de prótons e outros antimicrobianos. O tratamento dura por sete dias para erradicação completa das bactérias causadoras do estômago ou duodeno (Helicobacter pylori). 
- Infecções graves: **Amoxil[®]** recomendado na dosagem de até 3 g duas vezes ao dia, em associação com inibidores da bomba de prótons e outros antimicrobianos. O tratamento dura por sete dias para erradicação completa das bactérias causadoras do estômago ou duodeno (Helicobacter pylori). 
- Infecções graves: **Amoxil[®]** recomendado na dosagem de até 3 g duas vezes ao dia, em associação com inibidores da bomba de prótons e outros antimicrobianos. O tratamento dura por sete dias para erradicação completa das bactérias causadoras do estômago ou duodeno (Helicobacter pylori). 
- Infecções graves: **Amoxil[®]** recomendado na dosagem de até 3 g duas vezes ao dia, em associação com inibidores da bomba de prótons e outros antimicrobianos. O tratamento dura por sete dias para erradicação completa das bactérias causadoras do estômago ou duodeno (Helicobacter pylori). 
- Infecções graves: **Amoxil[®]** recomendado na dosagem de até 3 g duas vezes ao dia, em associação com inibidores da bomba de prótons e outros antimicrobianos. O tratamento dura por sete dias para erradicação completa das bactérias causadoras do estômago ou duodeno (Helicobacter pylori). 
- Infecções graves: **Amoxil[®]** recomendado na dosagem de até 3 g duas vezes ao dia, em associação com inibidores da bomba de prótons e outros antimicrobianos. O tratamento dura por sete dias para erradicação completa das bactérias causadoras do estômago ou duodeno (Helicobacter pylori). 
- Infecções graves: **Amoxil[®]** recomendado na dosagem de até 3 g duas vezes ao dia, em associação com inibidores da bomba de prótons e outros antimicrobianos. O tratamento dura por sete dias para erradicação completa das bactérias causadoras do estômago ou duodeno (Helicobacter pylori). 
- Infecções graves: **Amoxil[®]** recomendado na dosagem de até 3 g duas vezes ao dia, em associação com inibidores da bomba de prótons e outros antimicrobianos. O tratamento dura por sete dias para erradicação completa das bactérias causadoras do estômago ou duodeno (Helicobacter pylori). 
- Infecções graves: **Amoxil[®]** recomendado na dosagem de até 3 g duas vezes ao dia, em associação com inibidores da bomba de prótons e outros antimicrobianos. O tratamento dura por sete dias para erradicação completa das bactérias causadoras do estômago ou duodeno (Helicobacter pylori). 
- Infecções graves: **Amoxil[®]** recomendado na dosagem de até 3 g duas vezes ao dia, em associação com inibidores da bomba de prótons e outros antimicrobianos. O tratamento dura por sete dias para erradicação completa das bactérias causadoras do estômago ou duodeno (Helicobacter pylori). 
- Infecções graves: **Amoxil[®]** recomendado na dosagem de até 3 g duas vezes ao dia, em associação com inibidores da bomba de prótons e outros antimicrobianos. O tratamento dura por sete dias para erradicação completa das bactérias causadoras do estômago ou duodeno (Helicobacter pylori). 
- Infecções graves: **Amoxil[®]** recomendado na dosagem de até 3 g duas vezes ao dia, em associação com inibidores da bomba de prótons e outros antimicrobianos. O tratamento dura por sete dias para erradicação completa das bactérias causadoras do estômago ou duodeno (Helicobacter pylori). 
- Infecções graves: **Amoxil[®]** recomendado na dosagem de até 3 g duas vezes ao dia, em associação com inibidores da bomba de prótons e outros antimicrobianos. O tratamento dura por sete dias para erradicação completa das bactérias causadoras do estômago ou duodeno (Helicobacter pylori). 
- Infecções graves: **Amoxil[®]** recomendado na dosagem de até 3 g duas vezes ao dia, em associação com inibidores da bomba de prótons e outros antimicrobianos. O tratamento dura por sete dias para erradicação completa das bactérias causadoras do estômago ou duodeno (Helicobacter pylori). 
- Infecções graves: **Amoxil[®]** recomendado na dosagem de até 3 g duas vezes ao dia, em associação com inibidores da bomba de prótons e outros antimicrobianos. O tratamento dura por sete dias para erradicação completa das bactérias causadoras do estômago ou duodeno (Helicobacter pylori). 
- Infecções graves: **Amoxil[®]** recomendado na dosagem de até 3 g duas vezes ao dia, em associação com inibidores da bomba de prótons e outros antimicrobianos. O tratamento dura por sete dias para erradicação completa das bactérias causadoras do estômago ou duodeno (Helicobacter pylori). 
- Infecções graves: **Amoxil[®]** recomendado na dosagem de até 3 g duas vezes ao dia, em associação com inibidores da bomba de prótons e outros antimicrobianos. O tratamento dura por sete dias para erradicação completa das bactérias causadoras do estômago ou duodeno (Helicobacter pylori). 
- Infecções graves: **Amoxil[®]** recomendado na dosagem de até 3 g duas vezes ao dia, em associação com inibidores da bomba de prótons e outros antimicrobianos. O tratamento dura por sete dias para erradicação completa das bactérias causadoras do estômago ou duodeno (Helicobacter pylori). 
- Infecções graves: **Amoxil[®]** recomendado na dosagem de até 3 g duas vezes ao dia, em associação com inibidores da bomba de prótons e outros antimicrobianos. O tratamento dura por sete dias para erradicação completa das bactérias causadoras do estômago ou duodeno (Helicobacter pylori). 
- Infecções graves: **Amoxil[®]** recomendado na dosagem de até 3 g duas vezes ao dia, em associação com inibidores da bomba de prótons e outros antimicrobianos. O tratamento dura por sete dias para erradicação completa das bactérias causadoras do estômago ou duodeno (Helicobacter pylori). 
- Infecções graves: **Amoxil[®]** recomendado na dosagem de até 3 g duas vezes ao dia, em associação com inibidores da bomba de prótons e outros antimicrobianos. O tratamento dura por sete dias para erradicação completa das bactérias causadoras do estômago ou duodeno (Helicobacter pylori). 
- Infecções graves: **Amoxil[®]** recomendado na dosagem de até 3 g duas vezes ao dia, em associação com inibidores da bomba de prótons e outros antimicrobianos. O tratamento dura por sete dias para erradicação completa das bactérias causadoras do estômago ou duodeno (Helicobacter pylori). 
- Infecções graves: **Amoxil[®]** recomendado na dosagem de até 3 g duas vezes ao dia, em associação com inibidores da bomba de prótons e outros antimicrobianos. O tratamento dura por sete dias para erradicação completa das bactérias causadoras do estômago ou duodeno (Helicobacter pylori). 
- Infecções graves: **Amoxil[®]** recomendado na dosagem de até 3 g duas vezes ao dia, em associação com inibidores da bomba de prótons e outros antimicrobianos. O tratamento dura por sete dias para erradicação completa das bactérias causadoras do estômago ou duodeno (Helicobacter pylori). 
- Infecções graves: **Amoxil[®]** recomendado na dosagem de até 3 g duas vezes ao dia, em associação com inibidores da bomba de prótons e outros antimicrobianos. O tratamento dura por sete dias para erradicação completa das bactérias causadoras do estômago ou duodeno (Helicobacter pylori). 
- Infecções graves: **Amoxil[®]** recomendado na dosagem de até 3 g duas vezes ao dia, em associação com inibidores da bomba de prótons e outros antimicrobianos. O tratamento dura por sete dias para erradicação completa das bactérias causadoras do estômago ou duodeno (Helicobacter pylori). 
- Infecções graves: **Amoxil[®]** recomendado na dosagem de até 3 g duas vezes ao dia, em associação com inibidores da bomba de prótons e outros antimicrobianos. O tratamento dura por sete dias para erradicação completa das bactérias causadoras do estômago ou duodeno (Helicobacter pylori). 
- Infecções graves: **Amoxil[®]** recomendado na dosagem de até 3 g duas vezes ao dia, em associação com inibidores da bomba de prótons e outros antimicrobianos. O tratamento dura por sete dias para erradicação completa das bactérias causadoras do estômago ou duodeno (Helicobacter pylori). 
- Infecções graves: **Amoxil[®]** recomendado na dosagem de até 3 g duas vezes ao dia, em associação com inibidores da bomba de prótons e outros antimicrobianos. O tratamento dura por sete dias para erradicação completa das bactérias causadoras do estômago ou duodeno (Helicobacter pylori). 
- Infecções graves: **Amoxil[®]** recomendado na dosagem de até 3 g duas vezes ao dia, em associação com inibidores da bomba de prótons e outros antimicrobianos. O tratamento dura por sete dias para erradicação completa das bactérias causadoras do estômago ou duodeno (Helicobacter pylori). 
- Infecções graves: **Amoxil[®]** recomendado na dosagem de até 3 g duas vezes ao dia, em associação com inibidores da bomba de prótons e outros antimicrobianos. O tratamento dura por sete dias para erradicação completa das bactérias causadoras do estômago ou duodeno (Helicobacter pylori). 
- Infecções graves: **Amoxil[®]** recomendado na dosagem de até 3 g duas vezes ao dia, em associação com inibidores da bomba de prótons e outros antimicrobianos. O tratamento dura por sete dias para erradicação completa das bactérias causadoras do estômago ou duodeno (Helicobacter pylori). 
- Infecções graves: **Amoxil[®]** recomendado na dosagem de até 3 g duas vezes ao dia, em associação com inibidores da bomba de prótons e outros antimicrobianos. O tratamento dura por sete dias para erradicação completa das bactérias causadoras do estômago ou duodeno (Helicobacter pylori). 
- Infecções graves: **Amoxil[®]** recomendado na dosagem de até 3 g duas vezes ao dia, em associação com inibidores da bomba de prótons e outros antimicrobianos. O tratamento dura por sete dias para erradicação completa das bactérias causadoras do estômago ou duodeno (Helicobacter pylori). 
- Infecções graves: **Amoxil[®]** recomendado na dosagem de até 3 g duas vezes ao dia, em associação com inibidores da bomba de prótons e outros antimicrobianos. O tratamento dura por sete dias para erradicação completa das bactérias causadoras do estômago ou duodeno (Helicobacter pylori). 
- Infecções graves: **Amoxil[®]** recomendado na dosagem de até 3 g duas vezes ao dia, em associação com inibidores da bomba de prótons e outros antimicrobianos. O tratamento dura por sete dias para erradicação completa das bactérias causadoras do estômago ou duodeno (Helicobacter pylori). 
- Infecções graves: **Amoxil[®]** recomendado na dosagem de até 3 g duas vezes ao dia, em associação com inibidores da bomba de prótons e outros antimicrobianos. O tratamento dura por sete dias para erradicação completa das bactérias causadoras do estômago ou duodeno (Helicobacter pylori). 
- Infecções graves: **Amoxil[®]** recomendado na dosagem de até 3 g duas vezes ao dia, em associação com inibidores da bomba de prótons e outros antimicrobianos. O tratamento dura por sete dias para erradicação completa das bactérias causadoras do estômago ou duodeno (Helicobacter pylori). 
- Infecções graves: **Amoxil[®]** recomendado na dosagem de até 3 g duas vezes ao dia, em associação com inibidores da bomba de prótons e outros antimicrobianos. O tratamento dura por sete dias para erradicação completa das bactérias causadoras do estômago ou duodeno (Helicobacter pylori). 
- Infecções graves: **Amoxil[®]** recomendado na dosagem de até 3 g duas vezes ao dia, em associação com inibidores da bomba de prótons e outros antimicrobianos. O tratamento dura por sete dias para erradicação completa das bactérias causadoras do estômago ou duodeno (Helicobacter pylori). 
- Infecções graves: **Amoxil[®]** recomendado na dosagem de até 3 g duas vezes ao dia, em associação com inibidores da bomba de prótons e outros antimicrobianos. O tratamento dura por sete dias para erradicação completa das bactérias causadoras do estômago ou duodeno (Helicobacter pylori). 
- Infecções graves: **Amoxil[®]** recomendado na dosagem de até 3 g duas vezes ao dia, em associação com inibidores da bomba de prótons e outros antimicrobianos. O tratamento dura por sete dias para erradicação completa das bactérias causadoras do estômago ou duodeno (Helicobacter pylori). 
- Infecções graves: **Amoxil[®]** recomendado na dosagem de até 3 g duas vezes ao dia, em associação com inibidores da bomba de prótons e outros antimicrobianos. O tratamento dura por sete dias para erradicação completa das bactérias causadoras do estômago ou duodeno (Helicobacter pylori). 
- Infecções graves: **Amoxil[®]** recomendado na dosagem de até 3 g duas vezes ao dia, em associação com inibidores da bomba de prótons e outros antimicrobianos. O tratamento dura por sete dias para erradicação completa das bactérias causadoras do estômago ou duodeno (Helicobacter pylori). 
- Infecções graves: **Amoxil[®]** recomendado na dosagem de até 3 g duas vezes ao dia, em associação com inibidores da bomba de prótons e outros antimicrobianos. O tratamento dura por sete dias para erradicação completa das bactérias causadoras do estômago ou duodeno (Helicobacter pylori). 
- Infecções graves: **Amoxil[®]** recomendado na dosagem de até 3 g duas vezes ao dia, em associação com inibidores da bomba de prótons e outros antimicrobianos. O tratamento dura por sete dias para erradicação completa das bactérias causadoras do estômago ou duodeno (Helicobacter pylori). 
- Infecções graves: **Amoxil[®]** recomendado na dosagem de até 3 g duas vezes ao dia, em associação com inibidores da bomba de prótons e outros antimicrobianos. O tratamento dura por sete dias para erradicação completa das bactérias causadoras do estômago ou duodeno (Helicobacter pylori). 
- Infecções graves: **Amoxil[®]** recomendado na dosagem de até 3 g duas vezes ao dia, em associação com inibidores da bomba de prótons e outros antimicrobianos. O tratamento dura por sete dias para erradicação completa das bactérias causadoras do estômago ou duodeno (Helicobacter pylori). 
- Infecções graves: **Amoxil[®]** recomendado na dosagem de até 3 g duas vezes ao dia, em associação com inibidores da bomba de prótons e outros antimicrobianos. O tratamento dura por sete dias para erradicação completa das bactérias causadoras do estômago ou duodeno (Helicobacter pylori). 
- Infecções graves: **Amoxil[®]** recomendado na dosagem de até 3 g duas vezes ao dia, em associação com inibidores da bomba de prótons e outros antimicrobianos. O tratamento dura por sete dias para erradicação completa das bactérias causadoras do estômago ou duodeno (Helicobacter pylori). 
- Infecções graves: **Amoxil[®]** recomendado na dosagem de até 3 g duas vezes ao dia, em associação com inibidores da bomba de prótons e outros antimicrobianos. O tratamento dura por sete dias para erradicação completa das bactérias causadoras do estômago ou duodeno (Helicobacter pylori). 
- Infecções graves: **Amoxil[®]** recomendado na dosagem de até 3 g duas vezes ao dia, em associação com inibidores da bomba de prótons e outros antimicrobianos. O tratamento dura por sete dias para erradicação completa das bactérias causadoras do estômago ou duodeno (Helicobacter pylori). 
- Infecções graves: **Amoxil[®]** recomendado na dosagem de até 3 g duas vezes ao dia, em associação com inibidores da bomba de prótons e outros antimicrobianos. O tratamento dura por sete dias para erradicação completa das bactérias causadoras do estômago ou duodeno (Helicobacter pylori). 
- Infecções graves: **Amoxil[®]** recomendado na dosagem de até 3 g duas vezes ao dia, em associação com inibidores da bomba de prótons e outros antimicrobianos. O tratamento dura por sete dias para erradicação completa das bactérias causadoras do estômago ou duodeno (Helicobacter pylori). 
- Infecções graves: **Amoxil[®]** recomendado na dosagem de até 3 g duas vezes ao dia, em associação com inibidores da bomba de prótons e outros antimicrobianos. O tratamento dura por sete dias para erradicação completa das bactérias causadoras do estômago ou duodeno (Helicobacter pylori). 
- Infecções graves: **Amoxil[®]** recomendado na dosagem de até 3 g duas vezes ao dia, em associação com inibidores da bomba de prótons e outros antimicrobianos. O tratamento dura por sete dias para erradicação completa das bactérias causadoras do estômago ou duodeno (Helicobacter pylori). 
- Infecções graves: **Amoxil[®]** recomendado na dosagem de até 3 g duas vezes ao dia, em associação com inibidores da bomba de prótons e outros antimicrobianos. O tratamento dura por sete dias para erradicação completa das bactérias causadoras do estômago ou duodeno (Helicobacter pylori). 
- Infecções graves: **Amoxil[®]** recomendado na dosagem de até 3 g duas vezes ao dia, em associação com inibidores da bomba de prótons e outros antimicrobianos. O tratamento dura por sete dias para erradicação completa das bactérias causadoras do estômago ou duodeno (Helicobacter pylori). 
- Infecções graves: **Amoxil[®]** recomendado na dosagem de até 3 g duas vezes ao dia, em associação com inibidores da bomba de prótons e outros antimicrobianos. O tratamento dura por sete dias para erradicação completa das bactérias causadoras do estômago ou duodeno (Helicobacter pylori). 
- Infecções graves: **Amoxil[®]** recomendado na dosagem de até 3 g duas vezes ao dia, em associação com inibidores da bomba de prótons e outros antimicrobianos. O tratamento dura por sete dias para erradicação completa das bactérias causadoras do estômago ou duodeno (Helicobacter pylori). 
- Infecções graves: **Amoxil[®]** recomendado na dosagem de até 3 g duas vezes ao dia, em associação com inibidores da bomba de prótons e outros antimicrobianos. O tratamento dura por sete dias para erradicação completa das bactérias causadoras do estômago ou duodeno (Helicobacter pylori). 
- Infecções graves: **Amoxil[®]** recomendado na dosagem de até 3 g duas vezes ao dia, em associação com inibidores da bomba de prótons e outros antimicrobianos. O tratamento dura por sete dias para erradicação completa das bactérias causadoras do estômago ou duodeno (Helicobacter pylori). 
- Infecções graves: **Amoxil[®]** recomendado na dosagem de até 3 g duas vezes ao dia, em associação com inibidores da bomba de prótons e outros antimicrobianos. O tratamento dura por sete dias para erradicação completa das bactérias causadoras do estômago ou duodeno (Helicobacter pylori). 
- Infecções graves: **Amoxil[®]** recomendado na dosagem de até 3 g duas vezes ao dia, em associação com inibidores da bomba de prótons e outros antimicrobianos. O tratamento dura por sete dias para erradicação completa das bactérias causadoras do estômago ou duodeno (Helicobacter pylori). 
- Infecções graves: **Amoxil[®]** recomendado na dosagem de até 3 g duas vezes ao dia, em associação com inibidores da bomba de prótons e outros antimicrobianos. O tratamento dura por sete dias para erradicação completa das bactérias causadoras do estômago ou duodeno (Helicobacter pylori). 
- Infecções graves: **Amoxil[®]** recomendado na dosagem de até 3 g duas vezes ao dia, em associação com inibidores da bomba de prótons e outros antimicrobianos. O tratamento dura por sete dias para erradicação completa das bactérias causadoras do estômago ou duodeno (Helicobacter pylori). 
- Infecções graves: **Amoxil[®]** recomendado na dosagem de até 3 g duas vezes ao dia, em associação com inibidores da bomba de prótons e outros antimicrobianos. O tratamento dura por sete dias para erradicação completa das bactérias causadoras do estômago ou duodeno (Helicobacter pylori). 
- Infecções graves: **Amoxil[®]** recomendado na dosagem de até 3 g duas vezes ao dia, em associação com inibidores da bomba de prótons e outros antimicrobianos. O tratamento dura por sete dias para erradicação completa das bactérias causadoras do estômago ou duodeno (Helicobacter pylori). 
- Infecções graves: **Amoxil[®]** recomendado na dosagem de até 3 g duas vezes ao dia, em associação com inibidores da bomba de prótons e outros antimicrobianos. O tratamento dura por sete dias para erradicação completa das bactérias causadoras do estômago ou duodeno (Helicobacter pylori). 
- Infecções graves: **Amoxil[®]** recomendado na dosagem de até 3 g duas vezes ao dia, em associação com inibidores da bomba de prótons e outros antimicrobianos. O tratamento dura por sete dias para erradicação completa das bactérias causadoras do estômago ou duodeno (Helicobacter pylori). 
- Infecções graves: **Amoxil[®]** recomendado na dosagem de até 3 g duas vezes ao dia, em associação com inibidores da bomba de prótons e outros antimicrobianos. O tratamento dura por sete dias para erradicação completa das bactérias causadoras do estômago ou duodeno (Helicobacter pylori). 
- Infecções graves: **Amoxil[®]** recomendado na dosagem de até 3 g duas vezes ao dia, em associação com inibidores da bomba de prótons e outros antimicrobianos. O tratamento dura por sete dias para erradicação completa das bactérias causadoras do estômago ou duodeno (Helicobacter pylori). 
- Infecções graves: **Amoxil[®]** recomendado na dosagem de até 3 g duas vezes ao dia, em associação com inibidores da bomba de prótons e outros antimicrobianos. O tratamento dura por sete dias para erradicação completa das bactérias causadoras do estômago ou duodeno (Helicobacter pylori). 
- Infecções graves: **Amoxil[®]** recomendado na dosagem de até 3 g duas vezes ao dia, em associação com inibidores da bomba de prótons e outros antimicrobianos. O tratamento dura por sete dias para erradicação completa das bactérias causadoras do estômago ou duodeno (Helicobacter pylori). 
- Infecções graves: **Amoxil[®]** recomendado na dosagem de até 3 g duas vezes ao dia, em associação com inibidores da bomba de prótons e outros antimicrobianos. O tratamento dura por sete dias para erradicação completa das bactérias causadoras do estômago ou duodeno (Helicobacter pylori). 
- Infecções graves: **Amoxil[®]** recomendado na dosagem de até 3 g duas vezes ao dia, em associação com inibidores da bomba de prótons e outros antimicrobianos. O tratamento dura por sete dias para erradicação completa das bactérias causadoras do estômago ou duodeno (Helicobacter pylori). 
- Infecções graves: **Amoxil[®]** recomendado na dosagem de até 3 g duas vezes ao dia, em associação com inibidores da bomba de prótons e outros antimicrobianos. O tratamento dura por sete dias para erradicação completa das bactérias causadoras do estômago ou duodeno (Helicobacter pylori). 
- Infecções graves: **Amoxil[®]** recomendado na dosagem de até 3 g duas vezes ao dia, em associação com inibidores da bomba de prótons e outros antimicrobianos. O tratamento dura por sete dias para erradicação completa das bactérias causadoras do estômago ou duodeno (Helicobacter pylori). 
- Infecções graves: **Amoxil[®]** recomendado na dosagem de até 3 g duas vezes ao dia, em associação com inibidores da bomba de prótons e outros antimicrobianos. O tratamento dura por sete dias para erradicação completa das bactérias causadoras do estômago ou duodeno (Helicobacter pylori). 
- Infecções graves: **Amoxil[®]** recomendado na dosagem de até 3 g duas vezes ao dia, em associação com inibidores da bomba de prótons e outros antimicrobianos. O tratamento dura por sete dias para erradicação completa das bactérias causadoras do estômago ou duodeno (Helicobacter pylori). 
- Infecções graves: **Amoxil[®]** recomendado na dosagem de até 3 g duas vezes ao dia, em associação com inibidores da bomba de prótons e outros antimicrobianos. O tratamento dura por sete dias para erradicação completa das bactérias causadoras do estômago ou duodeno (Helicobacter pylori). 
- Infecções graves: **Amoxil[®]** recomendado na dosagem de até 3 g duas vezes ao dia, em associação com inibidores da bomba de prótons e outros antimicrobianos. O tratamento dura por sete dias para erradicação completa das bactérias causadoras do estômago ou duodeno (Helicobacter pylori). 
- Infecções graves: **Amoxil[®]** recomendado na dosagem de até 3 g duas vezes ao dia, em associação com inibidores da bomba de prótons e outros antimicrobianos. O tratamento dura por sete dias para erradicação completa das bactérias causadoras do estômago ou duodeno (Helicobacter pylori). 
- Infecções graves: **Amoxil[®]** recomendado na dosagem de até 3 g duas vezes ao dia, em associação com inibidores da bomba de prótons e outros antimicrobianos. O tratamento dura por sete dias para erradicação completa das bactérias causadoras do estômago ou duodeno (Helicobacter pylori). 
- Infecções graves: **Amoxil[®]** recomendado na dosagem de até 3 g duas vezes ao dia, em associação com inibidores da bomba de prótons e outros antimicrobianos. O tratamento dura por sete dias para erradicação completa das bactérias causadoras do estômago ou duodeno (Helicobacter pylori). 
- Infecções graves: **Amoxil[®]** recomendado na dosagem de até 3 g duas vezes ao dia, em associação com inibidores da bomba de prótons e outros antimicrobianos. O tratamento dura por sete dias para erradicação completa das bactérias causadoras do estômago ou duodeno (Helicobacter pylori). 
- Infecções graves: **Amoxil[®]** recomendado na dosagem de até 3 g duas vezes ao dia, em associação com inibidores da bomba de prótons e outros antimicrobianos. O tratamento dura por sete dias para erradicação completa das bactérias causadoras do estômago ou duodeno (Helicobacter pylori). 
- Infecções graves: **Amoxil[®]** recomendado na dosagem de até 3 g duas vezes ao dia, em associação com inibidores da bomba de prótons e outros antimicrobianos. O tratamento dura por sete dias para erradicação completa das bactérias causadoras do estômago ou duodeno (Helicobacter pylori). 
- Infecções graves: **Amoxil[®]** recomendado na dosagem de até 3 g duas vezes ao dia, em associação com inibidores da bomba de prótons e outros antimicrobianos. O tratamento dura por sete dias para erradicação completa das bactérias causadoras do estômago ou duodeno (Helicobacter pylori). 
- Infecções graves: **Amoxil[®]** recomendado na dosagem de até 3 g duas vezes ao dia, em associação com inibidores da bomba de prótons e outros antimicrobianos. O tratamento dura por sete dias para erradicação completa das bactérias causadoras do estômago ou duodeno (Helicobacter pylori). 
- Infecções graves: **Amoxil[®]** recomendado na dosagem de até 3 g duas vezes ao dia, em associação com inibidores da bomba de prótons e outros antimicrobianos. O tratamento dura por sete dias para erradicação completa das bactérias causadoras do estômago ou duodeno (Helicobacter pylori). 
- Infecções graves: **Amoxil[®]** recomendado na dosagem de até 3 g duas vezes ao dia, em associação com inibidores da bomba de prótons e outros antimicrobianos. O tratamento dura por sete dias para erradicação completa das bactérias causadoras do estômago ou duodeno (Helicobacter pylori). 
- Infecções graves: **Amoxil[®]** recomendado na dosagem de até 3 g duas vezes ao dia, em associação com inibidores da bomba de prótons e outros antimicrobianos. O tratamento dura por sete dias para erradicação completa das bactérias causadoras do estômago ou duodeno (Helicobacter pylori). 
- Infecções graves: **Amoxil[®]** recomendado na dosagem de até 3 g duas vezes

---
*Esta resposta se baseia apenas nos trechos da bula recuperados e não substitui orientação médica ou farmacêutica.*","De acordo com o contexto fornecido da bula do Amoxil[®], os esquemas de dosagem para infecções graves em adultos são as seguintes, destacando a necessidade ou associação com outros medicamentos: 

- Infecção respiratória purulenta grave (pneumonia e bronquite): **Amoxil[®]** recomendado na dose de até 500 mg três vezes ao dia, podendo ser aumentada para uma dosagem total máxima diária de 6 g. Associação com inibidores da bomba de prótons e outros antimicrobianos é frequentemente necessário em casos recorrentes ou graves (por exemplo claritromicina).
- Infecções bacterianas causadas por Helicobacter pylori: **Amoxil[®]** recomendado na dose de 750 mg a 1 g duas vezes ao dia, em associação com inibidores da bomba de prótons e outros antimicrobianos. O tratamento dura por sete dias para erradicação completa das bactérias causadoras do estômago ou duodeno (Helicobacter pylori). 
- Infecções graves: **Amoxil[®]** recomendado na dosagem de até 3 g duas vezes ao dia, em associação com inibidores da bomba de prótons e outros antimicrobianos. O tratamento dura por sete dias para erradicação completa das bactérias causadoras do estômago ou duodeno (Helicobacter pylori). 
- Infecções graves: **Amoxil[®]** recomendado na dosagem de até 3 g duas vezes ao dia, em associação com inibidores da bomba de prótons e outros antimicrobianos. O tratamento dura por sete dias para erradicação completa das bactérias causadoras do estômago ou duodeno (Helicobacter pylori). 
- Infecções graves: **Amoxil[®]** recomendado na dosagem de até 3 g duas vezes ao dia, em associação com inibidores da bomba de prótons e outros antimicrobianos. O tratamento dura por sete dias para erradicação completa das bactérias causadoras do estômago ou duodeno (Helicobacter pylori). 
- Infecções graves: **Amoxil[®]** recomendado na dosagem de até 3 g duas vezes ao dia, em associação com inibidores da bomba de prótons e outros antimicrobianos. O tratamento dura por sete dias para erradicação completa das bactérias causadoras do estômago ou duodeno (Helicobacter pylori). 
- Infecções graves: **Amoxil[®]** recomendado na dosagem de até 3 g duas vezes ao dia, em associação com inibidores da bomba de prótons e outros antimicrobianos. O tratamento dura por sete dias para erradicação completa das bactérias causadoras do estômago ou duodeno (Helicobacter pylori). 
- Infecções graves: **Amoxil[®]** recomendado na dosagem de até 3 g duas vezes ao dia, em associação com inibidores da bomba de prótons e outros antimicrobianos. O tratamento dura por sete dias para erradicação completa das bactérias causadoras do estômago ou duodeno (Helicobacter pylori). 
- Infecções graves: **Amoxil[®]** recomendado na dosagem de até 3 g duas vezes ao dia, em associação com inibidores da bomba de prótons e outros antimicrobianos. O tratamento dura por sete dias para erradicação completa das bactérias causadoras do estômago ou duodeno (Helicobacter pylori). 
- Infecções graves: **Amoxil[®]** recomendado na dosagem de até 3 g duas vezes ao dia, em associação com inibidores da bomba de prótons e outros antimicrobianos. O tratamento dura por sete dias para erradicação completa das bactérias causadoras do estômago ou duodeno (Helicobacter pylori). 
- Infecções graves: **Amoxil[®]** recomendado na dosagem de até 3 g duas vezes ao dia, em associação com inibidores da bomba de prótons e outros antimicrobianos. O tratamento dura por sete dias para erradicação completa das bactérias causadoras do estômago ou duodeno (Helicobacter pylori). 
- Infecções graves: **Amoxil[®]** recomendado na dosagem de até 3 g duas vezes ao dia, em associação com inibidores da bomba de prótons e outros antimicrobianos. O tratamento dura por sete dias para erradicação completa das bactérias causadoras do estômago ou duodeno (Helicobacter pylori). 
- Infecções graves: **Amoxil[®]** recomendado na dosagem de até 3 g duas vezes ao dia, em associação com inibidores da bomba de prótons e outros antimicrobianos. O tratamento dura por sete dias para erradicação completa das bactérias causadoras do estômago ou duodeno (Helicobacter pylori). 
- Infecções graves: **Amoxil[®]** recomendado na dosagem de até 3 g duas vezes ao dia, em associação com inibidores da bomba de prótons e outros antimicrobianos. O tratamento dura por sete dias para erradicação completa das bactérias causadoras do estômago ou duodeno (Helicobacter pylori). 
- Infecções graves: **Amoxil[®]** recomendado na dosagem de até 3 g duas vezes ao dia, em associação com inibidores da bomba de prótons e outros antimicrobianos. O tratamento dura por sete dias para erradicação completa das bactérias causadoras do estômago ou duodeno (Helicobacter pylori). 
- Infecções graves: **Amoxil[®]** recomendado na dosagem de até 3 g duas vezes ao dia, em associação com inibidores da bomba de prótons e outros antimicrobianos. O tratamento dura por sete dias para erradicação completa das bactérias causadoras do estômago ou duodeno (Helicobacter pylori). 
- Infecções graves: **Amoxil[®]** recomendado na dosagem de até 3 g duas vezes ao dia, em associação com inibidores da bomba de prótons e outros antimicrobianos. O tratamento dura por sete dias para erradicação completa das bactérias causadoras do estômago ou duodeno (Helicobacter pylori). 
- Infecções graves: **Amoxil[®]** recomendado na dosagem de até 3 g duas vezes ao dia, em associação com inibidores da bomba de prótons e outros antimicrobianos. O tratamento dura por sete dias para erradicação completa das bactérias causadoras do estômago ou duodeno (Helicobacter pylori). 
- Infecções graves: **Amoxil[®]** recomendado na dosagem de até 3 g duas vezes ao dia, em associação com inibidores da bomba de prótons e outros antimicrobianos. O tratamento dura por sete dias para erradicação completa das bactérias causadoras do estômago ou duodeno (Helicobacter pylori). 
- Infecções graves: **Amoxil[®]** recomendado na dosagem de até 3 g duas vezes ao dia, em associação com inibidores da bomba de prótons e outros antimicrobianos. O tratamento dura por sete dias para erradicação completa das bactérias causadoras do estômago ou duodeno (Helicobacter pylori). 
- Infecções graves: **Amoxil[®]** recomendado na dosagem de até 3 g duas vezes ao dia, em associação com inibidores da bomba de prótons e outros antimicrobianos. O tratamento dura por sete dias para erradicação completa das bactérias causadoras do estômago ou duodeno (Helicobacter pylori). 
- Infecções graves: **Amoxil[®]** recomendado na dosagem de até 3 g duas vezes ao dia, em associação com inibidores da bomba de prótons e outros antimicrobianos. O tratamento dura por sete dias para erradicação completa das bactérias causadoras do estômago ou duodeno (Helicobacter pylori). 
- Infecções graves: **Amoxil[®]** recomendado na dosagem de até 3 g duas vezes ao dia, em associação com inibidores da bomba de prótons e outros antimicrobianos. O tratamento dura por sete dias para erradicação completa das bactérias causadoras do estômago ou duodeno (Helicobacter pylori). 
- Infecções graves: **Amoxil[®]** recomendado na dosagem de até 3 g duas vezes ao dia, em associação com inibidores da bomba de prótons e outros antimicrobianos. O tratamento dura por sete dias para erradicação completa das bactérias causadoras do estômago ou duodeno (Helicobacter pylori). 
- Infecções graves: **Amoxil[®]** recomendado na dosagem de até 3 g duas vezes ao dia, em associação com inibidores da bomba de prótons e outros antimicrobianos. O tratamento dura por sete dias para erradicação completa das bactérias causadoras do estômago ou duodeno (Helicobacter pylori). 
- Infecções graves: **Amoxil[®]** recomendado na dosagem de até 3 g duas vezes ao dia, em associação com inibidores da bomba de prótons e outros antimicrobianos. O tratamento dura por sete dias para erradicação completa das bactérias causadoras do estômago ou duodeno (Helicobacter pylori). 
- Infecções graves: **Amoxil[®]** recomendado na dosagem de até 3 g duas vezes ao dia, em associação com inibidores da bomba de prótons e outros antimicrobianos. O tratamento dura por sete dias para erradicação completa das bactérias causadoras do estômago ou duodeno (Helicobacter pylori). 
- Infecções graves: **Amoxil[®]** recomendado na dosagem de até 3 g duas vezes ao dia, em associação com inibidores da bomba de prótons e outros antimicrobianos. O tratamento dura por sete dias para erradicação completa das bactérias causadoras do estômago ou duodeno (Helicobacter pylori). 
- Infecções graves: **Amoxil[®]** recomendado na dosagem de até 3 g duas vezes ao dia, em associação com inibidores da bomba de prótons e outros antimicrobianos. O tratamento dura por sete dias para erradicação completa das bactérias causadoras do estômago ou duodeno (Helicobacter pylori). 
- Infecções graves: **Amoxil[®]** recomendado na dosagem de até 3 g duas vezes ao dia, em associação com inibidores da bomba de prótons e outros antimicrobianos. O tratamento dura por sete dias para erradicação completa das bactérias causadoras do estômago ou duodeno (Helicobacter pylori). 
- Infecções graves: **Amoxil[®]** recomendado na dosagem de até 3 g duas vezes ao dia, em associação com inibidores da bomba de prótons e outros antimicrobianos. O tratamento dura por sete dias para erradicação completa das bactérias causadoras do estômago ou duodeno (Helicobacter pylori). 
- Infecções graves: **Amoxil[®]** recomendado na dosagem de até 3 g duas vezes ao dia, em associação com inibidores da bomba de prótons e outros antimicrobianos. O tratamento dura por sete dias para erradicação completa das bactérias causadoras do estômago ou duodeno (Helicobacter pylori). 
- Infecções graves: **Amoxil[®]** recomendado na dosagem de até 3 g duas vezes ao dia, em associação com inibidores da bomba de prótons e outros antimicrobianos. O tratamento dura por sete dias para erradicação completa das bactérias causadoras do estômago ou duodeno (Helicobacter pylori). 
- Infecções graves: **Amoxil[®]** recomendado na dosagem de até 3 g duas vezes ao dia, em associação com inibidores da bomba de prótons e outros antimicrobianos. O tratamento dura por sete dias para erradicação completa das bactérias causadoras do estômago ou duodeno (Helicobacter pylori). 
- Infecções graves: **Amoxil[®]** recomendado na dosagem de até 3 g duas vezes ao dia, em associação com inibidores da bomba de prótons e outros antimicrobianos. O tratamento dura por sete dias para erradicação completa das bactérias causadoras do estômago ou duodeno (Helicobacter pylori). 
- Infecções graves: **Amoxil[®]** recomendado na dosagem de até 3 g duas vezes ao dia, em associação com inibidores da bomba de prótons e outros antimicrobianos. O tratamento dura por sete dias para erradicação completa das bactérias causadoras do estômago ou duodeno (Helicobacter pylori). 
- Infecções graves: **Amoxil[®]** recomendado na dosagem de até 3 g duas vezes ao dia, em associação com inibidores da bomba de prótons e outros antimicrobianos. O tratamento dura por sete dias para erradicação completa das bactérias causadoras do estômago ou duodeno (Helicobacter pylori). 
- Infecções graves: **Amoxil[®]** recomendado na dosagem de até 3 g duas vezes ao dia, em associação com inibidores da bomba de prótons e outros antimicrobianos. O tratamento dura por sete dias para erradicação completa das bactérias causadoras do estômago ou duodeno (Helicobacter pylori). 
- Infecções graves: **Amoxil[®]** recomendado na dosagem de até 3 g duas vezes ao dia, em associação com inibidores da bomba de prótons e outros antimicrobianos. O tratamento dura por sete dias para erradicação completa das bactérias causadoras do estômago ou duodeno (Helicobacter pylori). 
- Infecções graves: **Amoxil[®]** recomendado na dosagem de até 3 g duas vezes ao dia, em associação com inibidores da bomba de prótons e outros antimicrobianos. O tratamento dura por sete dias para erradicação completa das bactérias causadoras do estômago ou duodeno (Helicobacter pylori). 
- Infecções graves: **Amoxil[®]** recomendado na dosagem de até 3 g duas vezes ao dia, em associação com inibidores da bomba de prótons e outros antimicrobianos. O tratamento dura por sete dias para erradicação completa das bactérias causadoras do estômago ou duodeno (Helicobacter pylori). 
- Infecções graves: **Amoxil[®]** recomendado na dosagem de até 3 g duas vezes ao dia, em associação com inibidores da bomba de prótons e outros antimicrobianos. O tratamento dura por sete dias para erradicação completa das bactérias causadoras do estômago ou duodeno (Helicobacter pylori). 
- Infecções graves: **Amoxil[®]** recomendado na dosagem de até 3 g duas vezes ao dia, em associação com inibidores da bomba de prótons e outros antimicrobianos. O tratamento dura por sete dias para erradicação completa das bactérias causadoras do estômago ou duodeno (Helicobacter pylori). 
- Infecções graves: **Amoxil[®]** recomendado na dosagem de até 3 g duas vezes ao dia, em associação com inibidores da bomba de prótons e outros antimicrobianos. O tratamento dura por sete dias para erradicação completa das bactérias causadoras do estômago ou duodeno (Helicobacter pylori). 
- Infecções graves: **Amoxil[®]** recomendado na dosagem de até 3 g duas vezes ao dia, em associação com inibidores da bomba de prótons e outros antimicrobianos. O tratamento dura por sete dias para erradicação completa das bactérias causadoras do estômago ou duodeno (Helicobacter pylori). 
- Infecções graves: **Amoxil[®]** recomendado na dosagem de até 3 g duas vezes ao dia, em associação com inibidores da bomba de prótons e outros antimicrobianos. O tratamento dura por sete dias para erradicação completa das bactérias causadoras do estômago ou duodeno (Helicobacter pylori). 
- Infecções graves: **Amoxil[®]** recomendado na dosagem de até 3 g duas vezes ao dia, em associação com inibidores da bomba de prótons e outros antimicrobianos. O tratamento dura por sete dias para erradicação completa das bactérias causadoras do estômago ou duodeno (Helicobacter pylori). 
- Infecções graves: **Amoxil[®]** recomendado na dosagem de até 3 g duas vezes ao dia, em associação com inibidores da bomba de prótons e outros antimicrobianos. O tratamento dura por sete dias para erradicação completa das bactérias causadoras do estômago ou duodeno (Helicobacter pylori). 
- Infecções graves: **Amoxil[®]** recomendado na dosagem de até 3 g duas vezes ao dia, em associação com inibidores da bomba de prótons e outros antimicrobianos. O tratamento dura por sete dias para erradicação completa das bactérias causadoras do estômago ou duodeno (Helicobacter pylori). 
- Infecções graves: **Amoxil[®]** recomendado na dosagem de até 3 g duas vezes ao dia, em associação com inibidores da bomba de prótons e outros antimicrobianos. O tratamento dura por sete dias para erradicação completa das bactérias causadoras do estômago ou duodeno (Helicobacter pylori). 
- Infecções graves: **Amoxil[®]** recomendado na dosagem de até 3 g duas vezes ao dia, em associação com inibidores da bomba de prótons e outros antimicrobianos. O tratamento dura por sete dias para erradicação completa das bactérias causadoras do estômago ou duodeno (Helicobacter pylori). 
- Infecções graves: **Amoxil[®]** recomendado na dosagem de até 3 g duas vezes ao dia, em associação com inibidores da bomba de prótons e outros antimicrobianos. O tratamento dura por sete dias para erradicação completa das bactérias causadoras do estômago ou duodeno (Helicobacter pylori). 
- Infecções graves: **Amoxil[®]** recomendado na dosagem de até 3 g duas vezes ao dia, em associação com inibidores da bomba de prótons e outros antimicrobianos. O tratamento dura por sete dias para erradicação completa das bactérias causadoras do estômago ou duodeno (Helicobacter pylori). 
- Infecções graves: **Amoxil[®]** recomendado na dosagem de até 3 g duas vezes ao dia, em associação com inibidores da bomba de prótons e outros antimicrobianos. O tratamento dura por sete dias para erradicação completa das bactérias causadoras do estômago ou duodeno (Helicobacter pylori). 
- Infecções graves: **Amoxil[®]** recomendado na dosagem de até 3 g duas vezes ao dia, em associação com inibidores da bomba de prótons e outros antimicrobianos. O tratamento dura por sete dias para erradicação completa das bactérias causadoras do estômago ou duodeno (Helicobacter pylori). 
- Infecções graves: **Amoxil[®]** recomendado na dosagem de até 3 g duas vezes ao dia, em associação com inibidores da bomba de prótons e outros antimicrobianos. O tratamento dura por sete dias para erradicação completa das bactérias causadoras do estômago ou duodeno (Helicobacter pylori). 
- Infecções graves: **Amoxil[®]** recomendado na dosagem de até 3 g duas vezes ao dia, em associação com inibidores da bomba de prótons e outros antimicrobianos. O tratamento dura por sete dias para erradicação completa das bactérias causadoras do estômago ou duodeno (Helicobacter pylori). 
- Infecções graves: **Amoxil[®]** recomendado na dosagem de até 3 g duas vezes ao dia, em associação com inibidores da bomba de prótons e outros antimicrobianos. O tratamento dura por sete dias para erradicação completa das bactérias causadoras do estômago ou duodeno (Helicobacter pylori). 
- Infecções graves: **Amoxil[®]** recomendado na dosagem de até 3 g duas vezes ao dia, em associação com inibidores da bomba de prótons e outros antimicrobianos. O tratamento dura por sete dias para erradicação completa das bactérias causadoras do estômago ou duodeno (Helicobacter pylori). 
- Infecções graves: **Amoxil[®]** recomendado na dosagem de até 3 g duas vezes ao dia, em associação com inibidores da bomba de prótons e outros antimicrobianos. O tratamento dura por sete dias para erradicação completa das bactérias causadoras do estômago ou duodeno (Helicobacter pylori). 
- Infecções graves: **Amoxil[®]** recomendado na dosagem de até 3 g duas vezes ao dia, em associação com inibidores da bomba de prótons e outros antimicrobianos. O tratamento dura por sete dias para erradicação completa das bactérias causadoras do estômago ou duodeno (Helicobacter pylori). 
- Infecções graves: **Amoxil[®]** recomendado na dosagem de até 3 g duas vezes ao dia, em associação com inibidores da bomba de prótons e outros antimicrobianos. O tratamento dura por sete dias para erradicação completa das bactérias causadoras do estômago ou duodeno (Helicobacter pylori). 
- Infecções graves: **Amoxil[®]** recomendado na dosagem de até 3 g duas vezes ao dia, em associação com inibidores da bomba de prótons e outros antimicrobianos. O tratamento dura por sete dias para erradicação completa das bactérias causadoras do estômago ou duodeno (Helicobacter pylori). 
- Infecções graves: **Amoxil[®]** recomendado na dosagem de até 3 g duas vezes ao dia, em associação com inibidores da bomba de prótons e outros antimicrobianos. O tratamento dura por sete dias para erradicação completa das bactérias causadoras do estômago ou duodeno (Helicobacter pylori). 
- Infecções graves: **Amoxil[®]** recomendado na dosagem de até 3 g duas vezes ao dia, em associação com inibidores da bomba de prótons e outros antimicrobianos. O tratamento dura por sete dias para erradicação completa das bactérias causadoras do estômago ou duodeno (Helicobacter pylori). 
- Infecções graves: **Amoxil[®]** recomendado na dosagem de até 3 g duas vezes ao dia, em associação com inibidores da bomba de prótons e outros antimicrobianos. O tratamento dura por sete dias para erradicação completa das bactérias causadoras do estômago ou duodeno (Helicobacter pylori). 
- Infecções graves: **Amoxil[®]** recomendado na dosagem de até 3 g duas vezes ao dia, em associação com inibidores da bomba de prótons e outros antimicrobianos. O tratamento dura por sete dias para erradicação completa das bactérias causadoras do estômago ou duodeno (Helicobacter pylori). 
- Infecções graves: **Amoxil[®]** recomendado na dosagem de até 3 g duas vezes ao dia, em associação com inibidores da bomba de prótons e outros antimicrobianos. O tratamento dura por sete dias para erradicação completa das bactérias causadoras do estômago ou duodeno (Helicobacter pylori). 
- Infecções graves: **Amoxil[®]** recomendado na dosagem de até 3 g duas vezes ao dia, em associação com inibidores da bomba de prótons e outros antimicrobianos. O tratamento dura por sete dias para erradicação completa das bactérias causadoras do estômago ou duodeno (Helicobacter pylori). 
- Infecções graves: **Amoxil[®]** recomendado na dosagem de até 3 g duas vezes ao dia, em associação com inibidores da bomba de prótons e outros antimicrobianos. O tratamento dura por sete dias para erradicação completa das bactérias causadoras do estômago ou duodeno (Helicobacter pylori). 
- Infecções graves: **Amoxil[®]** recomendado na dosagem de até 3 g duas vezes ao dia, em associação com inibidores da bomba de prótons e outros antimicrobianos. O tratamento dura por sete dias para erradicação completa das bactérias causadoras do estômago ou duodeno (Helicobacter pylori). 
- Infecções graves: **Amoxil[®]** recomendado na dosagem de até 3 g duas vezes ao dia, em associação com inibidores da bomba de prótons e outros antimicrobianos. O tratamento dura por sete dias para erradicação completa das bactérias causadoras do estômago ou duodeno (Helicobacter pylori). 
- Infecções graves: **Amoxil[®]** recomendado na dosagem de até 3 g duas vezes ao dia, em associação com inibidores da bomba de prótons e outros antimicrobianos. O tratamento dura por sete dias para erradicação completa das bactérias causadoras do estômago ou duodeno (Helicobacter pylori). 
- Infecções graves: **Amoxil[®]** recomendado na dosagem de até 3 g duas vezes ao dia, em associação com inibidores da bomba de prótons e outros antimicrobianos. O tratamento dura por sete dias para erradicação completa das bactérias causadoras do estômago ou duodeno (Helicobacter pylori). 
- Infecções graves: **Amoxil[®]** recomendado na dosagem de até 3 g duas vezes ao dia, em associação com inibidores da bomba de prótons e outros antimicrobianos. O tratamento dura por sete dias para erradicação completa das bactérias causadoras do estômago ou duodeno (Helicobacter pylori). 
- Infecções graves: **Amoxil[®]** recomendado na dosagem de até 3 g duas vezes ao dia, em associação com inibidores da bomba de prótons e outros antimicrobianos. O tratamento dura por sete dias para erradicação completa das bactérias causadoras do estômago ou duodeno (Helicobacter pylori). 
- Infecções graves: **Amoxil[®]** recomendado na dosagem de até 3 g duas vezes ao dia, em associação com inibidores da bomba de prótons e outros antimicrobianos. O tratamento dura por sete dias para erradicação completa das bactérias causadoras do estômago ou duodeno (Helicobacter pylori). 
- Infecções graves: **Amoxil[®]** recomendado na dosagem de até 3 g duas vezes ao dia, em associação com inibidores da bomba de prótons e outros antimicrobianos. O tratamento dura por sete dias para erradicação completa das bactérias causadoras do estômago ou duodeno (Helicobacter pylori). 
- Infecções graves: **Amoxil[®]** recomendado na dosagem de até 3 g duas vezes ao dia, em associação com inibidores da bomba de prótons e outros antimicrobianos. O tratamento dura por sete dias para erradicação completa das bactérias causadoras do estômago ou duodeno (Helicobacter pylori). 
- Infecções graves: **Amoxil[®]** recomendado na dosagem de até 3 g duas vezes ao dia, em associação com inibidores da bomba de prótons e outros antimicrobianos. O tratamento dura por sete dias para erradicação completa das bactérias causadoras do estômago ou duodeno (Helicobacter pylori). 
- Infecções graves: **Amoxil[®]** recomendado na dosagem de até 3 g duas vezes ao dia, em associação com inibidores da bomba de prótons e outros antimicrobianos. O tratamento dura por sete dias para erradicação completa das bactérias causadoras do estômago ou duodeno (Helicobacter pylori). 
- Infecções graves: **Amoxil[®]** recomendado na dosagem de até 3 g duas vezes ao dia, em associação com inibidores da bomba de prótons e outros antimicrobianos. O tratamento dura por sete dias para erradicação completa das bactérias causadoras do estômago ou duodeno (Helicobacter pylori). 
- Infecções graves: **Amoxil[®]** recomendado na dosagem de até 3 g duas vezes ao dia, em associação com inibidores da bomba de prótons e outros antimicrobianos. O tratamento dura por sete dias para erradicação completa das bactérias causadoras do estômago ou duodeno (Helicobacter pylori). 
- Infecções graves: **Amoxil[®]** recomendado na dosagem de até 3 g duas vezes ao dia, em associação com inibidores da bomba de prótons e outros antimicrobianos. O tratamento dura por sete dias para erradicação completa das bactérias causadoras do estômago ou duodeno (Helicobacter pylori). 
- Infecções graves: **Amoxil[®]** recomendado na dosagem de até 3 g duas vezes ao dia, em associação com inibidores da bomba de prótons e outros antimicrobianos. O tratamento dura por sete dias para erradicação completa das bactérias causadoras do estômago ou duodeno (Helicobacter pylori). 
- Infecções graves: **Amoxil[®]** recomendado na dosagem de até 3 g duas vezes ao dia, em associação com inibidores da bomba de prótons e outros antimicrobianos. O tratamento dura por sete dias para erradicação completa das bactérias causadoras do estômago ou duodeno (Helicobacter pylori). 
- Infecções graves: **Amoxil[®]** recomendado na dosagem de até 3 g duas vezes ao dia, em associação com inibidores da bomba de prótons e outros antimicrobianos. O tratamento dura por sete dias para erradicação completa das bactérias causadoras do estômago ou duodeno (Helicobacter pylori). 
- Infecções graves: **Amoxil[®]** recomendado na dosagem de até 3 g duas vezes ao dia, em associação com inibidores da bomba de prótons e outros antimicrobianos. O tratamento dura por sete dias para erradicação completa das bactérias causadoras do estômago ou duodeno (Helicobacter pylori). 
- Infecções graves: **Amoxil[®]** recomendado na dosagem de até 3 g duas vezes ao dia, em associação com inibidores da bomba de prótons e outros antimicrobianos. O tratamento dura por sete dias para erradicação completa das bactérias causadoras do estômago ou duodeno (Helicobacter pylori). 
- Infecções graves: **Amoxil[®]** recomendado na dosagem de até 3 g duas vezes ao dia, em associação com inibidores da bomba de prótons e outros antimicrobianos. O tratamento dura por sete dias para erradicação completa das bactérias causadoras do estômago ou duodeno (Helicobacter pylori). 
- Infecções graves: **Amoxil[®]** recomendado na dosagem de até 3 g duas vezes ao dia, em associação com inibidores da bomba de prótons e outros antimicrobianos. O tratamento dura por sete dias para erradicação completa das bactérias causadoras do estômago ou duodeno (Helicobacter pylori). 
- Infecções graves: **Amoxil[®]** recomendado na dosagem de até 3 g duas vezes ao dia, em associação com inibidores da bomba de prótons e outros antimicrobianos. O tratamento dura por sete dias para erradicação completa das bactérias causadoras do estômago ou duodeno (Helicobacter pylori). 
- Infecções graves: **Amoxil[®]** recomendado na dosagem de até 3 g duas vezes ao dia, em associação com inibidores da bomba de prótons e outros antimicrobianos. O tratamento dura por sete dias para erradicação completa das bactérias causadoras do estômago ou duodeno (Helicobacter pylori). 
- Infecções graves: **Amoxil[®]** recomendado na dosagem de até 3 g duas vezes ao dia, em associação com inibidores da bomba de prótons e outros antimicrobianos. O tratamento dura por sete dias para erradicação completa das bactérias causadoras do estômago ou duodeno (Helicobacter pylori). 
- Infecções graves: **Amoxil[®]** recomendado na dosagem de até 3 g duas vezes ao dia, em associação com inibidores da bomba de prótons e outros antimicrobianos. O tratamento dura por sete dias para erradicação completa das bactérias causadoras do estômago ou duodeno (Helicobacter pylori). 
- Infecções graves: **Amoxil[®]** recomendado na dosagem de até 3 g duas vezes ao dia, em associação com inibidores da bomba de prótons e outros antimicrobianos. O tratamento dura por sete dias para erradicação completa das bactérias causadoras do estômago ou duodeno (Helicobacter pylori). 
- Infecções graves: **Amoxil[®]** recomendado na dosagem de até 3 g duas vezes",TODAS (Naive),"chunk_29c1314f7e21, chunk_29c1314f7e21, chunk_9514da6bb24d, chunk_9514da6bb24d, chunk_d22f44452468, chunk_05bc48672ff1, chunk_11cbb1217441, chunk_6fd3c193ea42, chunk_9d394eb70d17, chunk_7d57d737a19d, chunk_1ddf28119f88, chunk_f81a2a346d66, chunk_c0033b15fe08, chunk_e3c9fe99e5cd, chunk_920654c7064a","[""PARA QUE ESTE MEDICAMENTO É INDICADO?** \n\n**Amoxil[®]** , um antibiótico eficaz contra grande variedade de bactérias, é indicado para tratamento de infecções bacterianas causadas por germes sensíveis à ação da amoxicilina. Entretanto, seu médico pode receitar este medicamento para outro uso. Se desejar mais informações, pergunte ao seu médico. \n\n## **2."", ""PARA QUE ESTE MEDICAMENTO É INDICADO?** \n\n**Amoxil[®]** , antibiótico eficaz contra grande variedade de bactérias, é indicado para tratamento de infecções bacterianas causadas por germes sensíveis à ação da amoxicilina. Entretanto, seu médico pode receitar este medicamento para outro uso. Se desejar mais informações, pergunte ao seu médico. \n\n## **2."", ""COMO ESTE MEDICAMENTO FUNCIONA?** \n\n**Amoxil[®]** contém uma penicilina chamada amoxicilina como ingrediente ativo. A amoxicilina pertence ao grupo dos antibióticos penicilânicos. **Amoxil[®]** é usado no tratamento de uma gama de infecções causadas por bactérias, que podem manifestar-se nos pulmões (pneumonia e bronquite), nas amígdalas (amigdalite), nos seios da face (sinusite), no trato urinário e genital, na pele e nas mucosas. **Amoxil[®]** atua destruindo as bactérias que causam essas infecções. \n\n## **3."", ""COMO ESTE MEDICAMENTO FUNCIONA?** \n\n**Amoxil[®]** contém uma penicilina chamada amoxicilina como ingrediente ativo. A amoxicilina pertence ao grupo dos antibióticos penicilânicos. **Amoxil[®]** é usado no tratamento de uma gama de infecções causadas por bactérias, que podem manifestar-se nos pulmões (pneumonia e bronquite), nas amígdalas (amigdalite), nos seios da face (sinusite), no trato urinário e genital, na pele e nas mucosas. **Amoxil[®]** atua destruindo as bactérias que causam essas infecções. \n\n## **3."", ""já teve diarreia durante ou após o uso de antibióticos. \n\n1 \n\n**==> picture [87 x 28] intentionally omitted <==**\n\n## Modelo de Texto de Bula – Pacientes Amoxil[®] Cápsulas \n\nO uso prolongado também pode resultar, ocasionalmente, em supercrescimento de microrganismos resistentes a **Amoxil[®]** . \n\n**Amoxil[®]** pode piorar algumas condições existentes ou causar efeitos colaterais graves, como reações alérgicas severas, reações cutâneas severas, dor no peito, vômitos repetitivos dentro de 1 a 4 horas após a administração de **Amoxil[®]** ou diarreia grave (colite pseudomembranosa). Você deve estar atento a determinados sintomas enquanto estiver recebendo **Amoxil[®]** para ajudar a reduzir o risco de quaisquer problemas. \n\n## **Efeitos sobre a capacidade de dirigir veículos e de operar máquinas** \n\nNão se observaram efeitos adversos sobre a capacidade de dirigir veículos e de operar máquinas. \n\n## **Gravidez e amamentação** \n\n**Amoxil[®]** pode ser usado na gravidez desde que os benefícios potenciais sejam maiores que os riscos potenciais associados ao tratamento. Informe seu médico se você estiver grávida ou suspeitar que está grávida. Você não deve tomar este medicamento se estiver grávida, exceto se seu médico recomendar. \n\nVocê pode amamentar seu bebê enquanto estiver tomando **Amoxil[®]** , mas há excreção de quantidades mínimas de amoxicilina no leite materno. Se você estiver amamentando, informe ao seu médico antes de iniciar o tratamento com **Amoxil[®]** ."", ""g ao dia em doses divididas): recomenda-se uma dose de 3 g (seis cápsulas) duas vezes ao dia (de 12 em 12 horas) em casos que requerem tratamento de infecção respiratória purulenta (com a presença de pus) grave ou recorrente. \n\n## **- Tratamento de curta duração (gonorreia): dose única de 3 g.** \n\n**Erradicação de** _**Helicobacter pylori:**_ para combater o _Helicobacter_ (bactéria que ataca o estômago e o duodeno), recomenda-se o uso de Amoxil[®] no esquema de 1 g duas vezes ao dia (de 12 em 12 horas), em associação com um medicamento conhecido como inibidor da bomba de prótons (exemplo: omeprazol, lanzoprazol) e outro agente antimicrobiano (por exemplo claritromicina, metronidazol), por 7 dias. \n\n## **Pacientes com insuficiência renal (dos rins)** \n\nNa insuficiência renal, a eliminação do antibiótico é mais lenta. Conforme o grau dessa condição, seu médico pode indicar a redução da dose diária total de acordo com o esquema descrito a seguir. \n\nAdultos e crianças acima de 40 kg \n\n- insuficiência leve: nenhuma alteração de dose; \n\n- insuficiência moderada: máximo de 500 mg (uma cápsula) duas vezes ao dia (de 12 em 12 horas); \n\n- insuficiência grave: máximo de 500 mg (uma cápsula) ao dia. \n\n3 \n\n**==> picture [87 x 28] intentionally omitted <==**\n\n## Modelo de Texto de Bula – Pacientes Amoxil[®] Cápsulas \n\n## **Pacientes que recebem diálise peritoneal**"", ""íase grave). A alimentação não interfere na ação de **Amoxil[®]** , que pode ser ingerido nas refeições. \n\n**Informe ao seu médico ou cirurgião-dentista se você está fazendo uso de algum outro medicamento. Não use medicamento sem o conhecimento do seu médico. Pode ser perigoso para a sua saúde.** \n\n**Atenção: Contém os corantes vermelho de eritrosina, azul de indigotina, dióxido de titânio e óxido de ferro amarelo que podem, eventualmente, causar reações alérgicas.** \n\n**É importante utilizar este medicamento durante todo o tempo prescrito pelo profissional de saúde habilitado, mesmo que os sinais e sintomas da infecção tenham desaparecido, pois isso não significa a cura. A interrupção do tratamento pode contribuir para o aparecimento de infecções mais graves.** \n\n## **5."", ""utâneas severas, dor no peito, vômitos repetitivos dentro de 1 a 4 horas após a administração de **Amoxil[®]** ou diarreia grave (colite pseudomembranosa). Você deve estar atento a determinados sintomas enquanto estiver recebendo **Amoxil[®]** para ajudar a reduzir o risco de quaisquer problemas. \n\n## **Efeitos sobre a capacidade de dirigir veículos e de operar máquinas** \n\nNão se observaram efeitos adversos sobre a capacidade de dirigir veículos e de operar máquinas. \n\n## **Gravidez e amamentação** \n\n**Amoxil[®]** pode ser usado na gravidez desde que os benefícios potenciais sejam maiores que os riscos potenciais associados ao tratamento. Informe seu médico se você estiver grávida ou suspeitar que está grávida. Você não deve tomar este medicamento se estiver grávida, exceto se seu médico recomendar. \n\nVocê pode amamentar seu bebê enquanto estiver tomando **Amoxil[®]** , mas há excreção de quantidades mínimas de amoxicilina no leite materno. Se você estiver amamentando, informe ao seu médico antes de iniciar o tratamento com **Amoxil[®]** . \n\n## **Este medicamento não deve ser utilizado por mulheres grávidas sem orientação médica ou do cirurgião-dentista.** \n\n**Uso compatível com o aleitamento ou doação de leite humano. O uso desse medicamento não interfere no aleitamento do bebê.** \n\n## **Atenção: Contém fenilalanina.** \n\n**Este produto contém benzoato de sódio, que pode causar reações alérgicas, como asma, especialmente em pessoas alérgicas ao ácido acetilsalicílico.** \n\n## **Uso em idosos, crianças e outros grupos de risco**"", ""QUANDO NÃO DEVO USAR ESTE MEDICAMENTO?** \n\nEste medicamento não pode ser usado por pessoas alérgicas à amoxicilina, a outros antibióticos penicilínicos ou antibióticos similares, chamados cefalosporinas. Se você já teve uma reação alérgica (como erupções da pele) ao tomar um antibiótico, deve conversar com seu médico antes de usar **Amoxil[®]** . \n\n## **4."", ""se estiver grávida, exceto se seu médico recomendar. \n\nVocê pode amamentar seu bebê enquanto estiver tomando **Amoxil[®]** , mas há excreção de quantidades mínimas de amoxicilina no leite materno. Se você estiver amamentando, informe ao seu médico antes de iniciar o tratamento com **Amoxil[®]** . \n\n## **Este medicamento não deve ser utilizado por mulheres grávidas sem orientação médica ou do cirurgião-dentista.** \n\n**Uso compatível com o aleitamento ou doação de leite humano. O uso desse medicamento não interfere no aleitamento do bebê.** \n\n## **Uso em idosos, crianças e outros grupos de risco** \n\nAs recomendações especiais se referem às doses . \n\n## **Interações Medicamentosas** \n\nAlguns medicamentos podem causar efeitos indesejáveis se você os ingerir durante o tratamento com **Amoxil[®]** . Não deixe de avisar seu médico caso você esteja tomando: \n\n- medicamentos usados no tratamento de gota (probenecida ou alopurinol); \n\n- outros antibióticos; \n\n- pílulas anticoncepcionais (como acontece com outros antibióticos, talvez sejam necessárias precauções adicionais para evitar a gravidez); \n\n- anticoagulantes; \n\n- metotrexato (usado para tratar doenças como câncer e psoríase grave). A alimentação não interfere na ação de **Amoxil[®]** , que pode ser ingerido nas refeições. \n\n**Informe ao seu médico ou cirurgião-dentista se você está fazendo uso de algum outro medicamento. Não use medicamento sem o conhecimento do seu médico. Pode ser perigoso para a sua saúde.**"", ""roxas) que surgem com mais facilidade que o normal; \n\n- Destruição de glóbulos vermelhos e consequentemente anemia (anemia hemolítica), que pode resultar em cansaço, dores de cabeça e falta de ar causada pela prática de exercícios físicos, vertigem, palidez e amarelamento da pele e/ou dos olhos; \n\n- Sinais repentinos de alergia, como erupções da pele, prurido (coceira) ou urticária, inchaço da face, dos lábios, da língua ou de outras partes do corpo, falta de ar, respiração ofegante ou problemas para respirar; se esses sintomas ocorrerem, pare de usar **Amoxil[®]** e procure socorro médico o mais rápido possível; \n\n4 \n\n**==> picture [87 x 28] intentionally omitted <==**\n\n## Modelo de Texto de Bula – Pacientes Amoxil[®] Cápsulas \n\n- Dor no peito, que pode ser um sinal de uma reação alérgica potencialmente grave chamada síndrome de Kounis; \n\n- Vômitos repetitivos (1 a 4 horas após a administração de **Amoxil[®]** ), dores no estômago, sonolência anormal, diarreia e pressão baixa, que podem ser um sinal de uma reação alérgica grave denominada síndrome de enterocolite induzida por medicamentos; \n\n- Convulsões (ataques) podem ocorrer em pacientes com função renal prejudicada ou que estejam recebendo doses altas do medicamento; \n\n- Hipercinesia (presença de movimentos exacerbados e incontrolados), tontura;"", ""86 x 28] intentionally omitted <==**\n\n## Modelo de Texto de Bula – Pacientes Amoxil[®] Pó para suspensão oral \n\n**Informe seu médico ou cirurgião-dentista se você está fazendo uso de algum outro medicamento. Não use medicamento sem o conhecimento de seu médico. Pode ser perigoso para sua saúde.** \n\n**É importante utilizar este medicamento durante todo o tempo prescrito pelo profissional de saúde habilitado, mesmo que os sinais e sintomas da infecção tenham desaparecido, pois isso não significa a cura. A interrupção do tratamento pode contribuir para o aparecimento de infecções mais graves.** \n\n## **5."", ""servada em geladeira (entre 2[o] C e 8[o] C). \n\n## **Agite a suspensão oral antes de usá-la.** \n\n3 \n\n**==> picture [86 x 28] intentionally omitted <==**\n\n## Modelo de Texto de Bula – Pacientes Amoxil[®] Pó para suspensão oral \n\n## **Posologia** \n\n## **Dose para adultos e crianças acima de 40 kg** \n\nDose padrão: 250 mg três vezes ao dia (de 8 em 8 horas), podendo ser aumentada para 500 mg três vezes ao dia (de 8 em 8 horas) nas infecções mais graves. \n\n## **Tratamento com dosagem alta (máximo recomendável de 6 g ao dia em doses divididas)** \n\nRecomenda-se uma dose de 3g duas vezes ao dia (de 12 em 12 horas) nos casos que requerem tratamento de infecção respiratória purulenta (com a presença de pus) grave ou recorrente. \n\n## **Tratamento de curta duração** \n\nGonorreia: dose única de 3 g. \n\n## **Erradicação de** _**Helicobacter pylori**_ **em úlcera péptica (no duodeno ou no estômago)** \n\nPara combater o _Helicobacter_ (bactéria que ataca o estômago e o duodeno), recomenda-se o uso de **Amoxil[®]** no esquema de 750 mg a 1 g duas vezes ao dia, em associação com um inibidor da bomba de prótons (exemplo: omeprazol, lanzoprazol) e outro agente antimicrobiano (por exemplo claritromicina, metronidazol), por 7 dias. \n\n## **Dose para crianças abaixo de 40 kg** \n\nDose padrão para crianças: 20 a 50 mg/kg/dia em doses divididas (de 8 em 8 horas), até um máximo de 150 mg/kg/dia em doses divididas. \n\n## **Pacientes com insuficiência renal (dos rins)**"", ""O QUE DEVO SABER ANTES DE USAR ESTE MEDICAMENTO?** \n\n**Amoxil**[] suspensão contém aspartamo, que é fonte de fenilalanina e deve ser usado com cautela em pacientes com fenilcetonúria. Informe seu médico caso você tenha uma doença chamada fenilcetonúria. Antes de iniciar o tratamento com **Amoxil**[] , informe seu médico: \n\n- se você já apresentou reação alérgica a algum antibiótico. Isso pode incluir reações na pele ou inchaço na face ou pescoço ou dores no peito. \n\n1 \n\n**==> picture [86 x 28] intentionally omitted <==**\n\n## Modelo de Texto de Bula – Pacientes Amoxil[®] Pó para suspensão oral \n\n- se você apresenta febre glandular. \n\n- se você toma medicamentos usados para prevenir coágulos sanguíneos (anticoagulantes), tais como varfarina, o seu médico fará um monitoramento e, se necessário, poderá sugerir ajustes na dose dos anticoagulantes. \n\n- se você apresenta problema nos rins. \n\n- se você não estiver urinando regularmente. \n\n- se você já teve diarreia durante ou após o uso de antibióticos. \n\nO uso prolongado também pode resultar, ocasionalmente, em supercrescimento de microrganismos resistentes a **Amoxil[®]** . \n\n**Amoxil[®]** pode piorar algumas condições existentes ou causar efeitos colaterais graves, como reações alérgicas severas, reações cutâneas severas, dor no peito, vômitos repetitivos dentro de 1 a 4 horas após a administração de **Amoxil[®]** ou diarreia grave (colite pseudomembranosa). Você deve estar atento a determinados sintomas enquanto estiver recebendo **Amoxil[®]** para ajudar a reduzir o risco de quaisquer problemas."", ""imo de 500 mg (uma cápsula) duas vezes ao dia (de 12 em 12 horas); \n\n- insuficiência grave: máximo de 500 mg (uma cápsula) ao dia. \n\n3 \n\n**==> picture [87 x 28] intentionally omitted <==**\n\n## Modelo de Texto de Bula – Pacientes Amoxil[®] Cápsulas \n\n## **Pacientes que recebem diálise peritoneal** \n\nUsa-se a mesma posologia indicada para pacientes com insuficiência renal grave. A diálise peritoneal (processo de limpeza das substâncias tóxicas do organismo através do peritônio, membrana que envolve o abdômen) não remove a amoxicilina do corpo. \n\n## **Pacientes que recebem hemodiálise** \n\nUsa-se a mesma posologia indicada para pacientes com insuficiência renal grave. \n\nA amoxicilina é removida do sangue por hemodiálise (processo que substitui os rins na filtragem sanguínea). Portanto, uma dose adicional (500 mg para adultos e crianças acima de 40kg ou 15 mg/kg para crianças abaixo de 40 kg) pode ser administrada durante e no final de cada diálise. \n\nSeu médico poderá indicar tratamento por via parenteral (feito com aplicação de injeções intravenosas, intramusculares ou subcutâneas) nos casos em que a via oral for considerada inadequada (particularmente nos tratamentos urgentes de infecções graves). \n\nConforme o grau de insuficiência renal, talvez seu médico ache necessário reduzir a dose diária total. \n\n**Siga a orientação de seu médico, respeitando sempre os horários, as doses e a duração do tratamento. Não interrompa o tratamento sem o conhecimento de seu médico. Este medicamento não deve ser partido ou mastigado.** \n\n## **7.""]",0.063,3197.019
naive_rag,ollama:mediphi-instruct,RIVOTRIL,dificil,"Em um paciente idoso com comprometimento hepático leve a moderado que também usa depressores do sistema nervoso central, quais riscos e ajustes a bula exige considerar antes de iniciar Rivotril?",dificil,"A bula informa que os efeitos dos benzodiazepínicos parecem ser maiores em idosos, mesmo em concentrações plasmáticas similares, e que nesses pacientes deve ser usada a menor dose possível, com cuidado especial durante alterações de dose. Para comprometimento hepático leve a moderado, a bula também recomenda a menor dose possível; em comprometimento hepático grave, Rivotril não deve ser usado. Além disso, não se deve tomar Rivotril com álcool e/ou depressores do sistema nervoso central, pois a combinação pode aumentar seus efeitos, com potencial sedação grave que pode resultar em coma ou morte, depressão cardiovascular e/ou respiratória.",QUANDO NÃO DEVO USAR ESTE MEDICAMENTO? / O QUE DEVO SABER ANTES DE USAR ESTE MEDICAMENTO? / COMO DEVO USAR ESTE MEDICAMENTO?,"De acordo com a bula consultada de RIVOTRIL, consta a seguinte informação: 1. Os benzodiazepínicos geralmente causam sonolência, ataxia (perda da coordenação dos movimentos), disartria, nistagmo, confusão mental, excitação e lentidão de movimento. A superdose de **Rivotril[® ]** está raramente associada com risco de morte, caso o medicamento tenha sido tomado isoladamente, mas pode levar à arreflexia (ausência de reflexos), apneia, hipotensão arterial, depressão cardiorrespiratória e coma. Se ocorrer coma, normalmente tem duração de poucas horas; porém, pode ser prolongado e cíclico, particularmente em idosos. A depressão respiratória por benzodiazepínicos é mais séria em pacientes com doença respiratória. 2. Os benzodiazepínicos aumentam os efeitos de outros depressores do sistema nervoso central, incluindo o álcool. **Conduta** Monitorar sinais vitais e instituir medidas de suporte a critério médico. **Advertência** Flumazenil não é indicado a pacientes com epilepsia que foram tratados com benzodiazepínicos. 3. Em caso de uso de grande quantidade deste medicamento, procure rapidamente socorro médico e leve a embalagem ou bula do medicamento, se possível. Ligue para 0800 722 6001, se você precisar de mais orientações.

---
*Esta resposta se baseia apenas nos trechos da bula recuperados e não substitui orientação médica ou farmacêutica. É recomendável consultar um profissional de saúde para orientação individualizada.*","De acordo com a bula consultada de RIVOTRIL, consta a seguinte informação: 1. Os benzodiazepínicos geralmente causam sonolência, ataxia (perda da coordenação dos movimentos), disartria, nistagmo, confusão mental, excitação e lentidão de movimento. A superdose de **Rivotril[® ]** está raramente associada com risco de morte, caso o medicamento tenha sido tomado isoladamente, mas pode levar à arreflexia (ausência de reflexos), apneia, hipotensão arterial, depressão cardiorrespiratória e coma. Se ocorrer coma, normalmente tem duração de poucas horas; porém, pode ser prolongado e cíclico, particularmente em idosos. A depressão respiratória por benzodiazepínicos é mais séria em pacientes com doença respiratória. 2. Os benzodiazepínicos aumentam os efeitos de outros depressores do sistema nervoso central, incluindo o álcool. **Conduta** Monitorar sinais vitais e instituir medidas de suporte a critério médico. **Advertência** Flumazenil não é indicado a pacientes com epilepsia que foram tratados com benzodiazepínicos. 3. Em caso de uso de grande quantidade deste medicamento, procure rapidamente socorro médico e leve a embalagem ou bula do medicamento, se possível. Ligue para 0800 722 6001, se você precisar de mais orientações.",TODAS (Naive),"chunk_d77c1f8474ad, chunk_d77c1f8474ad, chunk_d77c1f8474ad, chunk_ddd8cf00aa9e, chunk_ddd8cf00aa9e, chunk_a2180c9f13ba, chunk_6fd00831c65b, chunk_6fd00831c65b, chunk_decd403656d2, chunk_d111e9aa94c7, chunk_ddd8cf00aa9e, chunk_7d57d737a19d, chunk_3fede5899876, chunk_3fede5899876, chunk_4569774ff1a4","[""o, hostilidade, ansiedade, distúrbios do sono, delírio, raiva, pesadelos, sonhos anormais, alucinações, psicose, hiperatividade, comportamento inapropriado e outros efeitos comportamentais. Alterações da libido (casos raros). Dependência e retirada, vide item “Abuso e dependência do medicamento”. \n\n**Distúrbios do sistema nervoso** : diminuição da concentração, sonolência, lentificação, hipotonia muscular, tonturas, ataxia são frequentes e geralmente transitórias. Dor de cabeça (raro). Distúrbios reversíveis: dificuldade para articular a fala, incoordenação de movimentos e da marcha, movimento anormal dos olhos. Pode haver esquecimento de fatos recentes, associado a alteração de comportamento. Pode haver aumento das crises convulsivas em determinadas formas de epilepsia. Perda da voz, movimento grosseiros e descoordenados de braços e pernas, coma, tremor, perda de força de um lado do corpo, sensação de cabeça leve, falta de energia e formigamento e alteração da sensibilidade nas extremidades. \n\n**Distúrbios oculares** : visão dupla reversível, aparência de “olho vítreo”. \n\n**Distúrbios cardiovasculares** : palpitações, dor torácica, insuficiência cardíaca (incluindo parada  cardíaca). \n\n**Distúrbios respiratórios** : congestão pulmonar, congestão nasal, hipersecreção, tosse, falta de ar, bronquite, rinite, faringite. Pode ocorrer depressão respiratória. **Rivotril[® ]** pode aumentar a produção de saliva ou de secreção brônquica (secreção nas vias aéreas) em lactentes e crianças."", ""o, hostilidade, ansiedade, distúrbios do sono, delírio, raiva, pesadelos, sonhos anormais, alucinações, psicose, hiperatividade, comportamento inapropriado e outros efeitos comportamentais. Alterações da libido (casos raros). Dependência e retirada, vide item “Abuso e dependência do medicamento”. \n\n**Distúrbios do sistema nervoso** : diminuição da concentração, sonolência, lentificação, hipotonia muscular, tonturas, ataxia são frequentes e geralmente transitórias. Dor de cabeça (raro). Distúrbios reversíveis: dificuldade para articular a fala, incoordenação de movimentos e da marcha, movimento anormal dos olhos. Pode haver esquecimento de fatos recentes, associado à alteração de comportamento. Pode haver aumento das crises convulsivas em determinadas formas de epilepsia. Perda da voz, movimentos grosseiros e descoordenados de braços e pernas, coma, tremor, perda de força de um lado do corpo, sensação de cabeça leve, falta de energia e formigamento, alteração da sensibilidade nas extremidades. \n\n**Distúrbios oculares** : visão dupla reversível, aparência de “olho vítreo”. \n\n**Distúrbios cardiovasculares** : palpitações, dor torácica, insuficiência cardíaca (incluindo parada  cardíaca). \n\n**Distúrbios respiratórios** : congestão pulmonar, congestão nasal, hipersecreção, tosse, falta de ar, bronquite, rinite, faringite. Pode ocorrer depressão respiratória. **Rivotril[® ]** pode aumentar a produção de saliva ou secreção brônquica (secreção nas vias aéreas) em lactentes e  crianças."", ""o, hostilidade, ansiedade, distúrbios do sono, delírio, raiva, pesadelos, sonhos anormais, alucinações, psicose, hiperatividade, comportamento inapropriado e outros efeitos comportamentais. Alterações da libido (casos raros). Dependência e retirada, vide item “Abuso e dependência do medicamento”. \n\n**Distúrbios do sistema nervoso** : diminuição da concentração, sonolência, lentificação, hipotonia muscular, tonturas, ataxia são frequentes e geralmente transitórias. Dor de cabeça (raro). Distúrbios reversíveis: dificuldade para articular a fala, incoordenação de movimentos e da marcha, movimento anormal dos olhos. Pode haver esquecimento de fatos recentes, associado a alteração de comportamento. Pode haver aumento das crises convulsivas em determinadas formas de epilepsia. Perda da voz, movimentos grosseiros e descoordenados de braços e pernas, coma, tremor, perda de força de um lado do corpo, sensação de cabeça leve, falta de energia e formigamento e alteração da sensibilidade nas extremidades. \n\n**Distúrbios oculares** : visão dupla reversível, aparência de “olho vítreo”. \n\n**Distúrbios cardiovasculares** : palpitações, dor torácica, insuficiência cardíaca (incluindo parada  cardíaca). \n\n**Distúrbios respiratórios** : congestão pulmonar, congestão nasal, hipersecreção, tosse, falta de ar, bronquite, rinite, faringite. Pode ocorrer depressão respiratória. **Rivotril[® ]** pode aumentar a produção de saliva ou de secreção brônquica (secreção nas vias aéreas) em lactentes e crianças."", ""O QUE FAZER SE ALGUÉM USAR UMA QUANTIDADE MAIOR DO QUE A INDICADA DESTE MEDICAMENTO? Sintomas** \n\nOs benzodiazepínicos geralmente causam sonolência, ataxia (perda da coordenação dos movimentos), disartria, nistagmo, confusão mental, excitação e lentidão de movimento. A superdose de **Rivotril[® ]** está raramente associada com risco de morte, caso o medicamento tenha sido tomado isoladamente, mas pode levar à arreflexia (ausência de reflexos), apneia, hipotensão arterial, depressão cardiorrespiratória e coma. Se ocorrer coma, normalmente tem duração de poucas horas; porém, pode ser prolongado e cíclico, particularmente em idosos. A depressão respiratória por benzodiazepínicos é mais séria em pacientes com doença respiratória. \n\nOs benzodiazepínicos aumentam os efeitos de outros depressores do sistema nervoso central, incluindo o álcool. **Conduta** \n\nMonitorar os sinais vitais e instituir medidas de suporte a critério médico. **Advertência** \n\nFlumazenil não é indicado a pacientes com epilepsia que foram tratados com benzodiazepínicos. \n\n**Em caso de uso de grande quantidade deste medicamento, procure rapidamente socorro médico e leve a embalagem ou bula do medicamento, se possível. Ligue para 0800 722 6001, se você precisar de mais orientações.** \n\nMS-1.1524.0011 \n\nFarmacêutico Responsável: Dr. Adriano Costa Leite – CRF-SP n° 38.716 \n\nRegistrado por: Blanver Farmoquímica e Farmacêutica S.A. Rua Francisco Tramontano, 101 -Sala 507 Real Parque – CEP 05686-010 – São Paulo – SP CNPJ 53.359.824/0001-19"", ""O QUE FAZER SE ALGUÉM USAR UMA QUANTIDADE MAIOR DO QUE A INDICADA DESTE MEDICAMENTO? Sintomas** \n\nOs benzodiazepínicos geralmente causam sonolência, ataxia (perda da coordenação dos movimentos), disartria, nistagmo, confusão mental, excitação e lentidão de movimento. A superdose de **Rivotril[® ]** está raramente associada com risco de morte, caso o medicamento tenha sido tomado isoladamente, mas pode levar à arreflexia (ausência de reflexos), apneia, hipotensão arterial, depressão cardiorrespiratória e coma. Se ocorrer coma, normalmente tem duração de poucas horas; porém, pode ser prolongado e cíclico, particularmente em idosos. A depressão respiratória por benzodiazepínicos é mais séria em pacientes com doença respiratória. \n\nOs benzodiazepínicos aumentam os efeitos de outros depressores do sistema nervoso central, incluindo o álcool. **Conduta** \n\nMonitorar sinais vitais e instituir medidas de suporte a critério médico. **Advertência** \n\nFlumazenil não é indicado a pacientes com epilepsia que foram tratados com benzodiazepínicos. \n\n**Em caso de uso de grande quantidade deste medicamento, procure rapidamente socorro médico e leve a embalagem ou bula do medicamento, se possível. Ligue para 0800 722 6001, se você precisar de mais orientações.** \n\nMS-1.1524.0011 \n\nFarmacêutico Responsável: Dr. Adriano Costa Leite – CRF-SP n° 38.716 \n\nRegistrado por: Blanver Farmoquímica e Farmacêutica S.A. Rua Francisco Tramontano, 101 -Sala 507 Real Parque – CEP 05686-010 – São Paulo – SP CNPJ 53.359.824/0001-19"", ""ima tomada.  Apenas continue com a próxima dose no tempo determinado. \n\n4 \n\n**==> picture [109 x 35] intentionally omitted <==**\n\n## **Em caso de dúvidas, procure orientação do farmacêutico, do seu médico ou   cirurgião-dentista.** \n\n## **8. QUAIS OS MALES QUE ESTE MEDICAMENTO PODE ME   CAUSAR?** \n\nAlgumas reações são transitórias e desaparecem espontaneamente no decorrer do tratamento ou com redução da dose. As reações que ocorreram em ≥ 5% dos pacientes em estudos clínicos foram: sonolência, dor de cabeça, infecção das vias aéreas superiores, cansaço, gripe, depressão, vertigem, irritabilidade, insônia, perda da coordenação de movimentos e da marcha, perda do equilíbrio, náusea, sensação de cabeça leve, sinusite e concentração prejudicada. \n\n## **Pós-comercialização:** \n\n**Distúrbios do sistema imunológico** : reações alérgicas e muito poucos casos de anafilaxia (reação alérgica grave). \n\n**Distúrbios endócrinos** : casos isolados, reversíveis, de puberdade precoce incompleta em  crianças."", ""O QUE DEVO FAZER QUANDO EU ME ESQUECER DE USAR ESTE MEDICAMENTO?** Nunca dobre a dose na próxima tomada. Apenas continue com a próxima dose no tempo determinado. **Em caso de dúvidas, procure orientação do farmacêutico, de seu médico ou   cirurgião-dentista.** \n\n**8. QUAIS OS MALES QUE ESTE MEDICAMENTO PODE ME   CAUSAR?** Algumas reações são transitórias e desaparecem espontaneamente no decorrer do tratamento ou com redução da dose. As reações que ocorreram em ≥ 5% dos pacientes em estudos clínicos foram: sonolência, dor de cabeça, infecção das vias aéreas superiores, cansaço, gripe, depressão, vertigem, irritabilidade, insônia, perda da coordenação de movimentos e da marcha, perda do equilíbrio, náusea, sensação de cabeça leve, sinusite e concentração prejudicada. \n\n## **Pós-comercialização:** \n\n**Distúrbios do sistema imunológico** : reações alérgicas e muito poucos casos de anafilaxia (reação alérgica grave). \n\n**Distúrbios endócrinos** : casos isolados, reversíveis, de puberdade precoce incompleta em crianças."", ""O QUE DEVO FAZER QUANDO EU ME ESQUECER DE USAR ESTE MEDICAMENTO?** Nunca dobre a dose na próxima tomada. Apenas continue com a próxima dose no tempo determinado. **Em caso de dúvidas, procure orientação do farmacêutico, de seu médico ou   cirurgião-dentista.** \n\n## **8. QUAIS OS MALES QUE ESTE MEDICAMENTO PODE ME   CAUSAR?** \n\nAlgumas reações são transitórias e desaparecem espontaneamente no decorrer do tratamento ou com redução da dose. As reações que ocorreram em ≥ 5% dos pacientes em estudos clínicos foram: sonolência, dor de cabeça, infecção das vias aéreas superiores, cansaço, gripe, depressão, vertigem, irritabilidade, insônia, perda da coordenação de movimentos e da marcha, perda do equilíbrio, náusea, sensação de cabeça leve, sinusite e concentração prejudicada. \n\n## **Pós-comercialização:** \n\n**Distúrbios do sistema imunológico** : reações alérgicas e muito poucos casos de anafilaxia (reação alérgica grave). \n\n**Distúrbios endócrinos** : casos isolados, reversíveis, de puberdade precoce  incompleta."", ""COMO ESTE MEDICAMENTO FUNCIONA?** \n\nClonazepam pertence à classe dos benzodiazepínicos, medicamentos que causam inibição leve do sistema nervoso, com consequente ação anticonvulsivante, sedativa leve, relaxante muscular e tranquilizante. \n\n**3."", ""COMO ESTE MEDICAMENTO FUNCIONA?** \n\nClonazepam pertence à classe dos benzodiazepínicos, medicamentos que causam inibição leve do sistema nervoso, com consequente ação anticonvulsivante, sedativa leve, relaxante muscular e tranquilizante. \n\nA ação de **Rivotril[® ]** oral dose única inicia em 30 a 60 minutos e se estende por 6 a 8 h em crianças e 8 a 12 h em adultos. \n\n## **3."", ""me ao seu médico, cirurgião-dentista ou farmacêutico o aparecimento de reações indesejáveis pelo uso do medicamento. Informe também à empresa através do seu serviço de  atendimento.** \n\n## **9. O QUE FAZER SE ALGUÉM USAR UMA QUANTIDADE MAIOR DO QUE A INDICADADESTE MEDICAMENTO?** \n\n## **Sintomas** \n\nOs benzodiazepínicos geralmente causam sonolência, ataxia (perda da coordenação dos movimentos), disartria, nistagmo, confusão mental, excitação e lentidão de movimento. A superdose de **Rivotril[® ]** está raramente associada com risco de morte, caso o medicamento tenha sido tomado isoladamente, mas pode levar à arreflexia (ausência de reflexos), apneia, hipotensão arterial, depressão cardiorrespiratória e coma. Se ocorrer coma, normalmente tem duração de poucas horas; porém, pode ser prolongado e cíclico, particularmente em idosos. A depressão respiratória por benzodiazepínicos é mais séria em pacientes com doença  respiratória. \n\nOs benzodiazepínicos aumentam os efeitos de outros depressores do sistema nervoso central, incluindo o álcool. **Conduta** \n\nMonitorar sinais vitais e instituir medidas de suporte a critério médico. **Advertência** \n\nFlumazenil não é indicado a pacientes com epilepsia que foram tratados com benzodiazepínicos. \n\n**Em caso de uso de grande quantidade deste medicamento, procure rapidamente socorro médico e leve a embalagem ou bula do medicamento, se possível. Ligue para 0800 722 6001, se você precisar de mais orientações.** \n\nMS-1.1524.0011 \n\nFarmacêutico Responsável: Dr. Adriano Costa Leite – CRF-SP n° 38.716"", ""o de cabeça leve, sinusite e concentração prejudicada. \n\n## **Pós-comercialização:** \n\n**Distúrbios do sistema imunológico** : reações alérgicas e muito poucos casos de anafilaxia (reação alérgica grave). \n\n**Distúrbios endócrinos** : casos isolados, reversíveis, de puberdade precoce  incompleta. \n\n**Distúrbios psiquiátricos** : amnésia, alucinações, histeria, psicose, tentativa de suicídio, despersonalização, distúrbio de memória, desinibição orgânica, ideias suicidas, lamentações, distúrbios emocionais e de humor, estado confusional e desorientação. Depressão pode estar associada à doença de base. Reações paradoxais: inquietação, agitação, irritabilidade, agressividade, nervosismo, hostilidade, ansiedade, distúrbios do sono, delírio, raiva, pesadelos, sonhos anormais, alucinações, psicose, hiperatividade, comportamento inapropriado e outros efeitos comportamentais. Alterações da libido (casos raros). Dependência e retirada, vide item “Abuso e dependência do medicamento”."", ""PARA QUE ESTE MEDICAMENTO É INDICADO? Adulto e pediátrico Distúrbio epiléptico** \n\n**Rivotril[® ]** é indicado para tratar crises epilépticas e espasmos infantis (síndrome de West). \n\n## **Adulto** \n\n**Rivotril[® ]** também é indicado para: \n\n## **Transtornos de ansiedade** \n\n- Como ansiolítico em geral. \n\n- Distúrbio do pânico com ou sem medo de espaços abertos. \n\n- Fobia social (medo de situações como falar em público). \n\n## **Transtornos do humor** \n\n- Transtorno afetivo bipolar (fases de depressão e mania): tratamento da mania. \n\n- Depressão maior: associado à antidepressivos na depressão ansiosa e início do tratamento. \n\n## **Síndromes psicóticas** \n\n Acatisia (inquietação extrema, geralmente provocada por medicamentos psiquiátricos). **Síndrome das pernas inquietas (desconforto ou dor nas pernas que leva à necessidade de movimentá-las, prejudicando o sono).** \n\n**Vertigem e distúrbios do equilíbrio:** náuseas, vômitos, desmaios, quedas, zumbidos e distúrbios auditivos. **Síndrome da boca ardente (sensação de queimação na parte interna da boca, sem alterações   físicas).** \n\n**2."", ""PARA QUE ESTE MEDICAMENTO É INDICADO? Adulto e pediátrico Distúrbio epiléptico** \n\n**Rivotril[®  ]** é indicado para tratar crises epilépticas e espasmos infantis (síndrome de West). \n\n## **Adulto** \n\n**Rivotril[® ]** também é indicado para: \n\n## **Transtornos de ansiedade** \n\n- Como ansiolítico em geral. \n\n- Distúrbio do pânico com ou sem medo de espaços abertos. \n\n- Fobia social (medo de situações como falar em público). \n\n## **Transtornos do humor** \n\n- Transtorno afetivo bipolar (fases de depressão e mania): tratamento da mania. \n\n- Depressão maior: associado a antidepressivos na depressão ansiosa e início do tratamento. \n\n## **Síndromes psicóticas** \n\n Acatisia (inquietação extrema, geralmente provocada por medicamentos  psiquiátricos). **Síndrome das pernas inquietas (desconforto ou dor nas pernas que leva à necessidade de movimentá-las, prejudicando o sono).** \n\n**Vertigem distúrbios do equilíbrio:** náuseas, vômitos, desmaios, quedas, zumbidos e distúrbios  auditivos. **Síndrome da boca ardente (sensação de queimação na parte interna da boca, sem alterações   físicas).** \n\n**2."", ""COMO ESTE MEDICAMENTO FUNCIONA?** Clonazepam pertence à classe dos benzodiazepínicos, medicamentos que causam inibição leve do sistema nervoso, com consequente ação anticonvulsivante, sedativa leve, relaxante muscular e tranquilizante. \n\nA ação de **Rivotril[® ]** oral dose única inicia em 30 a 60 minutos e se estende por 6 à 8 h em crianças e 8 a 12 h em adultos. \n\n1 \n\n**==> picture [109 x 35] intentionally omitted <==**\n\n## **3.""]",0.076,126.356
naive_rag,ollama:mediphi-instruct,RIVOTRIL,dificil,"Um paciente com epilepsia em uso de Rivotril deseja interromper o tratamento subitamente. Quais riscos a bula descreve envolvendo estado de mal epiléptico, dependência e abstinência, e qual deve ser a estratégia de retirada?",dificil,"A bula alerta que Rivotril pode precipitar estado de mal epiléptico e orienta falar com o médico antes de aumentar a dose ou interromper abruptamente a medicação. O uso de benzodiazepínicos pode levar à dependência física e psicológica, com risco maior em doses altas, tratamentos prolongados e história de abuso de álcool ou drogas. A descontinuação brusca pode causar sintomas de abstinência, incluindo psicoses, alterações comportamentais, tremor, sudorese, agitação, distúrbios do sono, ansiedade e convulsões epilépticas. Portanto, a retirada brusca deve ser evitada e o tratamento deve ser interrompido por redução gradativa da dose diária, sob orientação médica.",O QUE DEVO SABER ANTES DE USAR ESTE MEDICAMENTO? / COMO DEVO USAR ESTE MEDICAMENTO?,"De acordo com a bula do medicamento RIVOTRIL, consta a seguinte informação: 

Em caso de dúvidas sobre o uso deste produto ou se você estiver tomando outros remédios que possam interagir com este, procure orientação médica. 
        O QUE FAZER SE ALGUÉM USAR UMA QUANTIDADE MAIOR DO QUE A INDICADA DESTE MEDICAMENTO?
        1 2 Clonazepam pertence à classe dos benzodiazepínicos, medicamentos que causam inibição leve do sistema nervoso central. Os efeitos de **Rivotril[® ]** incluem sonolência (cansaço), ataxia (perda da coordenação muscular) , disartria (dificuldade para articular as palavras com clareza, nistagmo (movimentos involuntários dos olhos ou do tronco ) e confusão mental. A superdose de **Rivotril[® ]** está raramente associada a risco de morte se o medicamento for tomado isoladamente; no ent- 2019, um paciente com epilepsia que estava usando Rivotril por mais tempo do que recomendado morreu após uma overdose. A superdose pode levar à arreflexia (ausência de reflexos), apneia , hipotensão e despressurização cardiorrespiratória . 
        O QUE FAZER SE ALGUÉM USAR UMA QUANTIDADE MAIOR DO QUE A INDICADO DESTE MEDICAMENTO?        1 Clonazepam pertence à classe dos benzodiazepínicos, medicamentos que causam inibição leve do sistema nervoso central. Os efeitos de **Rivotril[® ]** incluem sonolência (cansaço), ataxia , disartria 2 Clonazepam pertence à classe dos benzodiazepínicos, medicamentos que causam inibição leve do sistema nervoso central. Os efeitos de **Rivotril[® ]** incluem sonolência (cansaço), ataxia , disartria 3 Clonazepam pertence à classe dos benzodiazepínicos, medicamentos que causam inibição leve do sistema nervoso central. Os efeitos de **Rivotril[® ]** incluem sonolência (cansaço), ataxia , disartria 4 Clonazepam pertence à classe dos benzodiazepínicos, medicamentos que causam inibição leve do sistema nervoso central. Os efeitos de **Rivotril[® ]** incluem sonolência (cansaço), ataxia , disartria 5 Clonazepam pertence à classe dos benzodiazepínicos, medicamentos que causam inibição leve do sistema nervoso central. Os efeitos de **Rivotril[® ]** incluem sonolência (cansaço), ataxia , disartria 6 Clonazepam pertence à classe dos benzodiazepínicos, medicamentos que causam inibição leve do sistema nervoso central. Os efeitos de **Rivotril[® ]** incluem sonolência (cansaço), ataxia , disartria 7 Clonazepam pertence à classe dos benzodiazepínicos, medicamentos que causam inibição leve do sistema nervoso central. Os efeitos de **Rivotril[® ]** incluem sonolência (cansaço), ataxia , disartria 8 Clonazepam pertence à classe dos benzodiazepínicos, medicamentos que causam inibição leve do sistema nervoso central. Os efeitos de **Rivotril[® ]** incluem sonolência (cansaço), ataxia , disartria 9 Clonazepam pertence à classe dos benzodiazepínicos, medicamentos que causam inibição leve do sistema nervoso central. Os efeitos de **Rivotril[® ]** incluem sonolência (cansaço), ataxia , disartria 10 Clonazepam pertence à classe dos benzodiazepínicos, medicamentos que causam inibição leve do sistema nervoso central. Os efeitos de **Rivotril[® ]** incluem sonolência (cansaço), ataxia , disartria 11 Clonazepam pertence à classe dos benzodiazepínicos, medicamentos que causam inibição leve do sistema nervoso central. Os efeitos de **Rivotril[® ]** incluem sonolência (cansaço), ataxia , disartria 12 Clonazepam pertence à classe dos benzodiazepínicos, medicamentos que causam inibição leve do sistema nervoso central. Os efeitos de **Rivotril[® ]** incluem sonolência (cansaço), ataxia , disartria 13 Clonazepam pertence à classe dos benzodiazepínicos, medicamentos que causam inibição leve do sistema nervoso central. Os efeitos de **Rivotril[® ]** incluem sonolência (cansaço), ataxia , disartria 14 Clonazepam pertence à classe dos benzodiazepínicos, medicamentos que causam inibição leve do sistema nervoso central. Os efeitos de **Rivotril[® ]** incluem sonolência (cansaço), ataxia , disartria 15 Clonazepam pertence à classe dos benzodiazepínicos, medicamentos que causam inibição leve do sistema nervoso central. Os efeitos de **Rivotril[® ]** incluem sonolência (cansaço), ataxia , disartria 16 Clonazepam pertence à classe dos benzodiazepínicos, medicamentos que causam inibição leve do sistema nervoso central. Os efeitos de **Rivotril[® ]** incluem sonolência (cansaço), ataxia , disartria 17 Clonazepam pertence à classe dos benzodiazepínicos, medicamentos que causam inibição leve do sistema nervoso central. Os efeitos de **Rivotril[® ]** incluem sonolência (cansaço), ataxia , disartria 18 Clonazepam pertence à classe dos benzodiazepínicos, medicamentos que causam inibição leve do sistema nervoso central. Os efeitos de **Rivotril[® ]** incluem sonolência (cansaço), ataxia , disartria 19 Clonazepam pertence à classe dos benzodiazepínicos, medicamentos que causam inibição leve do sistema nervoso central. Os efeitos de **Rivotril[® ]** incluem sonolência (cansaço), ataxia , disartria 20 Clonazepam pertence à classe dos benzodiazepínicos, medicamentos que causam inibição leve do sistema nervoso central. Os efeitos de **Rivotril[® ]** incluem sonolência (cansaço), ataxia , disartria 21 Clonazepam pertence à classe dos benzodiazepínicos, medicamentos que causam inibição leve do sistema nervoso central. Os efeitos de **Rivotril[® ]** incluem sonolência (cansaço), ataxia , disartria 22 Clonazepam pertence à classe dos benzodiazepínicos, medicamentos que causam inibição leve do sistema nervoso central. Os efeitos de **Rivotril[® ]** incluem sonolência (cansaço), ataxia , disartria 23 Clonazepam pertence à classe dos benzodiazepínicos, medicamentos que causam inibição leve do sistema nervoso central. Os efeitos de **Rivotril[® ]** incluem sonolência (cansaço), ataxia , disartria 24 Clonazepam pertence à classe dos benzodiazepínicos, medicamentos que causam inibição leve do sistema nervoso central. Os efeitos de **Rivotril[® ]** incluem sonolência (cansaço), ataxia , disartria 25 Clonazepam pertence à classe dos benzodiazepínicos, medicamentos que causam inibição leve do sistema nervoso central. Os efeitos de **Rivotril[® ]** incluem sonolência (cansaço), ataxia , disartria 26 Clonazepam pertence à classe dos benzodiazepínicos, medicamentos que causam inibição leve do sistema nervoso central. Os efeitos de **Rivotril[® ]** incluem sonolência (cansaço), ataxia , disartria 27 Clonazepam pertence à classe dos benzodiazepínicos, medicamentos que causam inibição leve do sistema nervoso central. Os efeitos de **Rivotril[® ]** incluem sonolência (cansaço), ataxia , disartria 28 Clonazepam pertence à classe dos benzodiazepínicos, medicamentos que causam inibição leve do sistema nervoso central. Os efeitos de **Rivotril[® ]** incluem sonolência (cansaço), ataxia , disartria 29 Clonazepam pertence à classe dos benzodiazepínicos, medicamentos que causam inibição leve do sistema nervoso central. Os efeitos de **Rivotril[® ]** incluem sonolência (cansaço), ataxia , disartria 30 Clonazepam pertence à classe dos benzodiazepínicos, medicamentos que causam inibição leve do sistema nervoso central. Os efeitos de **Rivotril[® ]** incluem sonolência (cansaço), ataxia , disartria 31 Clonazepam pertence à classe dos benzodiazepínicos, medicamentos que causam inibição leve do sistema nervoso central. Os efeitos de **Rivotril[® ]** incluem sonolência (cansaço), ataxia , disartria 32 Clonazepam pertence à classe dos benzodiazepínicos, medicamentos que causam inibição leve do sistema nervoso central. Os efeitos de **Rivotril[® ]** incluem sonolência (cansaço), ataxia , disartria 33 Clonazepam pertence à classe dos benzodiazepínicos, medicamentos que causam inibição leve do sistema nervoso central. Os efeitos de **Rivotril[® ]** incluem sonolência (cansaço), ataxia , disartria 34 Clonazepam pertence à classe dos benzodiazepínicos, medicamentos que causam inibição leve do sistema nervoso central. Os efeitos de **Rivotril[® ]** incluem sonolência (cansaço), ataxia , disartria 35 Clonazepam pertence à classe dos benzodiazepínicos, medicamentos que causam inibição leve do sistema nervoso central. Os efeitos de **Rivotril[® ]** incluem sonolência (cansaço), ataxia , disartria 36 Clonazepam pertence à classe dos benzodiazepínicos, medicamentos que causam inibição leve do sistema nervoso central. Os efeitos de **Rivotril[® ]** incluem sonolência (cansaço), ataxia , disartria 37 Clonazepam pertence à classe dos benzodiazepínicos, medicamentos que causam inibição leve do sistema nervoso central. Os efeitos de **Rivotril[® ]** incluem sonolência (cansaço), ataxia , disartria 38 Clonazepam pertence à classe dos benzodiazepínicos, medicamentos que causam inibição leve do sistema nervoso central. Os efeitos de **Rivotril[® ]** incluem sonolência (cansaço), ataxia , disartria 39 Clonazepam pertence à classe dos benzodiazepínicos, medicamentos que causam inibição leve do sistema nervoso central. Os efeitos de **Rivotril[® ]** incluem sonolência (cansaço), ataxia , disartria 40 Clonazepam pertence à classe dos benzodiazepínicos, medicamentos que causam inibição leve do sistema nervoso central. Os efeitos de **Rivotril[® ]** incluem sonolência (cansaço), ataxia , disartria 41 Clonazepam pertence à classe dos benzodiazepínicos, medicamentos que causam inibição leve do sistema nervoso central. Os efeitos de **Rivotril[® ]** incluem sonolência (cansaço), ataxia , disartria 42 Clonazepam pertence à classe dos benzodiazepínicos, medicamentos que causam inibição leve do sistema nervoso central. Os efeitos de **Rivotril[® ]** incluem sonolência (cansaço), ataxia , disartria 43 Clonazepam pertence à classe dos benzodiazepínicos, medicamentos que causam inibição leve do sistema nervoso central. Os efeitos de **Rivotril[® ]** incluem sonolência (cansaço), ataxia , disartria 44 Clonazepam pertence à classe dos benzodiazepínicos, medicamentos que causam inibição leve do sistema nervoso central. Os efeitos de **Rivotril[® ]** incluem sonolência (cansaço), ataxia , disartria 45 Clonazepam pertence à classe dos benzodiazepínicos, medicamentos que causam inibição leve do sistema nervoso central. Os efeitos de **Rivotril[® ]** incluem sonolência (cansaço), ataxia , disartria 46 Clonazepam pertence à classe dos benzodiazepínicos, medicamentos que causam inibição leve do sistema nervoso central. Os efeitos de **Rivotril[® ]** incluem sonolência (cansaço), ataxia , disartria 47 Clonazepam pertence à classe dos benzodiazepínicos, medicamentos que causam inibição leve do sistema nervoso central. Os efeitos de **Rivotril[® ]** incluem sonolência (cansaço), ataxia , disartria 48 Clonazepam pertence à classe dos benzodiazepínicos, medicamentos que causam inibição leve do sistema nervoso central. Os efeitos de **Rivotril[® ]** incluem sonolência (cansaço), ataxia , disartria 49 Clonazepam pertence à classe dos benzodiazepínicos, medicamentos que causam inibição leve do sistema nervoso central. Os efeitos de **Rivotril[® ]** incluem sonolência (cansaço), ataxia , disartria 50 Clonazepam pertence à classe dos benzodiazepínicos, medicamentos que causam inibição leve do sistema nervoso central. Os efeitos de **Rivotril[® ]** incluem sonolência (cansaço), ataxia , disartria 51 Clonazepam pertence à classe dos benzodiazepínicos, medicamentos que causam inibição leve do sistema nervoso central. Os efeitos de **Rivotril[® ]** incluem sonolência (cansaço), ataxia , disartria 52 Clonazepam pertence à classe dos benzodiazepínicos, medicamentos que causam inibição leve do sistema nervoso central. Os efeitos de **Rivotril[® ]** incluem sonolência (cansaço), ataxia , disartria 53 Clonazepam pertence à classe dos benzodiazepínicos, medicamentos que causam inibição leve do sistema nervoso central. Os efeitos de **Rivotril[® ]** incluem sonolência (cansaço), ataxia , disartria 54 Clonazepam pertence à classe dos benzodiazepínicos, medicamentos que causam inibição leve do sistema nervoso central. Os efeitos de **Rivotril[® ]** incluem sonolência (cansaço), ataxia , disartria 55 Clonazepam pertence à classe dos benzodiazepínicos, medicamentos que causam inibição leve do sistema nervoso central. Os efeitos de **Rivotril[® ]** incluem sonolência (cansaço), ataxia , disartria 56 Clonazepam pertence à classe dos benzodiazepínicos, medicamentos que causam inibição leve do sistema nervoso central. Os efeitos de **Rivotril[® ]** incluem sonolência (cansaço), ataxia , disartria 57 Clonazepam pertence à classe dos benzodiazepínicos, medicamentos que causam inibição leve do sistema nervoso central. Os efeitos de **Rivotril[® ]** incluem sonolência (cansaço), ataxia , disartria 58 Clonazepam pertence à classe dos benzodiazepínicos, medicamentos que causam inibição leve do sistema nervoso central. Os efeitos de **Rivotril[® ]** incluem sonolência (cansaço), ataxia , disartria 59 Clonazepam pertence à classe dos benzodiazepínicos, medicamentos que causam inibição leve do sistema nervoso central. Os efeitos de **Rivotril[® ]** incluem sonolência (cansaço), ataxia , disartria 60 Clonazepam pertence à classe dos benzodiazepínicos, medicamentos que causam inibição leve do sistema nervoso central. Os efeitos de **Rivotril[® ]** incluem sonolência (cansaço), ataxia , disartria 61 Clonazepam pertence à classe dos benzodiazepínicos, medicamentos que causam inibição leve do sistema nervoso central. Os efeitos de **Rivotril[® ]** incluem sonolência (cansaço), ataxia , disartria 62 Clonazepam pertence à classe dos benzodiazepínicos, medicamentos que causam inibição leve do sistema nervoso central. Os efeitos de **Rivotril[® ]** incluem sonolência (cansaço), ataxia , disartria 63 Clonazepam pertence à classe dos benzodiazepínicos, medicamentos que causam inibição leve do sistema nervoso central. Os efeitos de **Rivotril[® ]** incluem sonolência (cansaço), ataxia , disartria 64 Clonazepam pertence à classe dos benzodiazepínicos, medicamentos que causam inibição leve do sistema nervoso central. Os efeitos de **Rivotril[® ]** incluem sonolência (cansaço), ataxia , disartria 65 Clonazepam pertence à classe dos benzodiazepínicos, medicamentos que causam inibição leve do sistema nervoso central. Os efeitos de **Rivotril[® ]** incluem sonolência (cansaço), ataxia , disartria 66 Clonazepam pertence à classe dos benzodiazepínicos, medicamentos que causam inibição leve do sistema nervoso central. Os efeitos de **Rivotril[® ]** incluem sonolência (cansaço), ataxia , disartria 67 Clonazepam pertence à classe dos benzodiazepínicos, medicamentos que causam inibição leve do sistema nervoso central. Os efeitos de **Rivotril[® ]** incluem sonolência (cansaço), ataxia , disartria 68 Clonazepam pertence à classe dos benzodiazepínicos, medicamentos que causam inibição leve do sistema nervoso central. Os efeitos de **Rivotril[® ]** incluem sonolência (cansaço), ataxia , disartria 69 Clonazepam pertence à classe dos benzodiazepínicos, medicamentos que causam inibição leve do sistema nervoso central. Os efeitos de **Rivotril[® ]** incluem sonolência (cansaço), ataxia , disartria 70 Clonazepam pertence à classe dos benzodiazepínicos, medicamentos que causam inibição leve do sistema nervoso central. Os efeitos de **Rivotril[® ]** incluem sonolência (cansaço), ataxia , disartria 71 Clonazepam pertence à classe dos benzodiazepínicos, medicamentos que causam inibição leve do sistema nervoso central. Os efeitos de **Rivotril[® ]** incluem sonolência (cansaço), ataxia , disartria 72 Clonazepam pertence à classe dos benzodiazepínicos, medicamentos que causam inibição leve do sistema nervoso central. Os efeitos de **Rivotril[® ]** incluem sonolência (cansaço), ataxia , disartria 73 Clonazepam pertence à classe dos benzodiazepínicos, medicamentos que causam inibição leve do sistema nervoso central. Os efeitos de **Rivotril[® ]** incluem sonolência (cansaço), ataxia , disartria 74 Clonazepam pertence à classe dos benzodiazepínicos, medicamentos que causam inibição leve do sistema nervoso central. Os efeitos de **Rivotril[® ]** incluem sonolência (cansaço), ataxia , disartria 75 Clonazepam pertence à classe dos benzodiazepínicos, medicamentos que causam inibição leve do sistema nervoso central. Os efeitos de **Rivotril[® ]** incluem sonolência (cansaço), ataxia , disartria 76 Clonazepam pertence à classe dos benzodiazepínicos, medicamentos que causam inibição leve do sistema nervoso central. Os efeitos de **Rivotril[® ]** incluem sonolência (cansaço), ataxia , disartria 77 Clonazepam pertence à classe dos benzodiazepínicos, medicamentos que causam inibição leve do sistema nervoso central. Os efeitos de **Rivotril[® ]** incluem sonolência (cansaço), ataxia , disartria 78 Clonazepam pertence à classe dos benzodiazepínicos, medicamentos que causam inibição leve do sistema nervoso central. Os efeitos de **Rivotril[® ]** incluem sonolência (cansaço), ataxia , disartria 79 Clonazepam pertence à classe dos benzodiazepínicos, medicamentos que causam inibição leve do sistema nervoso central. Os efeitos de **Rivotril[® ]** incluem sonolência (cansaço), ataxia , disartria 80 Clonazepam pertence à classe dos benzodiazepínicos, medicamentos que causam inibição leve do sistema nervoso central. Os efeitos de **Rivotril[® ]** incluem sonolência (cansaço), ataxia , disartria 81 Clonazepam pertence à classe dos benzodiazepínicos, medicamentos que causam inibição leve do sistema nervoso central. Os efeitos de **Rivotril[® ]** incluem sonolência (cansaço), ataxia , disartria 82 Clonazepam pertence à classe dos benzodiazepínicos, medicamentos que causam inibição leve do sistema nervoso central. Os efeitos de **Rivotril[® ]** incluem sonolência (cansaço), ataxia , disartria 83 Clonazepam pertence à classe dos benzodiazepínicos, medicamentos que causam inibição leve do sistema nervoso central. Os efeitos de **Rivotril[® ]** incluem sonolência (cansaço), ataxia , disartria 84 Clonazepam pertence à classe dos benzodiazepínicos, medicamentos que causam inibição leve do sistema nervoso central. Os efeitos de **Rivotril[® ]** incluem sonolência (cansaço), ataxia , disartria 85 Clonazepam pertence à classe dos benzodiazepínicos, medicamentos que causam inibição leve do sistema nervoso central. Os efeitos de **Rivotril[® ]** incluem sonolência (cansaço), ataxia , disartria 86 Clonazepam pertence à classe dos benzodiazepínicos, medicamentos que causam inibição leve do sistema nervoso central. Os efeitos de **Rivotril[® ]** incluem sonolência (cansaço), ataxia , disartria 87 Clonazepam pertence à classe dos benzodiazepínicos, medicamentos que causam inibição leve do sistema nervoso central. Os efeitos de **Rivotril[® ]** incluem sonolência (cansaço), ataxia , disartria 88 Clonazepam pertence à classe dos benzodiazepínicos, medicamentos que causam inibição leve do sistema nervoso central. Os efeitos de **Rivotril[® ]** incluem sonolência (cansaço), ataxia , disartria 89 Clonazepam pertence à classe dos benzodiazepínicos, medicamentos que causam inibição leve do sistema nervoso central. Os efeitos de **Rivotril[® ]** incluem sonolência (cansaço), ataxia , disartria 90 Clonazepam pertence à classe dos benzodiazepínicos, medicamentos que causam inibição leve do sistema nervoso central. Os efeitos de **Rivotril[® ]** incluem sonolência (cansaço), ataxia , disartria 91 Clonazepam pertence à classe dos benzodiazepínicos, medicamentos que causam inibição leve do sistema nervoso central. Os efeitos de **Rivotril[® ]** incluem sonolência (cansaço), ataxia , disartria 92 Clonazepam pertence à classe dos benzodiazepínicos, medicamentos que causam inibição leve do sistema nervoso central. Os efeitos de **Rivotril[® ]** incluem sonolência (cansaço), ataxia , disartria 93 Clonazepam pertence à classe dos benzodiazepínicos, medicamentos que causam inibição leve do sistema nervoso central. Os efeitos de **Rivotril[® ]** incluem sonolência (cansaço), ataxia , disartria 94 Clonazepam pertence à classe dos benzodiazepínicos, medicamentos que causam inibição leve do sistema nervoso central. Os efeitos de **Rivotril[® ]** incluem sonolência (cansaço), ataxia , disartria 95 Clonazepam pertence à classe dos benzodiazepínicos, medicamentos que causam inibição leve do sistema nervoso central. Os efeitos de **Rivotril[® ]** incluem sonolência (cansaço), ataxia , disartria 96 Clonazepam pertence à classe dos benzodiazepínicos, medicamentos que causam inibição leve do sistema nervoso central. Os efeitos de **Rivotril[® ]** incluem sonolência (cansaço), ataxia , disartria 97 Clonazepam pertence à classe dos benzodiazepínicos, medicamentos que causam inibição leve do sistema nervoso central. Os efeitos de **Rivotril[® ]** incluem sonolência (cansaço), ataxia , disartria 98 Clonazepam pertence à classe dos benzodiazepínicos, medicamentos que causam inibição leve do sistema nervoso central. Os efeitos de **Rivotril[® ]** incluem sonolência (cansaço), ataxia , disartria 99 Clonazepam pertence à classe dos benzodiazepínicos, medicamentos que causam inibição leve do sistema nervoso central. Os efeitos de **Rivotril[® ]** incluem sonolência (cansaço), ataxia , disartria 100 Clonazepam pertence à classe dos benzodiazepínicos, medicamentos que causam inibição leve do sistema nervoso central. Os efeitos de **Rivotril[® ]** incluem sonolência (cansaço), ataxia , disartria 101 Clonazepam pertence à classe dos benzodiazepínicos, medicamentos que causam inibição leve do sistema nervoso central. Os efeitos de **Rivotril[® ]** incluem sonolência (cansaço), ataxia , disartria 102 Clonazepam pertence à classe dos benzodiazepínicos, medicamentos que causam inibição leve do sistema nervoso central. Os efeitos de **Rivotril[® ]** incluem sonolência (cansaço), ataxia , disartria 103 Clonazepam pertence à classe dos benzodiazepínicos, medicamentos que causam inibição leve do sistema nervoso central. Os efeitos de **Rivotril[® ]** incluem sonolência (cansaço), ataxia , disartria 104 Clonazepam pertence à classe dos benzodiazepínicos, medicamentos que causam inibição leve do sistema nervoso central. Os efeitos de **Rivotril[® ]** incluem sonolência (cansaço), ataxia , disartria 105 Clonazepam pertence à classe dos benzodiazepínicos, medicamentos que causam inibição leve do sistema nervoso central. Os efeitos de **Rivotril[® ]** incluem sonolência (cansaço), ataxia , disartria 106 Clonazepam pertence à classe dos benzodiazepínicos, medicamentos que causam inibição leve do sistema nervoso central. Os efeitos de **Rivotril[® ]** incluem sonolência (cansaço), ataxia , disartria 107 Clonazepam pertence à classe dos benzodiazepínicos, medicamentos que causam inibição leve do sistema nervoso central. Os efeitos de **Rivotril[® ]** incluem sonolência (cansaço), ataxia , disartria 108 Clonazepam pertence à classe dos benzodiazepínicos, medicamentos que causam inibição leve do sistema nervoso central. Os efeitos de **Rivotril[® ]** incluem sonolência (cansaço), ataxia , disartria 109 Clonazepam pertence à classe dos benzodiazepínicos, medicamentos que causam inibição leve do sistema nervoso central. Os efeitos de **Rivotril[® ]** incluem sonolência (cansaço), ataxia , disartria 110 Clonazepam pertence à classe dos benzodiazepínicos, medicamentos que causam inibição leve do sistema nervoso central. Os efeitos de **Rivotril[® ]** incluem sonolência (cansaço), ataxia , disartria 111 Clonazepam pertence à classe dos benzodiazepínicos, medicamentos que causam inibição leve do sistema nervoso central. Os efeitos de **Rivotril[® ]** incluem sonolência (cansaço), ataxia , disartria 112 Clonazepam pertence à classe dos benzodiazepínicos, medicamentos que causam inibição leve do sistema nervoso central. Os efeitos de **Rivotril[® ]** incluem sonolência (cansaço), ataxia , disartria 113 Clonazepam pertence à classe dos benzodiazepínicos, medicamentos que causam inibição leve do sistema nervoso central. Os efeitos de **Rivotril[® ]** incluem sonolência (cansaço), ataxia , disartria 114 Clonazepam pertence à classe dos benzodiazepínicos, medicamentos que causam inibição leve do sistema nervoso central. Os efeitos de **Rivotril[® ]** incluem sonolência (cansaço), ataxia , disartria 115 Clonazepam pertence à classe dos benzodiazepínicos, medicamentos que causam inibição leve do sistema nervoso central. Os efeitos de **Rivotril[® ]** incluem sonolência (cansaço), ataxia , disartria 116 Clonazepam pertence à classe dos benzodiazepínicos, medicamentos que causam inibição leve do sistema nervoso central. Os efeitos de **Rivotril[® ]** incluem sonolência (cansaço), ataxia , disartria 117 Clonazepam pertence à classe dos benzodiazepínicos, medicamentos que causam inibição leve do sistema nervoso central. Os efeitos de **Rivotril[® ]** incluem sonolência (cansaço), ataxia , disartria 118 Clonazepam pertence à classe dos benzodiazepínicos, medicamentos

---
*Esta resposta se baseia apenas nos trechos da bula recuperados e não substitui orientação médica ou farmacêutica.*","De acordo com a bula do medicamento RIVOTRIL, consta a seguinte informação: 

Em caso de dúvidas sobre o uso deste produto ou se você estiver tomando outros remédios que possam interagir com este, procure orientação médica. 
        O QUE FAZER SE ALGUÉM USAR UMA QUANTIDADE MAIOR DO QUE A INDICADA DESTE MEDICAMENTO?
        1 2 Clonazepam pertence à classe dos benzodiazepínicos, medicamentos que causam inibição leve do sistema nervoso central. Os efeitos de **Rivotril[® ]** incluem sonolência (cansaço), ataxia (perda da coordenação muscular) , disartria (dificuldade para articular as palavras com clareza, nistagmo (movimentos involuntários dos olhos ou do tronco ) e confusão mental. A superdose de **Rivotril[® ]** está raramente associada a risco de morte se o medicamento for tomado isoladamente; no ent- 2019, um paciente com epilepsia que estava usando Rivotril por mais tempo do que recomendado morreu após uma overdose. A superdose pode levar à arreflexia (ausência de reflexos), apneia , hipotensão e despressurização cardiorrespiratória . 
        O QUE FAZER SE ALGUÉM USAR UMA QUANTIDADE MAIOR DO QUE A INDICADO DESTE MEDICAMENTO?        1 Clonazepam pertence à classe dos benzodiazepínicos, medicamentos que causam inibição leve do sistema nervoso central. Os efeitos de **Rivotril[® ]** incluem sonolência (cansaço), ataxia , disartria 2 Clonazepam pertence à classe dos benzodiazepínicos, medicamentos que causam inibição leve do sistema nervoso central. Os efeitos de **Rivotril[® ]** incluem sonolência (cansaço), ataxia , disartria 3 Clonazepam pertence à classe dos benzodiazepínicos, medicamentos que causam inibição leve do sistema nervoso central. Os efeitos de **Rivotril[® ]** incluem sonolência (cansaço), ataxia , disartria 4 Clonazepam pertence à classe dos benzodiazepínicos, medicamentos que causam inibição leve do sistema nervoso central. Os efeitos de **Rivotril[® ]** incluem sonolência (cansaço), ataxia , disartria 5 Clonazepam pertence à classe dos benzodiazepínicos, medicamentos que causam inibição leve do sistema nervoso central. Os efeitos de **Rivotril[® ]** incluem sonolência (cansaço), ataxia , disartria 6 Clonazepam pertence à classe dos benzodiazepínicos, medicamentos que causam inibição leve do sistema nervoso central. Os efeitos de **Rivotril[® ]** incluem sonolência (cansaço), ataxia , disartria 7 Clonazepam pertence à classe dos benzodiazepínicos, medicamentos que causam inibição leve do sistema nervoso central. Os efeitos de **Rivotril[® ]** incluem sonolência (cansaço), ataxia , disartria 8 Clonazepam pertence à classe dos benzodiazepínicos, medicamentos que causam inibição leve do sistema nervoso central. Os efeitos de **Rivotril[® ]** incluem sonolência (cansaço), ataxia , disartria 9 Clonazepam pertence à classe dos benzodiazepínicos, medicamentos que causam inibição leve do sistema nervoso central. Os efeitos de **Rivotril[® ]** incluem sonolência (cansaço), ataxia , disartria 10 Clonazepam pertence à classe dos benzodiazepínicos, medicamentos que causam inibição leve do sistema nervoso central. Os efeitos de **Rivotril[® ]** incluem sonolência (cansaço), ataxia , disartria 11 Clonazepam pertence à classe dos benzodiazepínicos, medicamentos que causam inibição leve do sistema nervoso central. Os efeitos de **Rivotril[® ]** incluem sonolência (cansaço), ataxia , disartria 12 Clonazepam pertence à classe dos benzodiazepínicos, medicamentos que causam inibição leve do sistema nervoso central. Os efeitos de **Rivotril[® ]** incluem sonolência (cansaço), ataxia , disartria 13 Clonazepam pertence à classe dos benzodiazepínicos, medicamentos que causam inibição leve do sistema nervoso central. Os efeitos de **Rivotril[® ]** incluem sonolência (cansaço), ataxia , disartria 14 Clonazepam pertence à classe dos benzodiazepínicos, medicamentos que causam inibição leve do sistema nervoso central. Os efeitos de **Rivotril[® ]** incluem sonolência (cansaço), ataxia , disartria 15 Clonazepam pertence à classe dos benzodiazepínicos, medicamentos que causam inibição leve do sistema nervoso central. Os efeitos de **Rivotril[® ]** incluem sonolência (cansaço), ataxia , disartria 16 Clonazepam pertence à classe dos benzodiazepínicos, medicamentos que causam inibição leve do sistema nervoso central. Os efeitos de **Rivotril[® ]** incluem sonolência (cansaço), ataxia , disartria 17 Clonazepam pertence à classe dos benzodiazepínicos, medicamentos que causam inibição leve do sistema nervoso central. Os efeitos de **Rivotril[® ]** incluem sonolência (cansaço), ataxia , disartria 18 Clonazepam pertence à classe dos benzodiazepínicos, medicamentos que causam inibição leve do sistema nervoso central. Os efeitos de **Rivotril[® ]** incluem sonolência (cansaço), ataxia , disartria 19 Clonazepam pertence à classe dos benzodiazepínicos, medicamentos que causam inibição leve do sistema nervoso central. Os efeitos de **Rivotril[® ]** incluem sonolência (cansaço), ataxia , disartria 20 Clonazepam pertence à classe dos benzodiazepínicos, medicamentos que causam inibição leve do sistema nervoso central. Os efeitos de **Rivotril[® ]** incluem sonolência (cansaço), ataxia , disartria 21 Clonazepam pertence à classe dos benzodiazepínicos, medicamentos que causam inibição leve do sistema nervoso central. Os efeitos de **Rivotril[® ]** incluem sonolência (cansaço), ataxia , disartria 22 Clonazepam pertence à classe dos benzodiazepínicos, medicamentos que causam inibição leve do sistema nervoso central. Os efeitos de **Rivotril[® ]** incluem sonolência (cansaço), ataxia , disartria 23 Clonazepam pertence à classe dos benzodiazepínicos, medicamentos que causam inibição leve do sistema nervoso central. Os efeitos de **Rivotril[® ]** incluem sonolência (cansaço), ataxia , disartria 24 Clonazepam pertence à classe dos benzodiazepínicos, medicamentos que causam inibição leve do sistema nervoso central. Os efeitos de **Rivotril[® ]** incluem sonolência (cansaço), ataxia , disartria 25 Clonazepam pertence à classe dos benzodiazepínicos, medicamentos que causam inibição leve do sistema nervoso central. Os efeitos de **Rivotril[® ]** incluem sonolência (cansaço), ataxia , disartria 26 Clonazepam pertence à classe dos benzodiazepínicos, medicamentos que causam inibição leve do sistema nervoso central. Os efeitos de **Rivotril[® ]** incluem sonolência (cansaço), ataxia , disartria 27 Clonazepam pertence à classe dos benzodiazepínicos, medicamentos que causam inibição leve do sistema nervoso central. Os efeitos de **Rivotril[® ]** incluem sonolência (cansaço), ataxia , disartria 28 Clonazepam pertence à classe dos benzodiazepínicos, medicamentos que causam inibição leve do sistema nervoso central. Os efeitos de **Rivotril[® ]** incluem sonolência (cansaço), ataxia , disartria 29 Clonazepam pertence à classe dos benzodiazepínicos, medicamentos que causam inibição leve do sistema nervoso central. Os efeitos de **Rivotril[® ]** incluem sonolência (cansaço), ataxia , disartria 30 Clonazepam pertence à classe dos benzodiazepínicos, medicamentos que causam inibição leve do sistema nervoso central. Os efeitos de **Rivotril[® ]** incluem sonolência (cansaço), ataxia , disartria 31 Clonazepam pertence à classe dos benzodiazepínicos, medicamentos que causam inibição leve do sistema nervoso central. Os efeitos de **Rivotril[® ]** incluem sonolência (cansaço), ataxia , disartria 32 Clonazepam pertence à classe dos benzodiazepínicos, medicamentos que causam inibição leve do sistema nervoso central. Os efeitos de **Rivotril[® ]** incluem sonolência (cansaço), ataxia , disartria 33 Clonazepam pertence à classe dos benzodiazepínicos, medicamentos que causam inibição leve do sistema nervoso central. Os efeitos de **Rivotril[® ]** incluem sonolência (cansaço), ataxia , disartria 34 Clonazepam pertence à classe dos benzodiazepínicos, medicamentos que causam inibição leve do sistema nervoso central. Os efeitos de **Rivotril[® ]** incluem sonolência (cansaço), ataxia , disartria 35 Clonazepam pertence à classe dos benzodiazepínicos, medicamentos que causam inibição leve do sistema nervoso central. Os efeitos de **Rivotril[® ]** incluem sonolência (cansaço), ataxia , disartria 36 Clonazepam pertence à classe dos benzodiazepínicos, medicamentos que causam inibição leve do sistema nervoso central. Os efeitos de **Rivotril[® ]** incluem sonolência (cansaço), ataxia , disartria 37 Clonazepam pertence à classe dos benzodiazepínicos, medicamentos que causam inibição leve do sistema nervoso central. Os efeitos de **Rivotril[® ]** incluem sonolência (cansaço), ataxia , disartria 38 Clonazepam pertence à classe dos benzodiazepínicos, medicamentos que causam inibição leve do sistema nervoso central. Os efeitos de **Rivotril[® ]** incluem sonolência (cansaço), ataxia , disartria 39 Clonazepam pertence à classe dos benzodiazepínicos, medicamentos que causam inibição leve do sistema nervoso central. Os efeitos de **Rivotril[® ]** incluem sonolência (cansaço), ataxia , disartria 40 Clonazepam pertence à classe dos benzodiazepínicos, medicamentos que causam inibição leve do sistema nervoso central. Os efeitos de **Rivotril[® ]** incluem sonolência (cansaço), ataxia , disartria 41 Clonazepam pertence à classe dos benzodiazepínicos, medicamentos que causam inibição leve do sistema nervoso central. Os efeitos de **Rivotril[® ]** incluem sonolência (cansaço), ataxia , disartria 42 Clonazepam pertence à classe dos benzodiazepínicos, medicamentos que causam inibição leve do sistema nervoso central. Os efeitos de **Rivotril[® ]** incluem sonolência (cansaço), ataxia , disartria 43 Clonazepam pertence à classe dos benzodiazepínicos, medicamentos que causam inibição leve do sistema nervoso central. Os efeitos de **Rivotril[® ]** incluem sonolência (cansaço), ataxia , disartria 44 Clonazepam pertence à classe dos benzodiazepínicos, medicamentos que causam inibição leve do sistema nervoso central. Os efeitos de **Rivotril[® ]** incluem sonolência (cansaço), ataxia , disartria 45 Clonazepam pertence à classe dos benzodiazepínicos, medicamentos que causam inibição leve do sistema nervoso central. Os efeitos de **Rivotril[® ]** incluem sonolência (cansaço), ataxia , disartria 46 Clonazepam pertence à classe dos benzodiazepínicos, medicamentos que causam inibição leve do sistema nervoso central. Os efeitos de **Rivotril[® ]** incluem sonolência (cansaço), ataxia , disartria 47 Clonazepam pertence à classe dos benzodiazepínicos, medicamentos que causam inibição leve do sistema nervoso central. Os efeitos de **Rivotril[® ]** incluem sonolência (cansaço), ataxia , disartria 48 Clonazepam pertence à classe dos benzodiazepínicos, medicamentos que causam inibição leve do sistema nervoso central. Os efeitos de **Rivotril[® ]** incluem sonolência (cansaço), ataxia , disartria 49 Clonazepam pertence à classe dos benzodiazepínicos, medicamentos que causam inibição leve do sistema nervoso central. Os efeitos de **Rivotril[® ]** incluem sonolência (cansaço), ataxia , disartria 50 Clonazepam pertence à classe dos benzodiazepínicos, medicamentos que causam inibição leve do sistema nervoso central. Os efeitos de **Rivotril[® ]** incluem sonolência (cansaço), ataxia , disartria 51 Clonazepam pertence à classe dos benzodiazepínicos, medicamentos que causam inibição leve do sistema nervoso central. Os efeitos de **Rivotril[® ]** incluem sonolência (cansaço), ataxia , disartria 52 Clonazepam pertence à classe dos benzodiazepínicos, medicamentos que causam inibição leve do sistema nervoso central. Os efeitos de **Rivotril[® ]** incluem sonolência (cansaço), ataxia , disartria 53 Clonazepam pertence à classe dos benzodiazepínicos, medicamentos que causam inibição leve do sistema nervoso central. Os efeitos de **Rivotril[® ]** incluem sonolência (cansaço), ataxia , disartria 54 Clonazepam pertence à classe dos benzodiazepínicos, medicamentos que causam inibição leve do sistema nervoso central. Os efeitos de **Rivotril[® ]** incluem sonolência (cansaço), ataxia , disartria 55 Clonazepam pertence à classe dos benzodiazepínicos, medicamentos que causam inibição leve do sistema nervoso central. Os efeitos de **Rivotril[® ]** incluem sonolência (cansaço), ataxia , disartria 56 Clonazepam pertence à classe dos benzodiazepínicos, medicamentos que causam inibição leve do sistema nervoso central. Os efeitos de **Rivotril[® ]** incluem sonolência (cansaço), ataxia , disartria 57 Clonazepam pertence à classe dos benzodiazepínicos, medicamentos que causam inibição leve do sistema nervoso central. Os efeitos de **Rivotril[® ]** incluem sonolência (cansaço), ataxia , disartria 58 Clonazepam pertence à classe dos benzodiazepínicos, medicamentos que causam inibição leve do sistema nervoso central. Os efeitos de **Rivotril[® ]** incluem sonolência (cansaço), ataxia , disartria 59 Clonazepam pertence à classe dos benzodiazepínicos, medicamentos que causam inibição leve do sistema nervoso central. Os efeitos de **Rivotril[® ]** incluem sonolência (cansaço), ataxia , disartria 60 Clonazepam pertence à classe dos benzodiazepínicos, medicamentos que causam inibição leve do sistema nervoso central. Os efeitos de **Rivotril[® ]** incluem sonolência (cansaço), ataxia , disartria 61 Clonazepam pertence à classe dos benzodiazepínicos, medicamentos que causam inibição leve do sistema nervoso central. Os efeitos de **Rivotril[® ]** incluem sonolência (cansaço), ataxia , disartria 62 Clonazepam pertence à classe dos benzodiazepínicos, medicamentos que causam inibição leve do sistema nervoso central. Os efeitos de **Rivotril[® ]** incluem sonolência (cansaço), ataxia , disartria 63 Clonazepam pertence à classe dos benzodiazepínicos, medicamentos que causam inibição leve do sistema nervoso central. Os efeitos de **Rivotril[® ]** incluem sonolência (cansaço), ataxia , disartria 64 Clonazepam pertence à classe dos benzodiazepínicos, medicamentos que causam inibição leve do sistema nervoso central. Os efeitos de **Rivotril[® ]** incluem sonolência (cansaço), ataxia , disartria 65 Clonazepam pertence à classe dos benzodiazepínicos, medicamentos que causam inibição leve do sistema nervoso central. Os efeitos de **Rivotril[® ]** incluem sonolência (cansaço), ataxia , disartria 66 Clonazepam pertence à classe dos benzodiazepínicos, medicamentos que causam inibição leve do sistema nervoso central. Os efeitos de **Rivotril[® ]** incluem sonolência (cansaço), ataxia , disartria 67 Clonazepam pertence à classe dos benzodiazepínicos, medicamentos que causam inibição leve do sistema nervoso central. Os efeitos de **Rivotril[® ]** incluem sonolência (cansaço), ataxia , disartria 68 Clonazepam pertence à classe dos benzodiazepínicos, medicamentos que causam inibição leve do sistema nervoso central. Os efeitos de **Rivotril[® ]** incluem sonolência (cansaço), ataxia , disartria 69 Clonazepam pertence à classe dos benzodiazepínicos, medicamentos que causam inibição leve do sistema nervoso central. Os efeitos de **Rivotril[® ]** incluem sonolência (cansaço), ataxia , disartria 70 Clonazepam pertence à classe dos benzodiazepínicos, medicamentos que causam inibição leve do sistema nervoso central. Os efeitos de **Rivotril[® ]** incluem sonolência (cansaço), ataxia , disartria 71 Clonazepam pertence à classe dos benzodiazepínicos, medicamentos que causam inibição leve do sistema nervoso central. Os efeitos de **Rivotril[® ]** incluem sonolência (cansaço), ataxia , disartria 72 Clonazepam pertence à classe dos benzodiazepínicos, medicamentos que causam inibição leve do sistema nervoso central. Os efeitos de **Rivotril[® ]** incluem sonolência (cansaço), ataxia , disartria 73 Clonazepam pertence à classe dos benzodiazepínicos, medicamentos que causam inibição leve do sistema nervoso central. Os efeitos de **Rivotril[® ]** incluem sonolência (cansaço), ataxia , disartria 74 Clonazepam pertence à classe dos benzodiazepínicos, medicamentos que causam inibição leve do sistema nervoso central. Os efeitos de **Rivotril[® ]** incluem sonolência (cansaço), ataxia , disartria 75 Clonazepam pertence à classe dos benzodiazepínicos, medicamentos que causam inibição leve do sistema nervoso central. Os efeitos de **Rivotril[® ]** incluem sonolência (cansaço), ataxia , disartria 76 Clonazepam pertence à classe dos benzodiazepínicos, medicamentos que causam inibição leve do sistema nervoso central. Os efeitos de **Rivotril[® ]** incluem sonolência (cansaço), ataxia , disartria 77 Clonazepam pertence à classe dos benzodiazepínicos, medicamentos que causam inibição leve do sistema nervoso central. Os efeitos de **Rivotril[® ]** incluem sonolência (cansaço), ataxia , disartria 78 Clonazepam pertence à classe dos benzodiazepínicos, medicamentos que causam inibição leve do sistema nervoso central. Os efeitos de **Rivotril[® ]** incluem sonolência (cansaço), ataxia , disartria 79 Clonazepam pertence à classe dos benzodiazepínicos, medicamentos que causam inibição leve do sistema nervoso central. Os efeitos de **Rivotril[® ]** incluem sonolência (cansaço), ataxia , disartria 80 Clonazepam pertence à classe dos benzodiazepínicos, medicamentos que causam inibição leve do sistema nervoso central. Os efeitos de **Rivotril[® ]** incluem sonolência (cansaço), ataxia , disartria 81 Clonazepam pertence à classe dos benzodiazepínicos, medicamentos que causam inibição leve do sistema nervoso central. Os efeitos de **Rivotril[® ]** incluem sonolência (cansaço), ataxia , disartria 82 Clonazepam pertence à classe dos benzodiazepínicos, medicamentos que causam inibição leve do sistema nervoso central. Os efeitos de **Rivotril[® ]** incluem sonolência (cansaço), ataxia , disartria 83 Clonazepam pertence à classe dos benzodiazepínicos, medicamentos que causam inibição leve do sistema nervoso central. Os efeitos de **Rivotril[® ]** incluem sonolência (cansaço), ataxia , disartria 84 Clonazepam pertence à classe dos benzodiazepínicos, medicamentos que causam inibição leve do sistema nervoso central. Os efeitos de **Rivotril[® ]** incluem sonolência (cansaço), ataxia , disartria 85 Clonazepam pertence à classe dos benzodiazepínicos, medicamentos que causam inibição leve do sistema nervoso central. Os efeitos de **Rivotril[® ]** incluem sonolência (cansaço), ataxia , disartria 86 Clonazepam pertence à classe dos benzodiazepínicos, medicamentos que causam inibição leve do sistema nervoso central. Os efeitos de **Rivotril[® ]** incluem sonolência (cansaço), ataxia , disartria 87 Clonazepam pertence à classe dos benzodiazepínicos, medicamentos que causam inibição leve do sistema nervoso central. Os efeitos de **Rivotril[® ]** incluem sonolência (cansaço), ataxia , disartria 88 Clonazepam pertence à classe dos benzodiazepínicos, medicamentos que causam inibição leve do sistema nervoso central. Os efeitos de **Rivotril[® ]** incluem sonolência (cansaço), ataxia , disartria 89 Clonazepam pertence à classe dos benzodiazepínicos, medicamentos que causam inibição leve do sistema nervoso central. Os efeitos de **Rivotril[® ]** incluem sonolência (cansaço), ataxia , disartria 90 Clonazepam pertence à classe dos benzodiazepínicos, medicamentos que causam inibição leve do sistema nervoso central. Os efeitos de **Rivotril[® ]** incluem sonolência (cansaço), ataxia , disartria 91 Clonazepam pertence à classe dos benzodiazepínicos, medicamentos que causam inibição leve do sistema nervoso central. Os efeitos de **Rivotril[® ]** incluem sonolência (cansaço), ataxia , disartria 92 Clonazepam pertence à classe dos benzodiazepínicos, medicamentos que causam inibição leve do sistema nervoso central. Os efeitos de **Rivotril[® ]** incluem sonolência (cansaço), ataxia , disartria 93 Clonazepam pertence à classe dos benzodiazepínicos, medicamentos que causam inibição leve do sistema nervoso central. Os efeitos de **Rivotril[® ]** incluem sonolência (cansaço), ataxia , disartria 94 Clonazepam pertence à classe dos benzodiazepínicos, medicamentos que causam inibição leve do sistema nervoso central. Os efeitos de **Rivotril[® ]** incluem sonolência (cansaço), ataxia , disartria 95 Clonazepam pertence à classe dos benzodiazepínicos, medicamentos que causam inibição leve do sistema nervoso central. Os efeitos de **Rivotril[® ]** incluem sonolência (cansaço), ataxia , disartria 96 Clonazepam pertence à classe dos benzodiazepínicos, medicamentos que causam inibição leve do sistema nervoso central. Os efeitos de **Rivotril[® ]** incluem sonolência (cansaço), ataxia , disartria 97 Clonazepam pertence à classe dos benzodiazepínicos, medicamentos que causam inibição leve do sistema nervoso central. Os efeitos de **Rivotril[® ]** incluem sonolência (cansaço), ataxia , disartria 98 Clonazepam pertence à classe dos benzodiazepínicos, medicamentos que causam inibição leve do sistema nervoso central. Os efeitos de **Rivotril[® ]** incluem sonolência (cansaço), ataxia , disartria 99 Clonazepam pertence à classe dos benzodiazepínicos, medicamentos que causam inibição leve do sistema nervoso central. Os efeitos de **Rivotril[® ]** incluem sonolência (cansaço), ataxia , disartria 100 Clonazepam pertence à classe dos benzodiazepínicos, medicamentos que causam inibição leve do sistema nervoso central. Os efeitos de **Rivotril[® ]** incluem sonolência (cansaço), ataxia , disartria 101 Clonazepam pertence à classe dos benzodiazepínicos, medicamentos que causam inibição leve do sistema nervoso central. Os efeitos de **Rivotril[® ]** incluem sonolência (cansaço), ataxia , disartria 102 Clonazepam pertence à classe dos benzodiazepínicos, medicamentos que causam inibição leve do sistema nervoso central. Os efeitos de **Rivotril[® ]** incluem sonolência (cansaço), ataxia , disartria 103 Clonazepam pertence à classe dos benzodiazepínicos, medicamentos que causam inibição leve do sistema nervoso central. Os efeitos de **Rivotril[® ]** incluem sonolência (cansaço), ataxia , disartria 104 Clonazepam pertence à classe dos benzodiazepínicos, medicamentos que causam inibição leve do sistema nervoso central. Os efeitos de **Rivotril[® ]** incluem sonolência (cansaço), ataxia , disartria 105 Clonazepam pertence à classe dos benzodiazepínicos, medicamentos que causam inibição leve do sistema nervoso central. Os efeitos de **Rivotril[® ]** incluem sonolência (cansaço), ataxia , disartria 106 Clonazepam pertence à classe dos benzodiazepínicos, medicamentos que causam inibição leve do sistema nervoso central. Os efeitos de **Rivotril[® ]** incluem sonolência (cansaço), ataxia , disartria 107 Clonazepam pertence à classe dos benzodiazepínicos, medicamentos que causam inibição leve do sistema nervoso central. Os efeitos de **Rivotril[® ]** incluem sonolência (cansaço), ataxia , disartria 108 Clonazepam pertence à classe dos benzodiazepínicos, medicamentos que causam inibição leve do sistema nervoso central. Os efeitos de **Rivotril[® ]** incluem sonolência (cansaço), ataxia , disartria 109 Clonazepam pertence à classe dos benzodiazepínicos, medicamentos que causam inibição leve do sistema nervoso central. Os efeitos de **Rivotril[® ]** incluem sonolência (cansaço), ataxia , disartria 110 Clonazepam pertence à classe dos benzodiazepínicos, medicamentos que causam inibição leve do sistema nervoso central. Os efeitos de **Rivotril[® ]** incluem sonolência (cansaço), ataxia , disartria 111 Clonazepam pertence à classe dos benzodiazepínicos, medicamentos que causam inibição leve do sistema nervoso central. Os efeitos de **Rivotril[® ]** incluem sonolência (cansaço), ataxia , disartria 112 Clonazepam pertence à classe dos benzodiazepínicos, medicamentos que causam inibição leve do sistema nervoso central. Os efeitos de **Rivotril[® ]** incluem sonolência (cansaço), ataxia , disartria 113 Clonazepam pertence à classe dos benzodiazepínicos, medicamentos que causam inibição leve do sistema nervoso central. Os efeitos de **Rivotril[® ]** incluem sonolência (cansaço), ataxia , disartria 114 Clonazepam pertence à classe dos benzodiazepínicos, medicamentos que causam inibição leve do sistema nervoso central. Os efeitos de **Rivotril[® ]** incluem sonolência (cansaço), ataxia , disartria 115 Clonazepam pertence à classe dos benzodiazepínicos, medicamentos que causam inibição leve do sistema nervoso central. Os efeitos de **Rivotril[® ]** incluem sonolência (cansaço), ataxia , disartria 116 Clonazepam pertence à classe dos benzodiazepínicos, medicamentos que causam inibição leve do sistema nervoso central. Os efeitos de **Rivotril[® ]** incluem sonolência (cansaço), ataxia , disartria 117 Clonazepam pertence à classe dos benzodiazepínicos, medicamentos que causam inibição leve do sistema nervoso central. Os efeitos de **Rivotril[® ]** incluem sonolência (cansaço), ataxia , disartria 118 Clonazepam pertence à classe dos benzodiazepínicos, medicamentos",TODAS (Naive),"chunk_063f6288233c, chunk_3fede5899876, chunk_3fede5899876, chunk_3fede5899876, chunk_eae4150205a2, chunk_8cc0cdf740f7, chunk_eae4150205a2, chunk_d77c1f8474ad, chunk_d77c1f8474ad, chunk_d111e9aa94c7, chunk_d1e77a6a6e34, chunk_d77c1f8474ad, chunk_ddd8cf00aa9e, chunk_ddd8cf00aa9e, chunk_4569774ff1a4","[""utilizada em idosos. Deve-se ter especial cuidado durante as alterações na dose. \n\n**Comprometimento do fígado:** pacientes com comprometimento do fígado grave não devem ser tratados com clonazepam e pacientes com comprometimento hepático leve a moderado devem receber a dose mais baixa possível. \n\n## **Instruções especiais de administração** \n\n**Rivotril[® ]** pode ser usado com outros antiepilépticos. Nesse caso, seu médico ajustará a dose de cada medicamento para atingir o efeito ideal. \n\nNão pare de tomar **Rivotril[® ]** subitamente, você pode ter novas crises epilépticas. Somente seu médico poderá orientar a interrupção do tratamento reduzindo gradualmente a dose utilizada. \n\n**Siga a orientação de seu médico, respeitando sempre os horários, as doses e a duração do tratamento. Não interrompa o tratamento sem o conhecimento do seu médico.** \n\n**7. O QUE DEVO FAZER QUANDO EU ME ESQUECER DE USAR ESTE   MEDICAMENTO?** Nunca dobre a dose na próxima tomada.  Apenas continue com a próxima dose no tempo determinado. \n\n4 \n\n**==> picture [109 x 35] intentionally omitted <==**\n\n## **Em caso de dúvidas, procure orientação do farmacêutico, do seu médico ou   cirurgião-dentista.** \n\n## **8. QUAIS OS MALES QUE ESTE MEDICAMENTO PODE ME   CAUSAR?**"", ""PARA QUE ESTE MEDICAMENTO É INDICADO? Adulto e pediátrico Distúrbio epiléptico** \n\n**Rivotril[® ]** é indicado para tratar crises epilépticas e espasmos infantis (síndrome de West). \n\n## **Adulto** \n\n**Rivotril[® ]** também é indicado para: \n\n**Transtornos de ansiedade** \n\n- Como ansiolítico em geral. \n\n- Distúrbio do pânico com ou sem medo de espaços abertos. \n\n- Fobia social (medo de situações como falar em público). \n\n## **Transtornos do humor** \n\n- Transtorno afetivo bipolar (fases de depressão e mania): tratamento da mania. \n\n- Depressão maior: associado a antidepressivos na depressão ansiosa e início do tratamento. \n\n## **Síndromes psicóticas** \n\n Acatisia (inquietação extrema, geralmente provocada por medicamentos psiquiátricos). **Síndrome das pernas inquietas (desconforto ou dor nas pernas que leva à necessidade de movimentá-las, prejudicando o sono).** \n\n**Vertigem e distúrbios do equilíbrio:** náuseas, vômitos, desmaios, quedas, zumbidos e distúrbios  auditivos. **Síndrome da boca ardente (sensação de queimação na parte interna da boca, sem alterações   físicas).** \n\n**2."", ""PARA QUE ESTE MEDICAMENTO É INDICADO? Adulto e pediátrico Distúrbio epiléptico** \n\n**Rivotril[® ]** é indicado para tratar crises epilépticas e espasmos infantis (síndrome de West). \n\n## **Adulto** \n\n**Rivotril[® ]** também é indicado para: \n\n## **Transtornos de ansiedade** \n\n- Como ansiolítico em geral. \n\n- Distúrbio do pânico com ou sem medo de espaços abertos. \n\n- Fobia social (medo de situações como falar em público). \n\n## **Transtornos do humor** \n\n- Transtorno afetivo bipolar (fases de depressão e mania): tratamento da mania. \n\n- Depressão maior: associado à antidepressivos na depressão ansiosa e início do tratamento. \n\n## **Síndromes psicóticas** \n\n Acatisia (inquietação extrema, geralmente provocada por medicamentos psiquiátricos). **Síndrome das pernas inquietas (desconforto ou dor nas pernas que leva à necessidade de movimentá-las, prejudicando o sono).** \n\n**Vertigem e distúrbios do equilíbrio:** náuseas, vômitos, desmaios, quedas, zumbidos e distúrbios auditivos. **Síndrome da boca ardente (sensação de queimação na parte interna da boca, sem alterações   físicas).** \n\n**2."", ""PARA QUE ESTE MEDICAMENTO É INDICADO? Adulto e pediátrico Distúrbio epiléptico** \n\n**Rivotril[®  ]** é indicado para tratar crises epilépticas e espasmos infantis (síndrome de West). \n\n## **Adulto** \n\n**Rivotril[® ]** também é indicado para: \n\n## **Transtornos de ansiedade** \n\n- Como ansiolítico em geral. \n\n- Distúrbio do pânico com ou sem medo de espaços abertos. \n\n- Fobia social (medo de situações como falar em público). \n\n## **Transtornos do humor** \n\n- Transtorno afetivo bipolar (fases de depressão e mania): tratamento da mania. \n\n- Depressão maior: associado a antidepressivos na depressão ansiosa e início do tratamento. \n\n## **Síndromes psicóticas** \n\n Acatisia (inquietação extrema, geralmente provocada por medicamentos  psiquiátricos). **Síndrome das pernas inquietas (desconforto ou dor nas pernas que leva à necessidade de movimentá-las, prejudicando o sono).** \n\n**Vertigem distúrbios do equilíbrio:** náuseas, vômitos, desmaios, quedas, zumbidos e distúrbios  auditivos. **Síndrome da boca ardente (sensação de queimação na parte interna da boca, sem alterações   físicas).** \n\n**2."", ""sintomas de abstinência é maior após descontinuação súbita do tratamento, portanto a retirada brusca do medicamento deve ser evitada. O tratamento (mesmo de curta duração) deve ser interrompido pela redução gradativa da dose diária. \n\n## **Efeitos sobre a capacidade de dirigir e operar  máquinas** \n\nClonazepam pode lentificar as reações, efeito agravado com o uso de álcool. \n\n## **Durante o tratamento, o paciente não deve dirigir veículos ou operar máquinas, pois sua habilidade e atenção podem estar prejudicadas.** \n\nAté o momento, não há informações de que **Rivotril[® ]** cause _doping_ . Em caso de dúvidas, consulte o seu médico. \n\n## **Gravidez e amamentação** \n\n## **Este medicamento não deve ser utilizado por mulheres grávidas sem orientação médica ou do cirurgiãodentista.** \n\n**Rivotril[® ]** só deve ser administrado a gestantes se houver indicação absoluta e se os benefícios potenciais \n\nsuperarem os riscos para o feto. **Rivotril[® ]** pode prejudicar seu bebê. Informe seu médico se estiver grávida ou se está tentando engravidar. O uso de altas doses no último trimestre da gestação ou no trabalho de parto pode causar irregularidades no batimento cardíaco do feto e baixa temperatura corpórea, falta de tônus muscular, \n\n2 \n\n**==> picture [109 x 35] intentionally omitted <==**\n\ndepressão respiratória e dificuldade de sucção no bebê. Tanto a gestação quanto a suspensão de **Rivotril[® ]** podem exacerbar a epilepsia. \n\nInforme seu médico se estiver amamentando. Se você realmente precisar tomar **Rivotril[®]** , a amamentação deve ser descontinuada."", ""ísico sensações anormais formigamentos, alucinações. O risco dos sintomas de abstinência é maior após descontinuação súbita do tratamento, portanto a retirada brusca do medicamento deve ser evitada. O tratamento (mesmo de curta duração) deve ser interrompido pela redução gradativa da dose diária. \n\n## **Efeitos sobre a capacidade de dirigir e operar  máquinas** \n\nClonazepam pode lentificar as reações, efeito agravado com o uso de álcool. \n\n**Durante o tratamento, o paciente não deve dirigir veículos ou operar máquinas, pois sua habilidade e atenção podem estar prejudicadas.** \n\nAté o momento, não há informações de que **Rivotril[® ]** cause _doping_ . Em caso de dúvidas, consulte o seu médico. \n\n## **Gravidez e amamentação** \n\n## **Este medicamento não deve ser utilizado por mulheres grávidas sem orientação médica ou do cirurgiãodentista.** \n\n**Rivotril[® ]** só deve ser administrado a gestantes se houver indicação absoluta e os benefícios potenciais  superarem os riscos para o feto. **Rivotril[® ]** pode prejudicar seu bebê. Informe seu médico se estiver grávida ou se está tentando engravidar. O uso de altas doses no último trimestre da gestação ou no trabalho de parto pode causar irregularidades no batimento cardíaco do feto e baixa temperatura corpórea, falta de tônus muscular, depressão respiratória e \n\ndificuldade de sucção no bebê. Tanto a gestação quanto a suspensão de **Rivotril[® ]** podem exacerbar  a epilepsia. Informe seu médico se estiver amamentando. Se você realmente precisar tomar **Rivotril[®]** , a amamentação deve ser descontinuada. \n\n2"", ""intomas de abstinência é maior após descontinuação súbita do tratamento, portanto a retirada brusca do medicamento deve ser evitada. O tratamento (mesmo de curta duração) deve ser interrompido pela redução gradativa da dose diária. \n\n## **Efeitos sobre a capacidade de dirigir e operar  máquinas** \n\nClonazepam pode lentificar as reações, efeito agravado com o uso de álcool. \n\n**Durante o tratamento, o paciente não deve dirigir veículos ou operar máquinas, pois sua habilidade e atenção podem estar prejudicadas.** \n\nAté o momento, não há informações de que **Rivotril[®  ]** cause _doping_ . Em caso de dúvidas, consulte o seu  médico. \n\n## **Gravidez e amamentação** \n\n2 \n\n**==> picture [109 x 35] intentionally omitted <==**\n\n## **Este medicamento não deve ser utilizado por mulheres grávidas sem orientação médica ou do cirurgiãodentista.** \n\n**Rivotril[® ]** só deve ser administrado a gestantes se houver indicação absoluta e se os benefícios  potenciais \n\nsuperarem os riscos para o feto. **Rivotril[® ]** pode prejudicar seu bebê. Informe seu médico se estiver grávida ou se está tentando engravidar. O uso de altas doses no último trimestre da gestação ou no trabalho de parto pode  causar irregularidades no batimento cardíaco do feto e baixa temperatura corpórea, falta de tônus muscular, depressão respiratória e dificuldade de sucção no bebê. Tanto a gestação quanto a suspensão de **Rivotril**[® ] podem exacerbar a epilepsia. \n\nInforme seu médico se estiver amamentando. Se você realmente precisar tomar **Rivotril[®]** , a amamentação deve ser descontinuada."", ""ções), com o uso de benzodiazepínicos em doses terapêuticas. \n\n**Rivotril[® ]** pode precipitar o estado de mal epiléptico (crises epilépticas em sequência rápida). Fale com seu médico antes de aumentar a dose ou interromper abruptamente esta medicação. \n\n## **Abuso e dependência do medicamento** \n\nO uso de benzodiazepínicos pode levar ao desenvolvimento de dependência física e psicológica. O risco de dependência aumenta com a dose, tratamentos prolongados e em pacientes com história de abuso de álcool ou drogas. Em caso de dependência, especialmente com doses elevadas, a descontinuação brusca do tratamento será acompanhada por sintomas de abstinência: psicoses, distúrbio de comportamento, tremor, sudorese, agitação, distúrbios do sono e ansiedade, dor de cabeça, diarreia, dores musculares, câimbras, ansiedade extrema, tensão, cansaço, inquietação, alteração de humor, confusão, irritabilidade e convulsões epiléticas que podem ser associadas à doença de base. Em casos graves, desrealização (sentimentos de estranhamento ou distanciamento em relação ao ambiente), despersonalização (processo psíquico, em que se tem a impressão de que se é estranho  a si mesmo), hipersensibilidade ao som, à luz, a ruídos e ao contato físico, sensações anormais, formigamentos, alucinações. O risco dos sintomas de abstinência é maior após descontinuação súbita do tratamento, portanto a retirada brusca do medicamento deve ser evitada. O tratamento (mesmo de curta duração) deve ser interrompido pela redução gradativa da dose diária. \n\n## **Efeitos sobre a capacidade de dirigir e operar  máquinas**"", ""ções), com o uso de benzodiazepínicos em doses terapêuticas. \n\n**Rivotril[® ]** pode precipitar o estado de mal epiléptico (crises epilépticas em sequência rápida). Fale com seu médico antes de aumentar a dose ou interromper abruptamente esta medicação. \n\n## **Abuso e dependência do medicamento** \n\nO uso de benzodiazepínicos pode levar ao desenvolvimento de dependência física e psicológica. O risco de dependência aumenta com a dose, tratamentos prolongados e em pacientes com história de abuso de álcool ou drogas. Em caso de dependência, especialmente com doses elevadas, a descontinuação brusca do tratamento será acompanhada por sintomas de abstinência: psicoses, distúrbio comportamental, tremor, sudorese, agitação, distúrbios do sono e ansiedade, dor de cabeça, diarreia, dores musculares, câimbras, ansiedade extrema, tensão, cansaço, inquietação, alteração de humor, confusão, irritabilidade e convulsões epiléticas que podem ser associadas à doença de base. Em casos graves, desrealização (sentimentos de estranhamento ou distanciamento em relação ao ambiente), despersonalização (processo psíquico, em que se tem a impressão de que se é estranho a si mesmo), hipersensibilidade ao som, à luz, a ruídos e ao contato físico, sensações anormais, formigamentos, alucinações. O risco dos sintomas de abstinência é maior após descontinuação súbita do tratamento, portanto a retirada brusca do medicamento deve ser evitada. O tratamento (mesmo de curta duração) deve ser interrompido pela redução gradativa da dose diária. \n\n## **Efeitos sobre a capacidade de dirigir e operar  máquinas**"", ""COMO ESTE MEDICAMENTO FUNCIONA?** \n\nClonazepam pertence à classe dos benzodiazepínicos, medicamentos que causam inibição leve do sistema nervoso, com consequente ação anticonvulsivante, sedativa leve, relaxante muscular e tranquilizante. \n\nA ação de **Rivotril[® ]** oral dose única inicia em 30 a 60 minutos e se estende por 6 a 8 h em crianças e 8 a 12 h em adultos. \n\n## **3."", ""lta de tônus muscular, depressão respiratória e dificuldade de sucção no bebê. Tanto a gestação quanto a suspensão de **Rivotril**[® ] podem exacerbar a epilepsia. \n\nInforme seu médico se estiver amamentando. Se você realmente precisar tomar **Rivotril[®]** , a amamentação deve ser descontinuada. \n\n## **Uso em crianças** \n\nAvaliar o risco / benefício do uso de **Rivotril[® ]** a longo prazo em pacientes pediátricos com distúrbios epilépticos. **Rivotril[® ]** pode aumentar a salivação e as secreções brônquicas em lactentes e crianças pequenas. Atenção:  manter as vias aéreas livres. \n\nNão há dados de eficácia / segurança de **Rivotril[® ]** em menores de 18 anos com distúrbio do pânico. \n\n## **Uso em idosos** \n\nOs efeitos dos benzodiazepínicos parecem ser maiores em pacientes idosos do que em pacientes mais jovens, mesmo em concentrações plasmáticas similares. \n\n## **Principais interações medicamentosas** \n\nInforme seu médico se estiver tomando outros medicamentos, incluindo as substâncias a seguir, pois elas podem interagir com **Rivotril[®]** : \n\n– Depressores do sistema nervoso central e álcool; \n\n– Medicamentos que agem no sistema nervoso: antidepressivos, medicamentos para dormir, alguns analgésicos, antipsicóticos, ansiolíticos, anticonvulsivantes; \n\n– Medicamentos para o estômago. \n\n## **Interações fármaco-alimento** \n\nInterações com alimentos não foram estabelecidas. O suco de toranja pode aumentar o efeito de **Rivotril**[®] . \n\n## **Interações fármaco-laboratório** \n\nInterações com testes laboratoriais não foram estabelecidas."", ""s), com o uso de benzodiazepínicos em doses terapêuticas. \n\n**Rivotril[® ]** pode precipitar o estado de mal epiléptico (crises epilépticas em sequência rápida). Fale com o seu médico antes de aumentar a dose ou interromper abruptamente esta  medicação. \n\n## **Abuso e dependência do medicamento** \n\nO uso de benzodiazepínicos pode levar ao desenvolvimento de dependência física e psicológica. O risco de dependência aumenta com a dose, tratamentos prolongados e em pacientes com história de abuso de álcool ou drogas. Em caso de dependência, especialmente com uso de doses elevadas, a descontinuação brusca do tratamento será acompanhada por sintomas de abstinência: psicoses, distúrbio comportamental, tremor, sudorese, agitação, distúrbios do sono e ansiedade, dor de cabeça, diarreia, dores musculares, câimbras, ansiedade extrema, tensão, cansaço, inquietação, alteração de humor, confusão, irritabilidade e convulsões epiléticas que podem ser associadas à doença de base. Em casos graves, desrealização (sentimento de estranhamento ou distanciamento  em relação ao ambiente), despersonalização (processo psíquico, em que se tem a impressão de que se é estranho  a si mesmo), hipersensibilidade ao som, à luz, a ruídos e ao contato físico sensações anormais formigamentos, alucinações. O risco dos sintomas de abstinência é maior após descontinuação súbita do tratamento, portanto a retirada brusca do medicamento deve ser evitada. O tratamento (mesmo de curta duração) deve ser interrompido pela redução gradativa da dose diária."", ""O QUE FAZER SE ALGUÉM USAR UMA QUANTIDADE MAIOR DO QUE A INDICADA DESTE MEDICAMENTO? Sintomas** \n\nOs benzodiazepínicos geralmente causam sonolência, ataxia (perda da coordenação dos movimentos), disartria, nistagmo, confusão mental, excitação e lentidão de movimento. A superdose de **Rivotril[® ]** está raramente associada com risco de morte, caso o medicamento tenha sido tomado isoladamente, mas pode levar à arreflexia (ausência de reflexos), apneia, hipotensão arterial, depressão cardiorrespiratória e coma. Se ocorrer coma, normalmente tem duração de poucas horas; porém, pode ser prolongado e cíclico, particularmente em idosos. A depressão respiratória por benzodiazepínicos é mais séria em pacientes com doença respiratória. \n\nOs benzodiazepínicos aumentam os efeitos de outros depressores do sistema nervoso central, incluindo o álcool. **Conduta** \n\nMonitorar os sinais vitais e instituir medidas de suporte a critério médico. **Advertência** \n\nFlumazenil não é indicado a pacientes com epilepsia que foram tratados com benzodiazepínicos. \n\n**Em caso de uso de grande quantidade deste medicamento, procure rapidamente socorro médico e leve a embalagem ou bula do medicamento, se possível. Ligue para 0800 722 6001, se você precisar de mais orientações.** \n\nMS-1.1524.0011 \n\nFarmacêutico Responsável: Dr. Adriano Costa Leite – CRF-SP n° 38.716 \n\nRegistrado por: Blanver Farmoquímica e Farmacêutica S.A. Rua Francisco Tramontano, 101 -Sala 507 Real Parque – CEP 05686-010 – São Paulo – SP CNPJ 53.359.824/0001-19"", ""O QUE FAZER SE ALGUÉM USAR UMA QUANTIDADE MAIOR DO QUE A INDICADA DESTE MEDICAMENTO? Sintomas** \n\nOs benzodiazepínicos geralmente causam sonolência, ataxia (perda da coordenação dos movimentos), disartria, nistagmo, confusão mental, excitação e lentidão de movimento. A superdose de **Rivotril[® ]** está raramente associada com risco de morte, caso o medicamento tenha sido tomado isoladamente, mas pode levar à arreflexia (ausência de reflexos), apneia, hipotensão arterial, depressão cardiorrespiratória e coma. Se ocorrer coma, normalmente tem duração de poucas horas; porém, pode ser prolongado e cíclico, particularmente em idosos. A depressão respiratória por benzodiazepínicos é mais séria em pacientes com doença respiratória. \n\nOs benzodiazepínicos aumentam os efeitos de outros depressores do sistema nervoso central, incluindo o álcool. **Conduta** \n\nMonitorar sinais vitais e instituir medidas de suporte a critério médico. **Advertência** \n\nFlumazenil não é indicado a pacientes com epilepsia que foram tratados com benzodiazepínicos. \n\n**Em caso de uso de grande quantidade deste medicamento, procure rapidamente socorro médico e leve a embalagem ou bula do medicamento, se possível. Ligue para 0800 722 6001, se você precisar de mais orientações.** \n\nMS-1.1524.0011 \n\nFarmacêutico Responsável: Dr. Adriano Costa Leite – CRF-SP n° 38.716 \n\nRegistrado por: Blanver Farmoquímica e Farmacêutica S.A. Rua Francisco Tramontano, 101 -Sala 507 Real Parque – CEP 05686-010 – São Paulo – SP CNPJ 53.359.824/0001-19"", ""COMO ESTE MEDICAMENTO FUNCIONA?** Clonazepam pertence à classe dos benzodiazepínicos, medicamentos que causam inibição leve do sistema nervoso, com consequente ação anticonvulsivante, sedativa leve, relaxante muscular e tranquilizante. \n\nA ação de **Rivotril[® ]** oral dose única inicia em 30 a 60 minutos e se estende por 6 à 8 h em crianças e 8 a 12 h em adultos. \n\n1 \n\n**==> picture [109 x 35] intentionally omitted <==**\n\n## **3.""]",0.076,2834.07
naive_rag,ollama:mediphi-instruct,RIVOTRIL,dificil,"Por que a bula contraindica Rivotril para tratamento de transtorno do pânico em pacientes com histórico de apneia do sono, quando se consideram seus efeitos no sistema nervoso e no sistema respiratório?",dificil,"A bula contraindica Rivotril comprimidos e gotas para tratamento de transtornos do pânico em pacientes com histórico de apneia do sono. Ela informa que clonazepam é um benzodiazepínico que causa inibição leve do sistema nervoso, com ação sedativa leve, relaxante muscular e tranquilizante, e também descreve risco de depressão respiratória. Além disso, álcool e depressores do sistema nervoso central podem aumentar os efeitos de Rivotril, com sedação grave, coma ou morte e depressão cardiovascular e/ou respiratória. Assim, usando apenas a bula, a contraindicação se relaciona ao risco de agravar comprometimento respiratório em pacientes com apneia do sono.",COMO ESTE MEDICAMENTO FUNCIONA? / QUANDO NÃO DEVO USAR ESTE MEDICAMENTO? / O QUE DEVO SABER ANTES DE USAR ESTE MEDICAMENTO? / QUAIS OS MALES QUE ESTE MEDICAMENTO PODE ME CAUSAR?,"De acordo com a bula consultada de Rivotril, consta a seguinte informação: ""Os benzodiazepínicos aumentam os efeitos de outros depressores do sistema nervoso central, incluindo o álcool. **Distúrbios respiratórios** : congestão pulmonar, congestão nasal, hipersecreção, tosse, falta de ar, bronquite, rinite, faringite. Pode ocorrer depressão respiratória."" Os benzodiazepínicos podem exacerbar a apneia do sono devido aos seus efeitos no sistema nervoso central que afetam os centros responsáveis pela respiração, tornando-os inadequados para pacientes com histórico de distúrbios respiratórios.

---
*Esta resposta se baseia apenas nos trechos da bula recuperados e não substitui orientação médica ou farmacêutica. É recomendável consultar um profissional de saúde para orientação individualizada.*","De acordo com a bula consultada de Rivotril, consta a seguinte informação: ""Os benzodiazepínicos aumentam os efeitos de outros depressores do sistema nervoso central, incluindo o álcool. **Distúrbios respiratórios** : congestão pulmonar, congestão nasal, hipersecreção, tosse, falta de ar, bronquite, rinite, faringite. Pode ocorrer depressão respiratória."" Os benzodiazepínicos podem exacerbar a apneia do sono devido aos seus efeitos no sistema nervoso central que afetam os centros responsáveis pela respiração, tornando-os inadequados para pacientes com histórico de distúrbios respiratórios.",TODAS (Naive),"chunk_ddd8cf00aa9e, chunk_ddd8cf00aa9e, chunk_d77c1f8474ad, chunk_d77c1f8474ad, chunk_d77c1f8474ad, chunk_decd403656d2, chunk_3e429871e6b5, chunk_4569774ff1a4, chunk_3fede5899876, chunk_3fede5899876, chunk_3fede5899876, chunk_a2180c9f13ba, chunk_d111e9aa94c7, chunk_f81ed3e80e69, chunk_ddd8cf00aa9e","[""O QUE FAZER SE ALGUÉM USAR UMA QUANTIDADE MAIOR DO QUE A INDICADA DESTE MEDICAMENTO? Sintomas** \n\nOs benzodiazepínicos geralmente causam sonolência, ataxia (perda da coordenação dos movimentos), disartria, nistagmo, confusão mental, excitação e lentidão de movimento. A superdose de **Rivotril[® ]** está raramente associada com risco de morte, caso o medicamento tenha sido tomado isoladamente, mas pode levar à arreflexia (ausência de reflexos), apneia, hipotensão arterial, depressão cardiorrespiratória e coma. Se ocorrer coma, normalmente tem duração de poucas horas; porém, pode ser prolongado e cíclico, particularmente em idosos. A depressão respiratória por benzodiazepínicos é mais séria em pacientes com doença respiratória. \n\nOs benzodiazepínicos aumentam os efeitos de outros depressores do sistema nervoso central, incluindo o álcool. **Conduta** \n\nMonitorar os sinais vitais e instituir medidas de suporte a critério médico. **Advertência** \n\nFlumazenil não é indicado a pacientes com epilepsia que foram tratados com benzodiazepínicos. \n\n**Em caso de uso de grande quantidade deste medicamento, procure rapidamente socorro médico e leve a embalagem ou bula do medicamento, se possível. Ligue para 0800 722 6001, se você precisar de mais orientações.** \n\nMS-1.1524.0011 \n\nFarmacêutico Responsável: Dr. Adriano Costa Leite – CRF-SP n° 38.716 \n\nRegistrado por: Blanver Farmoquímica e Farmacêutica S.A. Rua Francisco Tramontano, 101 -Sala 507 Real Parque – CEP 05686-010 – São Paulo – SP CNPJ 53.359.824/0001-19"", ""O QUE FAZER SE ALGUÉM USAR UMA QUANTIDADE MAIOR DO QUE A INDICADA DESTE MEDICAMENTO? Sintomas** \n\nOs benzodiazepínicos geralmente causam sonolência, ataxia (perda da coordenação dos movimentos), disartria, nistagmo, confusão mental, excitação e lentidão de movimento. A superdose de **Rivotril[® ]** está raramente associada com risco de morte, caso o medicamento tenha sido tomado isoladamente, mas pode levar à arreflexia (ausência de reflexos), apneia, hipotensão arterial, depressão cardiorrespiratória e coma. Se ocorrer coma, normalmente tem duração de poucas horas; porém, pode ser prolongado e cíclico, particularmente em idosos. A depressão respiratória por benzodiazepínicos é mais séria em pacientes com doença respiratória. \n\nOs benzodiazepínicos aumentam os efeitos de outros depressores do sistema nervoso central, incluindo o álcool. **Conduta** \n\nMonitorar sinais vitais e instituir medidas de suporte a critério médico. **Advertência** \n\nFlumazenil não é indicado a pacientes com epilepsia que foram tratados com benzodiazepínicos. \n\n**Em caso de uso de grande quantidade deste medicamento, procure rapidamente socorro médico e leve a embalagem ou bula do medicamento, se possível. Ligue para 0800 722 6001, se você precisar de mais orientações.** \n\nMS-1.1524.0011 \n\nFarmacêutico Responsável: Dr. Adriano Costa Leite – CRF-SP n° 38.716 \n\nRegistrado por: Blanver Farmoquímica e Farmacêutica S.A. Rua Francisco Tramontano, 101 -Sala 507 Real Parque – CEP 05686-010 – São Paulo – SP CNPJ 53.359.824/0001-19"", ""o, hostilidade, ansiedade, distúrbios do sono, delírio, raiva, pesadelos, sonhos anormais, alucinações, psicose, hiperatividade, comportamento inapropriado e outros efeitos comportamentais. Alterações da libido (casos raros). Dependência e retirada, vide item “Abuso e dependência do medicamento”. \n\n**Distúrbios do sistema nervoso** : diminuição da concentração, sonolência, lentificação, hipotonia muscular, tonturas, ataxia são frequentes e geralmente transitórias. Dor de cabeça (raro). Distúrbios reversíveis: dificuldade para articular a fala, incoordenação de movimentos e da marcha, movimento anormal dos olhos. Pode haver esquecimento de fatos recentes, associado a alteração de comportamento. Pode haver aumento das crises convulsivas em determinadas formas de epilepsia. Perda da voz, movimento grosseiros e descoordenados de braços e pernas, coma, tremor, perda de força de um lado do corpo, sensação de cabeça leve, falta de energia e formigamento e alteração da sensibilidade nas extremidades. \n\n**Distúrbios oculares** : visão dupla reversível, aparência de “olho vítreo”. \n\n**Distúrbios cardiovasculares** : palpitações, dor torácica, insuficiência cardíaca (incluindo parada  cardíaca). \n\n**Distúrbios respiratórios** : congestão pulmonar, congestão nasal, hipersecreção, tosse, falta de ar, bronquite, rinite, faringite. Pode ocorrer depressão respiratória. **Rivotril[® ]** pode aumentar a produção de saliva ou de secreção brônquica (secreção nas vias aéreas) em lactentes e crianças."", ""o, hostilidade, ansiedade, distúrbios do sono, delírio, raiva, pesadelos, sonhos anormais, alucinações, psicose, hiperatividade, comportamento inapropriado e outros efeitos comportamentais. Alterações da libido (casos raros). Dependência e retirada, vide item “Abuso e dependência do medicamento”. \n\n**Distúrbios do sistema nervoso** : diminuição da concentração, sonolência, lentificação, hipotonia muscular, tonturas, ataxia são frequentes e geralmente transitórias. Dor de cabeça (raro). Distúrbios reversíveis: dificuldade para articular a fala, incoordenação de movimentos e da marcha, movimento anormal dos olhos. Pode haver esquecimento de fatos recentes, associado à alteração de comportamento. Pode haver aumento das crises convulsivas em determinadas formas de epilepsia. Perda da voz, movimentos grosseiros e descoordenados de braços e pernas, coma, tremor, perda de força de um lado do corpo, sensação de cabeça leve, falta de energia e formigamento, alteração da sensibilidade nas extremidades. \n\n**Distúrbios oculares** : visão dupla reversível, aparência de “olho vítreo”. \n\n**Distúrbios cardiovasculares** : palpitações, dor torácica, insuficiência cardíaca (incluindo parada  cardíaca). \n\n**Distúrbios respiratórios** : congestão pulmonar, congestão nasal, hipersecreção, tosse, falta de ar, bronquite, rinite, faringite. Pode ocorrer depressão respiratória. **Rivotril[® ]** pode aumentar a produção de saliva ou secreção brônquica (secreção nas vias aéreas) em lactentes e  crianças."", ""o, hostilidade, ansiedade, distúrbios do sono, delírio, raiva, pesadelos, sonhos anormais, alucinações, psicose, hiperatividade, comportamento inapropriado e outros efeitos comportamentais. Alterações da libido (casos raros). Dependência e retirada, vide item “Abuso e dependência do medicamento”. \n\n**Distúrbios do sistema nervoso** : diminuição da concentração, sonolência, lentificação, hipotonia muscular, tonturas, ataxia são frequentes e geralmente transitórias. Dor de cabeça (raro). Distúrbios reversíveis: dificuldade para articular a fala, incoordenação de movimentos e da marcha, movimento anormal dos olhos. Pode haver esquecimento de fatos recentes, associado a alteração de comportamento. Pode haver aumento das crises convulsivas em determinadas formas de epilepsia. Perda da voz, movimentos grosseiros e descoordenados de braços e pernas, coma, tremor, perda de força de um lado do corpo, sensação de cabeça leve, falta de energia e formigamento e alteração da sensibilidade nas extremidades. \n\n**Distúrbios oculares** : visão dupla reversível, aparência de “olho vítreo”. \n\n**Distúrbios cardiovasculares** : palpitações, dor torácica, insuficiência cardíaca (incluindo parada  cardíaca). \n\n**Distúrbios respiratórios** : congestão pulmonar, congestão nasal, hipersecreção, tosse, falta de ar, bronquite, rinite, faringite. Pode ocorrer depressão respiratória. **Rivotril[® ]** pode aumentar a produção de saliva ou de secreção brônquica (secreção nas vias aéreas) em lactentes e crianças."", ""COMO ESTE MEDICAMENTO FUNCIONA?** \n\nClonazepam pertence à classe dos benzodiazepínicos, medicamentos que causam inibição leve do sistema nervoso, com consequente ação anticonvulsivante, sedativa leve, relaxante muscular e tranquilizante. \n\n**3."", ""e tônus muscular, depressão respiratória e \n\ndificuldade de sucção no bebê. Tanto a gestação quanto a suspensão de **Rivotril[® ]** podem exacerbar  a epilepsia. Informe seu médico se estiver amamentando. Se você realmente precisar tomar **Rivotril[®]** , a amamentação deve ser descontinuada. \n\n2 \n\n**==> picture [109 x 35] intentionally omitted <==**\n\n## **Uso em crianças** \n\nAvaliar o risco / benefício do uso de **Rivotril[® ]** a longo prazo em pacientes pediátricos com distúrbios epilépticos. **Rivotril[®  ]** pode aumentar a salivação e as secreções brônquicas em lactentes e crianças pequenas. Atenção:  manter as vias aéreas livres. Não há dados sobre eficácia / segurança de **Rivotril[® ]** em menores de 18 anos com distúrbio do pânico. \n\n## **Uso em idosos** \n\nOs efeitos dos benzodiazepínicos parecem ser maiores em pacientes idosos do que em pacientes mais jovens, mesmo em concentrações plasmáticas similares. \n\n## **Principais interações medicamentosas** \n\nInforme seu médico, se estiver tomando outros medicamentos, incluindo as substâncias a seguir, pois elas podem interagir com **Rivotril[®]** . \n\n– Depressores do sistema nervoso central e álcool; \n\n– Medicamentos que agem no sistema nervoso: antidepressivos, medicamentos para dormir, alguns analgésicos, antipsicóticos, ansiolíticos, anticonvulsivantes. \n\n– Medicamentos para o estômago. \n\n## **Interações fármaco-alimento** \n\nInterações com alimentos não foram estabelecidas. O suco de toranja pode aumentar o efeito de **Rivotril**[®] . \n\n## **Interações fármaco-laboratório**"", ""COMO ESTE MEDICAMENTO FUNCIONA?** Clonazepam pertence à classe dos benzodiazepínicos, medicamentos que causam inibição leve do sistema nervoso, com consequente ação anticonvulsivante, sedativa leve, relaxante muscular e tranquilizante. \n\nA ação de **Rivotril[® ]** oral dose única inicia em 30 a 60 minutos e se estende por 6 à 8 h em crianças e 8 a 12 h em adultos. \n\n1 \n\n**==> picture [109 x 35] intentionally omitted <==**\n\n## **3."", ""PARA QUE ESTE MEDICAMENTO É INDICADO? Adulto e pediátrico Distúrbio epiléptico** \n\n**Rivotril[® ]** é indicado para tratar crises epilépticas e espasmos infantis (síndrome de West). \n\n## **Adulto** \n\n**Rivotril[® ]** também é indicado para: \n\n## **Transtornos de ansiedade** \n\n- Como ansiolítico em geral. \n\n- Distúrbio do pânico com ou sem medo de espaços abertos. \n\n- Fobia social (medo de situações como falar em público). \n\n## **Transtornos do humor** \n\n- Transtorno afetivo bipolar (fases de depressão e mania): tratamento da mania. \n\n- Depressão maior: associado à antidepressivos na depressão ansiosa e início do tratamento. \n\n## **Síndromes psicóticas** \n\n Acatisia (inquietação extrema, geralmente provocada por medicamentos psiquiátricos). **Síndrome das pernas inquietas (desconforto ou dor nas pernas que leva à necessidade de movimentá-las, prejudicando o sono).** \n\n**Vertigem e distúrbios do equilíbrio:** náuseas, vômitos, desmaios, quedas, zumbidos e distúrbios auditivos. **Síndrome da boca ardente (sensação de queimação na parte interna da boca, sem alterações   físicas).** \n\n**2."", ""PARA QUE ESTE MEDICAMENTO É INDICADO? Adulto e pediátrico Distúrbio epiléptico** \n\n**Rivotril[®  ]** é indicado para tratar crises epilépticas e espasmos infantis (síndrome de West). \n\n## **Adulto** \n\n**Rivotril[® ]** também é indicado para: \n\n## **Transtornos de ansiedade** \n\n- Como ansiolítico em geral. \n\n- Distúrbio do pânico com ou sem medo de espaços abertos. \n\n- Fobia social (medo de situações como falar em público). \n\n## **Transtornos do humor** \n\n- Transtorno afetivo bipolar (fases de depressão e mania): tratamento da mania. \n\n- Depressão maior: associado a antidepressivos na depressão ansiosa e início do tratamento. \n\n## **Síndromes psicóticas** \n\n Acatisia (inquietação extrema, geralmente provocada por medicamentos  psiquiátricos). **Síndrome das pernas inquietas (desconforto ou dor nas pernas que leva à necessidade de movimentá-las, prejudicando o sono).** \n\n**Vertigem distúrbios do equilíbrio:** náuseas, vômitos, desmaios, quedas, zumbidos e distúrbios  auditivos. **Síndrome da boca ardente (sensação de queimação na parte interna da boca, sem alterações   físicas).** \n\n**2."", ""PARA QUE ESTE MEDICAMENTO É INDICADO? Adulto e pediátrico Distúrbio epiléptico** \n\n**Rivotril[® ]** é indicado para tratar crises epilépticas e espasmos infantis (síndrome de West). \n\n## **Adulto** \n\n**Rivotril[® ]** também é indicado para: \n\n**Transtornos de ansiedade** \n\n- Como ansiolítico em geral. \n\n- Distúrbio do pânico com ou sem medo de espaços abertos. \n\n- Fobia social (medo de situações como falar em público). \n\n## **Transtornos do humor** \n\n- Transtorno afetivo bipolar (fases de depressão e mania): tratamento da mania. \n\n- Depressão maior: associado a antidepressivos na depressão ansiosa e início do tratamento. \n\n## **Síndromes psicóticas** \n\n Acatisia (inquietação extrema, geralmente provocada por medicamentos psiquiátricos). **Síndrome das pernas inquietas (desconforto ou dor nas pernas que leva à necessidade de movimentá-las, prejudicando o sono).** \n\n**Vertigem e distúrbios do equilíbrio:** náuseas, vômitos, desmaios, quedas, zumbidos e distúrbios  auditivos. **Síndrome da boca ardente (sensação de queimação na parte interna da boca, sem alterações   físicas).** \n\n**2."", ""ima tomada.  Apenas continue com a próxima dose no tempo determinado. \n\n4 \n\n**==> picture [109 x 35] intentionally omitted <==**\n\n## **Em caso de dúvidas, procure orientação do farmacêutico, do seu médico ou   cirurgião-dentista.** \n\n## **8. QUAIS OS MALES QUE ESTE MEDICAMENTO PODE ME   CAUSAR?** \n\nAlgumas reações são transitórias e desaparecem espontaneamente no decorrer do tratamento ou com redução da dose. As reações que ocorreram em ≥ 5% dos pacientes em estudos clínicos foram: sonolência, dor de cabeça, infecção das vias aéreas superiores, cansaço, gripe, depressão, vertigem, irritabilidade, insônia, perda da coordenação de movimentos e da marcha, perda do equilíbrio, náusea, sensação de cabeça leve, sinusite e concentração prejudicada. \n\n## **Pós-comercialização:** \n\n**Distúrbios do sistema imunológico** : reações alérgicas e muito poucos casos de anafilaxia (reação alérgica grave). \n\n**Distúrbios endócrinos** : casos isolados, reversíveis, de puberdade precoce incompleta em  crianças."", ""COMO ESTE MEDICAMENTO FUNCIONA?** \n\nClonazepam pertence à classe dos benzodiazepínicos, medicamentos que causam inibição leve do sistema nervoso, com consequente ação anticonvulsivante, sedativa leve, relaxante muscular e tranquilizante. \n\nA ação de **Rivotril[® ]** oral dose única inicia em 30 a 60 minutos e se estende por 6 a 8 h em crianças e 8 a 12 h em adultos. \n\n## **3."", ""*Distúrbios respiratórios** : congestão pulmonar, congestão nasal, hipersecreção, tosse, falta de ar, bronquite, rinite, faringite. Pode ocorrer depressão respiratória. **Rivotril[® ]** pode aumentar a produção de saliva ou de secreção brônquica (secreção nas vias aéreas) em lactentes e crianças. \n\n**Distúrbios gastrintestinais** : perda do apetite, língua saburrosa, constipação, diarreia, boca seca, incontinência fecal (perda do controle da evacuação), gastrite, aumento do fígado, apetite aumentado, gengivas doloridas, dor abdominal, inflamação gastrintestinal, dor de dente. Náuseas e sintomas epigástricos (raro) (sintomas na região do estômago). \n\n5 \n\n**==> picture [109 x 35] intentionally omitted <==**\n\n**Distúrbios da pele / tecido subcutâneo** : urticária (placas avermelhadas na pele que coçam bastante), coceira, erupção cutânea, perda de cabelo transitória, crescimento anormal de pelos, inchaço na face e tornozelo, alterações da pigmentação (raro). \n\n**Distúrbios musculoesqueléticos / tecido conectivo** : fraqueza muscular, frequente e geralmente transitória. Dor muscular, dor nas costas, fratura traumática, dor na nuca, deslocamentos e tensões. \n\n**Distúrbios renais / urinários** : dificuldade para urinar, perda urinária durante o sono, noctúria (levantar para urinar à noite), retenção urinária, infecção do trato urinário. Incontinência (raro). \n\n**Distúrbios do sistema reprodutivo** : cólicas menstruais, diminuição de interesse sexual. Impotência (raro)."", ""me ao seu médico, cirurgião-dentista ou farmacêutico o aparecimento de reações indesejáveis pelo uso do medicamento. Informe também à empresa através do seu serviço de  atendimento.** \n\n## **9. O QUE FAZER SE ALGUÉM USAR UMA QUANTIDADE MAIOR DO QUE A INDICADADESTE MEDICAMENTO?** \n\n## **Sintomas** \n\nOs benzodiazepínicos geralmente causam sonolência, ataxia (perda da coordenação dos movimentos), disartria, nistagmo, confusão mental, excitação e lentidão de movimento. A superdose de **Rivotril[® ]** está raramente associada com risco de morte, caso o medicamento tenha sido tomado isoladamente, mas pode levar à arreflexia (ausência de reflexos), apneia, hipotensão arterial, depressão cardiorrespiratória e coma. Se ocorrer coma, normalmente tem duração de poucas horas; porém, pode ser prolongado e cíclico, particularmente em idosos. A depressão respiratória por benzodiazepínicos é mais séria em pacientes com doença  respiratória. \n\nOs benzodiazepínicos aumentam os efeitos de outros depressores do sistema nervoso central, incluindo o álcool. **Conduta** \n\nMonitorar sinais vitais e instituir medidas de suporte a critério médico. **Advertência** \n\nFlumazenil não é indicado a pacientes com epilepsia que foram tratados com benzodiazepínicos. \n\n**Em caso de uso de grande quantidade deste medicamento, procure rapidamente socorro médico e leve a embalagem ou bula do medicamento, se possível. Ligue para 0800 722 6001, se você precisar de mais orientações.** \n\nMS-1.1524.0011 \n\nFarmacêutico Responsável: Dr. Adriano Costa Leite – CRF-SP n° 38.716""]",0.065,68.046
naive_rag,ollama:mediphi-instruct,RIVOTRIL,dificil,"Se um paciente em uso de Rivotril consome suco de toranja e também utiliza medicamentos que agem no sistema nervoso, que efeitos potencializados a bula permite prever e quais limites de informação devem ser reconhecidos?",dificil,"A bula informa que interações com alimentos não foram estabelecidas, mas que o suco de toranja pode aumentar o efeito de Rivotril. Também orienta informar o médico sobre medicamentos que agem no sistema nervoso, como antidepressivos, medicamentos para dormir, alguns analgésicos, antipsicóticos, ansiolíticos e anticonvulsivantes, pois podem interagir com Rivotril. Com álcool ou depressores do sistema nervoso central, a combinação pode aumentar os efeitos, com sedação grave, coma ou morte e depressão cardiovascular e/ou respiratória. A bula não quantifica alteração de concentração plasmática nem descreve mecanismo farmacocinético do suco de toranja; portanto, esses detalhes não podem ser respondidos apenas pela bula.",O QUE DEVO SABER ANTES DE USAR ESTE MEDICAMENTO?,"De acordo com a bula do medicamento Rivotril, o suco de toranja pode aumentar os efeitos deste benzodiazepínico. Portanto, é recomendado monitorar cuidadosamente as reações adversas potencialmente agravadas que afetam principalmente o sistema nervoso central (sonolência, ataxia), cardiovascular (palpitações) e respiratório (depressão). A interação com outros medicamentos para a doença neurológica deve ser discutida em consulta médica.

---
*Esta resposta se baseia apenas nos trechos da bula recuperados e não substitui orientação médica ou farmacêutica. É recomendável consultar um profissional de saúde para orientação individualizada.*","De acordo com a bula do medicamento Rivotril, o suco de toranja pode aumentar os efeitos deste benzodiazepínico. Portanto, é recomendado monitorar cuidadosamente as reações adversas potencialmente agravadas que afetam principalmente o sistema nervoso central (sonolência, ataxia), cardiovascular (palpitações) e respiratório (depressão). A interação com outros medicamentos para a doença neurológica deve ser discutida em consulta médica.",TODAS (Naive),"chunk_063f6288233c, chunk_8cc0cdf740f7, chunk_eae4150205a2, chunk_622a72b37a03, chunk_d111e9aa94c7, chunk_eae4150205a2, chunk_ddd8cf00aa9e, chunk_ddd8cf00aa9e, chunk_8a2bf413efb7, chunk_ddd8cf00aa9e, chunk_a2180c9f13ba, chunk_4569774ff1a4, chunk_d77c1f8474ad, chunk_d77c1f8474ad, chunk_d77c1f8474ad","[""utilizada em idosos. Deve-se ter especial cuidado durante as alterações na dose. \n\n**Comprometimento do fígado:** pacientes com comprometimento do fígado grave não devem ser tratados com clonazepam e pacientes com comprometimento hepático leve a moderado devem receber a dose mais baixa possível. \n\n## **Instruções especiais de administração** \n\n**Rivotril[® ]** pode ser usado com outros antiepilépticos. Nesse caso, seu médico ajustará a dose de cada medicamento para atingir o efeito ideal. \n\nNão pare de tomar **Rivotril[® ]** subitamente, você pode ter novas crises epilépticas. Somente seu médico poderá orientar a interrupção do tratamento reduzindo gradualmente a dose utilizada. \n\n**Siga a orientação de seu médico, respeitando sempre os horários, as doses e a duração do tratamento. Não interrompa o tratamento sem o conhecimento do seu médico.** \n\n**7. O QUE DEVO FAZER QUANDO EU ME ESQUECER DE USAR ESTE   MEDICAMENTO?** Nunca dobre a dose na próxima tomada.  Apenas continue com a próxima dose no tempo determinado. \n\n4 \n\n**==> picture [109 x 35] intentionally omitted <==**\n\n## **Em caso de dúvidas, procure orientação do farmacêutico, do seu médico ou   cirurgião-dentista.** \n\n## **8. QUAIS OS MALES QUE ESTE MEDICAMENTO PODE ME   CAUSAR?**"", ""ísico sensações anormais formigamentos, alucinações. O risco dos sintomas de abstinência é maior após descontinuação súbita do tratamento, portanto a retirada brusca do medicamento deve ser evitada. O tratamento (mesmo de curta duração) deve ser interrompido pela redução gradativa da dose diária. \n\n## **Efeitos sobre a capacidade de dirigir e operar  máquinas** \n\nClonazepam pode lentificar as reações, efeito agravado com o uso de álcool. \n\n**Durante o tratamento, o paciente não deve dirigir veículos ou operar máquinas, pois sua habilidade e atenção podem estar prejudicadas.** \n\nAté o momento, não há informações de que **Rivotril[® ]** cause _doping_ . Em caso de dúvidas, consulte o seu médico. \n\n## **Gravidez e amamentação** \n\n## **Este medicamento não deve ser utilizado por mulheres grávidas sem orientação médica ou do cirurgiãodentista.** \n\n**Rivotril[® ]** só deve ser administrado a gestantes se houver indicação absoluta e os benefícios potenciais  superarem os riscos para o feto. **Rivotril[® ]** pode prejudicar seu bebê. Informe seu médico se estiver grávida ou se está tentando engravidar. O uso de altas doses no último trimestre da gestação ou no trabalho de parto pode causar irregularidades no batimento cardíaco do feto e baixa temperatura corpórea, falta de tônus muscular, depressão respiratória e \n\ndificuldade de sucção no bebê. Tanto a gestação quanto a suspensão de **Rivotril[® ]** podem exacerbar  a epilepsia. Informe seu médico se estiver amamentando. Se você realmente precisar tomar **Rivotril[®]** , a amamentação deve ser descontinuada. \n\n2"", ""sintomas de abstinência é maior após descontinuação súbita do tratamento, portanto a retirada brusca do medicamento deve ser evitada. O tratamento (mesmo de curta duração) deve ser interrompido pela redução gradativa da dose diária. \n\n## **Efeitos sobre a capacidade de dirigir e operar  máquinas** \n\nClonazepam pode lentificar as reações, efeito agravado com o uso de álcool. \n\n## **Durante o tratamento, o paciente não deve dirigir veículos ou operar máquinas, pois sua habilidade e atenção podem estar prejudicadas.** \n\nAté o momento, não há informações de que **Rivotril[® ]** cause _doping_ . Em caso de dúvidas, consulte o seu médico. \n\n## **Gravidez e amamentação** \n\n## **Este medicamento não deve ser utilizado por mulheres grávidas sem orientação médica ou do cirurgiãodentista.** \n\n**Rivotril[® ]** só deve ser administrado a gestantes se houver indicação absoluta e se os benefícios potenciais \n\nsuperarem os riscos para o feto. **Rivotril[® ]** pode prejudicar seu bebê. Informe seu médico se estiver grávida ou se está tentando engravidar. O uso de altas doses no último trimestre da gestação ou no trabalho de parto pode causar irregularidades no batimento cardíaco do feto e baixa temperatura corpórea, falta de tônus muscular, \n\n2 \n\n**==> picture [109 x 35] intentionally omitted <==**\n\ndepressão respiratória e dificuldade de sucção no bebê. Tanto a gestação quanto a suspensão de **Rivotril[® ]** podem exacerbar a epilepsia. \n\nInforme seu médico se estiver amamentando. Se você realmente precisar tomar **Rivotril[®]** , a amamentação deve ser descontinuada."", ""cantes que o diferenciem de outros comprimidos. \n\n**Antes de usar, observe o aspecto do medicamento. Caso ele esteja no prazo de validade e você observe alguma mudança no aspecto, consulte o farmacêutico para saber se poderá  utilizá-lo.** \n\n3 \n\n**==> picture [109 x 35] intentionally omitted <==**\n\n## **Todo medicamento deve ser mantido fora do alcance das  crianças.** \n\n## **6. COMO DEVO USAR ESTE  MEDICAMENTO?** \n\nTome os comprimidos por via oral com pouca quantidade de líquido não alcoólico. A dose de **Rivotril[® ]** depende da doença, da resposta clínica, idade e tolerabilidade. \n\nRecomenda-se que o tratamento inicie com doses mais baixas, que podem ser aumentadas se necessário. Siga a orientação médica. \n\n## **Distúrbios epilépticos** \n\n## Adultos \n\nDose inicial: não exceder 1,5 mg/dia, dividida em 3 doses. Aumentar a critério médico. Dose de manutenção: será definida pelo seu médico, de acordo com sua resposta. \n\nDose diária máxima recomendada: 20 mg. \n\nSe você já usa outro anticonvulsivante, avise seu médico. \n\nRecém-nascidos e crianças até 10 anos de idade ou 30 kg de peso \n\nDose inicial média: 0,01 a 0,03 mg/kg/dia. Não exceder 0,05 mg/kg/dia, dividido em 2 ou 3 doses  diárias. \n\nCrianças entre 10 e 16 anos de idade: Dose inicial: 1 a 1,5 mg/dia, dividido em 2 a 3 doses. A dose pode ser aumentada, a critério médico, até atingir a dose de manutenção individual, usualmente de 3 a 6  mg/dia. Sempre que possível, dividir a dose diária em 3 doses iguais. Caso não seja possível, a maior dose deve ser tomada antes de deitar. \n\n## **Transtornos de ansiedade**"", ""COMO ESTE MEDICAMENTO FUNCIONA?** \n\nClonazepam pertence à classe dos benzodiazepínicos, medicamentos que causam inibição leve do sistema nervoso, com consequente ação anticonvulsivante, sedativa leve, relaxante muscular e tranquilizante. \n\nA ação de **Rivotril[® ]** oral dose única inicia em 30 a 60 minutos e se estende por 6 a 8 h em crianças e 8 a 12 h em adultos. \n\n## **3."", ""intomas de abstinência é maior após descontinuação súbita do tratamento, portanto a retirada brusca do medicamento deve ser evitada. O tratamento (mesmo de curta duração) deve ser interrompido pela redução gradativa da dose diária. \n\n## **Efeitos sobre a capacidade de dirigir e operar  máquinas** \n\nClonazepam pode lentificar as reações, efeito agravado com o uso de álcool. \n\n**Durante o tratamento, o paciente não deve dirigir veículos ou operar máquinas, pois sua habilidade e atenção podem estar prejudicadas.** \n\nAté o momento, não há informações de que **Rivotril[®  ]** cause _doping_ . Em caso de dúvidas, consulte o seu  médico. \n\n## **Gravidez e amamentação** \n\n2 \n\n**==> picture [109 x 35] intentionally omitted <==**\n\n## **Este medicamento não deve ser utilizado por mulheres grávidas sem orientação médica ou do cirurgiãodentista.** \n\n**Rivotril[® ]** só deve ser administrado a gestantes se houver indicação absoluta e se os benefícios  potenciais \n\nsuperarem os riscos para o feto. **Rivotril[® ]** pode prejudicar seu bebê. Informe seu médico se estiver grávida ou se está tentando engravidar. O uso de altas doses no último trimestre da gestação ou no trabalho de parto pode  causar irregularidades no batimento cardíaco do feto e baixa temperatura corpórea, falta de tônus muscular, depressão respiratória e dificuldade de sucção no bebê. Tanto a gestação quanto a suspensão de **Rivotril**[® ] podem exacerbar a epilepsia. \n\nInforme seu médico se estiver amamentando. Se você realmente precisar tomar **Rivotril[®]** , a amamentação deve ser descontinuada."", ""O QUE FAZER SE ALGUÉM USAR UMA QUANTIDADE MAIOR DO QUE A INDICADA DESTE MEDICAMENTO? Sintomas** \n\nOs benzodiazepínicos geralmente causam sonolência, ataxia (perda da coordenação dos movimentos), disartria, nistagmo, confusão mental, excitação e lentidão de movimento. A superdose de **Rivotril[® ]** está raramente associada com risco de morte, caso o medicamento tenha sido tomado isoladamente, mas pode levar à arreflexia (ausência de reflexos), apneia, hipotensão arterial, depressão cardiorrespiratória e coma. Se ocorrer coma, normalmente tem duração de poucas horas; porém, pode ser prolongado e cíclico, particularmente em idosos. A depressão respiratória por benzodiazepínicos é mais séria em pacientes com doença respiratória. \n\nOs benzodiazepínicos aumentam os efeitos de outros depressores do sistema nervoso central, incluindo o álcool. **Conduta** \n\nMonitorar os sinais vitais e instituir medidas de suporte a critério médico. **Advertência** \n\nFlumazenil não é indicado a pacientes com epilepsia que foram tratados com benzodiazepínicos. \n\n**Em caso de uso de grande quantidade deste medicamento, procure rapidamente socorro médico e leve a embalagem ou bula do medicamento, se possível. Ligue para 0800 722 6001, se você precisar de mais orientações.** \n\nMS-1.1524.0011 \n\nFarmacêutico Responsável: Dr. Adriano Costa Leite – CRF-SP n° 38.716 \n\nRegistrado por: Blanver Farmoquímica e Farmacêutica S.A. Rua Francisco Tramontano, 101 -Sala 507 Real Parque – CEP 05686-010 – São Paulo – SP CNPJ 53.359.824/0001-19"", ""O QUE FAZER SE ALGUÉM USAR UMA QUANTIDADE MAIOR DO QUE A INDICADA DESTE MEDICAMENTO? Sintomas** \n\nOs benzodiazepínicos geralmente causam sonolência, ataxia (perda da coordenação dos movimentos), disartria, nistagmo, confusão mental, excitação e lentidão de movimento. A superdose de **Rivotril[® ]** está raramente associada com risco de morte, caso o medicamento tenha sido tomado isoladamente, mas pode levar à arreflexia (ausência de reflexos), apneia, hipotensão arterial, depressão cardiorrespiratória e coma. Se ocorrer coma, normalmente tem duração de poucas horas; porém, pode ser prolongado e cíclico, particularmente em idosos. A depressão respiratória por benzodiazepínicos é mais séria em pacientes com doença respiratória. \n\nOs benzodiazepínicos aumentam os efeitos de outros depressores do sistema nervoso central, incluindo o álcool. **Conduta** \n\nMonitorar sinais vitais e instituir medidas de suporte a critério médico. **Advertência** \n\nFlumazenil não é indicado a pacientes com epilepsia que foram tratados com benzodiazepínicos. \n\n**Em caso de uso de grande quantidade deste medicamento, procure rapidamente socorro médico e leve a embalagem ou bula do medicamento, se possível. Ligue para 0800 722 6001, se você precisar de mais orientações.** \n\nMS-1.1524.0011 \n\nFarmacêutico Responsável: Dr. Adriano Costa Leite – CRF-SP n° 38.716 \n\nRegistrado por: Blanver Farmoquímica e Farmacêutica S.A. Rua Francisco Tramontano, 101 -Sala 507 Real Parque – CEP 05686-010 – São Paulo – SP CNPJ 53.359.824/0001-19"", ""ntes; \n\n**-** Medicamentos para o estômago. \n\n## **Interações fármaco-alimento** \n\nInterações com alimentos não foram estabelecidas. O suco de toranja pode aumentar o efeito de **Rivotril[®]** . \n\n## **Interações fármaco-laboratório** \n\nInterações com testes laboratoriais não foram estabelecidas. \n\n**Informe ao seu médico ou cirurgião-dentista se você está fazendo uso de algum outro medicamento. Não use medicamento sem o conhecimento do seu médico. Pode ser perigoso para a sua saúde.** \n\n## **5."", ""me ao seu médico, cirurgião-dentista ou farmacêutico o aparecimento de reações indesejáveis pelo uso do medicamento. Informe também à empresa através do seu serviço de  atendimento.** \n\n## **9. O QUE FAZER SE ALGUÉM USAR UMA QUANTIDADE MAIOR DO QUE A INDICADADESTE MEDICAMENTO?** \n\n## **Sintomas** \n\nOs benzodiazepínicos geralmente causam sonolência, ataxia (perda da coordenação dos movimentos), disartria, nistagmo, confusão mental, excitação e lentidão de movimento. A superdose de **Rivotril[® ]** está raramente associada com risco de morte, caso o medicamento tenha sido tomado isoladamente, mas pode levar à arreflexia (ausência de reflexos), apneia, hipotensão arterial, depressão cardiorrespiratória e coma. Se ocorrer coma, normalmente tem duração de poucas horas; porém, pode ser prolongado e cíclico, particularmente em idosos. A depressão respiratória por benzodiazepínicos é mais séria em pacientes com doença  respiratória. \n\nOs benzodiazepínicos aumentam os efeitos de outros depressores do sistema nervoso central, incluindo o álcool. **Conduta** \n\nMonitorar sinais vitais e instituir medidas de suporte a critério médico. **Advertência** \n\nFlumazenil não é indicado a pacientes com epilepsia que foram tratados com benzodiazepínicos. \n\n**Em caso de uso de grande quantidade deste medicamento, procure rapidamente socorro médico e leve a embalagem ou bula do medicamento, se possível. Ligue para 0800 722 6001, se você precisar de mais orientações.** \n\nMS-1.1524.0011 \n\nFarmacêutico Responsável: Dr. Adriano Costa Leite – CRF-SP n° 38.716"", ""ima tomada.  Apenas continue com a próxima dose no tempo determinado. \n\n4 \n\n**==> picture [109 x 35] intentionally omitted <==**\n\n## **Em caso de dúvidas, procure orientação do farmacêutico, do seu médico ou   cirurgião-dentista.** \n\n## **8. QUAIS OS MALES QUE ESTE MEDICAMENTO PODE ME   CAUSAR?** \n\nAlgumas reações são transitórias e desaparecem espontaneamente no decorrer do tratamento ou com redução da dose. As reações que ocorreram em ≥ 5% dos pacientes em estudos clínicos foram: sonolência, dor de cabeça, infecção das vias aéreas superiores, cansaço, gripe, depressão, vertigem, irritabilidade, insônia, perda da coordenação de movimentos e da marcha, perda do equilíbrio, náusea, sensação de cabeça leve, sinusite e concentração prejudicada. \n\n## **Pós-comercialização:** \n\n**Distúrbios do sistema imunológico** : reações alérgicas e muito poucos casos de anafilaxia (reação alérgica grave). \n\n**Distúrbios endócrinos** : casos isolados, reversíveis, de puberdade precoce incompleta em  crianças."", ""COMO ESTE MEDICAMENTO FUNCIONA?** Clonazepam pertence à classe dos benzodiazepínicos, medicamentos que causam inibição leve do sistema nervoso, com consequente ação anticonvulsivante, sedativa leve, relaxante muscular e tranquilizante. \n\nA ação de **Rivotril[® ]** oral dose única inicia em 30 a 60 minutos e se estende por 6 à 8 h em crianças e 8 a 12 h em adultos. \n\n1 \n\n**==> picture [109 x 35] intentionally omitted <==**\n\n## **3."", ""o, hostilidade, ansiedade, distúrbios do sono, delírio, raiva, pesadelos, sonhos anormais, alucinações, psicose, hiperatividade, comportamento inapropriado e outros efeitos comportamentais. Alterações da libido (casos raros). Dependência e retirada, vide item “Abuso e dependência do medicamento”. \n\n**Distúrbios do sistema nervoso** : diminuição da concentração, sonolência, lentificação, hipotonia muscular, tonturas, ataxia são frequentes e geralmente transitórias. Dor de cabeça (raro). Distúrbios reversíveis: dificuldade para articular a fala, incoordenação de movimentos e da marcha, movimento anormal dos olhos. Pode haver esquecimento de fatos recentes, associado a alteração de comportamento. Pode haver aumento das crises convulsivas em determinadas formas de epilepsia. Perda da voz, movimento grosseiros e descoordenados de braços e pernas, coma, tremor, perda de força de um lado do corpo, sensação de cabeça leve, falta de energia e formigamento e alteração da sensibilidade nas extremidades. \n\n**Distúrbios oculares** : visão dupla reversível, aparência de “olho vítreo”. \n\n**Distúrbios cardiovasculares** : palpitações, dor torácica, insuficiência cardíaca (incluindo parada  cardíaca). \n\n**Distúrbios respiratórios** : congestão pulmonar, congestão nasal, hipersecreção, tosse, falta de ar, bronquite, rinite, faringite. Pode ocorrer depressão respiratória. **Rivotril[® ]** pode aumentar a produção de saliva ou de secreção brônquica (secreção nas vias aéreas) em lactentes e crianças."", ""o, hostilidade, ansiedade, distúrbios do sono, delírio, raiva, pesadelos, sonhos anormais, alucinações, psicose, hiperatividade, comportamento inapropriado e outros efeitos comportamentais. Alterações da libido (casos raros). Dependência e retirada, vide item “Abuso e dependência do medicamento”. \n\n**Distúrbios do sistema nervoso** : diminuição da concentração, sonolência, lentificação, hipotonia muscular, tonturas, ataxia são frequentes e geralmente transitórias. Dor de cabeça (raro). Distúrbios reversíveis: dificuldade para articular a fala, incoordenação de movimentos e da marcha, movimento anormal dos olhos. Pode haver esquecimento de fatos recentes, associado à alteração de comportamento. Pode haver aumento das crises convulsivas em determinadas formas de epilepsia. Perda da voz, movimentos grosseiros e descoordenados de braços e pernas, coma, tremor, perda de força de um lado do corpo, sensação de cabeça leve, falta de energia e formigamento, alteração da sensibilidade nas extremidades. \n\n**Distúrbios oculares** : visão dupla reversível, aparência de “olho vítreo”. \n\n**Distúrbios cardiovasculares** : palpitações, dor torácica, insuficiência cardíaca (incluindo parada  cardíaca). \n\n**Distúrbios respiratórios** : congestão pulmonar, congestão nasal, hipersecreção, tosse, falta de ar, bronquite, rinite, faringite. Pode ocorrer depressão respiratória. **Rivotril[® ]** pode aumentar a produção de saliva ou secreção brônquica (secreção nas vias aéreas) em lactentes e  crianças."", ""o, hostilidade, ansiedade, distúrbios do sono, delírio, raiva, pesadelos, sonhos anormais, alucinações, psicose, hiperatividade, comportamento inapropriado e outros efeitos comportamentais. Alterações da libido (casos raros). Dependência e retirada, vide item “Abuso e dependência do medicamento”. \n\n**Distúrbios do sistema nervoso** : diminuição da concentração, sonolência, lentificação, hipotonia muscular, tonturas, ataxia são frequentes e geralmente transitórias. Dor de cabeça (raro). Distúrbios reversíveis: dificuldade para articular a fala, incoordenação de movimentos e da marcha, movimento anormal dos olhos. Pode haver esquecimento de fatos recentes, associado a alteração de comportamento. Pode haver aumento das crises convulsivas em determinadas formas de epilepsia. Perda da voz, movimentos grosseiros e descoordenados de braços e pernas, coma, tremor, perda de força de um lado do corpo, sensação de cabeça leve, falta de energia e formigamento e alteração da sensibilidade nas extremidades. \n\n**Distúrbios oculares** : visão dupla reversível, aparência de “olho vítreo”. \n\n**Distúrbios cardiovasculares** : palpitações, dor torácica, insuficiência cardíaca (incluindo parada  cardíaca). \n\n**Distúrbios respiratórios** : congestão pulmonar, congestão nasal, hipersecreção, tosse, falta de ar, bronquite, rinite, faringite. Pode ocorrer depressão respiratória. **Rivotril[® ]** pode aumentar a produção de saliva ou de secreção brônquica (secreção nas vias aéreas) em lactentes e crianças.""]",0.076,55.563
naive_rag,ollama:mediphi-instruct,RIVOTRIL,dificil,"Quais precauções devem ser adotadas antes de iniciar Rivotril em pacientes com depressão, tentativa de suicídio prévia ou risco de alterações comportamentais, e quais eventos psiquiátricos da bula fundamentam essa cautela?",dificil,"Antes de tomar Rivotril, o paciente deve informar o médico se tem ou teve sinais ou sintomas de depressão e/ou tentativa de suicídio. A cautela se fundamenta nos eventos psiquiátricos relatados na bula, como amnésia, alucinações, psicose, tentativa de suicídio, ideias suicidas, distúrbios emocionais e de humor, estado confusional e desorientação. A bula também descreve reações paradoxais como inquietação, agitação, irritabilidade, agressividade, ansiedade, distúrbios do sono, delírio, raiva, pesadelos, alucinações, psicose, hiperatividade e comportamento inapropriado, e informa que depressão pode estar associada à doença de base.",O QUE DEVO SABER ANTES DE USAR ESTE MEDICAMENTO? / QUAIS OS MALES QUE ESTE MEDICAMENTO PODE ME CAUSAR?,"De acordo com a bula consultada do medicamento Rivotril[® ], os pacientes que apresentem depressão, tentativa prévia ou risco de alterações comportamentais devem ser monitorados cuidadosamente. O uso deste medicamento pode levar às seguintes reações psiquiátricas: amnésia, histeria, psicose e ideias suicidas entre outras que exigem atenção especial do profissional de saúde para ajustar o tratamento conforme necessário. A bula recomenda evitar descontinuações bruscas da medicação sem orientação médica adequada, pois isso pode agravar os sintomas psiquiátricos ou causar efeitos adversos graves como alucinações psicóticas.

---
*Esta resposta se baseia apenas nos trechos da bula recuperados e não substitui orientação médica ou farmacêutica.*","De acordo com a bula consultada do medicamento Rivotril[® ], os pacientes que apresentem depressão, tentativa prévia ou risco de alterações comportamentais devem ser monitorados cuidadosamente. O uso deste medicamento pode levar às seguintes reações psiquiátricas: amnésia, histeria, psicose e ideias suicidas entre outras que exigem atenção especial do profissional de saúde para ajustar o tratamento conforme necessário. A bula recomenda evitar descontinuações bruscas da medicação sem orientação médica adequada, pois isso pode agravar os sintomas psiquiátricos ou causar efeitos adversos graves como alucinações psicóticas.",TODAS (Naive),"chunk_7d57d737a19d, chunk_3fede5899876, chunk_3fede5899876, chunk_3fede5899876, chunk_7d57d737a19d, chunk_7d57d737a19d, chunk_ddd8cf00aa9e, chunk_ddd8cf00aa9e, chunk_d77c1f8474ad, chunk_d77c1f8474ad, chunk_d77c1f8474ad, chunk_eae4150205a2, chunk_8cc0cdf740f7, chunk_063f6288233c, chunk_eae4150205a2","[""o de cabeça leve, sinusite e concentração prejudicada. \n\n## **Pós-comercialização:** \n\n**Distúrbios do sistema imunológico** : reações alérgicas e muito poucos casos de anafilaxia (reação alérgica grave). \n\n**Distúrbios endócrinos** : casos isolados, reversíveis, de puberdade precoce  incompleta. \n\n**Distúrbios psiquiátricos** : amnésia, alucinações, histeria, psicose, tentativa de suicídio, despersonalização, distúrbio de memória, desinibição orgânica, ideias suicidas, lamentações, distúrbios emocionais e de humor, estado confusional e desorientação. Depressão pode estar associada à doença de base. Reações paradoxais: inquietação, agitação, irritabilidade, agressividade, nervosismo, hostilidade, ansiedade, distúrbios do sono, delírio, raiva, pesadelos, sonhos anormais, alucinações, psicose, hiperatividade, comportamento inapropriado e outros efeitos comportamentais. Alterações da libido (casos raros). Dependência e retirada, vide item “Abuso e dependência do medicamento”."", ""PARA QUE ESTE MEDICAMENTO É INDICADO? Adulto e pediátrico Distúrbio epiléptico** \n\n**Rivotril[® ]** é indicado para tratar crises epilépticas e espasmos infantis (síndrome de West). \n\n## **Adulto** \n\n**Rivotril[® ]** também é indicado para: \n\n**Transtornos de ansiedade** \n\n- Como ansiolítico em geral. \n\n- Distúrbio do pânico com ou sem medo de espaços abertos. \n\n- Fobia social (medo de situações como falar em público). \n\n## **Transtornos do humor** \n\n- Transtorno afetivo bipolar (fases de depressão e mania): tratamento da mania. \n\n- Depressão maior: associado a antidepressivos na depressão ansiosa e início do tratamento. \n\n## **Síndromes psicóticas** \n\n Acatisia (inquietação extrema, geralmente provocada por medicamentos psiquiátricos). **Síndrome das pernas inquietas (desconforto ou dor nas pernas que leva à necessidade de movimentá-las, prejudicando o sono).** \n\n**Vertigem e distúrbios do equilíbrio:** náuseas, vômitos, desmaios, quedas, zumbidos e distúrbios  auditivos. **Síndrome da boca ardente (sensação de queimação na parte interna da boca, sem alterações   físicas).** \n\n**2."", ""PARA QUE ESTE MEDICAMENTO É INDICADO? Adulto e pediátrico Distúrbio epiléptico** \n\n**Rivotril[® ]** é indicado para tratar crises epilépticas e espasmos infantis (síndrome de West). \n\n## **Adulto** \n\n**Rivotril[® ]** também é indicado para: \n\n## **Transtornos de ansiedade** \n\n- Como ansiolítico em geral. \n\n- Distúrbio do pânico com ou sem medo de espaços abertos. \n\n- Fobia social (medo de situações como falar em público). \n\n## **Transtornos do humor** \n\n- Transtorno afetivo bipolar (fases de depressão e mania): tratamento da mania. \n\n- Depressão maior: associado à antidepressivos na depressão ansiosa e início do tratamento. \n\n## **Síndromes psicóticas** \n\n Acatisia (inquietação extrema, geralmente provocada por medicamentos psiquiátricos). **Síndrome das pernas inquietas (desconforto ou dor nas pernas que leva à necessidade de movimentá-las, prejudicando o sono).** \n\n**Vertigem e distúrbios do equilíbrio:** náuseas, vômitos, desmaios, quedas, zumbidos e distúrbios auditivos. **Síndrome da boca ardente (sensação de queimação na parte interna da boca, sem alterações   físicas).** \n\n**2."", ""PARA QUE ESTE MEDICAMENTO É INDICADO? Adulto e pediátrico Distúrbio epiléptico** \n\n**Rivotril[®  ]** é indicado para tratar crises epilépticas e espasmos infantis (síndrome de West). \n\n## **Adulto** \n\n**Rivotril[® ]** também é indicado para: \n\n## **Transtornos de ansiedade** \n\n- Como ansiolítico em geral. \n\n- Distúrbio do pânico com ou sem medo de espaços abertos. \n\n- Fobia social (medo de situações como falar em público). \n\n## **Transtornos do humor** \n\n- Transtorno afetivo bipolar (fases de depressão e mania): tratamento da mania. \n\n- Depressão maior: associado a antidepressivos na depressão ansiosa e início do tratamento. \n\n## **Síndromes psicóticas** \n\n Acatisia (inquietação extrema, geralmente provocada por medicamentos  psiquiátricos). **Síndrome das pernas inquietas (desconforto ou dor nas pernas que leva à necessidade de movimentá-las, prejudicando o sono).** \n\n**Vertigem distúrbios do equilíbrio:** náuseas, vômitos, desmaios, quedas, zumbidos e distúrbios  auditivos. **Síndrome da boca ardente (sensação de queimação na parte interna da boca, sem alterações   físicas).** \n\n**2."", ""leve, sinusite e concentração prejudicada. \n\n## **Pós-comercialização:** \n\n**Distúrbios do sistema imunológico** : reações alérgicas e muito poucos casos de anafilaxia (reação alérgica grave). \n\n**Distúrbios endócrinos** : casos isolados, reversíveis, de puberdade precoce incompleta em crianças. \n\n**Distúrbios psiquiátricos** : amnésia, alucinações, histeria, psicose, tentativa de suicídio, despersonalização, distúrbio de memória, desinibição orgânica, ideias suicidas, lamentações, distúrbios emocionais e de humor, estado confusional e desorientação. Depressão pode estar associada à doença de base. Reações paradoxais: inquietação, agitação, irritabilidade, agressividade, nervosismo, hostilidade, ansiedade, distúrbios do sono, delírio, raiva, pesadelos, sonhos anormais, alucinações, psicose, hiperatividade, comportamento inapropriado e outros efeitos comportamentais. Alterações da libido (casos raros). Dependência e retirada, vide item “Abuso e dependência do medicamento”."", ""leve, sinusite e concentração prejudicada. \n\n## **Pós-comercialização:** \n\n**Distúrbios do sistema imunológico** : reações alérgicas e muito poucos casos de anafilaxia (reação alérgica grave). \n\n**Distúrbios endócrinos** : casos isolados, reversíveis, de puberdade precoce incompleta em  crianças. \n\n**Distúrbios psiquiátricos** : amnésia, alucinações, histeria, psicose, tentativa de suicídio, despersonalização, distúrbio de memória, desinibição orgânica, ideias suicidas, lamentações, distúrbios emocionais e de humor, estado confusional e desorientação. Depressão pode estar associada à doença de base. Reações paradoxais: inquietação, agitação, irritabilidade, agressividade, nervosismo, hostilidade, ansiedade, distúrbios do sono, delírio, raiva, pesadelos, sonhos anormais, alucinações, psicose, hiperatividade, comportamento inapropriado e outros efeitos comportamentais. Alterações da libido (casos raros). Dependência e retirada, vide item “Abuso e dependência do medicamento”."", ""O QUE FAZER SE ALGUÉM USAR UMA QUANTIDADE MAIOR DO QUE A INDICADA DESTE MEDICAMENTO? Sintomas** \n\nOs benzodiazepínicos geralmente causam sonolência, ataxia (perda da coordenação dos movimentos), disartria, nistagmo, confusão mental, excitação e lentidão de movimento. A superdose de **Rivotril[® ]** está raramente associada com risco de morte, caso o medicamento tenha sido tomado isoladamente, mas pode levar à arreflexia (ausência de reflexos), apneia, hipotensão arterial, depressão cardiorrespiratória e coma. Se ocorrer coma, normalmente tem duração de poucas horas; porém, pode ser prolongado e cíclico, particularmente em idosos. A depressão respiratória por benzodiazepínicos é mais séria em pacientes com doença respiratória. \n\nOs benzodiazepínicos aumentam os efeitos de outros depressores do sistema nervoso central, incluindo o álcool. **Conduta** \n\nMonitorar os sinais vitais e instituir medidas de suporte a critério médico. **Advertência** \n\nFlumazenil não é indicado a pacientes com epilepsia que foram tratados com benzodiazepínicos. \n\n**Em caso de uso de grande quantidade deste medicamento, procure rapidamente socorro médico e leve a embalagem ou bula do medicamento, se possível. Ligue para 0800 722 6001, se você precisar de mais orientações.** \n\nMS-1.1524.0011 \n\nFarmacêutico Responsável: Dr. Adriano Costa Leite – CRF-SP n° 38.716 \n\nRegistrado por: Blanver Farmoquímica e Farmacêutica S.A. Rua Francisco Tramontano, 101 -Sala 507 Real Parque – CEP 05686-010 – São Paulo – SP CNPJ 53.359.824/0001-19"", ""O QUE FAZER SE ALGUÉM USAR UMA QUANTIDADE MAIOR DO QUE A INDICADA DESTE MEDICAMENTO? Sintomas** \n\nOs benzodiazepínicos geralmente causam sonolência, ataxia (perda da coordenação dos movimentos), disartria, nistagmo, confusão mental, excitação e lentidão de movimento. A superdose de **Rivotril[® ]** está raramente associada com risco de morte, caso o medicamento tenha sido tomado isoladamente, mas pode levar à arreflexia (ausência de reflexos), apneia, hipotensão arterial, depressão cardiorrespiratória e coma. Se ocorrer coma, normalmente tem duração de poucas horas; porém, pode ser prolongado e cíclico, particularmente em idosos. A depressão respiratória por benzodiazepínicos é mais séria em pacientes com doença respiratória. \n\nOs benzodiazepínicos aumentam os efeitos de outros depressores do sistema nervoso central, incluindo o álcool. **Conduta** \n\nMonitorar sinais vitais e instituir medidas de suporte a critério médico. **Advertência** \n\nFlumazenil não é indicado a pacientes com epilepsia que foram tratados com benzodiazepínicos. \n\n**Em caso de uso de grande quantidade deste medicamento, procure rapidamente socorro médico e leve a embalagem ou bula do medicamento, se possível. Ligue para 0800 722 6001, se você precisar de mais orientações.** \n\nMS-1.1524.0011 \n\nFarmacêutico Responsável: Dr. Adriano Costa Leite – CRF-SP n° 38.716 \n\nRegistrado por: Blanver Farmoquímica e Farmacêutica S.A. Rua Francisco Tramontano, 101 -Sala 507 Real Parque – CEP 05686-010 – São Paulo – SP CNPJ 53.359.824/0001-19"", ""o, hostilidade, ansiedade, distúrbios do sono, delírio, raiva, pesadelos, sonhos anormais, alucinações, psicose, hiperatividade, comportamento inapropriado e outros efeitos comportamentais. Alterações da libido (casos raros). Dependência e retirada, vide item “Abuso e dependência do medicamento”. \n\n**Distúrbios do sistema nervoso** : diminuição da concentração, sonolência, lentificação, hipotonia muscular, tonturas, ataxia são frequentes e geralmente transitórias. Dor de cabeça (raro). Distúrbios reversíveis: dificuldade para articular a fala, incoordenação de movimentos e da marcha, movimento anormal dos olhos. Pode haver esquecimento de fatos recentes, associado a alteração de comportamento. Pode haver aumento das crises convulsivas em determinadas formas de epilepsia. Perda da voz, movimento grosseiros e descoordenados de braços e pernas, coma, tremor, perda de força de um lado do corpo, sensação de cabeça leve, falta de energia e formigamento e alteração da sensibilidade nas extremidades. \n\n**Distúrbios oculares** : visão dupla reversível, aparência de “olho vítreo”. \n\n**Distúrbios cardiovasculares** : palpitações, dor torácica, insuficiência cardíaca (incluindo parada  cardíaca). \n\n**Distúrbios respiratórios** : congestão pulmonar, congestão nasal, hipersecreção, tosse, falta de ar, bronquite, rinite, faringite. Pode ocorrer depressão respiratória. **Rivotril[® ]** pode aumentar a produção de saliva ou de secreção brônquica (secreção nas vias aéreas) em lactentes e crianças."", ""o, hostilidade, ansiedade, distúrbios do sono, delírio, raiva, pesadelos, sonhos anormais, alucinações, psicose, hiperatividade, comportamento inapropriado e outros efeitos comportamentais. Alterações da libido (casos raros). Dependência e retirada, vide item “Abuso e dependência do medicamento”. \n\n**Distúrbios do sistema nervoso** : diminuição da concentração, sonolência, lentificação, hipotonia muscular, tonturas, ataxia são frequentes e geralmente transitórias. Dor de cabeça (raro). Distúrbios reversíveis: dificuldade para articular a fala, incoordenação de movimentos e da marcha, movimento anormal dos olhos. Pode haver esquecimento de fatos recentes, associado à alteração de comportamento. Pode haver aumento das crises convulsivas em determinadas formas de epilepsia. Perda da voz, movimentos grosseiros e descoordenados de braços e pernas, coma, tremor, perda de força de um lado do corpo, sensação de cabeça leve, falta de energia e formigamento, alteração da sensibilidade nas extremidades. \n\n**Distúrbios oculares** : visão dupla reversível, aparência de “olho vítreo”. \n\n**Distúrbios cardiovasculares** : palpitações, dor torácica, insuficiência cardíaca (incluindo parada  cardíaca). \n\n**Distúrbios respiratórios** : congestão pulmonar, congestão nasal, hipersecreção, tosse, falta de ar, bronquite, rinite, faringite. Pode ocorrer depressão respiratória. **Rivotril[® ]** pode aumentar a produção de saliva ou secreção brônquica (secreção nas vias aéreas) em lactentes e  crianças."", ""o, hostilidade, ansiedade, distúrbios do sono, delírio, raiva, pesadelos, sonhos anormais, alucinações, psicose, hiperatividade, comportamento inapropriado e outros efeitos comportamentais. Alterações da libido (casos raros). Dependência e retirada, vide item “Abuso e dependência do medicamento”. \n\n**Distúrbios do sistema nervoso** : diminuição da concentração, sonolência, lentificação, hipotonia muscular, tonturas, ataxia são frequentes e geralmente transitórias. Dor de cabeça (raro). Distúrbios reversíveis: dificuldade para articular a fala, incoordenação de movimentos e da marcha, movimento anormal dos olhos. Pode haver esquecimento de fatos recentes, associado a alteração de comportamento. Pode haver aumento das crises convulsivas em determinadas formas de epilepsia. Perda da voz, movimentos grosseiros e descoordenados de braços e pernas, coma, tremor, perda de força de um lado do corpo, sensação de cabeça leve, falta de energia e formigamento e alteração da sensibilidade nas extremidades. \n\n**Distúrbios oculares** : visão dupla reversível, aparência de “olho vítreo”. \n\n**Distúrbios cardiovasculares** : palpitações, dor torácica, insuficiência cardíaca (incluindo parada  cardíaca). \n\n**Distúrbios respiratórios** : congestão pulmonar, congestão nasal, hipersecreção, tosse, falta de ar, bronquite, rinite, faringite. Pode ocorrer depressão respiratória. **Rivotril[® ]** pode aumentar a produção de saliva ou de secreção brônquica (secreção nas vias aéreas) em lactentes e crianças."", ""sintomas de abstinência é maior após descontinuação súbita do tratamento, portanto a retirada brusca do medicamento deve ser evitada. O tratamento (mesmo de curta duração) deve ser interrompido pela redução gradativa da dose diária. \n\n## **Efeitos sobre a capacidade de dirigir e operar  máquinas** \n\nClonazepam pode lentificar as reações, efeito agravado com o uso de álcool. \n\n## **Durante o tratamento, o paciente não deve dirigir veículos ou operar máquinas, pois sua habilidade e atenção podem estar prejudicadas.** \n\nAté o momento, não há informações de que **Rivotril[® ]** cause _doping_ . Em caso de dúvidas, consulte o seu médico. \n\n## **Gravidez e amamentação** \n\n## **Este medicamento não deve ser utilizado por mulheres grávidas sem orientação médica ou do cirurgiãodentista.** \n\n**Rivotril[® ]** só deve ser administrado a gestantes se houver indicação absoluta e se os benefícios potenciais \n\nsuperarem os riscos para o feto. **Rivotril[® ]** pode prejudicar seu bebê. Informe seu médico se estiver grávida ou se está tentando engravidar. O uso de altas doses no último trimestre da gestação ou no trabalho de parto pode causar irregularidades no batimento cardíaco do feto e baixa temperatura corpórea, falta de tônus muscular, \n\n2 \n\n**==> picture [109 x 35] intentionally omitted <==**\n\ndepressão respiratória e dificuldade de sucção no bebê. Tanto a gestação quanto a suspensão de **Rivotril[® ]** podem exacerbar a epilepsia. \n\nInforme seu médico se estiver amamentando. Se você realmente precisar tomar **Rivotril[®]** , a amamentação deve ser descontinuada."", ""ísico sensações anormais formigamentos, alucinações. O risco dos sintomas de abstinência é maior após descontinuação súbita do tratamento, portanto a retirada brusca do medicamento deve ser evitada. O tratamento (mesmo de curta duração) deve ser interrompido pela redução gradativa da dose diária. \n\n## **Efeitos sobre a capacidade de dirigir e operar  máquinas** \n\nClonazepam pode lentificar as reações, efeito agravado com o uso de álcool. \n\n**Durante o tratamento, o paciente não deve dirigir veículos ou operar máquinas, pois sua habilidade e atenção podem estar prejudicadas.** \n\nAté o momento, não há informações de que **Rivotril[® ]** cause _doping_ . Em caso de dúvidas, consulte o seu médico. \n\n## **Gravidez e amamentação** \n\n## **Este medicamento não deve ser utilizado por mulheres grávidas sem orientação médica ou do cirurgiãodentista.** \n\n**Rivotril[® ]** só deve ser administrado a gestantes se houver indicação absoluta e os benefícios potenciais  superarem os riscos para o feto. **Rivotril[® ]** pode prejudicar seu bebê. Informe seu médico se estiver grávida ou se está tentando engravidar. O uso de altas doses no último trimestre da gestação ou no trabalho de parto pode causar irregularidades no batimento cardíaco do feto e baixa temperatura corpórea, falta de tônus muscular, depressão respiratória e \n\ndificuldade de sucção no bebê. Tanto a gestação quanto a suspensão de **Rivotril[® ]** podem exacerbar  a epilepsia. Informe seu médico se estiver amamentando. Se você realmente precisar tomar **Rivotril[®]** , a amamentação deve ser descontinuada. \n\n2"", ""utilizada em idosos. Deve-se ter especial cuidado durante as alterações na dose. \n\n**Comprometimento do fígado:** pacientes com comprometimento do fígado grave não devem ser tratados com clonazepam e pacientes com comprometimento hepático leve a moderado devem receber a dose mais baixa possível. \n\n## **Instruções especiais de administração** \n\n**Rivotril[® ]** pode ser usado com outros antiepilépticos. Nesse caso, seu médico ajustará a dose de cada medicamento para atingir o efeito ideal. \n\nNão pare de tomar **Rivotril[® ]** subitamente, você pode ter novas crises epilépticas. Somente seu médico poderá orientar a interrupção do tratamento reduzindo gradualmente a dose utilizada. \n\n**Siga a orientação de seu médico, respeitando sempre os horários, as doses e a duração do tratamento. Não interrompa o tratamento sem o conhecimento do seu médico.** \n\n**7. O QUE DEVO FAZER QUANDO EU ME ESQUECER DE USAR ESTE   MEDICAMENTO?** Nunca dobre a dose na próxima tomada.  Apenas continue com a próxima dose no tempo determinado. \n\n4 \n\n**==> picture [109 x 35] intentionally omitted <==**\n\n## **Em caso de dúvidas, procure orientação do farmacêutico, do seu médico ou   cirurgião-dentista.** \n\n## **8. QUAIS OS MALES QUE ESTE MEDICAMENTO PODE ME   CAUSAR?**"", ""intomas de abstinência é maior após descontinuação súbita do tratamento, portanto a retirada brusca do medicamento deve ser evitada. O tratamento (mesmo de curta duração) deve ser interrompido pela redução gradativa da dose diária. \n\n## **Efeitos sobre a capacidade de dirigir e operar  máquinas** \n\nClonazepam pode lentificar as reações, efeito agravado com o uso de álcool. \n\n**Durante o tratamento, o paciente não deve dirigir veículos ou operar máquinas, pois sua habilidade e atenção podem estar prejudicadas.** \n\nAté o momento, não há informações de que **Rivotril[®  ]** cause _doping_ . Em caso de dúvidas, consulte o seu  médico. \n\n## **Gravidez e amamentação** \n\n2 \n\n**==> picture [109 x 35] intentionally omitted <==**\n\n## **Este medicamento não deve ser utilizado por mulheres grávidas sem orientação médica ou do cirurgiãodentista.** \n\n**Rivotril[® ]** só deve ser administrado a gestantes se houver indicação absoluta e se os benefícios  potenciais \n\nsuperarem os riscos para o feto. **Rivotril[® ]** pode prejudicar seu bebê. Informe seu médico se estiver grávida ou se está tentando engravidar. O uso de altas doses no último trimestre da gestação ou no trabalho de parto pode  causar irregularidades no batimento cardíaco do feto e baixa temperatura corpórea, falta de tônus muscular, depressão respiratória e dificuldade de sucção no bebê. Tanto a gestação quanto a suspensão de **Rivotril**[® ] podem exacerbar a epilepsia. \n\nInforme seu médico se estiver amamentando. Se você realmente precisar tomar **Rivotril[®]** , a amamentação deve ser descontinuada.""]",0.071,74.665
naive_rag,ollama:mediphi-instruct,TYLENOL,dificil,"Como a duração de ação farmacológica de TYLENOL se relaciona com o esquema posológico fracionado recomendado, considerando seu mecanismo de ação e o risco hepatotóxico descritos na bula?",dificil,"TYLENOL reduz a febre atuando no centro regulador da temperatura no sistema nervoso central e diminui a sensibilidade à dor; seu efeito começa 15 a 30 minutos após a administração oral e permanece por 4 a 6 horas. A posologia recomenda doses fracionadas em intervalos de 4 a 6 horas, sem exceder 1000 mg por dose nem 4000 mg por dia em 24 horas. Essa relação indica que o intervalo acompanha a duração do efeito, enquanto os limites por dose e por dia reduzem o risco de superdose, que a bula associa a danos ao fígado.",COMO ESTE MEDICAMENTO FUNCIONA? / COMO DEVO USAR ESTE MEDICAMENTO? / O QUE FAZER SE ALGUÉM USAR UMA QUANTIDADE MAIOR DO QUE A INDICADA DESTE MEDICAMENTO?,"De acordo com a bula do medicamento TYLENOL, consta a seguinte informação: 

O paracetamol reduz febre e alivia dores leves ou moderadas atuando no centro regulador da temperatura central (SNC) diminuindo sua sensibilidade. Seus efeitos têm início em cerca de 15 a 30 minutos após administração oral, duram por um período entre 4 a 6 horas com doses fracionadas recomendadas não excedendo as orientações diárias máximas. A superdose pode causar danos ao fígado e requer atenção médica imediata para prevenir complicações graves, especialmente em crianças ou pacientes com comprometimento hepático conhecido.

---
*Esta resposta se baseia apenas nos trechos da bula recuperados e não substitui orientação médica ou farmacêutica.*","De acordo com a bula do medicamento TYLENOL, consta a seguinte informação: 

O paracetamol reduz febre e alivia dores leves ou moderadas atuando no centro regulador da temperatura central (SNC) diminuindo sua sensibilidade. Seus efeitos têm início em cerca de 15 a 30 minutos após administração oral, duram por um período entre 4 a 6 horas com doses fracionadas recomendadas não excedendo as orientações diárias máximas. A superdose pode causar danos ao fígado e requer atenção médica imediata para prevenir complicações graves, especialmente em crianças ou pacientes com comprometimento hepático conhecido.",TODAS (Naive),"chunk_578c6a49ac86, chunk_bd0ae4006d5f, chunk_77f72cabf81a, chunk_d4d5a2d20ab2, chunk_97251e7ccd85, chunk_01578455e892, chunk_bcded81d765f, chunk_3c190b3ea9f8, chunk_983a58909e27, chunk_2f6979089ee8, chunk_a508cae3796b","[""COMO ESTE MEDICAMENTO FUNCIONA?** \n\n**TYLENOL[® ]** reduz a febre atuando no centro regulador da temperatura no Sistema Nervoso Central (SNC) e diminui a sensibilidade a dor. Seu efeito tem início 15 a 30 minutos após a administração oral e permanece por um período de 4 a 6 horas. \n\n## **3."", ""ONDE, COMO E POR QUANTO TEMPO POSSO GUARDAR ESTE MEDICAMENTO?** \n\n**TYLENOL®** deve ser conservado em temperatura ambiente (entre 15°C e 30°C), protegido da luz e umidade. **Número de lote e datas de fabricação e validade: vide embalagem.** \n\nTYLENOL® - Paciente \n\n**==> picture [114 x 31] intentionally omitted <==**\n\n**Não use medicamento com o prazo de validade vencido. Guarde-o em sua embalagem original. TYLENOL[® ] 500 mg e TYLENOL[® ] 750 mg** são comprimidos revestidos oblongos (ovalados) de cor branca. \n\n**Antes de usar, observe o aspecto do medicamento. Caso ele esteja no prazo de validade e você observe alguma mudança no aspecto, consulte o farmacêutico para saber se poderá** \n\n**utilizá-lo.** \n\n**Todo medicamento deve ser mantido fora do alcance das crianças** . \n\n## **6."", ""QUANDO NÃO DEVO USAR ESTE MEDICAMENTO?** \n\nVocê não deve usar **TYLENOL[® ]** se possuir alergia ao paracetamol ou a qualquer componente de sua fórmula. \n\n**Este medicamento é contraindicado para menores de 12 anos.** \n\n## **4."", ""COMO DEVO USAR ESTE MEDICAMENTO?** \n\nUso oral. Você deve tomar os comprimidos com líquido. O paracetamol pode ser administrado independentemente das refeições. \n\n## **Adultos e crianças acima de 12 anos:** \n\n**TYLENOL[® ] 500 mg:** 1 a 2 comprimidos, 3 a 4 vezes ao dia. \n\n**TYLENOL[® ] 750 mg:** 1 comprimido, 3 a 5 vezes ao dia. \n\nA dose diária máxima recomendada de paracetamol é de 4000 mg ( **8 comprimidos de TYLENOL[® ] 500 mg ou 5 comprimidos de TYLENOL® 750 mg** ) administrada em doses fracionadas, não excedendo 1000 mg/dose ( **2 comprimidos de TYLENOL[® ] 500 mg ou 1 comprimido de TYLENOL[® ] 750 mg** ), em intervalos de 4 a 6 horas, em um período de 24 horas. **Duração do tratamento:** depende do desaparecimento dos sintomas. \n\n**Este medicamento não pode ser partido, aberto ou mastigado.** \n\n**Siga corretamente o modo de usar. Em caso de dúvidas sobre este medicamento, procure orientação do farmacêutico. Não desaparecendo os sintomas, procure orientação médica ou de seu cirurgião-dentista.** \n\n## **7."", ""O QUE DEVO SABER ANTES DE USAR ESTE MEDICAMENTO?** \n\nTYLENOL® - Paciente \n\n**==> picture [114 x 31] intentionally omitted <==**\n\nVocê não deve tomar mais do que a dose recomendada (superdose) para provocar maior alívio, pois pode causar sérios problemas de saúde. Você deve consultar seu médico se a dor ou febre continuarem ou piorarem, ou se surgirem novos sintomas, pois estes sintomas podem ser sinais de doenças graves. \n\n**Uso com álcool** : consumidores de doses abusivas de álcool devem consultar seu médico para saber se podem tomar **TYLENOL[® ]** ou qualquer outro analgésico. \n\n## **Gravidez e Amamentação** \n\n## Se você estiver grávida ou amamentando, consulte o seu médico antes de usar este medicamento. **Este medicamento não deve ser utilizado por mulheres grávidas sem orientação médica ou do cirurgião-dentista.** \n\n**Uso em pacientes com problemas no fígado** : Consulte seu médico antes de usar o medicamento. **Uso em idosos** : Até o momento não são conhecidas restrições específicas ao uso de **TYLENOL[® ]** por pacientes idosos. Não existe necessidade de ajuste de dose neste grupo etário. Muito raramente, foram relatadas reações cutâneas graves em pacientes que administraram paracetamol. Os sintomas podem incluir: vermelhidão na pele, bolhas e erupções cutâneas. Se ocorrerem reações cutâneas ou piora de problemas de pele já existentes, interrompa o uso do medicamento e procure ajuda médica imediatamente. \n\n## **Não use outro produto que contenha paracetamol.** \n\n## **O paracetamol nas doses terapêuticas não foi associado à irritação gástrica.**"", ""cutâneas. Se ocorrerem reações cutâneas ou piora de problemas de pele já existentes, interrompa o uso do medicamento e procure ajuda médica imediatamente. \n\n## **Não use outro produto que contenha paracetamol.** \n\n## **O paracetamol nas doses terapêuticas não foi associado à irritação gástrica.** \n\nSe você tem pressão alta, não use este produto por mais tempo do que o indicado no rótulo, a menos que indicado por um médico. \n\nA absorção de **TYLENOL[® ]** é mais rápida se você estiver em jejum. Os alimentos podem afetar a velocidade da absorção, mas não a quantidade absorvida do medicamento. A interferência do paracetamol na metabolização de outros medicamentos e a influência destes medicamentos na ação e na toxicidade do paracetamol, em geral, não são relevantes. \n\n**Consulte seu médico antes de utilizar este medicamento se você está tomando flucloxacilina (penicilina - um antibiótico), varfarina (anticoagulante) ou outros derivados cumarínicos.** \n\n**Informe ao seu médico ou cirurgião-dentista se você está fazendo uso de algum outro medicamento.** \n\n**5."", ""QUAIS OS MALES QUE ESTE MEDICAMENTO PODE ME CAUSAR?** \n\nEste medicamento pode causar algumas reações desagradáveis inesperadas. Caso você tenha uma reação alérgica, deve parar de tomar o medicamento. \n\nTYLENOL® - Paciente \n\n**==> picture [114 x 31] intentionally omitted <==**\n\nReação muito rara (ocorre em menos de 0,01% dos pacientes que utilizam este medicamento): urticária, coceira e vermelhidão no corpo, reações alérgicas a este medicamento, aumento das transaminases e erupção fixa medicamentosa. \n\n**Informe ao seu médico, cirurgião-dentista ou farmacêutico o aparecimento de reações indesejáveis pelo uso do medicamento. Informe também à empresa através do seu serviço de atendimento.** \n\n## **9."", ""4 x 31] intentionally omitted <==**\n\nSAC 0800 728 6767 \n\nwww.tylenol.com.br \n\nSiga corretamente o modo de usar, não desaparecendo os sintomas procure orientação médica. \n\n**==> picture [23 x 19] intentionally omitted <==**\n\nTYLENOL® - Paciente \n\n**==> picture [115 x 30] intentionally omitted <==**\n\n## **"", ""O QUE FAZER SE ALGUÉM USAR UMA QUANTIDADE MAIOR DO QUE A INDICADA DESTE MEDICAMENTO?** \n\nO uso de doses excessivas, acima das doses recomendadas (superdose) pode causar danos ao fígado. Em caso de superdose, procure ajuda médica ou um centro de intoxicação imediatamente. O apoio médico imediato é fundamental para adultos e crianças, mesmo se os sinais e sintomas de intoxicação não estiverem presentes. \n\nOs sinais e sintomas iniciais que se seguem a uma dose potencialmente hepatotóxica de paracetamol são: perda de apetite, náusea, vômito, sudorese intensa, palidez e mal-estar geral. **Em caso de uso de grande quantidade deste medicamento, procure rapidamente socorro médico e leve a embalagem ou bula do medicamento, se possível. Ligue para 0800 722 6001, se você precisar de mais orientações.** \n\n## **DIZERES LEGAIS** \n\nMS - 1.5721.1214 \n\nFarmacêutico Responsável: Jean F. L. Festuccia – CRF - SP nº 29.625 \n\nRegistrado por: \n\n## **JOHNSON & JOHNSON INDUSTRIAL LTDA.** \n\nRodovia Presidente Dutra, Km 154, \n\nSão José dos Campos – SP \n\nCNPJ 59.748.988/0001-14 \n\nFabricado por: \n\n## **JOHNSON & JOHNSON INDUSTRIAL LTDA** \n\nRodovia Presidente Dutra, km 154 \n\nSão José dos Campos – SP \n\nCNPJ: 59.748.988/0001-14 Industria Brasileira \n\n®Marca Registrada \n\nTYLENOL® - Paciente \n\n**==> picture [114 x 31] intentionally omitted <==**\n\nSAC 0800 728 6767 \n\nwww.tylenol.com.br \n\nSiga corretamente o modo de usar, não desaparecendo os sintomas procure orientação médica. \n\n**==> picture [23 x 19] intentionally omitted <==**\n\nTYLENOL® - Paciente \n\n**==> picture [115 x 30] intentionally omitted <==**"", ""O QUE DEVO FAZER QUANDO EU ME ESQUECER DE USAR ESTE MEDICAMENTO?** \n\nSe você se esquecer de tomar uma dose do medicamento, faça-o assim que se lembrar, no caso de ainda haver necessidade, e então ajuste o horário das próximas tomadas. Não tome a dose dobrada para compensar a dose esquecida. \n\n**Em caso de dúvidas, procure orientação do farmacêutico ou de seu médico, ou cirurgiãodentista.** \n\n## **8."", ""PARA QUE ESTE MEDICAMENTO É INDICADO?** \n\nEste medicamento é indicado para a redução da febre e para o alívio temporário de dores leves a moderadas, tais como: dores associadas a resfriados comuns, dor de cabeça, dor no corpo, dor de dente, dor nas costas, dores musculares, dores leves associadas a artrites e cólicas menstruais. \n\n## **2.""]",0.064,45.439
naive_rag,ollama:mediphi-instruct,TYLENOL,dificil,"Em um paciente idoso que consome doses abusivas de álcool e tem preocupação com função hepática, quais orientações da bula devem ser integradas antes do uso de TYLENOL?",dificil,"Para idosos, a bula informa que até o momento não são conhecidas restrições específicas ao uso de TYLENOL e que não há necessidade de ajuste de dose nesse grupo etário. Porém, consumidores de doses abusivas de álcool devem consultar o médico para saber se podem tomar TYLENOL ou qualquer outro analgésico. A bula também orienta pacientes com problemas no fígado a consultar o médico antes de usar o medicamento e alerta que doses excessivas acima das recomendadas podem causar danos ao fígado. Portanto, apesar de não haver ajuste específico por idade, o consumo abusivo de álcool e a preocupação hepática exigem consulta médica e respeito rigoroso à dose recomendada.",O QUE DEVO SABER ANTES DE USAR ESTE MEDICAMENTO? / COMO DEVO USAR ESTE MEDICAMENTO? / O QUE FAZER SE ALGUÉM USAR UMA QUANTIDADE MAIOR DO QUE A INDICADA DESTE MEDICAMENTO?,"De acordo com a bula consultada de TYLENOL, consta a seguinte informação:
Em um paciente idoso que consome doses abusivas de álcool e tem preocupação com função hepática, devem ser consideradas as orientações da bula sobre o uso do medicamento. O farmacêutico recomenda consultar seu médico antes de usar este produto para avaliar os riscos potenciais associados à superdose e ao possível impacto no fígado, especialmente em relação aos níveis elevados de álcool consumidos.

---
*Esta resposta se baseia apenas nos trechos da bula recuperados e não substitui orientação médica ou farmacêutica. É recomendável consultar um profissional de saúde para orientação individualizada.*","De acordo com a bula consultada de TYLENOL, consta a seguinte informação:
Em um paciente idoso que consome doses abusivas de álcool e tem preocupação com função hepática, devem ser consideradas as orientações da bula sobre o uso do medicamento. O farmacêutico recomenda consultar seu médico antes de usar este produto para avaliar os riscos potenciais associados à superdose e ao possível impacto no fígado, especialmente em relação aos níveis elevados de álcool consumidos.",TODAS (Naive),"chunk_97251e7ccd85, chunk_578c6a49ac86, chunk_bd0ae4006d5f, chunk_77f72cabf81a, chunk_d4d5a2d20ab2, chunk_3c190b3ea9f8, chunk_983a58909e27, chunk_bcded81d765f, chunk_01578455e892, chunk_2f6979089ee8, chunk_a508cae3796b","[""O QUE DEVO SABER ANTES DE USAR ESTE MEDICAMENTO?** \n\nTYLENOL® - Paciente \n\n**==> picture [114 x 31] intentionally omitted <==**\n\nVocê não deve tomar mais do que a dose recomendada (superdose) para provocar maior alívio, pois pode causar sérios problemas de saúde. Você deve consultar seu médico se a dor ou febre continuarem ou piorarem, ou se surgirem novos sintomas, pois estes sintomas podem ser sinais de doenças graves. \n\n**Uso com álcool** : consumidores de doses abusivas de álcool devem consultar seu médico para saber se podem tomar **TYLENOL[® ]** ou qualquer outro analgésico. \n\n## **Gravidez e Amamentação** \n\n## Se você estiver grávida ou amamentando, consulte o seu médico antes de usar este medicamento. **Este medicamento não deve ser utilizado por mulheres grávidas sem orientação médica ou do cirurgião-dentista.** \n\n**Uso em pacientes com problemas no fígado** : Consulte seu médico antes de usar o medicamento. **Uso em idosos** : Até o momento não são conhecidas restrições específicas ao uso de **TYLENOL[® ]** por pacientes idosos. Não existe necessidade de ajuste de dose neste grupo etário. Muito raramente, foram relatadas reações cutâneas graves em pacientes que administraram paracetamol. Os sintomas podem incluir: vermelhidão na pele, bolhas e erupções cutâneas. Se ocorrerem reações cutâneas ou piora de problemas de pele já existentes, interrompa o uso do medicamento e procure ajuda médica imediatamente. \n\n## **Não use outro produto que contenha paracetamol.** \n\n## **O paracetamol nas doses terapêuticas não foi associado à irritação gástrica.**"", ""COMO ESTE MEDICAMENTO FUNCIONA?** \n\n**TYLENOL[® ]** reduz a febre atuando no centro regulador da temperatura no Sistema Nervoso Central (SNC) e diminui a sensibilidade a dor. Seu efeito tem início 15 a 30 minutos após a administração oral e permanece por um período de 4 a 6 horas. \n\n## **3."", ""ONDE, COMO E POR QUANTO TEMPO POSSO GUARDAR ESTE MEDICAMENTO?** \n\n**TYLENOL®** deve ser conservado em temperatura ambiente (entre 15°C e 30°C), protegido da luz e umidade. **Número de lote e datas de fabricação e validade: vide embalagem.** \n\nTYLENOL® - Paciente \n\n**==> picture [114 x 31] intentionally omitted <==**\n\n**Não use medicamento com o prazo de validade vencido. Guarde-o em sua embalagem original. TYLENOL[® ] 500 mg e TYLENOL[® ] 750 mg** são comprimidos revestidos oblongos (ovalados) de cor branca. \n\n**Antes de usar, observe o aspecto do medicamento. Caso ele esteja no prazo de validade e você observe alguma mudança no aspecto, consulte o farmacêutico para saber se poderá** \n\n**utilizá-lo.** \n\n**Todo medicamento deve ser mantido fora do alcance das crianças** . \n\n## **6."", ""QUANDO NÃO DEVO USAR ESTE MEDICAMENTO?** \n\nVocê não deve usar **TYLENOL[® ]** se possuir alergia ao paracetamol ou a qualquer componente de sua fórmula. \n\n**Este medicamento é contraindicado para menores de 12 anos.** \n\n## **4."", ""COMO DEVO USAR ESTE MEDICAMENTO?** \n\nUso oral. Você deve tomar os comprimidos com líquido. O paracetamol pode ser administrado independentemente das refeições. \n\n## **Adultos e crianças acima de 12 anos:** \n\n**TYLENOL[® ] 500 mg:** 1 a 2 comprimidos, 3 a 4 vezes ao dia. \n\n**TYLENOL[® ] 750 mg:** 1 comprimido, 3 a 5 vezes ao dia. \n\nA dose diária máxima recomendada de paracetamol é de 4000 mg ( **8 comprimidos de TYLENOL[® ] 500 mg ou 5 comprimidos de TYLENOL® 750 mg** ) administrada em doses fracionadas, não excedendo 1000 mg/dose ( **2 comprimidos de TYLENOL[® ] 500 mg ou 1 comprimido de TYLENOL[® ] 750 mg** ), em intervalos de 4 a 6 horas, em um período de 24 horas. **Duração do tratamento:** depende do desaparecimento dos sintomas. \n\n**Este medicamento não pode ser partido, aberto ou mastigado.** \n\n**Siga corretamente o modo de usar. Em caso de dúvidas sobre este medicamento, procure orientação do farmacêutico. Não desaparecendo os sintomas, procure orientação médica ou de seu cirurgião-dentista.** \n\n## **7."", ""4 x 31] intentionally omitted <==**\n\nSAC 0800 728 6767 \n\nwww.tylenol.com.br \n\nSiga corretamente o modo de usar, não desaparecendo os sintomas procure orientação médica. \n\n**==> picture [23 x 19] intentionally omitted <==**\n\nTYLENOL® - Paciente \n\n**==> picture [115 x 30] intentionally omitted <==**\n\n## **"", ""O QUE FAZER SE ALGUÉM USAR UMA QUANTIDADE MAIOR DO QUE A INDICADA DESTE MEDICAMENTO?** \n\nO uso de doses excessivas, acima das doses recomendadas (superdose) pode causar danos ao fígado. Em caso de superdose, procure ajuda médica ou um centro de intoxicação imediatamente. O apoio médico imediato é fundamental para adultos e crianças, mesmo se os sinais e sintomas de intoxicação não estiverem presentes. \n\nOs sinais e sintomas iniciais que se seguem a uma dose potencialmente hepatotóxica de paracetamol são: perda de apetite, náusea, vômito, sudorese intensa, palidez e mal-estar geral. **Em caso de uso de grande quantidade deste medicamento, procure rapidamente socorro médico e leve a embalagem ou bula do medicamento, se possível. Ligue para 0800 722 6001, se você precisar de mais orientações.** \n\n## **DIZERES LEGAIS** \n\nMS - 1.5721.1214 \n\nFarmacêutico Responsável: Jean F. L. Festuccia – CRF - SP nº 29.625 \n\nRegistrado por: \n\n## **JOHNSON & JOHNSON INDUSTRIAL LTDA.** \n\nRodovia Presidente Dutra, Km 154, \n\nSão José dos Campos – SP \n\nCNPJ 59.748.988/0001-14 \n\nFabricado por: \n\n## **JOHNSON & JOHNSON INDUSTRIAL LTDA** \n\nRodovia Presidente Dutra, km 154 \n\nSão José dos Campos – SP \n\nCNPJ: 59.748.988/0001-14 Industria Brasileira \n\n®Marca Registrada \n\nTYLENOL® - Paciente \n\n**==> picture [114 x 31] intentionally omitted <==**\n\nSAC 0800 728 6767 \n\nwww.tylenol.com.br \n\nSiga corretamente o modo de usar, não desaparecendo os sintomas procure orientação médica. \n\n**==> picture [23 x 19] intentionally omitted <==**\n\nTYLENOL® - Paciente \n\n**==> picture [115 x 30] intentionally omitted <==**"", ""QUAIS OS MALES QUE ESTE MEDICAMENTO PODE ME CAUSAR?** \n\nEste medicamento pode causar algumas reações desagradáveis inesperadas. Caso você tenha uma reação alérgica, deve parar de tomar o medicamento. \n\nTYLENOL® - Paciente \n\n**==> picture [114 x 31] intentionally omitted <==**\n\nReação muito rara (ocorre em menos de 0,01% dos pacientes que utilizam este medicamento): urticária, coceira e vermelhidão no corpo, reações alérgicas a este medicamento, aumento das transaminases e erupção fixa medicamentosa. \n\n**Informe ao seu médico, cirurgião-dentista ou farmacêutico o aparecimento de reações indesejáveis pelo uso do medicamento. Informe também à empresa através do seu serviço de atendimento.** \n\n## **9."", ""cutâneas. Se ocorrerem reações cutâneas ou piora de problemas de pele já existentes, interrompa o uso do medicamento e procure ajuda médica imediatamente. \n\n## **Não use outro produto que contenha paracetamol.** \n\n## **O paracetamol nas doses terapêuticas não foi associado à irritação gástrica.** \n\nSe você tem pressão alta, não use este produto por mais tempo do que o indicado no rótulo, a menos que indicado por um médico. \n\nA absorção de **TYLENOL[® ]** é mais rápida se você estiver em jejum. Os alimentos podem afetar a velocidade da absorção, mas não a quantidade absorvida do medicamento. A interferência do paracetamol na metabolização de outros medicamentos e a influência destes medicamentos na ação e na toxicidade do paracetamol, em geral, não são relevantes. \n\n**Consulte seu médico antes de utilizar este medicamento se você está tomando flucloxacilina (penicilina - um antibiótico), varfarina (anticoagulante) ou outros derivados cumarínicos.** \n\n**Informe ao seu médico ou cirurgião-dentista se você está fazendo uso de algum outro medicamento.** \n\n**5."", ""O QUE DEVO FAZER QUANDO EU ME ESQUECER DE USAR ESTE MEDICAMENTO?** \n\nSe você se esquecer de tomar uma dose do medicamento, faça-o assim que se lembrar, no caso de ainda haver necessidade, e então ajuste o horário das próximas tomadas. Não tome a dose dobrada para compensar a dose esquecida. \n\n**Em caso de dúvidas, procure orientação do farmacêutico ou de seu médico, ou cirurgiãodentista.** \n\n## **8."", ""PARA QUE ESTE MEDICAMENTO É INDICADO?** \n\nEste medicamento é indicado para a redução da febre e para o alívio temporário de dores leves a moderadas, tais como: dores associadas a resfriados comuns, dor de cabeça, dor no corpo, dor de dente, dor nas costas, dores musculares, dores leves associadas a artrites e cólicas menstruais. \n\n## **2.""]",0.062,34.952
naive_rag,ollama:mediphi-instruct,TYLENOL,dificil,"Ao avaliar TYLENOL para um adolescente de 11 anos e para um paciente idoso, o que a bula permite concluir sobre contraindicação, faixa etária de uso e necessidade de ajuste de dose, e quais limites ela não explica?",dificil,"A bula informa que TYLENOL comprimidos revestidos é de uso adulto e pediátrico acima de 12 anos e contraindicado para menores de 12 anos; portanto, o adolescente de 11 anos não deve usar essa apresentação segundo a bula. Para idosos, a bula informa que não são conhecidas restrições específicas e que não há necessidade de ajuste de dose nesse grupo etário. A bula não fornece a justificativa clínica detalhada para a contraindicação em menores de 12 anos nem para a ausência de ajuste em idosos; apenas estabelece essas orientações.",APRESENTAÇÕES / QUANDO NÃO DEVO USAR ESTE MEDICAMENTO? / O QUE DEVO SABER ANTES DE USAR ESTE MEDICAMENTO? / COMO DEVO USAR ESTE MEDICAMENTO?,"De acordo com a bula consultada de TYLENOL, consta a seguinte informação: 

Este medicamento é contraindicado para menores de 12 anos. Não existem restrições específicas ao uso por pacientes idosos conforme descrito na bula consultada do TYLENOL®, mas recomenda-se que os adultos e crianças acima dos 12 anos tomem o medicamento de acordo com as instruções fornecidas. Não há informações sobre a necessidade ou possibilidade de um ajuste da dose para pacientes idosos na bula consultada, nem limites explicitamente mencionados em relação ao uso por adolescentes nesta versão específica.

---
*Esta resposta se baseia apenas nos trechos da bula recuperados e não substitui orientação médica ou farmacêutica. É recomendável consultar um profissional de saúde para orientação individualizada.*","De acordo com a bula consultada de TYLENOL, consta a seguinte informação: 

Este medicamento é contraindicado para menores de 12 anos. Não existem restrições específicas ao uso por pacientes idosos conforme descrito na bula consultada do TYLENOL®, mas recomenda-se que os adultos e crianças acima dos 12 anos tomem o medicamento de acordo com as instruções fornecidas. Não há informações sobre a necessidade ou possibilidade de um ajuste da dose para pacientes idosos na bula consultada, nem limites explicitamente mencionados em relação ao uso por adolescentes nesta versão específica.",TODAS (Naive),"chunk_bd0ae4006d5f, chunk_578c6a49ac86, chunk_77f72cabf81a, chunk_97251e7ccd85, chunk_d4d5a2d20ab2, chunk_3c190b3ea9f8, chunk_bcded81d765f, chunk_983a58909e27, chunk_01578455e892, chunk_2f6979089ee8, chunk_a508cae3796b","[""ONDE, COMO E POR QUANTO TEMPO POSSO GUARDAR ESTE MEDICAMENTO?** \n\n**TYLENOL®** deve ser conservado em temperatura ambiente (entre 15°C e 30°C), protegido da luz e umidade. **Número de lote e datas de fabricação e validade: vide embalagem.** \n\nTYLENOL® - Paciente \n\n**==> picture [114 x 31] intentionally omitted <==**\n\n**Não use medicamento com o prazo de validade vencido. Guarde-o em sua embalagem original. TYLENOL[® ] 500 mg e TYLENOL[® ] 750 mg** são comprimidos revestidos oblongos (ovalados) de cor branca. \n\n**Antes de usar, observe o aspecto do medicamento. Caso ele esteja no prazo de validade e você observe alguma mudança no aspecto, consulte o farmacêutico para saber se poderá** \n\n**utilizá-lo.** \n\n**Todo medicamento deve ser mantido fora do alcance das crianças** . \n\n## **6."", ""COMO ESTE MEDICAMENTO FUNCIONA?** \n\n**TYLENOL[® ]** reduz a febre atuando no centro regulador da temperatura no Sistema Nervoso Central (SNC) e diminui a sensibilidade a dor. Seu efeito tem início 15 a 30 minutos após a administração oral e permanece por um período de 4 a 6 horas. \n\n## **3."", ""QUANDO NÃO DEVO USAR ESTE MEDICAMENTO?** \n\nVocê não deve usar **TYLENOL[® ]** se possuir alergia ao paracetamol ou a qualquer componente de sua fórmula. \n\n**Este medicamento é contraindicado para menores de 12 anos.** \n\n## **4."", ""O QUE DEVO SABER ANTES DE USAR ESTE MEDICAMENTO?** \n\nTYLENOL® - Paciente \n\n**==> picture [114 x 31] intentionally omitted <==**\n\nVocê não deve tomar mais do que a dose recomendada (superdose) para provocar maior alívio, pois pode causar sérios problemas de saúde. Você deve consultar seu médico se a dor ou febre continuarem ou piorarem, ou se surgirem novos sintomas, pois estes sintomas podem ser sinais de doenças graves. \n\n**Uso com álcool** : consumidores de doses abusivas de álcool devem consultar seu médico para saber se podem tomar **TYLENOL[® ]** ou qualquer outro analgésico. \n\n## **Gravidez e Amamentação** \n\n## Se você estiver grávida ou amamentando, consulte o seu médico antes de usar este medicamento. **Este medicamento não deve ser utilizado por mulheres grávidas sem orientação médica ou do cirurgião-dentista.** \n\n**Uso em pacientes com problemas no fígado** : Consulte seu médico antes de usar o medicamento. **Uso em idosos** : Até o momento não são conhecidas restrições específicas ao uso de **TYLENOL[® ]** por pacientes idosos. Não existe necessidade de ajuste de dose neste grupo etário. Muito raramente, foram relatadas reações cutâneas graves em pacientes que administraram paracetamol. Os sintomas podem incluir: vermelhidão na pele, bolhas e erupções cutâneas. Se ocorrerem reações cutâneas ou piora de problemas de pele já existentes, interrompa o uso do medicamento e procure ajuda médica imediatamente. \n\n## **Não use outro produto que contenha paracetamol.** \n\n## **O paracetamol nas doses terapêuticas não foi associado à irritação gástrica.**"", ""COMO DEVO USAR ESTE MEDICAMENTO?** \n\nUso oral. Você deve tomar os comprimidos com líquido. O paracetamol pode ser administrado independentemente das refeições. \n\n## **Adultos e crianças acima de 12 anos:** \n\n**TYLENOL[® ] 500 mg:** 1 a 2 comprimidos, 3 a 4 vezes ao dia. \n\n**TYLENOL[® ] 750 mg:** 1 comprimido, 3 a 5 vezes ao dia. \n\nA dose diária máxima recomendada de paracetamol é de 4000 mg ( **8 comprimidos de TYLENOL[® ] 500 mg ou 5 comprimidos de TYLENOL® 750 mg** ) administrada em doses fracionadas, não excedendo 1000 mg/dose ( **2 comprimidos de TYLENOL[® ] 500 mg ou 1 comprimido de TYLENOL[® ] 750 mg** ), em intervalos de 4 a 6 horas, em um período de 24 horas. **Duração do tratamento:** depende do desaparecimento dos sintomas. \n\n**Este medicamento não pode ser partido, aberto ou mastigado.** \n\n**Siga corretamente o modo de usar. Em caso de dúvidas sobre este medicamento, procure orientação do farmacêutico. Não desaparecendo os sintomas, procure orientação médica ou de seu cirurgião-dentista.** \n\n## **7."", ""4 x 31] intentionally omitted <==**\n\nSAC 0800 728 6767 \n\nwww.tylenol.com.br \n\nSiga corretamente o modo de usar, não desaparecendo os sintomas procure orientação médica. \n\n**==> picture [23 x 19] intentionally omitted <==**\n\nTYLENOL® - Paciente \n\n**==> picture [115 x 30] intentionally omitted <==**\n\n## **"", ""QUAIS OS MALES QUE ESTE MEDICAMENTO PODE ME CAUSAR?** \n\nEste medicamento pode causar algumas reações desagradáveis inesperadas. Caso você tenha uma reação alérgica, deve parar de tomar o medicamento. \n\nTYLENOL® - Paciente \n\n**==> picture [114 x 31] intentionally omitted <==**\n\nReação muito rara (ocorre em menos de 0,01% dos pacientes que utilizam este medicamento): urticária, coceira e vermelhidão no corpo, reações alérgicas a este medicamento, aumento das transaminases e erupção fixa medicamentosa. \n\n**Informe ao seu médico, cirurgião-dentista ou farmacêutico o aparecimento de reações indesejáveis pelo uso do medicamento. Informe também à empresa através do seu serviço de atendimento.** \n\n## **9."", ""O QUE FAZER SE ALGUÉM USAR UMA QUANTIDADE MAIOR DO QUE A INDICADA DESTE MEDICAMENTO?** \n\nO uso de doses excessivas, acima das doses recomendadas (superdose) pode causar danos ao fígado. Em caso de superdose, procure ajuda médica ou um centro de intoxicação imediatamente. O apoio médico imediato é fundamental para adultos e crianças, mesmo se os sinais e sintomas de intoxicação não estiverem presentes. \n\nOs sinais e sintomas iniciais que se seguem a uma dose potencialmente hepatotóxica de paracetamol são: perda de apetite, náusea, vômito, sudorese intensa, palidez e mal-estar geral. **Em caso de uso de grande quantidade deste medicamento, procure rapidamente socorro médico e leve a embalagem ou bula do medicamento, se possível. Ligue para 0800 722 6001, se você precisar de mais orientações.** \n\n## **DIZERES LEGAIS** \n\nMS - 1.5721.1214 \n\nFarmacêutico Responsável: Jean F. L. Festuccia – CRF - SP nº 29.625 \n\nRegistrado por: \n\n## **JOHNSON & JOHNSON INDUSTRIAL LTDA.** \n\nRodovia Presidente Dutra, Km 154, \n\nSão José dos Campos – SP \n\nCNPJ 59.748.988/0001-14 \n\nFabricado por: \n\n## **JOHNSON & JOHNSON INDUSTRIAL LTDA** \n\nRodovia Presidente Dutra, km 154 \n\nSão José dos Campos – SP \n\nCNPJ: 59.748.988/0001-14 Industria Brasileira \n\n®Marca Registrada \n\nTYLENOL® - Paciente \n\n**==> picture [114 x 31] intentionally omitted <==**\n\nSAC 0800 728 6767 \n\nwww.tylenol.com.br \n\nSiga corretamente o modo de usar, não desaparecendo os sintomas procure orientação médica. \n\n**==> picture [23 x 19] intentionally omitted <==**\n\nTYLENOL® - Paciente \n\n**==> picture [115 x 30] intentionally omitted <==**"", ""cutâneas. Se ocorrerem reações cutâneas ou piora de problemas de pele já existentes, interrompa o uso do medicamento e procure ajuda médica imediatamente. \n\n## **Não use outro produto que contenha paracetamol.** \n\n## **O paracetamol nas doses terapêuticas não foi associado à irritação gástrica.** \n\nSe você tem pressão alta, não use este produto por mais tempo do que o indicado no rótulo, a menos que indicado por um médico. \n\nA absorção de **TYLENOL[® ]** é mais rápida se você estiver em jejum. Os alimentos podem afetar a velocidade da absorção, mas não a quantidade absorvida do medicamento. A interferência do paracetamol na metabolização de outros medicamentos e a influência destes medicamentos na ação e na toxicidade do paracetamol, em geral, não são relevantes. \n\n**Consulte seu médico antes de utilizar este medicamento se você está tomando flucloxacilina (penicilina - um antibiótico), varfarina (anticoagulante) ou outros derivados cumarínicos.** \n\n**Informe ao seu médico ou cirurgião-dentista se você está fazendo uso de algum outro medicamento.** \n\n**5."", ""O QUE DEVO FAZER QUANDO EU ME ESQUECER DE USAR ESTE MEDICAMENTO?** \n\nSe você se esquecer de tomar uma dose do medicamento, faça-o assim que se lembrar, no caso de ainda haver necessidade, e então ajuste o horário das próximas tomadas. Não tome a dose dobrada para compensar a dose esquecida. \n\n**Em caso de dúvidas, procure orientação do farmacêutico ou de seu médico, ou cirurgiãodentista.** \n\n## **8."", ""PARA QUE ESTE MEDICAMENTO É INDICADO?** \n\nEste medicamento é indicado para a redução da febre e para o alívio temporário de dores leves a moderadas, tais como: dores associadas a resfriados comuns, dor de cabeça, dor no corpo, dor de dente, dor nas costas, dores musculares, dores leves associadas a artrites e cólicas menstruais. \n\n## **2.""]",0.074,42.475
naive_rag,ollama:mediphi-instruct,TYLENOL,dificil,"Para um paciente com dor leve associada à artrite, hipertensão e preocupação com irritação gástrica, quais benefícios e cautelas sobre TYLENOL podem ser inferidos exclusivamente da bula?",dificil,"A bula indica TYLENOL para alívio temporário de dores leves a moderadas, incluindo dores leves associadas a artrites. Também informa que o paracetamol em doses terapêuticas não foi associado à irritação gástrica, o que pode ser considerado um ponto favorável para o paciente preocupado com esse efeito. Porém, se o paciente tem pressão alta, a bula orienta não usar o produto por mais tempo do que o indicado no rótulo, a menos que indicado por um médico. A resposta deve respeitar que a bula não compara TYLENOL diretamente com outros analgésicos ou anti-inflamatórios.",PARA QUE ESTE MEDICAMENTO É INDICADO? / O QUE DEVO SABER ANTES DE USAR ESTE MEDICAMENTO?,"De acordo com a bula do medicamento TYLENOL, consta a seguinte informação: 

Para um paciente com dor leve associada à artrite e preocupações de hipertensão ou irritação gástrica, o paracetamol pode ser benéfico para aliviar dores moderadas sem causar problemas estomacais significativos. No entanto, devido ao risco potencial do fígado com doses excessivas de TYLENOL® 500 mg ou 750 mg administrados em intervalos curtos (4 a 6 horas), é crucial aderir às recomendações máximas diárias e consultar um médico se há preocupações com hipertensão. A bula enfatiza que o paracetamol não foi associado tipicamente ao irritação gástrica, mas a precaução é necessária em pacientes sensíveis ou sob medicações concomitantes como flucloxacilina (penicilina).

---
*Esta resposta se baseia apenas nos trechos da bula recuperados e não substitui orientação médica ou farmacêutica. É recomendável consultar um profissional de saúde para orientação individualizada.*","De acordo com a bula do medicamento TYLENOL, consta a seguinte informação: 

Para um paciente com dor leve associada à artrite e preocupações de hipertensão ou irritação gástrica, o paracetamol pode ser benéfico para aliviar dores moderadas sem causar problemas estomacais significativos. No entanto, devido ao risco potencial do fígado com doses excessivas de TYLENOL® 500 mg ou 750 mg administrados em intervalos curtos (4 a 6 horas), é crucial aderir às recomendações máximas diárias e consultar um médico se há preocupações com hipertensão. A bula enfatiza que o paracetamol não foi associado tipicamente ao irritação gástrica, mas a precaução é necessária em pacientes sensíveis ou sob medicações concomitantes como flucloxacilina (penicilina).",TODAS (Naive),"chunk_97251e7ccd85, chunk_578c6a49ac86, chunk_01578455e892, chunk_77f72cabf81a, chunk_983a58909e27, chunk_bcded81d765f, chunk_bd0ae4006d5f, chunk_d4d5a2d20ab2, chunk_2f6979089ee8, chunk_a508cae3796b, chunk_3c190b3ea9f8","[""O QUE DEVO SABER ANTES DE USAR ESTE MEDICAMENTO?** \n\nTYLENOL® - Paciente \n\n**==> picture [114 x 31] intentionally omitted <==**\n\nVocê não deve tomar mais do que a dose recomendada (superdose) para provocar maior alívio, pois pode causar sérios problemas de saúde. Você deve consultar seu médico se a dor ou febre continuarem ou piorarem, ou se surgirem novos sintomas, pois estes sintomas podem ser sinais de doenças graves. \n\n**Uso com álcool** : consumidores de doses abusivas de álcool devem consultar seu médico para saber se podem tomar **TYLENOL[® ]** ou qualquer outro analgésico. \n\n## **Gravidez e Amamentação** \n\n## Se você estiver grávida ou amamentando, consulte o seu médico antes de usar este medicamento. **Este medicamento não deve ser utilizado por mulheres grávidas sem orientação médica ou do cirurgião-dentista.** \n\n**Uso em pacientes com problemas no fígado** : Consulte seu médico antes de usar o medicamento. **Uso em idosos** : Até o momento não são conhecidas restrições específicas ao uso de **TYLENOL[® ]** por pacientes idosos. Não existe necessidade de ajuste de dose neste grupo etário. Muito raramente, foram relatadas reações cutâneas graves em pacientes que administraram paracetamol. Os sintomas podem incluir: vermelhidão na pele, bolhas e erupções cutâneas. Se ocorrerem reações cutâneas ou piora de problemas de pele já existentes, interrompa o uso do medicamento e procure ajuda médica imediatamente. \n\n## **Não use outro produto que contenha paracetamol.** \n\n## **O paracetamol nas doses terapêuticas não foi associado à irritação gástrica.**"", ""COMO ESTE MEDICAMENTO FUNCIONA?** \n\n**TYLENOL[® ]** reduz a febre atuando no centro regulador da temperatura no Sistema Nervoso Central (SNC) e diminui a sensibilidade a dor. Seu efeito tem início 15 a 30 minutos após a administração oral e permanece por um período de 4 a 6 horas. \n\n## **3."", ""cutâneas. Se ocorrerem reações cutâneas ou piora de problemas de pele já existentes, interrompa o uso do medicamento e procure ajuda médica imediatamente. \n\n## **Não use outro produto que contenha paracetamol.** \n\n## **O paracetamol nas doses terapêuticas não foi associado à irritação gástrica.** \n\nSe você tem pressão alta, não use este produto por mais tempo do que o indicado no rótulo, a menos que indicado por um médico. \n\nA absorção de **TYLENOL[® ]** é mais rápida se você estiver em jejum. Os alimentos podem afetar a velocidade da absorção, mas não a quantidade absorvida do medicamento. A interferência do paracetamol na metabolização de outros medicamentos e a influência destes medicamentos na ação e na toxicidade do paracetamol, em geral, não são relevantes. \n\n**Consulte seu médico antes de utilizar este medicamento se você está tomando flucloxacilina (penicilina - um antibiótico), varfarina (anticoagulante) ou outros derivados cumarínicos.** \n\n**Informe ao seu médico ou cirurgião-dentista se você está fazendo uso de algum outro medicamento.** \n\n**5."", ""QUANDO NÃO DEVO USAR ESTE MEDICAMENTO?** \n\nVocê não deve usar **TYLENOL[® ]** se possuir alergia ao paracetamol ou a qualquer componente de sua fórmula. \n\n**Este medicamento é contraindicado para menores de 12 anos.** \n\n## **4."", ""O QUE FAZER SE ALGUÉM USAR UMA QUANTIDADE MAIOR DO QUE A INDICADA DESTE MEDICAMENTO?** \n\nO uso de doses excessivas, acima das doses recomendadas (superdose) pode causar danos ao fígado. Em caso de superdose, procure ajuda médica ou um centro de intoxicação imediatamente. O apoio médico imediato é fundamental para adultos e crianças, mesmo se os sinais e sintomas de intoxicação não estiverem presentes. \n\nOs sinais e sintomas iniciais que se seguem a uma dose potencialmente hepatotóxica de paracetamol são: perda de apetite, náusea, vômito, sudorese intensa, palidez e mal-estar geral. **Em caso de uso de grande quantidade deste medicamento, procure rapidamente socorro médico e leve a embalagem ou bula do medicamento, se possível. Ligue para 0800 722 6001, se você precisar de mais orientações.** \n\n## **DIZERES LEGAIS** \n\nMS - 1.5721.1214 \n\nFarmacêutico Responsável: Jean F. L. Festuccia – CRF - SP nº 29.625 \n\nRegistrado por: \n\n## **JOHNSON & JOHNSON INDUSTRIAL LTDA.** \n\nRodovia Presidente Dutra, Km 154, \n\nSão José dos Campos – SP \n\nCNPJ 59.748.988/0001-14 \n\nFabricado por: \n\n## **JOHNSON & JOHNSON INDUSTRIAL LTDA** \n\nRodovia Presidente Dutra, km 154 \n\nSão José dos Campos – SP \n\nCNPJ: 59.748.988/0001-14 Industria Brasileira \n\n®Marca Registrada \n\nTYLENOL® - Paciente \n\n**==> picture [114 x 31] intentionally omitted <==**\n\nSAC 0800 728 6767 \n\nwww.tylenol.com.br \n\nSiga corretamente o modo de usar, não desaparecendo os sintomas procure orientação médica. \n\n**==> picture [23 x 19] intentionally omitted <==**\n\nTYLENOL® - Paciente \n\n**==> picture [115 x 30] intentionally omitted <==**"", ""QUAIS OS MALES QUE ESTE MEDICAMENTO PODE ME CAUSAR?** \n\nEste medicamento pode causar algumas reações desagradáveis inesperadas. Caso você tenha uma reação alérgica, deve parar de tomar o medicamento. \n\nTYLENOL® - Paciente \n\n**==> picture [114 x 31] intentionally omitted <==**\n\nReação muito rara (ocorre em menos de 0,01% dos pacientes que utilizam este medicamento): urticária, coceira e vermelhidão no corpo, reações alérgicas a este medicamento, aumento das transaminases e erupção fixa medicamentosa. \n\n**Informe ao seu médico, cirurgião-dentista ou farmacêutico o aparecimento de reações indesejáveis pelo uso do medicamento. Informe também à empresa através do seu serviço de atendimento.** \n\n## **9."", ""ONDE, COMO E POR QUANTO TEMPO POSSO GUARDAR ESTE MEDICAMENTO?** \n\n**TYLENOL®** deve ser conservado em temperatura ambiente (entre 15°C e 30°C), protegido da luz e umidade. **Número de lote e datas de fabricação e validade: vide embalagem.** \n\nTYLENOL® - Paciente \n\n**==> picture [114 x 31] intentionally omitted <==**\n\n**Não use medicamento com o prazo de validade vencido. Guarde-o em sua embalagem original. TYLENOL[® ] 500 mg e TYLENOL[® ] 750 mg** são comprimidos revestidos oblongos (ovalados) de cor branca. \n\n**Antes de usar, observe o aspecto do medicamento. Caso ele esteja no prazo de validade e você observe alguma mudança no aspecto, consulte o farmacêutico para saber se poderá** \n\n**utilizá-lo.** \n\n**Todo medicamento deve ser mantido fora do alcance das crianças** . \n\n## **6."", ""COMO DEVO USAR ESTE MEDICAMENTO?** \n\nUso oral. Você deve tomar os comprimidos com líquido. O paracetamol pode ser administrado independentemente das refeições. \n\n## **Adultos e crianças acima de 12 anos:** \n\n**TYLENOL[® ] 500 mg:** 1 a 2 comprimidos, 3 a 4 vezes ao dia. \n\n**TYLENOL[® ] 750 mg:** 1 comprimido, 3 a 5 vezes ao dia. \n\nA dose diária máxima recomendada de paracetamol é de 4000 mg ( **8 comprimidos de TYLENOL[® ] 500 mg ou 5 comprimidos de TYLENOL® 750 mg** ) administrada em doses fracionadas, não excedendo 1000 mg/dose ( **2 comprimidos de TYLENOL[® ] 500 mg ou 1 comprimido de TYLENOL[® ] 750 mg** ), em intervalos de 4 a 6 horas, em um período de 24 horas. **Duração do tratamento:** depende do desaparecimento dos sintomas. \n\n**Este medicamento não pode ser partido, aberto ou mastigado.** \n\n**Siga corretamente o modo de usar. Em caso de dúvidas sobre este medicamento, procure orientação do farmacêutico. Não desaparecendo os sintomas, procure orientação médica ou de seu cirurgião-dentista.** \n\n## **7."", ""O QUE DEVO FAZER QUANDO EU ME ESQUECER DE USAR ESTE MEDICAMENTO?** \n\nSe você se esquecer de tomar uma dose do medicamento, faça-o assim que se lembrar, no caso de ainda haver necessidade, e então ajuste o horário das próximas tomadas. Não tome a dose dobrada para compensar a dose esquecida. \n\n**Em caso de dúvidas, procure orientação do farmacêutico ou de seu médico, ou cirurgiãodentista.** \n\n## **8."", ""PARA QUE ESTE MEDICAMENTO É INDICADO?** \n\nEste medicamento é indicado para a redução da febre e para o alívio temporário de dores leves a moderadas, tais como: dores associadas a resfriados comuns, dor de cabeça, dor no corpo, dor de dente, dor nas costas, dores musculares, dores leves associadas a artrites e cólicas menstruais. \n\n## **2."", ""4 x 31] intentionally omitted <==**\n\nSAC 0800 728 6767 \n\nwww.tylenol.com.br \n\nSiga corretamente o modo de usar, não desaparecendo os sintomas procure orientação médica. \n\n**==> picture [23 x 19] intentionally omitted <==**\n\nTYLENOL® - Paciente \n\n**==> picture [115 x 30] intentionally omitted <==**\n\n## **""]",0.074,54.908
naive_rag,ollama:mediphi-instruct,TYLENOL,dificil,"Em um paciente que usa flucloxacilina e varfarina ou outros derivados cumarínicos, quais orientações a bula dá antes do uso de TYLENOL e quais riscos descritos na bula tornam essa cautela clinicamente relevante?",dificil,"A bula orienta consultar o médico antes de utilizar TYLENOL se o paciente estiver tomando flucloxacilina, varfarina ou outros derivados cumarínicos. Também orienta informar ao médico ou cirurgião-dentista se estiver fazendo uso de outro medicamento. A cautela é clinicamente relevante porque a bula descreve aumento de transaminases como reação muito rara e danos ao fígado em superdose, além de orientar consulta médica em pacientes com problemas no fígado e em consumidores de doses abusivas de álcool. A bula não fornece mecanismo detalhado nem conduta específica de monitoramento para essas interações.",O QUE DEVO SABER ANTES DE USAR ESTE MEDICAMENTO? / QUAIS OS MALES QUE ESTE MEDICAMENTO PODE ME CAUSAR? / O QUE FAZER SE ALGUÉM USAR UMA QUANTIDADE MAIOR DO QUE A INDICADA DESTE MEDICAMENTO?,"De acordo com a bula consultada de TYLENOL, consta a seguinte informação: 

Se você está tomando flucloxacilina ou outros derivados cumarínicos (antibiótico), consulte seu médico antes de usar este medicamento. O paracetamol pode interferir na metabolização desses antibióticos e, por sua vez, afetar a toxicidade do mesmo; o uso prolongado deste produto em pacientes com pressão alta não é recomendado sem orientação médica específica. 

Essas informações tornam essa cautela clinicamente relevante devido ao potencial risco de interferência na ação e toxicidade do antibiótico, que podem ser agravados pela administração concomitante com paracetamol.

---
*Esta resposta se baseia apenas nos trechos da bula recuperados e não substitui orientação médica ou farmacêutica.*","De acordo com a bula consultada de TYLENOL, consta a seguinte informação: 

Se você está tomando flucloxacilina ou outros derivados cumarínicos (antibiótico), consulte seu médico antes de usar este medicamento. O paracetamol pode interferir na metabolização desses antibióticos e, por sua vez, afetar a toxicidade do mesmo; o uso prolongado deste produto em pacientes com pressão alta não é recomendado sem orientação médica específica. 

Essas informações tornam essa cautela clinicamente relevante devido ao potencial risco de interferência na ação e toxicidade do antibiótico, que podem ser agravados pela administração concomitante com paracetamol.",TODAS (Naive),"chunk_578c6a49ac86, chunk_97251e7ccd85, chunk_77f72cabf81a, chunk_bd0ae4006d5f, chunk_983a58909e27, chunk_bcded81d765f, chunk_d4d5a2d20ab2, chunk_01578455e892, chunk_3c190b3ea9f8, chunk_2f6979089ee8, chunk_a508cae3796b","[""COMO ESTE MEDICAMENTO FUNCIONA?** \n\n**TYLENOL[® ]** reduz a febre atuando no centro regulador da temperatura no Sistema Nervoso Central (SNC) e diminui a sensibilidade a dor. Seu efeito tem início 15 a 30 minutos após a administração oral e permanece por um período de 4 a 6 horas. \n\n## **3."", ""O QUE DEVO SABER ANTES DE USAR ESTE MEDICAMENTO?** \n\nTYLENOL® - Paciente \n\n**==> picture [114 x 31] intentionally omitted <==**\n\nVocê não deve tomar mais do que a dose recomendada (superdose) para provocar maior alívio, pois pode causar sérios problemas de saúde. Você deve consultar seu médico se a dor ou febre continuarem ou piorarem, ou se surgirem novos sintomas, pois estes sintomas podem ser sinais de doenças graves. \n\n**Uso com álcool** : consumidores de doses abusivas de álcool devem consultar seu médico para saber se podem tomar **TYLENOL[® ]** ou qualquer outro analgésico. \n\n## **Gravidez e Amamentação** \n\n## Se você estiver grávida ou amamentando, consulte o seu médico antes de usar este medicamento. **Este medicamento não deve ser utilizado por mulheres grávidas sem orientação médica ou do cirurgião-dentista.** \n\n**Uso em pacientes com problemas no fígado** : Consulte seu médico antes de usar o medicamento. **Uso em idosos** : Até o momento não são conhecidas restrições específicas ao uso de **TYLENOL[® ]** por pacientes idosos. Não existe necessidade de ajuste de dose neste grupo etário. Muito raramente, foram relatadas reações cutâneas graves em pacientes que administraram paracetamol. Os sintomas podem incluir: vermelhidão na pele, bolhas e erupções cutâneas. Se ocorrerem reações cutâneas ou piora de problemas de pele já existentes, interrompa o uso do medicamento e procure ajuda médica imediatamente. \n\n## **Não use outro produto que contenha paracetamol.** \n\n## **O paracetamol nas doses terapêuticas não foi associado à irritação gástrica.**"", ""QUANDO NÃO DEVO USAR ESTE MEDICAMENTO?** \n\nVocê não deve usar **TYLENOL[® ]** se possuir alergia ao paracetamol ou a qualquer componente de sua fórmula. \n\n**Este medicamento é contraindicado para menores de 12 anos.** \n\n## **4."", ""ONDE, COMO E POR QUANTO TEMPO POSSO GUARDAR ESTE MEDICAMENTO?** \n\n**TYLENOL®** deve ser conservado em temperatura ambiente (entre 15°C e 30°C), protegido da luz e umidade. **Número de lote e datas de fabricação e validade: vide embalagem.** \n\nTYLENOL® - Paciente \n\n**==> picture [114 x 31] intentionally omitted <==**\n\n**Não use medicamento com o prazo de validade vencido. Guarde-o em sua embalagem original. TYLENOL[® ] 500 mg e TYLENOL[® ] 750 mg** são comprimidos revestidos oblongos (ovalados) de cor branca. \n\n**Antes de usar, observe o aspecto do medicamento. Caso ele esteja no prazo de validade e você observe alguma mudança no aspecto, consulte o farmacêutico para saber se poderá** \n\n**utilizá-lo.** \n\n**Todo medicamento deve ser mantido fora do alcance das crianças** . \n\n## **6."", ""O QUE FAZER SE ALGUÉM USAR UMA QUANTIDADE MAIOR DO QUE A INDICADA DESTE MEDICAMENTO?** \n\nO uso de doses excessivas, acima das doses recomendadas (superdose) pode causar danos ao fígado. Em caso de superdose, procure ajuda médica ou um centro de intoxicação imediatamente. O apoio médico imediato é fundamental para adultos e crianças, mesmo se os sinais e sintomas de intoxicação não estiverem presentes. \n\nOs sinais e sintomas iniciais que se seguem a uma dose potencialmente hepatotóxica de paracetamol são: perda de apetite, náusea, vômito, sudorese intensa, palidez e mal-estar geral. **Em caso de uso de grande quantidade deste medicamento, procure rapidamente socorro médico e leve a embalagem ou bula do medicamento, se possível. Ligue para 0800 722 6001, se você precisar de mais orientações.** \n\n## **DIZERES LEGAIS** \n\nMS - 1.5721.1214 \n\nFarmacêutico Responsável: Jean F. L. Festuccia – CRF - SP nº 29.625 \n\nRegistrado por: \n\n## **JOHNSON & JOHNSON INDUSTRIAL LTDA.** \n\nRodovia Presidente Dutra, Km 154, \n\nSão José dos Campos – SP \n\nCNPJ 59.748.988/0001-14 \n\nFabricado por: \n\n## **JOHNSON & JOHNSON INDUSTRIAL LTDA** \n\nRodovia Presidente Dutra, km 154 \n\nSão José dos Campos – SP \n\nCNPJ: 59.748.988/0001-14 Industria Brasileira \n\n®Marca Registrada \n\nTYLENOL® - Paciente \n\n**==> picture [114 x 31] intentionally omitted <==**\n\nSAC 0800 728 6767 \n\nwww.tylenol.com.br \n\nSiga corretamente o modo de usar, não desaparecendo os sintomas procure orientação médica. \n\n**==> picture [23 x 19] intentionally omitted <==**\n\nTYLENOL® - Paciente \n\n**==> picture [115 x 30] intentionally omitted <==**"", ""QUAIS OS MALES QUE ESTE MEDICAMENTO PODE ME CAUSAR?** \n\nEste medicamento pode causar algumas reações desagradáveis inesperadas. Caso você tenha uma reação alérgica, deve parar de tomar o medicamento. \n\nTYLENOL® - Paciente \n\n**==> picture [114 x 31] intentionally omitted <==**\n\nReação muito rara (ocorre em menos de 0,01% dos pacientes que utilizam este medicamento): urticária, coceira e vermelhidão no corpo, reações alérgicas a este medicamento, aumento das transaminases e erupção fixa medicamentosa. \n\n**Informe ao seu médico, cirurgião-dentista ou farmacêutico o aparecimento de reações indesejáveis pelo uso do medicamento. Informe também à empresa através do seu serviço de atendimento.** \n\n## **9."", ""COMO DEVO USAR ESTE MEDICAMENTO?** \n\nUso oral. Você deve tomar os comprimidos com líquido. O paracetamol pode ser administrado independentemente das refeições. \n\n## **Adultos e crianças acima de 12 anos:** \n\n**TYLENOL[® ] 500 mg:** 1 a 2 comprimidos, 3 a 4 vezes ao dia. \n\n**TYLENOL[® ] 750 mg:** 1 comprimido, 3 a 5 vezes ao dia. \n\nA dose diária máxima recomendada de paracetamol é de 4000 mg ( **8 comprimidos de TYLENOL[® ] 500 mg ou 5 comprimidos de TYLENOL® 750 mg** ) administrada em doses fracionadas, não excedendo 1000 mg/dose ( **2 comprimidos de TYLENOL[® ] 500 mg ou 1 comprimido de TYLENOL[® ] 750 mg** ), em intervalos de 4 a 6 horas, em um período de 24 horas. **Duração do tratamento:** depende do desaparecimento dos sintomas. \n\n**Este medicamento não pode ser partido, aberto ou mastigado.** \n\n**Siga corretamente o modo de usar. Em caso de dúvidas sobre este medicamento, procure orientação do farmacêutico. Não desaparecendo os sintomas, procure orientação médica ou de seu cirurgião-dentista.** \n\n## **7."", ""cutâneas. Se ocorrerem reações cutâneas ou piora de problemas de pele já existentes, interrompa o uso do medicamento e procure ajuda médica imediatamente. \n\n## **Não use outro produto que contenha paracetamol.** \n\n## **O paracetamol nas doses terapêuticas não foi associado à irritação gástrica.** \n\nSe você tem pressão alta, não use este produto por mais tempo do que o indicado no rótulo, a menos que indicado por um médico. \n\nA absorção de **TYLENOL[® ]** é mais rápida se você estiver em jejum. Os alimentos podem afetar a velocidade da absorção, mas não a quantidade absorvida do medicamento. A interferência do paracetamol na metabolização de outros medicamentos e a influência destes medicamentos na ação e na toxicidade do paracetamol, em geral, não são relevantes. \n\n**Consulte seu médico antes de utilizar este medicamento se você está tomando flucloxacilina (penicilina - um antibiótico), varfarina (anticoagulante) ou outros derivados cumarínicos.** \n\n**Informe ao seu médico ou cirurgião-dentista se você está fazendo uso de algum outro medicamento.** \n\n**5."", ""4 x 31] intentionally omitted <==**\n\nSAC 0800 728 6767 \n\nwww.tylenol.com.br \n\nSiga corretamente o modo de usar, não desaparecendo os sintomas procure orientação médica. \n\n**==> picture [23 x 19] intentionally omitted <==**\n\nTYLENOL® - Paciente \n\n**==> picture [115 x 30] intentionally omitted <==**\n\n## **"", ""O QUE DEVO FAZER QUANDO EU ME ESQUECER DE USAR ESTE MEDICAMENTO?** \n\nSe você se esquecer de tomar uma dose do medicamento, faça-o assim que se lembrar, no caso de ainda haver necessidade, e então ajuste o horário das próximas tomadas. Não tome a dose dobrada para compensar a dose esquecida. \n\n**Em caso de dúvidas, procure orientação do farmacêutico ou de seu médico, ou cirurgiãodentista.** \n\n## **8."", ""PARA QUE ESTE MEDICAMENTO É INDICADO?** \n\nEste medicamento é indicado para a redução da febre e para o alívio temporário de dores leves a moderadas, tais como: dores associadas a resfriados comuns, dor de cabeça, dor no corpo, dor de dente, dor nas costas, dores musculares, dores leves associadas a artrites e cólicas menstruais. \n\n## **2.""]",0.073,47.334
