pipeline,modelo,nome_remedio,nivel,pergunta,dificuldade,resposta_esperada,secoes_esperadas,resposta_gerada,resposta_crua,secoes_recuperadas,chunk_ids_recuperados,textos_recuperados,tempo_recuperacao_segundos,tempo_inferencia_segundos
guarded_hybrid_agentic_fusion_rag,ollama:mediphi-instruct,AMOXIL,medio,Como deve ser ajustada a dose de Amoxil suspensão oral para uma criança de 30 kg com insuficiência renal moderada?,medio,"Para crianças abaixo de 40 kg com insuficiência renal moderada, a bula orienta 15 mg/kg duas vezes ao dia, de 12 em 12 horas, respeitando o máximo de 500 mg duas vezes ao dia. Para uma criança de 30 kg, isso corresponde a 450 mg por dose, duas vezes ao dia.",COMO DEVO USAR ESTE MEDICAMENTO?,"De acordo com a bula consultada de AMOXIL, consta a seguinte informação: ""Para pacientes que recebem diálise peritoneal"", o uso da suspensão oral deve ser conforme as recomendações para insuficiência renal grave. Portanto, uma dose adicional de 500 mg (uma cápsula) pode ser administrada durante e no final de cada diálise em casos que requerem tratamento com infecção respiratória purulenta ou gonorreia severa.

---
*Esta resposta se baseia apenas nos trechos da bula recuperados e não substitui orientação médica ou farmacêutica. É recomendável consultar um profissional de saúde para orientação individualizada.*","De acordo com a bula consultada de AMOXIL, consta a seguinte informação: ""Para pacientes que recebem diálise peritoneal"", o uso da suspensão oral deve ser conforme as recomendações para insuficiência renal grave. Portanto, uma dose adicional de 500 mg (uma cápsula) pode ser administrada durante e no final de cada diálise em casos que requerem tratamento com infecção respiratória purulenta ou gonorreia severa.","IDENTIFICAÇÃO DO MEDICAMENTO, COMO DEVO USAR ESTE MEDICAMENTO?, O QUE DEVO SABER ANTES DE USAR ESTE MEDICAMENTO?, QUANDO NÃO DEVO USAR ESTE MEDICAMENTO?","chunk_c0033b15fe08, chunk_920654c7064a, chunk_6db122270a0d, chunk_05bc48672ff1, chunk_e3c9fe99e5cd, chunk_619626ac8cd4, chunk_621ddc66ac1b, chunk_7d57d737a19d, chunk_622fb4d46c7e, chunk_ca122aa1e079","[""servada em geladeira (entre 2[o] C e 8[o] C). \n\n## **Agite a suspensão oral antes de usá-la.** \n\n3 \n\n**==> picture [86 x 28] intentionally omitted <==**\n\n## Modelo de Texto de Bula – Pacientes Amoxil[®] Pó para suspensão oral \n\n## **Posologia** \n\n## **Dose para adultos e crianças acima de 40 kg** \n\nDose padrão: 250 mg três vezes ao dia (de 8 em 8 horas), podendo ser aumentada para 500 mg três vezes ao dia (de 8 em 8 horas) nas infecções mais graves. \n\n## **Tratamento com dosagem alta (máximo recomendável de 6 g ao dia em doses divididas)** \n\nRecomenda-se uma dose de 3g duas vezes ao dia (de 12 em 12 horas) nos casos que requerem tratamento de infecção respiratória purulenta (com a presença de pus) grave ou recorrente. \n\n## **Tratamento de curta duração** \n\nGonorreia: dose única de 3 g. \n\n## **Erradicação de** _**Helicobacter pylori**_ **em úlcera péptica (no duodeno ou no estômago)** \n\nPara combater o _Helicobacter_ (bactéria que ataca o estômago e o duodeno), recomenda-se o uso de **Amoxil[®]** no esquema de 750 mg a 1 g duas vezes ao dia, em associação com um inibidor da bomba de prótons (exemplo: omeprazol, lanzoprazol) e outro agente antimicrobiano (por exemplo claritromicina, metronidazol), por 7 dias. \n\n## **Dose para crianças abaixo de 40 kg** \n\nDose padrão para crianças: 20 a 50 mg/kg/dia em doses divididas (de 8 em 8 horas), até um máximo de 150 mg/kg/dia em doses divididas. \n\n## **Pacientes com insuficiência renal (dos rins)**"", ""imo de 500 mg (uma cápsula) duas vezes ao dia (de 12 em 12 horas); \n\n- insuficiência grave: máximo de 500 mg (uma cápsula) ao dia. \n\n3 \n\n**==> picture [87 x 28] intentionally omitted <==**\n\n## Modelo de Texto de Bula – Pacientes Amoxil[®] Cápsulas \n\n## **Pacientes que recebem diálise peritoneal** \n\nUsa-se a mesma posologia indicada para pacientes com insuficiência renal grave. A diálise peritoneal (processo de limpeza das substâncias tóxicas do organismo através do peritônio, membrana que envolve o abdômen) não remove a amoxicilina do corpo. \n\n## **Pacientes que recebem hemodiálise** \n\nUsa-se a mesma posologia indicada para pacientes com insuficiência renal grave. \n\nA amoxicilina é removida do sangue por hemodiálise (processo que substitui os rins na filtragem sanguínea). Portanto, uma dose adicional (500 mg para adultos e crianças acima de 40kg ou 15 mg/kg para crianças abaixo de 40 kg) pode ser administrada durante e no final de cada diálise. \n\nSeu médico poderá indicar tratamento por via parenteral (feito com aplicação de injeções intravenosas, intramusculares ou subcutâneas) nos casos em que a via oral for considerada inadequada (particularmente nos tratamentos urgentes de infecções graves). \n\nConforme o grau de insuficiência renal, talvez seu médico ache necessário reduzir a dose diária total. \n\n**Siga a orientação de seu médico, respeitando sempre os horários, as doses e a duração do tratamento. Não interrompa o tratamento sem o conhecimento de seu médico. Este medicamento não deve ser partido ou mastigado.** \n\n## **7."", ""COMO DEVO USAR ESTE MEDICAMENTO?** \n\n## **Modo de usar** \n\nSiga as orientações de seu médico sobre a maneira e a hora correta de tomar o medicamento. Ele vai decidir a quantidade diária que você precisa e o tempo durante o qual você deve usar o medicamento. \n\nLeia esta bula com cautela. Se você tiver alguma dúvida, fale com seu médico. \n\nRecomenda-se ingerir o medicamento nas refeições, embora ele continue eficaz mesmo que você o tome em outros horários. \n\nContinue tomando este medicamento até o fim do tratamento prescrito pelo médico. Não pare somente porque se sente melhor. \n\n## Preparo da suspensão \n\n1. Verifique se o selo está intacto antes do uso do produto \n\n2. Para soltar o pó que fica no fundo do frasco, agite-o antes de abri-lo. Isso facilitará a reconstituição. \n\n3. Ponha água filtrada no frasco até a marca indicada e agite-o bem para misturar totalmente o pó com a água. \n\n4. Se a mistura não atingir a marca indicada, espere a espuma baixar e complete (lentamente) com água filtrada. Agite de novo o frasco e espere a espuma baixar até que a solução atinja exatamente a marca indicada. \n\nUtilize a colher dosadora para tomar o medicamento. \n\nA suspensão oral, após a reconstituição, ficará estável por 14 dias se for conservada em geladeira (entre 2[o] C e 8[o] C). \n\n## **Agite a suspensão oral antes de usá-la.** \n\n3 \n\n**==> picture [86 x 28] intentionally omitted <==**\n\n## Modelo de Texto de Bula – Pacientes Amoxil[®] Pó para suspensão oral \n\n## **Posologia** \n\n## **Dose para adultos e crianças acima de 40 kg**"", ""g ao dia em doses divididas): recomenda-se uma dose de 3 g (seis cápsulas) duas vezes ao dia (de 12 em 12 horas) em casos que requerem tratamento de infecção respiratória purulenta (com a presença de pus) grave ou recorrente. \n\n## **- Tratamento de curta duração (gonorreia): dose única de 3 g.** \n\n**Erradicação de** _**Helicobacter pylori:**_ para combater o _Helicobacter_ (bactéria que ataca o estômago e o duodeno), recomenda-se o uso de Amoxil[®] no esquema de 1 g duas vezes ao dia (de 12 em 12 horas), em associação com um medicamento conhecido como inibidor da bomba de prótons (exemplo: omeprazol, lanzoprazol) e outro agente antimicrobiano (por exemplo claritromicina, metronidazol), por 7 dias. \n\n## **Pacientes com insuficiência renal (dos rins)** \n\nNa insuficiência renal, a eliminação do antibiótico é mais lenta. Conforme o grau dessa condição, seu médico pode indicar a redução da dose diária total de acordo com o esquema descrito a seguir. \n\nAdultos e crianças acima de 40 kg \n\n- insuficiência leve: nenhuma alteração de dose; \n\n- insuficiência moderada: máximo de 500 mg (uma cápsula) duas vezes ao dia (de 12 em 12 horas); \n\n- insuficiência grave: máximo de 500 mg (uma cápsula) ao dia. \n\n3 \n\n**==> picture [87 x 28] intentionally omitted <==**\n\n## Modelo de Texto de Bula – Pacientes Amoxil[®] Cápsulas \n\n## **Pacientes que recebem diálise peritoneal**"", ""O QUE DEVO SABER ANTES DE USAR ESTE MEDICAMENTO?** \n\n**Amoxil**[] suspensão contém aspartamo, que é fonte de fenilalanina e deve ser usado com cautela em pacientes com fenilcetonúria. Informe seu médico caso você tenha uma doença chamada fenilcetonúria. Antes de iniciar o tratamento com **Amoxil**[] , informe seu médico: \n\n- se você já apresentou reação alérgica a algum antibiótico. Isso pode incluir reações na pele ou inchaço na face ou pescoço ou dores no peito. \n\n1 \n\n**==> picture [86 x 28] intentionally omitted <==**\n\n## Modelo de Texto de Bula – Pacientes Amoxil[®] Pó para suspensão oral \n\n- se você apresenta febre glandular. \n\n- se você toma medicamentos usados para prevenir coágulos sanguíneos (anticoagulantes), tais como varfarina, o seu médico fará um monitoramento e, se necessário, poderá sugerir ajustes na dose dos anticoagulantes. \n\n- se você apresenta problema nos rins. \n\n- se você não estiver urinando regularmente. \n\n- se você já teve diarreia durante ou após o uso de antibióticos. \n\nO uso prolongado também pode resultar, ocasionalmente, em supercrescimento de microrganismos resistentes a **Amoxil[®]** . \n\n**Amoxil[®]** pode piorar algumas condições existentes ou causar efeitos colaterais graves, como reações alérgicas severas, reações cutâneas severas, dor no peito, vômitos repetitivos dentro de 1 a 4 horas após a administração de **Amoxil[®]** ou diarreia grave (colite pseudomembranosa). Você deve estar atento a determinados sintomas enquanto estiver recebendo **Amoxil[®]** para ajudar a reduzir o risco de quaisquer problemas."", ""ave. A diálise peritoneal (processo de limpeza das substâncias tóxicas do organismo através do peritônio, membrana que envolve o abdômen) não remove a amoxicilina do corpo. \n\n## **Pacientes que recebem hemodiálise** \n\nUsa-se a mesma posologia indicada para pacientes com insuficiência renal grave. \n\nA amoxicilina é removida do sangue por hemodiálise (processo que substitui os rins na filtragem sanguínea). Portanto, uma dose adicional (500 mg para adultos e crianças acima de 40kg ou 15 mg/kg para crianças abaixo de 40 kg) pode ser administrada durante e no final de cada diálise. \n\nSeu médico poderá indicar tratamento por via parenteral (feito com aplicação de injeções intravenosas, intramusculares ou subcutâneas) nos casos em que a via oral for considerada inadequada (particularmente nos tratamentos urgentes de infecções graves). \n\nConforme o grau de insuficiência renal, talvez seu médico ache necessário reduzir a dose diária total. \n\n4 \n\n**==> picture [86 x 28] intentionally omitted <==**\n\n## Modelo de Texto de Bula – Pacientes Amoxil[®] Pó para suspensão oral \n\n## **Siga a orientação de seu médico, respeitando sempre os horários, as doses e a duração do tratamento. Não interrompa o tratamento sem o conhecimento de seu médico.** \n\n## **7."", ""camento não interfere no aleitamento do bebê.** \n\n## **Atenção: Contém fenilalanina.** \n\n**Este produto contém benzoato de sódio, que pode causar reações alérgicas, como asma, especialmente em pessoas alérgicas ao ácido acetilsalicílico.** \n\n## **Uso em idosos, crianças e outros grupos de risco** \n\nAs recomendações especiais se referem às dosagens . Não há contraindicação relativa a faixas etárias. \n\n## **Interações medicamentosas** \n\nAlguns medicamentos podem causar efeitos indesejáveis se você os ingerir durante o tratamento com **Amoxil[®]** . Não deixe de avisar seu médico caso você esteja tomando: \n\n- medicamentos usados no tratamento de gota (probenecida ou alopurinol); \n\n- outros antibióticos; \n\n- pílulas anticoncepcionais (como acontece com outros antibióticos, talvez sejam necessárias precauções adicionais para evitar a gravidez); \n\n- anticoagulantes; \n\n- metotrexato (usado para tratar doenças como câncer e psoríase grave). \n\nA alimentação não interfere na ação de **Amoxil[®]** , que pode ser ingerido nas refeições. \n\n2 \n\n**==> picture [86 x 28] intentionally omitted <==**\n\n## Modelo de Texto de Bula – Pacientes Amoxil[®] Pó para suspensão oral \n\n**Informe seu médico ou cirurgião-dentista se você está fazendo uso de algum outro medicamento. Não use medicamento sem o conhecimento de seu médico. Pode ser perigoso para sua saúde.**"", ""se estiver grávida, exceto se seu médico recomendar. \n\nVocê pode amamentar seu bebê enquanto estiver tomando **Amoxil[®]** , mas há excreção de quantidades mínimas de amoxicilina no leite materno. Se você estiver amamentando, informe ao seu médico antes de iniciar o tratamento com **Amoxil[®]** . \n\n## **Este medicamento não deve ser utilizado por mulheres grávidas sem orientação médica ou do cirurgião-dentista.** \n\n**Uso compatível com o aleitamento ou doação de leite humano. O uso desse medicamento não interfere no aleitamento do bebê.** \n\n## **Uso em idosos, crianças e outros grupos de risco** \n\nAs recomendações especiais se referem às doses . \n\n## **Interações Medicamentosas** \n\nAlguns medicamentos podem causar efeitos indesejáveis se você os ingerir durante o tratamento com **Amoxil[®]** . Não deixe de avisar seu médico caso você esteja tomando: \n\n- medicamentos usados no tratamento de gota (probenecida ou alopurinol); \n\n- outros antibióticos; \n\n- pílulas anticoncepcionais (como acontece com outros antibióticos, talvez sejam necessárias precauções adicionais para evitar a gravidez); \n\n- anticoagulantes; \n\n- metotrexato (usado para tratar doenças como câncer e psoríase grave). A alimentação não interfere na ação de **Amoxil[®]** , que pode ser ingerido nas refeições. \n\n**Informe ao seu médico ou cirurgião-dentista se você está fazendo uso de algum outro medicamento. Não use medicamento sem o conhecimento do seu médico. Pode ser perigoso para a sua saúde.**"", ""QUANDO NÃO DEVO USAR ESTE MEDICAMENTO?** \n\nEste medicamento não pode ser administrado nem ingerido por pessoas alérgicas à amoxicilina, a outros antibióticos penicilínicos ou antibióticos similares, chamados cefalosporinas. Se você já teve uma reação alérgica (como erupções da pele) ao tomar um antibiótico, deve conversar com seu médico antes de usar **Amoxil[®] .** \n\n## **4. O QUE DEVO SABER ANTES DE USAR ESTE MEDICAMENTO** ? \n\nAntes de iniciar o tratamento com **Amoxil**[] , informe seu médico: \n\n- se você já apresentou reação alérgica a algum antibiótico. Isso pode incluir reações na pele ou inchaço na face ou pescoço ou dores no peito. \n\n- se você apresenta febre glandular. \n\n- se você toma medicamentos usados para prevenir coágulos sanguíneos (anticoagulantes), tais como varfarina, o seu médico fará um monitoramento e, se necessário, poderá sugerir ajustes na dose dos anticoagulantes. \n\n- se você apresenta problema nos rins. \n\n- se você não estiver urinando regularmente. \n\n- se você já teve diarreia durante ou após o uso de antibióticos. \n\n1 \n\n**==> picture [87 x 28] intentionally omitted <==**\n\n## Modelo de Texto de Bula – Pacientes Amoxil[®] Cápsulas \n\nO uso prolongado também pode resultar, ocasionalmente, em supercrescimento de microrganismos resistentes a **Amoxil[®]** ."", ""IDENTIFICAÇÃO DO MEDICAMENTO** \n\n**Amoxil**[] \n\namoxicilina \n\n## **APRESENTAÇÕES** \n\n**Amoxil**[] pó para suspensão oral é apresentado em embalagem com frasco de 150 mL (250 mg/5 mL e 500 mg/5 mL) acompanhado de colher dosadora. \n\n## **USO ORAL USO ADULTO E PEDIÁTRICO** \n\n## **COMPOSIÇÃO** \n\nCada dose de 5 mL de suspensão oral com 250 mg/5 mL contém: \n\namoxicilina...................................................................................................................................................................250mg (equivalentes a 287 mg de amoxicilina tri-hidratada) veículo[*] q.s.p. .................................................................................................................................................................5 mL \n\nCada dose de 5 mL de suspensão oral com 500 mg/5 mL contém: amoxicilina..................................................................................................................................................................500 mg (equivalentes a 574 mg de amoxicilina tri-hidratada) veículo[*] q.s.p. .................................................................................................................................................................5 mL *Veículo: crospovidona, goma xantana, carmelose sódica, benzoato de sódio, sílica coloidal, estearato de magnésio, sabor de limão-pêssego-morango e aspartamo. \n\n## **II) INFORMAÇÕES AO PACIENTE** \n\n## **1.""]",21.822,43.786
guarded_hybrid_agentic_fusion_rag,ollama:mediphi-instruct,AMOXIL,medio,Por que tomar Amoxil no início das refeições pode ser útil quando ocorrem enjoo ou diarreia durante o tratamento?,medio,"A bula informa que diarreia e enjoo são reações comuns e que, quando acontecem, normalmente são leves e frequentemente podem ser evitados tomando-se o medicamento no início das refeições. Ao mesmo tempo, a alimentação não interfere na ação de Amoxil, que pode ser ingerido nas refeições.",O QUE DEVO SABER ANTES DE USAR ESTE MEDICAMENTO? / QUAIS OS MALES QUE ESTE MEDICAMENTO PODE ME CAUSAR?,"De acordo com a bula do medicamento AMOXIL, consta a seguinte informação: 
Tomar **Amoxil[®]** no início das refeições pode ser útil para reduzir os efeitos adversos como enjoo ou diarreia. Quando esses sintomas ocorrem durante o tratamento com antibióticos, tomá-lo junto com as refeições tende a minimizar tais desconfortos devido à interação do medicamento com alimentos no processo digestivo e na absorção de nutrientes.

---
*Esta resposta se baseia apenas nos trechos da bula recuperados e não substitui orientação médica ou farmacêutica.*","De acordo com a bula do medicamento AMOXIL, consta a seguinte informação: 
Tomar **Amoxil[®]** no início das refeições pode ser útil para reduzir os efeitos adversos como enjoo ou diarreia. Quando esses sintomas ocorrem durante o tratamento com antibióticos, tomá-lo junto com as refeições tende a minimizar tais desconfortos devido à interação do medicamento com alimentos no processo digestivo e na absorção de nutrientes.","O QUE DEVO SABER ANTES DE USAR ESTE MEDICAMENTO?, QUANDO NÃO DEVO USAR ESTE MEDICAMENTO?, QUAIS OS MALES QUE ESTE MEDICAMENTO PODE ME CAUSAR?","chunk_2273c1b76ec0, chunk_2273c1b76ec0, chunk_e3c9fe99e5cd, chunk_d22f44452468, chunk_622fb4d46c7e, chunk_11cbb1217441, chunk_6fd3c193ea42, chunk_7d57d737a19d","[""QUAIS OS MALES QUE ESTE MEDICAMENTO PODE ME CAUSAR?** \n\nAvise seu médico o mais cedo possível se você não se sentir bem durante o tratamento com **Amoxil[®]** . Assim como todo medicamento, **Amoxil[®]** pode provocar reações adversas, porém isso não ocorre com todas as pessoas. Os efeitos colaterais deste medicamento geralmente são leves. \n\n## **Reações comuns (ocorrem entre 1% e 10% dos pacientes que utilizam este medicamento):** \n\n- Diarreia (várias evacuações amolecidas por dia) e enjoo; quando isso acontece, os sintomas normalmente são leves e com frequência podem ser evitados tomando-se o medicamento no início das refeições. Se continuarem ou se tornarem graves, consulte o médico. \n\n- Erupções da pele. \n\n## **Reações incomuns (ocorrem entre 0,1% e 1% dos pacientes que utilizam este medicamento):** \n\n- Vômito, urticária e coceira. \n\n## **Reações muito raras (ocorrem em menos de 0,01% dos pacientes que utilizam este medicamento):** \n\n- Diminuição de glóbulos brancos (leucopenia reversível), que pode resultar em infecções frequentes, como febre, calafrios, inflamação da garganta ou úlceras na boca; \n\n- Baixa contagem de plaquetas (trombocitopenia reversível), que pode resultar em sangramento ou hematomas (manchas roxas) que surgem com mais facilidade que o normal; \n\n- Destruição de glóbulos vermelhos e consequentemente anemia (anemia hemolítica), que pode resultar em cansaço, dores de cabeça e falta de ar causada pela prática de exercícios físicos, vertigem, palidez e amarelamento da pele e/ou dos olhos;"", ""QUAIS OS MALES QUE ESTE MEDICAMENTO PODE ME CAUSAR?** \n\nAvise seu médico o mais cedo possível se você não se sentir bem durante o tratamento com **Amoxil[®]** . Assim como todo medicamento, **Amoxil[®]** pode provocar reações adversas, porém isso não ocorre com todas as pessoas. Os efeitos colaterais deste medicamento geralmente são leves. \n\n## **Reações comuns (ocorrem entre 1% e 10% dos pacientes que utilizam este medicamento):** \n\n- Diarreia (várias evacuações amolecidas por dia) e enjoo; quando isso acontece, os sintomas normalmente são leves e com frequência podem ser evitados tomando-se o medicamento no início das refeições. Se continuarem ou se tornarem graves, consulte o médico; \n\n- Erupções da pele. \n\n## **Reações incomuns (ocorrem entre 0,1% e 1% dos pacientes que utilizam este medicamento):** \n\n- Vômito, urticária e coceira. \n\n## **Reações muito raras (ocorrem em menos de 0,01% dos pacientes que utilizam este medicamento):** \n\n- Diminuição de glóbulos brancos (leucopenia reversível), que pode resultar em infecções frequentes, como febre, calafrios, inflamação da garganta ou úlceras na boca; \n\n- Baixa contagem de plaquetas (trombocitopenia reversível), que pode resultar em sangramento ou hematomas (manchas roxas que surgem com mais facilidade que o normal); \n\n- Destruição de glóbulos vermelhos e consequentemente anemia (anemia hemolítica), que pode resultar em cansaço, dores de cabeça e falta de ar causada pela prática de exercícios físicos, vertigem, palidez e amarelamento da pele e/ou dos olhos;"", ""O QUE DEVO SABER ANTES DE USAR ESTE MEDICAMENTO?** \n\n**Amoxil**[] suspensão contém aspartamo, que é fonte de fenilalanina e deve ser usado com cautela em pacientes com fenilcetonúria. Informe seu médico caso você tenha uma doença chamada fenilcetonúria. Antes de iniciar o tratamento com **Amoxil**[] , informe seu médico: \n\n- se você já apresentou reação alérgica a algum antibiótico. Isso pode incluir reações na pele ou inchaço na face ou pescoço ou dores no peito. \n\n1 \n\n**==> picture [86 x 28] intentionally omitted <==**\n\n## Modelo de Texto de Bula – Pacientes Amoxil[®] Pó para suspensão oral \n\n- se você apresenta febre glandular. \n\n- se você toma medicamentos usados para prevenir coágulos sanguíneos (anticoagulantes), tais como varfarina, o seu médico fará um monitoramento e, se necessário, poderá sugerir ajustes na dose dos anticoagulantes. \n\n- se você apresenta problema nos rins. \n\n- se você não estiver urinando regularmente. \n\n- se você já teve diarreia durante ou após o uso de antibióticos. \n\nO uso prolongado também pode resultar, ocasionalmente, em supercrescimento de microrganismos resistentes a **Amoxil[®]** . \n\n**Amoxil[®]** pode piorar algumas condições existentes ou causar efeitos colaterais graves, como reações alérgicas severas, reações cutâneas severas, dor no peito, vômitos repetitivos dentro de 1 a 4 horas após a administração de **Amoxil[®]** ou diarreia grave (colite pseudomembranosa). Você deve estar atento a determinados sintomas enquanto estiver recebendo **Amoxil[®]** para ajudar a reduzir o risco de quaisquer problemas."", ""já teve diarreia durante ou após o uso de antibióticos. \n\n1 \n\n**==> picture [87 x 28] intentionally omitted <==**\n\n## Modelo de Texto de Bula – Pacientes Amoxil[®] Cápsulas \n\nO uso prolongado também pode resultar, ocasionalmente, em supercrescimento de microrganismos resistentes a **Amoxil[®]** . \n\n**Amoxil[®]** pode piorar algumas condições existentes ou causar efeitos colaterais graves, como reações alérgicas severas, reações cutâneas severas, dor no peito, vômitos repetitivos dentro de 1 a 4 horas após a administração de **Amoxil[®]** ou diarreia grave (colite pseudomembranosa). Você deve estar atento a determinados sintomas enquanto estiver recebendo **Amoxil[®]** para ajudar a reduzir o risco de quaisquer problemas. \n\n## **Efeitos sobre a capacidade de dirigir veículos e de operar máquinas** \n\nNão se observaram efeitos adversos sobre a capacidade de dirigir veículos e de operar máquinas. \n\n## **Gravidez e amamentação** \n\n**Amoxil[®]** pode ser usado na gravidez desde que os benefícios potenciais sejam maiores que os riscos potenciais associados ao tratamento. Informe seu médico se você estiver grávida ou suspeitar que está grávida. Você não deve tomar este medicamento se estiver grávida, exceto se seu médico recomendar. \n\nVocê pode amamentar seu bebê enquanto estiver tomando **Amoxil[®]** , mas há excreção de quantidades mínimas de amoxicilina no leite materno. Se você estiver amamentando, informe ao seu médico antes de iniciar o tratamento com **Amoxil[®]** ."", ""QUANDO NÃO DEVO USAR ESTE MEDICAMENTO?** \n\nEste medicamento não pode ser administrado nem ingerido por pessoas alérgicas à amoxicilina, a outros antibióticos penicilínicos ou antibióticos similares, chamados cefalosporinas. Se você já teve uma reação alérgica (como erupções da pele) ao tomar um antibiótico, deve conversar com seu médico antes de usar **Amoxil[®] .** \n\n## **4. O QUE DEVO SABER ANTES DE USAR ESTE MEDICAMENTO** ? \n\nAntes de iniciar o tratamento com **Amoxil**[] , informe seu médico: \n\n- se você já apresentou reação alérgica a algum antibiótico. Isso pode incluir reações na pele ou inchaço na face ou pescoço ou dores no peito. \n\n- se você apresenta febre glandular. \n\n- se você toma medicamentos usados para prevenir coágulos sanguíneos (anticoagulantes), tais como varfarina, o seu médico fará um monitoramento e, se necessário, poderá sugerir ajustes na dose dos anticoagulantes. \n\n- se você apresenta problema nos rins. \n\n- se você não estiver urinando regularmente. \n\n- se você já teve diarreia durante ou após o uso de antibióticos. \n\n1 \n\n**==> picture [87 x 28] intentionally omitted <==**\n\n## Modelo de Texto de Bula – Pacientes Amoxil[®] Cápsulas \n\nO uso prolongado também pode resultar, ocasionalmente, em supercrescimento de microrganismos resistentes a **Amoxil[®]** ."", ""íase grave). A alimentação não interfere na ação de **Amoxil[®]** , que pode ser ingerido nas refeições. \n\n**Informe ao seu médico ou cirurgião-dentista se você está fazendo uso de algum outro medicamento. Não use medicamento sem o conhecimento do seu médico. Pode ser perigoso para a sua saúde.** \n\n**Atenção: Contém os corantes vermelho de eritrosina, azul de indigotina, dióxido de titânio e óxido de ferro amarelo que podem, eventualmente, causar reações alérgicas.** \n\n**É importante utilizar este medicamento durante todo o tempo prescrito pelo profissional de saúde habilitado, mesmo que os sinais e sintomas da infecção tenham desaparecido, pois isso não significa a cura. A interrupção do tratamento pode contribuir para o aparecimento de infecções mais graves.** \n\n## **5."", ""utâneas severas, dor no peito, vômitos repetitivos dentro de 1 a 4 horas após a administração de **Amoxil[®]** ou diarreia grave (colite pseudomembranosa). Você deve estar atento a determinados sintomas enquanto estiver recebendo **Amoxil[®]** para ajudar a reduzir o risco de quaisquer problemas. \n\n## **Efeitos sobre a capacidade de dirigir veículos e de operar máquinas** \n\nNão se observaram efeitos adversos sobre a capacidade de dirigir veículos e de operar máquinas. \n\n## **Gravidez e amamentação** \n\n**Amoxil[®]** pode ser usado na gravidez desde que os benefícios potenciais sejam maiores que os riscos potenciais associados ao tratamento. Informe seu médico se você estiver grávida ou suspeitar que está grávida. Você não deve tomar este medicamento se estiver grávida, exceto se seu médico recomendar. \n\nVocê pode amamentar seu bebê enquanto estiver tomando **Amoxil[®]** , mas há excreção de quantidades mínimas de amoxicilina no leite materno. Se você estiver amamentando, informe ao seu médico antes de iniciar o tratamento com **Amoxil[®]** . \n\n## **Este medicamento não deve ser utilizado por mulheres grávidas sem orientação médica ou do cirurgião-dentista.** \n\n**Uso compatível com o aleitamento ou doação de leite humano. O uso desse medicamento não interfere no aleitamento do bebê.** \n\n## **Atenção: Contém fenilalanina.** \n\n**Este produto contém benzoato de sódio, que pode causar reações alérgicas, como asma, especialmente em pessoas alérgicas ao ácido acetilsalicílico.** \n\n## **Uso em idosos, crianças e outros grupos de risco**"", ""se estiver grávida, exceto se seu médico recomendar. \n\nVocê pode amamentar seu bebê enquanto estiver tomando **Amoxil[®]** , mas há excreção de quantidades mínimas de amoxicilina no leite materno. Se você estiver amamentando, informe ao seu médico antes de iniciar o tratamento com **Amoxil[®]** . \n\n## **Este medicamento não deve ser utilizado por mulheres grávidas sem orientação médica ou do cirurgião-dentista.** \n\n**Uso compatível com o aleitamento ou doação de leite humano. O uso desse medicamento não interfere no aleitamento do bebê.** \n\n## **Uso em idosos, crianças e outros grupos de risco** \n\nAs recomendações especiais se referem às doses . \n\n## **Interações Medicamentosas** \n\nAlguns medicamentos podem causar efeitos indesejáveis se você os ingerir durante o tratamento com **Amoxil[®]** . Não deixe de avisar seu médico caso você esteja tomando: \n\n- medicamentos usados no tratamento de gota (probenecida ou alopurinol); \n\n- outros antibióticos; \n\n- pílulas anticoncepcionais (como acontece com outros antibióticos, talvez sejam necessárias precauções adicionais para evitar a gravidez); \n\n- anticoagulantes; \n\n- metotrexato (usado para tratar doenças como câncer e psoríase grave). A alimentação não interfere na ação de **Amoxil[®]** , que pode ser ingerido nas refeições. \n\n**Informe ao seu médico ou cirurgião-dentista se você está fazendo uso de algum outro medicamento. Não use medicamento sem o conhecimento do seu médico. Pode ser perigoso para a sua saúde.**""]",34.957,37.006
guarded_hybrid_agentic_fusion_rag,ollama:mediphi-instruct,AMOXIL,medio,Como a bula concilia a recomendação de tomar Amoxil nas refeições com a informação de que ele continua eficaz em outros horários?,medio,"A bula recomenda ingerir Amoxil nas refeições, mas esclarece que ele continua eficaz mesmo se tomado em outros horários. Também afirma que a alimentação não interfere na ação de Amoxil. Assim, tomar nas refeições é aceitável e pode melhorar a tolerabilidade, mas não é necessário para manter a eficácia.",O QUE DEVO SABER ANTES DE USAR ESTE MEDICAMENTO? / COMO DEVO USAR ESTE MEDICAMENTO?,"De acordo com a bula do medicamento AMOXIL, consta a seguinte informação: ""Recomenda-se ingerir o medicamento nas refeições, embora ele continue eficaz mesmo que você o tome em outros horários."" Esta recomendação sugere flexibilidade na administração do medicamento enquanto mantém sua eficácia. A sugestão de tomar com as refeições pode ser para melhor absorção ou reduzir possíveis desconfortos gastrointestinais, mas a bula reconhece que o uso em outros horários ainda é viável se necessário conforme orientado por um profissional médico.

---
*Esta resposta se baseia apenas nos trechos da bula recuperados e não substitui orientação médica ou farmacêutica.*","De acordo com a bula do medicamento AMOXIL, consta a seguinte informação: ""Recomenda-se ingerir o medicamento nas refeições, embora ele continue eficaz mesmo que você o tome em outros horários."" Esta recomendação sugere flexibilidade na administração do medicamento enquanto mantém sua eficácia. A sugestão de tomar com as refeições pode ser para melhor absorção ou reduzir possíveis desconfortos gastrointestinais, mas a bula reconhece que o uso em outros horários ainda é viável se necessário conforme orientado por um profissional médico.","COMO DEVO USAR ESTE MEDICAMENTO?, O QUE DEVO SABER ANTES DE USAR ESTE MEDICAMENTO?, QUANDO NÃO DEVO USAR ESTE MEDICAMENTO?","chunk_6db122270a0d, chunk_9d0ab2325c26, chunk_621ddc66ac1b, chunk_7d57d737a19d, chunk_11cbb1217441, chunk_e3c9fe99e5cd, chunk_d22f44452468, chunk_622fb4d46c7e","[""COMO DEVO USAR ESTE MEDICAMENTO?** \n\n## **Modo de usar** \n\nSiga as orientações de seu médico sobre a maneira e a hora correta de tomar o medicamento. Ele vai decidir a quantidade diária que você precisa e o tempo durante o qual você deve usar o medicamento. \n\nLeia esta bula com cautela. Se você tiver alguma dúvida, fale com seu médico. \n\nRecomenda-se ingerir o medicamento nas refeições, embora ele continue eficaz mesmo que você o tome em outros horários. \n\nContinue tomando este medicamento até o fim do tratamento prescrito pelo médico. Não pare somente porque se sente melhor. \n\n## Preparo da suspensão \n\n1. Verifique se o selo está intacto antes do uso do produto \n\n2. Para soltar o pó que fica no fundo do frasco, agite-o antes de abri-lo. Isso facilitará a reconstituição. \n\n3. Ponha água filtrada no frasco até a marca indicada e agite-o bem para misturar totalmente o pó com a água. \n\n4. Se a mistura não atingir a marca indicada, espere a espuma baixar e complete (lentamente) com água filtrada. Agite de novo o frasco e espere a espuma baixar até que a solução atinja exatamente a marca indicada. \n\nUtilize a colher dosadora para tomar o medicamento. \n\nA suspensão oral, após a reconstituição, ficará estável por 14 dias se for conservada em geladeira (entre 2[o] C e 8[o] C). \n\n## **Agite a suspensão oral antes de usá-la.** \n\n3 \n\n**==> picture [86 x 28] intentionally omitted <==**\n\n## Modelo de Texto de Bula – Pacientes Amoxil[®] Pó para suspensão oral \n\n## **Posologia** \n\n## **Dose para adultos e crianças acima de 40 kg**"", ""COMO DEVO USAR ESTE MEDICAMENTO?** \n\n## **Modo de usar** \n\nSiga as orientações de seu médico sobre a maneira e a hora correta de tomar o medicamento. Ele vai decidir a quantidade diária que você precisa e o tempo durante o qual você deve usar este medicamento. Leia esta bula com cautela. Se você tiver alguma dúvida, fale com seu médico. \n\nRecomenda-se ingerir o medicamento nas refeições, embora ele continue eficaz mesmo que você o tome em outros horários. \n\nContinue tomando este medicamento até o fim do tratamento prescrito pelo médico. Não pare somente porque se sente melhor. \n\n**As cápsulas devem ser ingeridas inteiras com água. Não as mastigue.** \n\n## **Posologia** \n\nAtenção! Para algumas doses indicadas abaixo (doses inferiores a 500 mg) é necessário o uso da suspensão oral, converse com seu médico ou farmacêutico em caso de dúvida. \n\n## **Dose para adultos e crianças acima de 40 kg** \n\n- Dose padrão: 500 mg (uma cápsula) três vezes ao dia (de 8 em 8 horas) nas infecções mais graves. \n\n- Tratamento com dosagem alta (máximo recomendável de 6 g ao dia em doses divididas): recomenda-se uma dose de 3 g (seis cápsulas) duas vezes ao dia (de 12 em 12 horas) em casos que requerem tratamento de infecção respiratória purulenta (com a presença de pus) grave ou recorrente. \n\n## **- Tratamento de curta duração (gonorreia): dose única de 3 g.**"", ""camento não interfere no aleitamento do bebê.** \n\n## **Atenção: Contém fenilalanina.** \n\n**Este produto contém benzoato de sódio, que pode causar reações alérgicas, como asma, especialmente em pessoas alérgicas ao ácido acetilsalicílico.** \n\n## **Uso em idosos, crianças e outros grupos de risco** \n\nAs recomendações especiais se referem às dosagens . Não há contraindicação relativa a faixas etárias. \n\n## **Interações medicamentosas** \n\nAlguns medicamentos podem causar efeitos indesejáveis se você os ingerir durante o tratamento com **Amoxil[®]** . Não deixe de avisar seu médico caso você esteja tomando: \n\n- medicamentos usados no tratamento de gota (probenecida ou alopurinol); \n\n- outros antibióticos; \n\n- pílulas anticoncepcionais (como acontece com outros antibióticos, talvez sejam necessárias precauções adicionais para evitar a gravidez); \n\n- anticoagulantes; \n\n- metotrexato (usado para tratar doenças como câncer e psoríase grave). \n\nA alimentação não interfere na ação de **Amoxil[®]** , que pode ser ingerido nas refeições. \n\n2 \n\n**==> picture [86 x 28] intentionally omitted <==**\n\n## Modelo de Texto de Bula – Pacientes Amoxil[®] Pó para suspensão oral \n\n**Informe seu médico ou cirurgião-dentista se você está fazendo uso de algum outro medicamento. Não use medicamento sem o conhecimento de seu médico. Pode ser perigoso para sua saúde.**"", ""se estiver grávida, exceto se seu médico recomendar. \n\nVocê pode amamentar seu bebê enquanto estiver tomando **Amoxil[®]** , mas há excreção de quantidades mínimas de amoxicilina no leite materno. Se você estiver amamentando, informe ao seu médico antes de iniciar o tratamento com **Amoxil[®]** . \n\n## **Este medicamento não deve ser utilizado por mulheres grávidas sem orientação médica ou do cirurgião-dentista.** \n\n**Uso compatível com o aleitamento ou doação de leite humano. O uso desse medicamento não interfere no aleitamento do bebê.** \n\n## **Uso em idosos, crianças e outros grupos de risco** \n\nAs recomendações especiais se referem às doses . \n\n## **Interações Medicamentosas** \n\nAlguns medicamentos podem causar efeitos indesejáveis se você os ingerir durante o tratamento com **Amoxil[®]** . Não deixe de avisar seu médico caso você esteja tomando: \n\n- medicamentos usados no tratamento de gota (probenecida ou alopurinol); \n\n- outros antibióticos; \n\n- pílulas anticoncepcionais (como acontece com outros antibióticos, talvez sejam necessárias precauções adicionais para evitar a gravidez); \n\n- anticoagulantes; \n\n- metotrexato (usado para tratar doenças como câncer e psoríase grave). A alimentação não interfere na ação de **Amoxil[®]** , que pode ser ingerido nas refeições. \n\n**Informe ao seu médico ou cirurgião-dentista se você está fazendo uso de algum outro medicamento. Não use medicamento sem o conhecimento do seu médico. Pode ser perigoso para a sua saúde.**"", ""íase grave). A alimentação não interfere na ação de **Amoxil[®]** , que pode ser ingerido nas refeições. \n\n**Informe ao seu médico ou cirurgião-dentista se você está fazendo uso de algum outro medicamento. Não use medicamento sem o conhecimento do seu médico. Pode ser perigoso para a sua saúde.** \n\n**Atenção: Contém os corantes vermelho de eritrosina, azul de indigotina, dióxido de titânio e óxido de ferro amarelo que podem, eventualmente, causar reações alérgicas.** \n\n**É importante utilizar este medicamento durante todo o tempo prescrito pelo profissional de saúde habilitado, mesmo que os sinais e sintomas da infecção tenham desaparecido, pois isso não significa a cura. A interrupção do tratamento pode contribuir para o aparecimento de infecções mais graves.** \n\n## **5."", ""O QUE DEVO SABER ANTES DE USAR ESTE MEDICAMENTO?** \n\n**Amoxil**[] suspensão contém aspartamo, que é fonte de fenilalanina e deve ser usado com cautela em pacientes com fenilcetonúria. Informe seu médico caso você tenha uma doença chamada fenilcetonúria. Antes de iniciar o tratamento com **Amoxil**[] , informe seu médico: \n\n- se você já apresentou reação alérgica a algum antibiótico. Isso pode incluir reações na pele ou inchaço na face ou pescoço ou dores no peito. \n\n1 \n\n**==> picture [86 x 28] intentionally omitted <==**\n\n## Modelo de Texto de Bula – Pacientes Amoxil[®] Pó para suspensão oral \n\n- se você apresenta febre glandular. \n\n- se você toma medicamentos usados para prevenir coágulos sanguíneos (anticoagulantes), tais como varfarina, o seu médico fará um monitoramento e, se necessário, poderá sugerir ajustes na dose dos anticoagulantes. \n\n- se você apresenta problema nos rins. \n\n- se você não estiver urinando regularmente. \n\n- se você já teve diarreia durante ou após o uso de antibióticos. \n\nO uso prolongado também pode resultar, ocasionalmente, em supercrescimento de microrganismos resistentes a **Amoxil[®]** . \n\n**Amoxil[®]** pode piorar algumas condições existentes ou causar efeitos colaterais graves, como reações alérgicas severas, reações cutâneas severas, dor no peito, vômitos repetitivos dentro de 1 a 4 horas após a administração de **Amoxil[®]** ou diarreia grave (colite pseudomembranosa). Você deve estar atento a determinados sintomas enquanto estiver recebendo **Amoxil[®]** para ajudar a reduzir o risco de quaisquer problemas."", ""já teve diarreia durante ou após o uso de antibióticos. \n\n1 \n\n**==> picture [87 x 28] intentionally omitted <==**\n\n## Modelo de Texto de Bula – Pacientes Amoxil[®] Cápsulas \n\nO uso prolongado também pode resultar, ocasionalmente, em supercrescimento de microrganismos resistentes a **Amoxil[®]** . \n\n**Amoxil[®]** pode piorar algumas condições existentes ou causar efeitos colaterais graves, como reações alérgicas severas, reações cutâneas severas, dor no peito, vômitos repetitivos dentro de 1 a 4 horas após a administração de **Amoxil[®]** ou diarreia grave (colite pseudomembranosa). Você deve estar atento a determinados sintomas enquanto estiver recebendo **Amoxil[®]** para ajudar a reduzir o risco de quaisquer problemas. \n\n## **Efeitos sobre a capacidade de dirigir veículos e de operar máquinas** \n\nNão se observaram efeitos adversos sobre a capacidade de dirigir veículos e de operar máquinas. \n\n## **Gravidez e amamentação** \n\n**Amoxil[®]** pode ser usado na gravidez desde que os benefícios potenciais sejam maiores que os riscos potenciais associados ao tratamento. Informe seu médico se você estiver grávida ou suspeitar que está grávida. Você não deve tomar este medicamento se estiver grávida, exceto se seu médico recomendar. \n\nVocê pode amamentar seu bebê enquanto estiver tomando **Amoxil[®]** , mas há excreção de quantidades mínimas de amoxicilina no leite materno. Se você estiver amamentando, informe ao seu médico antes de iniciar o tratamento com **Amoxil[®]** ."", ""QUANDO NÃO DEVO USAR ESTE MEDICAMENTO?** \n\nEste medicamento não pode ser administrado nem ingerido por pessoas alérgicas à amoxicilina, a outros antibióticos penicilínicos ou antibióticos similares, chamados cefalosporinas. Se você já teve uma reação alérgica (como erupções da pele) ao tomar um antibiótico, deve conversar com seu médico antes de usar **Amoxil[®] .** \n\n## **4. O QUE DEVO SABER ANTES DE USAR ESTE MEDICAMENTO** ? \n\nAntes de iniciar o tratamento com **Amoxil**[] , informe seu médico: \n\n- se você já apresentou reação alérgica a algum antibiótico. Isso pode incluir reações na pele ou inchaço na face ou pescoço ou dores no peito. \n\n- se você apresenta febre glandular. \n\n- se você toma medicamentos usados para prevenir coágulos sanguíneos (anticoagulantes), tais como varfarina, o seu médico fará um monitoramento e, se necessário, poderá sugerir ajustes na dose dos anticoagulantes. \n\n- se você apresenta problema nos rins. \n\n- se você não estiver urinando regularmente. \n\n- se você já teve diarreia durante ou após o uso de antibióticos. \n\n1 \n\n**==> picture [87 x 28] intentionally omitted <==**\n\n## Modelo de Texto de Bula – Pacientes Amoxil[®] Cápsulas \n\nO uso prolongado também pode resultar, ocasionalmente, em supercrescimento de microrganismos resistentes a **Amoxil[®]** .""]",40.107,40.91
guarded_hybrid_agentic_fusion_rag,ollama:mediphi-instruct,AMOXIL,medio,Qual é o esquema de Amoxil para erradicação de Helicobacter pylori e quais outros tipos de medicamentos devem ser associados segundo a bula?,medio,"Para erradicação de Helicobacter pylori, a bula da suspensão oral recomenda Amoxil 750 mg a 1 g duas vezes ao dia, associado a um inibidor da bomba de prótons, como omeprazol ou lansoprazol, e a outro agente antimicrobiano, como claritromicina ou metronidazol, por 7 dias.",COMO DEVO USAR ESTE MEDICAMENTO?,"De acordo com a bula do medicamento AMOXIL, consta a seguinte informação: 

Para combater o Helicobacter pylori (bactéria que ataca estômago e duodeno), recomenda-se usar Amoxil no esquema de 1 g duas vezes ao dia em associação com um inibidor da bomba de prótons, por exemplo omeprazol ou lançoprazol, e outro agente antimicrobiano como claritromicina ou metronidazol. O tratamento deve durar 7 dias para erradicar a bactéria responsável pela infecção de úlcera péptica no estômago ou duodeno, que pode causar inflamações e ulcerares graves se não forem controladas adequadamente.

---
*Esta resposta se baseia apenas nos trechos da bula recuperados e não substitui orientação médica ou farmacêutica.*","De acordo com a bula do medicamento AMOXIL, consta a seguinte informação: 

Para combater o Helicobacter pylori (bactéria que ataca estômago e duodeno), recomenda-se usar Amoxil no esquema de 1 g duas vezes ao dia em associação com um inibidor da bomba de prótons, por exemplo omeprazol ou lançoprazol, e outro agente antimicrobiano como claritromicina ou metronidazol. O tratamento deve durar 7 dias para erradicar a bactéria responsável pela infecção de úlcera péptica no estômago ou duodeno, que pode causar inflamações e ulcerares graves se não forem controladas adequadamente.","COMO ESTE MEDICAMENTO FUNCIONA?, COMO DEVO USAR ESTE MEDICAMENTO?, PARA QUE ESTE MEDICAMENTO É INDICADO?","chunk_c0033b15fe08, chunk_05bc48672ff1, chunk_29c1314f7e21, chunk_29c1314f7e21, chunk_9514da6bb24d, chunk_9d0ab2325c26","[""servada em geladeira (entre 2[o] C e 8[o] C). \n\n## **Agite a suspensão oral antes de usá-la.** \n\n3 \n\n**==> picture [86 x 28] intentionally omitted <==**\n\n## Modelo de Texto de Bula – Pacientes Amoxil[®] Pó para suspensão oral \n\n## **Posologia** \n\n## **Dose para adultos e crianças acima de 40 kg** \n\nDose padrão: 250 mg três vezes ao dia (de 8 em 8 horas), podendo ser aumentada para 500 mg três vezes ao dia (de 8 em 8 horas) nas infecções mais graves. \n\n## **Tratamento com dosagem alta (máximo recomendável de 6 g ao dia em doses divididas)** \n\nRecomenda-se uma dose de 3g duas vezes ao dia (de 12 em 12 horas) nos casos que requerem tratamento de infecção respiratória purulenta (com a presença de pus) grave ou recorrente. \n\n## **Tratamento de curta duração** \n\nGonorreia: dose única de 3 g. \n\n## **Erradicação de** _**Helicobacter pylori**_ **em úlcera péptica (no duodeno ou no estômago)** \n\nPara combater o _Helicobacter_ (bactéria que ataca o estômago e o duodeno), recomenda-se o uso de **Amoxil[®]** no esquema de 750 mg a 1 g duas vezes ao dia, em associação com um inibidor da bomba de prótons (exemplo: omeprazol, lanzoprazol) e outro agente antimicrobiano (por exemplo claritromicina, metronidazol), por 7 dias. \n\n## **Dose para crianças abaixo de 40 kg** \n\nDose padrão para crianças: 20 a 50 mg/kg/dia em doses divididas (de 8 em 8 horas), até um máximo de 150 mg/kg/dia em doses divididas. \n\n## **Pacientes com insuficiência renal (dos rins)**"", ""g ao dia em doses divididas): recomenda-se uma dose de 3 g (seis cápsulas) duas vezes ao dia (de 12 em 12 horas) em casos que requerem tratamento de infecção respiratória purulenta (com a presença de pus) grave ou recorrente. \n\n## **- Tratamento de curta duração (gonorreia): dose única de 3 g.** \n\n**Erradicação de** _**Helicobacter pylori:**_ para combater o _Helicobacter_ (bactéria que ataca o estômago e o duodeno), recomenda-se o uso de Amoxil[®] no esquema de 1 g duas vezes ao dia (de 12 em 12 horas), em associação com um medicamento conhecido como inibidor da bomba de prótons (exemplo: omeprazol, lanzoprazol) e outro agente antimicrobiano (por exemplo claritromicina, metronidazol), por 7 dias. \n\n## **Pacientes com insuficiência renal (dos rins)** \n\nNa insuficiência renal, a eliminação do antibiótico é mais lenta. Conforme o grau dessa condição, seu médico pode indicar a redução da dose diária total de acordo com o esquema descrito a seguir. \n\nAdultos e crianças acima de 40 kg \n\n- insuficiência leve: nenhuma alteração de dose; \n\n- insuficiência moderada: máximo de 500 mg (uma cápsula) duas vezes ao dia (de 12 em 12 horas); \n\n- insuficiência grave: máximo de 500 mg (uma cápsula) ao dia. \n\n3 \n\n**==> picture [87 x 28] intentionally omitted <==**\n\n## Modelo de Texto de Bula – Pacientes Amoxil[®] Cápsulas \n\n## **Pacientes que recebem diálise peritoneal**"", ""PARA QUE ESTE MEDICAMENTO É INDICADO?** \n\n**Amoxil[®]** , antibiótico eficaz contra grande variedade de bactérias, é indicado para tratamento de infecções bacterianas causadas por germes sensíveis à ação da amoxicilina. Entretanto, seu médico pode receitar este medicamento para outro uso. Se desejar mais informações, pergunte ao seu médico. \n\n## **2."", ""PARA QUE ESTE MEDICAMENTO É INDICADO?** \n\n**Amoxil[®]** , um antibiótico eficaz contra grande variedade de bactérias, é indicado para tratamento de infecções bacterianas causadas por germes sensíveis à ação da amoxicilina. Entretanto, seu médico pode receitar este medicamento para outro uso. Se desejar mais informações, pergunte ao seu médico. \n\n## **2."", ""COMO ESTE MEDICAMENTO FUNCIONA?** \n\n**Amoxil[®]** contém uma penicilina chamada amoxicilina como ingrediente ativo. A amoxicilina pertence ao grupo dos antibióticos penicilânicos. **Amoxil[®]** é usado no tratamento de uma gama de infecções causadas por bactérias, que podem manifestar-se nos pulmões (pneumonia e bronquite), nas amígdalas (amigdalite), nos seios da face (sinusite), no trato urinário e genital, na pele e nas mucosas. **Amoxil[®]** atua destruindo as bactérias que causam essas infecções. \n\n## **3."", ""COMO DEVO USAR ESTE MEDICAMENTO?** \n\n## **Modo de usar** \n\nSiga as orientações de seu médico sobre a maneira e a hora correta de tomar o medicamento. Ele vai decidir a quantidade diária que você precisa e o tempo durante o qual você deve usar este medicamento. Leia esta bula com cautela. Se você tiver alguma dúvida, fale com seu médico. \n\nRecomenda-se ingerir o medicamento nas refeições, embora ele continue eficaz mesmo que você o tome em outros horários. \n\nContinue tomando este medicamento até o fim do tratamento prescrito pelo médico. Não pare somente porque se sente melhor. \n\n**As cápsulas devem ser ingeridas inteiras com água. Não as mastigue.** \n\n## **Posologia** \n\nAtenção! Para algumas doses indicadas abaixo (doses inferiores a 500 mg) é necessário o uso da suspensão oral, converse com seu médico ou farmacêutico em caso de dúvida. \n\n## **Dose para adultos e crianças acima de 40 kg** \n\n- Dose padrão: 500 mg (uma cápsula) três vezes ao dia (de 8 em 8 horas) nas infecções mais graves. \n\n- Tratamento com dosagem alta (máximo recomendável de 6 g ao dia em doses divididas): recomenda-se uma dose de 3 g (seis cápsulas) duas vezes ao dia (de 12 em 12 horas) em casos que requerem tratamento de infecção respiratória purulenta (com a presença de pus) grave ou recorrente. \n\n## **- Tratamento de curta duração (gonorreia): dose única de 3 g.**""]",19.263,27.533
guarded_hybrid_agentic_fusion_rag,ollama:mediphi-instruct,AMOXIL,medio,Por que pacientes com fenilcetonúria devem ter cautela especificamente com Amoxil suspensão oral?,medio,"Porque a formulação em suspensão oral contém aspartamo, que é fonte de fenilalanina. A bula informa que Amoxil suspensão deve ser usado com cautela em pacientes com fenilcetonúria e orienta informar o médico caso o paciente tenha essa doença.",IDENTIFICAÇÃO DO MEDICAMENTO / O QUE DEVO SABER ANTES DE USAR ESTE MEDICAMENTO?,"De acordo com a bula do medicamento AMOXIL, consta a seguinte informação: 
Amoxil[®] contém aspartamo que é fonte de fenilalanina e deve ser usado com cautela em pacientes com fenilcetonúria.

---
*Esta resposta se baseia apenas nos trechos da bula recuperados e não substitui orientação médica ou farmacêutica.*","De acordo com a bula do medicamento AMOXIL, consta a seguinte informação: 
Amoxil[®] contém aspartamo que é fonte de fenilalanina e deve ser usado com cautela em pacientes com fenilcetonúria.","COMO DEVO USAR ESTE MEDICAMENTO?, O QUE DEVO SABER ANTES DE USAR ESTE MEDICAMENTO?, QUANDO NÃO DEVO USAR ESTE MEDICAMENTO?, QUAIS OS MALES QUE ESTE MEDICAMENTO PODE ME CAUSAR?","chunk_e3c9fe99e5cd, chunk_621ddc66ac1b, chunk_f81a2a346d66, chunk_619626ac8cd4, chunk_6313476f076e, chunk_6fd3c193ea42, chunk_1ddf28119f88, chunk_622fb4d46c7e","[""O QUE DEVO SABER ANTES DE USAR ESTE MEDICAMENTO?** \n\n**Amoxil**[] suspensão contém aspartamo, que é fonte de fenilalanina e deve ser usado com cautela em pacientes com fenilcetonúria. Informe seu médico caso você tenha uma doença chamada fenilcetonúria. Antes de iniciar o tratamento com **Amoxil**[] , informe seu médico: \n\n- se você já apresentou reação alérgica a algum antibiótico. Isso pode incluir reações na pele ou inchaço na face ou pescoço ou dores no peito. \n\n1 \n\n**==> picture [86 x 28] intentionally omitted <==**\n\n## Modelo de Texto de Bula – Pacientes Amoxil[®] Pó para suspensão oral \n\n- se você apresenta febre glandular. \n\n- se você toma medicamentos usados para prevenir coágulos sanguíneos (anticoagulantes), tais como varfarina, o seu médico fará um monitoramento e, se necessário, poderá sugerir ajustes na dose dos anticoagulantes. \n\n- se você apresenta problema nos rins. \n\n- se você não estiver urinando regularmente. \n\n- se você já teve diarreia durante ou após o uso de antibióticos. \n\nO uso prolongado também pode resultar, ocasionalmente, em supercrescimento de microrganismos resistentes a **Amoxil[®]** . \n\n**Amoxil[®]** pode piorar algumas condições existentes ou causar efeitos colaterais graves, como reações alérgicas severas, reações cutâneas severas, dor no peito, vômitos repetitivos dentro de 1 a 4 horas após a administração de **Amoxil[®]** ou diarreia grave (colite pseudomembranosa). Você deve estar atento a determinados sintomas enquanto estiver recebendo **Amoxil[®]** para ajudar a reduzir o risco de quaisquer problemas."", ""camento não interfere no aleitamento do bebê.** \n\n## **Atenção: Contém fenilalanina.** \n\n**Este produto contém benzoato de sódio, que pode causar reações alérgicas, como asma, especialmente em pessoas alérgicas ao ácido acetilsalicílico.** \n\n## **Uso em idosos, crianças e outros grupos de risco** \n\nAs recomendações especiais se referem às dosagens . Não há contraindicação relativa a faixas etárias. \n\n## **Interações medicamentosas** \n\nAlguns medicamentos podem causar efeitos indesejáveis se você os ingerir durante o tratamento com **Amoxil[®]** . Não deixe de avisar seu médico caso você esteja tomando: \n\n- medicamentos usados no tratamento de gota (probenecida ou alopurinol); \n\n- outros antibióticos; \n\n- pílulas anticoncepcionais (como acontece com outros antibióticos, talvez sejam necessárias precauções adicionais para evitar a gravidez); \n\n- anticoagulantes; \n\n- metotrexato (usado para tratar doenças como câncer e psoríase grave). \n\nA alimentação não interfere na ação de **Amoxil[®]** , que pode ser ingerido nas refeições. \n\n2 \n\n**==> picture [86 x 28] intentionally omitted <==**\n\n## Modelo de Texto de Bula – Pacientes Amoxil[®] Pó para suspensão oral \n\n**Informe seu médico ou cirurgião-dentista se você está fazendo uso de algum outro medicamento. Não use medicamento sem o conhecimento de seu médico. Pode ser perigoso para sua saúde.**"", ""86 x 28] intentionally omitted <==**\n\n## Modelo de Texto de Bula – Pacientes Amoxil[®] Pó para suspensão oral \n\n**Informe seu médico ou cirurgião-dentista se você está fazendo uso de algum outro medicamento. Não use medicamento sem o conhecimento de seu médico. Pode ser perigoso para sua saúde.** \n\n**É importante utilizar este medicamento durante todo o tempo prescrito pelo profissional de saúde habilitado, mesmo que os sinais e sintomas da infecção tenham desaparecido, pois isso não significa a cura. A interrupção do tratamento pode contribuir para o aparecimento de infecções mais graves.** \n\n## **5."", ""ave. A diálise peritoneal (processo de limpeza das substâncias tóxicas do organismo através do peritônio, membrana que envolve o abdômen) não remove a amoxicilina do corpo. \n\n## **Pacientes que recebem hemodiálise** \n\nUsa-se a mesma posologia indicada para pacientes com insuficiência renal grave. \n\nA amoxicilina é removida do sangue por hemodiálise (processo que substitui os rins na filtragem sanguínea). Portanto, uma dose adicional (500 mg para adultos e crianças acima de 40kg ou 15 mg/kg para crianças abaixo de 40 kg) pode ser administrada durante e no final de cada diálise. \n\nSeu médico poderá indicar tratamento por via parenteral (feito com aplicação de injeções intravenosas, intramusculares ou subcutâneas) nos casos em que a via oral for considerada inadequada (particularmente nos tratamentos urgentes de infecções graves). \n\nConforme o grau de insuficiência renal, talvez seu médico ache necessário reduzir a dose diária total. \n\n4 \n\n**==> picture [86 x 28] intentionally omitted <==**\n\n## Modelo de Texto de Bula – Pacientes Amoxil[®] Pó para suspensão oral \n\n## **Siga a orientação de seu médico, respeitando sempre os horários, as doses e a duração do tratamento. Não interrompa o tratamento sem o conhecimento de seu médico.** \n\n## **7."", "", tontura; \n\n- Candidíase mucocutânea, infecção micótica (causada por fungos) que normalmente afeta as partes íntimas ou a boca; na área genital, pode provocar coceira e queimação (com a presença de uma fina camada de secreção branca), e na boca ou na língua podem surgir pintas brancas dolorosas; \n\n- Colite associada a antibióticos (inflamação no cólon (intestino grosso), causando diarreia grave, que também pode conter sangue e ser acompanhada de cólicas abdominais; \n\n- Sua língua pode mudar de cor, ficando amarela, marrom ou preta, e dar a impressão de ter pelos (língua pilosa negra); \n\n- Houve relatos de descoloração superficial dos dentes em crianças. Uma boa higiene oral ajuda a prevenir esse efeito porque o produto pode, em geral, ser removido com a escovação (apenas **Amoxil[®]** em suspensão oral); \n\n- Inflamação da membrana que reveste o cérebro (meningite asséptica); \n\n- Erupção cutânea com bolhas dispostas em círculo com crosta central ou como um colar de pérolas (doença IgA linear); \n\n5 \n\n**==> picture [86 x 28] intentionally omitted <==**\n\n## Modelo de Texto de Bula – Pacientes Amoxil[®] Pó para suspensão oral \n\n- Efeitos relacionados ao fígado; esses sintomas podem manifestar-se como enjoo, vômito, perda de apetite, sensação geral de mal-estar, febre, coceira, amarelamento da pele e dos olhos e escurecimento da urina e aumento de algumas substâncias (enzimas) produzidas pelo fígado;"", ""utâneas severas, dor no peito, vômitos repetitivos dentro de 1 a 4 horas após a administração de **Amoxil[®]** ou diarreia grave (colite pseudomembranosa). Você deve estar atento a determinados sintomas enquanto estiver recebendo **Amoxil[®]** para ajudar a reduzir o risco de quaisquer problemas. \n\n## **Efeitos sobre a capacidade de dirigir veículos e de operar máquinas** \n\nNão se observaram efeitos adversos sobre a capacidade de dirigir veículos e de operar máquinas. \n\n## **Gravidez e amamentação** \n\n**Amoxil[®]** pode ser usado na gravidez desde que os benefícios potenciais sejam maiores que os riscos potenciais associados ao tratamento. Informe seu médico se você estiver grávida ou suspeitar que está grávida. Você não deve tomar este medicamento se estiver grávida, exceto se seu médico recomendar. \n\nVocê pode amamentar seu bebê enquanto estiver tomando **Amoxil[®]** , mas há excreção de quantidades mínimas de amoxicilina no leite materno. Se você estiver amamentando, informe ao seu médico antes de iniciar o tratamento com **Amoxil[®]** . \n\n## **Este medicamento não deve ser utilizado por mulheres grávidas sem orientação médica ou do cirurgião-dentista.** \n\n**Uso compatível com o aleitamento ou doação de leite humano. O uso desse medicamento não interfere no aleitamento do bebê.** \n\n## **Atenção: Contém fenilalanina.** \n\n**Este produto contém benzoato de sódio, que pode causar reações alérgicas, como asma, especialmente em pessoas alérgicas ao ácido acetilsalicílico.** \n\n## **Uso em idosos, crianças e outros grupos de risco**"", ""roxas) que surgem com mais facilidade que o normal; \n\n- Destruição de glóbulos vermelhos e consequentemente anemia (anemia hemolítica), que pode resultar em cansaço, dores de cabeça e falta de ar causada pela prática de exercícios físicos, vertigem, palidez e amarelamento da pele e/ou dos olhos; \n\n- Sinais repentinos de alergia, como erupções da pele, prurido (coceira) ou urticária, inchaço da face, dos lábios, da língua ou de outras partes do corpo, falta de ar, respiração ofegante ou problemas para respirar; se esses sintomas ocorrerem, pare de usar **Amoxil[®]** e procure socorro médico o mais rápido possível; \n\n4 \n\n**==> picture [87 x 28] intentionally omitted <==**\n\n## Modelo de Texto de Bula – Pacientes Amoxil[®] Cápsulas \n\n- Dor no peito, que pode ser um sinal de uma reação alérgica potencialmente grave chamada síndrome de Kounis; \n\n- Vômitos repetitivos (1 a 4 horas após a administração de **Amoxil[®]** ), dores no estômago, sonolência anormal, diarreia e pressão baixa, que podem ser um sinal de uma reação alérgica grave denominada síndrome de enterocolite induzida por medicamentos; \n\n- Convulsões (ataques) podem ocorrer em pacientes com função renal prejudicada ou que estejam recebendo doses altas do medicamento; \n\n- Hipercinesia (presença de movimentos exacerbados e incontrolados), tontura;"", ""QUANDO NÃO DEVO USAR ESTE MEDICAMENTO?** \n\nEste medicamento não pode ser administrado nem ingerido por pessoas alérgicas à amoxicilina, a outros antibióticos penicilínicos ou antibióticos similares, chamados cefalosporinas. Se você já teve uma reação alérgica (como erupções da pele) ao tomar um antibiótico, deve conversar com seu médico antes de usar **Amoxil[®] .** \n\n## **4. O QUE DEVO SABER ANTES DE USAR ESTE MEDICAMENTO** ? \n\nAntes de iniciar o tratamento com **Amoxil**[] , informe seu médico: \n\n- se você já apresentou reação alérgica a algum antibiótico. Isso pode incluir reações na pele ou inchaço na face ou pescoço ou dores no peito. \n\n- se você apresenta febre glandular. \n\n- se você toma medicamentos usados para prevenir coágulos sanguíneos (anticoagulantes), tais como varfarina, o seu médico fará um monitoramento e, se necessário, poderá sugerir ajustes na dose dos anticoagulantes. \n\n- se você apresenta problema nos rins. \n\n- se você não estiver urinando regularmente. \n\n- se você já teve diarreia durante ou após o uso de antibióticos. \n\n1 \n\n**==> picture [87 x 28] intentionally omitted <==**\n\n## Modelo de Texto de Bula – Pacientes Amoxil[®] Cápsulas \n\nO uso prolongado também pode resultar, ocasionalmente, em supercrescimento de microrganismos resistentes a **Amoxil[®]** .""]",25.205,20.091
guarded_hybrid_agentic_fusion_rag,ollama:mediphi-instruct,RIVOTRIL,medio,"Em crianças com distúrbios epilépticos, como a faixa etária ou peso altera a dose inicial de Rivotril e que cuidado respiratório deve ser observado em lactentes e crianças pequenas?",medio,"Para recém-nascidos e crianças até 10 anos de idade ou 30 kg, a dose inicial média é de 0,01 a 0,03 mg/kg/dia, não excedendo 0,05 mg/kg/dia, dividida em 2 ou 3 doses. Para crianças entre 10 e 16 anos, a dose inicial é de 1 a 1,5 mg/dia, dividida em 2 a 3 doses. A bula também alerta que Rivotril pode aumentar a salivação e as secreções brônquicas em lactentes e crianças pequenas, devendo-se manter as vias aéreas livres.",COMO DEVO USAR ESTE MEDICAMENTO? / O QUE DEVO SABER ANTES DE USAR ESTE MEDICAMENTO?,"De acordo com a bula consultada de RIVOTRIL, consta a seguinte informação: 
Em recém-nascidos ou bebês que pesem menos de 30 kg e até os primeiros anos da infância (1 ano), o uso inicial recomendado é entre 0.01 mg/kg / dia e não exceda a dose máxima diária total permitida, dividido em duas ou três doses por dia; para crianças de um ao cinco anos com peso superior a esse limite (30 kg), o uso inicial recomendado é entre 1 mg/dia e não excede os 1.5 mg diários que podem ser aumentados conforme necessário, divididos em duas ou três doses por dia; para crianças de seis a dez anos com peso superior aos limites anteriores (30 kg), o uso inicial recomendado é entre 1 e 1,5 mg/dia. A dose diária máxima permitida geralmente não excede os 6 mg por dia em crianças de um a dez anos; para pacientes pediátricos com peso superior aos limites anteriores (30 kg), o uso inicial recomendado é entre 1 e 2.5 mg/dia, que pode ser aumentada conforme necessário até atingir os valores de manutenção individuais usualmente em torno dos 6 a 18 mg por dia; para pacientes pediátricos com peso superior aos limites anteriores (30 kg), o uso inicial recomendado é entre 2 e 5 mg/dia, que pode ser aumentada conforme necessário até atingir os valores de manutenção individuais usualmente em torno dos 6 a 18 mg por dia. Atenção: mantendo as vias respiratórias livres para evitar o risco da obstrução do trato aerodigestivo superior, pois pode causar salivação excessiva e secreções brônquicas em lactentes ou crianças pequenas; a amamentação deve ser descontinuada se necessário. 

Não há dados de segurança / eficácia para pacientes pediátricos com distúrbios do pânico abaixo dos cinco anos, por isso o uso em crianças menores que esse limite deve ser considerado apenas se necessário. 

Nos idosos os benzodiazepínicos parecem ter efeitos mais pronunciados mesmo com concentrações plasmáticas semelhantes, por isso a dose inicial recomendada para pacientes de um ano ou menos deve ser reduzida conforme necessário. 

Os benzodiazepínicos podem causar sedação e perda da memória em idosos; o uso prolongado com doses terapêuticas é associado a dependência física, tolerância psicológica ou abuso potencial de drogas.

---
*Esta resposta se baseia apenas nos trechos da bula recuperados e não substitui orientação médica ou farmacêutica.*","De acordo com a bula consultada de RIVOTRIL, consta a seguinte informação: 
Em recém-nascidos ou bebês que pesem menos de 30 kg e até os primeiros anos da infância (1 ano), o uso inicial recomendado é entre 0.01 mg/kg / dia e não exceda a dose máxima diária total permitida, dividido em duas ou três doses por dia; para crianças de um ao cinco anos com peso superior a esse limite (30 kg), o uso inicial recomendado é entre 1 mg/dia e não excede os 1.5 mg diários que podem ser aumentados conforme necessário, divididos em duas ou três doses por dia; para crianças de seis a dez anos com peso superior aos limites anteriores (30 kg), o uso inicial recomendado é entre 1 e 1,5 mg/dia. A dose diária máxima permitida geralmente não excede os 6 mg por dia em crianças de um a dez anos; para pacientes pediátricos com peso superior aos limites anteriores (30 kg), o uso inicial recomendado é entre 1 e 2.5 mg/dia, que pode ser aumentada conforme necessário até atingir os valores de manutenção individuais usualmente em torno dos 6 a 18 mg por dia; para pacientes pediátricos com peso superior aos limites anteriores (30 kg), o uso inicial recomendado é entre 2 e 5 mg/dia, que pode ser aumentada conforme necessário até atingir os valores de manutenção individuais usualmente em torno dos 6 a 18 mg por dia. Atenção: mantendo as vias respiratórias livres para evitar o risco da obstrução do trato aerodigestivo superior, pois pode causar salivação excessiva e secreções brônquicas em lactentes ou crianças pequenas; a amamentação deve ser descontinuada se necessário. 

Não há dados de segurança / eficácia para pacientes pediátricos com distúrbios do pânico abaixo dos cinco anos, por isso o uso em crianças menores que esse limite deve ser considerado apenas se necessário. 

Nos idosos os benzodiazepínicos parecem ter efeitos mais pronunciados mesmo com concentrações plasmáticas semelhantes, por isso a dose inicial recomendada para pacientes de um ano ou menos deve ser reduzida conforme necessário. 

Os benzodiazepínicos podem causar sedação e perda da memória em idosos; o uso prolongado com doses terapêuticas é associado a dependência física, tolerância psicológica ou abuso potencial de drogas.","COMO ESTE MEDICAMENTO FUNCIONA?, COMO DEVO USAR ESTE MEDICAMENTO?, PARA QUE ESTE MEDICAMENTO É INDICADO?, QUANDO NÃO DEVO USAR ESTE MEDICAMENTO?","chunk_2ff643ba29cb, chunk_140011e11d9c, chunk_d1e77a6a6e34, chunk_3e429871e6b5, chunk_622a72b37a03, chunk_4569774ff1a4, chunk_07b5a2953783, chunk_3fede5899876","[""ionally omitted <==**\n\ndepressão respiratória e dificuldade de sucção no bebê. Tanto a gestação quanto a suspensão de **Rivotril[® ]** podem exacerbar a epilepsia. \n\nInforme seu médico se estiver amamentando. Se você realmente precisar tomar **Rivotril[®]** , a amamentação deve ser descontinuada. \n\n## **Uso em crianças** \n\nAvaliar o risco / benefício do uso de **Rivotril[® ]** a longo prazo em pacientes pediátricos com distúrbios epilépticos. **Rivotril[® ]** pode aumentar a salivação e as secreções brônquicas em lactentes e crianças pequenas. Atenção:  manter as vias aéreas livres. \n\nNão há dados de eficácia / segurança de **Rivotril[® ]** em menores de 18 anos com distúrbio do pânico. \n\n**Uso em idosos** \n\nOs efeitos dos benzodiazepínicos parecem ser maiores em pacientes idosos do que em pacientes mais jovens, mesmo em concentrações plasmáticas similares, \n\n## **Principais interações medicamentosas** \n\nInforme seu médico, se estiver tomando outros medicamentos, incluindo as substâncias a seguir, pois elas podem interagir com **Rivotril[®]** . \n\n**-** Depressores do sistema nervoso central e álcool; \n\n**-** Medicamentos que agem no sistema nervoso: antidepressivos, medicamentos para dormir, alguns analgésicos, antipsicóticos, ansiolíticos, anticonvulsivantes; \n\n**-** Medicamentos para o estômago. \n\n## **Interações fármaco-alimento** \n\nInterações com alimentos não foram estabelecidas. O suco de toranja pode aumentar o efeito de **Rivotril[®]** . \n\n## **Interações fármaco-laboratório** \n\nInterações com testes laboratoriais não foram estabelecidas."", ""COMO DEVO USAR ESTE MEDICAMENTO?** \n\nAdministrar por via oral. Ver figura abaixo. Dissolver as gotas em um pouco de líquido não alcoólico. Nunca administre as gotas diretamente na boca. \n\nA tampa possui lacre inviolável. Caso o lacre esteja rompido, não receba o frasco ou retorne ao local da compra. \n\n3 \n\n**==> picture [109 x 35] intentionally omitted <==**\n\n**==> picture [140 x 59] intentionally omitted <==**\n\nA dose de **Rivotril[® ]** depende da doença, resposta clínica, idade e tolerabilidade. \n\nRecomenda-se que o tratamento inicie com doses mais baixas, que podem ser aumentadas se necessário. Siga a orientação médica. \n\n## **Distúrbios epilépticos** \n\n## Adultos \n\nDose inicial: não exceder 1,5 mg/dia, dividida em 3 doses. Aumentar a critério médico. Dose de manutenção: será definida pelo seu médico, de acordo com sua resposta. Dose diária máxima recomendada: 20 mg. \n\nSe você já usa outro anticonvulsivante, avise seu médico. \n\nRecém-nascidos e crianças até 10 anos de idade ou 30kg de peso: Dose inicial: 0,01 a 0,03mg/kg/dia. Não exceder 0,05 mg/kg/dia, dividido em 2 ou 3 doses diárias. \n\nCrianças entre 10 e 16 anos de idade: Dose inicial: 1 a 1,5 mg/dia, dividido em 2 a 3 doses. A dose pode ser aumentada a critério médico, até atingir a dose de manutenção individual, usualmente de 3 a 6 mg/dia. Sempre que possível, dividir a dose diária em 3 doses iguais. Caso não seja possível, a maior dose deve ser tomada antes de deitar. \n\n## **Transtornos de ansiedade**"", ""lta de tônus muscular, depressão respiratória e dificuldade de sucção no bebê. Tanto a gestação quanto a suspensão de **Rivotril**[® ] podem exacerbar a epilepsia. \n\nInforme seu médico se estiver amamentando. Se você realmente precisar tomar **Rivotril[®]** , a amamentação deve ser descontinuada. \n\n## **Uso em crianças** \n\nAvaliar o risco / benefício do uso de **Rivotril[® ]** a longo prazo em pacientes pediátricos com distúrbios epilépticos. **Rivotril[® ]** pode aumentar a salivação e as secreções brônquicas em lactentes e crianças pequenas. Atenção:  manter as vias aéreas livres. \n\nNão há dados de eficácia / segurança de **Rivotril[® ]** em menores de 18 anos com distúrbio do pânico. \n\n## **Uso em idosos** \n\nOs efeitos dos benzodiazepínicos parecem ser maiores em pacientes idosos do que em pacientes mais jovens, mesmo em concentrações plasmáticas similares. \n\n## **Principais interações medicamentosas** \n\nInforme seu médico se estiver tomando outros medicamentos, incluindo as substâncias a seguir, pois elas podem interagir com **Rivotril[®]** : \n\n– Depressores do sistema nervoso central e álcool; \n\n– Medicamentos que agem no sistema nervoso: antidepressivos, medicamentos para dormir, alguns analgésicos, antipsicóticos, ansiolíticos, anticonvulsivantes; \n\n– Medicamentos para o estômago. \n\n## **Interações fármaco-alimento** \n\nInterações com alimentos não foram estabelecidas. O suco de toranja pode aumentar o efeito de **Rivotril**[®] . \n\n## **Interações fármaco-laboratório** \n\nInterações com testes laboratoriais não foram estabelecidas."", ""e tônus muscular, depressão respiratória e \n\ndificuldade de sucção no bebê. Tanto a gestação quanto a suspensão de **Rivotril[® ]** podem exacerbar  a epilepsia. Informe seu médico se estiver amamentando. Se você realmente precisar tomar **Rivotril[®]** , a amamentação deve ser descontinuada. \n\n2 \n\n**==> picture [109 x 35] intentionally omitted <==**\n\n## **Uso em crianças** \n\nAvaliar o risco / benefício do uso de **Rivotril[® ]** a longo prazo em pacientes pediátricos com distúrbios epilépticos. **Rivotril[®  ]** pode aumentar a salivação e as secreções brônquicas em lactentes e crianças pequenas. Atenção:  manter as vias aéreas livres. Não há dados sobre eficácia / segurança de **Rivotril[® ]** em menores de 18 anos com distúrbio do pânico. \n\n## **Uso em idosos** \n\nOs efeitos dos benzodiazepínicos parecem ser maiores em pacientes idosos do que em pacientes mais jovens, mesmo em concentrações plasmáticas similares. \n\n## **Principais interações medicamentosas** \n\nInforme seu médico, se estiver tomando outros medicamentos, incluindo as substâncias a seguir, pois elas podem interagir com **Rivotril[®]** . \n\n– Depressores do sistema nervoso central e álcool; \n\n– Medicamentos que agem no sistema nervoso: antidepressivos, medicamentos para dormir, alguns analgésicos, antipsicóticos, ansiolíticos, anticonvulsivantes. \n\n– Medicamentos para o estômago. \n\n## **Interações fármaco-alimento** \n\nInterações com alimentos não foram estabelecidas. O suco de toranja pode aumentar o efeito de **Rivotril**[®] . \n\n## **Interações fármaco-laboratório**"", ""cantes que o diferenciem de outros comprimidos. \n\n**Antes de usar, observe o aspecto do medicamento. Caso ele esteja no prazo de validade e você observe alguma mudança no aspecto, consulte o farmacêutico para saber se poderá  utilizá-lo.** \n\n3 \n\n**==> picture [109 x 35] intentionally omitted <==**\n\n## **Todo medicamento deve ser mantido fora do alcance das  crianças.** \n\n## **6. COMO DEVO USAR ESTE  MEDICAMENTO?** \n\nTome os comprimidos por via oral com pouca quantidade de líquido não alcoólico. A dose de **Rivotril[® ]** depende da doença, da resposta clínica, idade e tolerabilidade. \n\nRecomenda-se que o tratamento inicie com doses mais baixas, que podem ser aumentadas se necessário. Siga a orientação médica. \n\n## **Distúrbios epilépticos** \n\n## Adultos \n\nDose inicial: não exceder 1,5 mg/dia, dividida em 3 doses. Aumentar a critério médico. Dose de manutenção: será definida pelo seu médico, de acordo com sua resposta. \n\nDose diária máxima recomendada: 20 mg. \n\nSe você já usa outro anticonvulsivante, avise seu médico. \n\nRecém-nascidos e crianças até 10 anos de idade ou 30 kg de peso \n\nDose inicial média: 0,01 a 0,03 mg/kg/dia. Não exceder 0,05 mg/kg/dia, dividido em 2 ou 3 doses  diárias. \n\nCrianças entre 10 e 16 anos de idade: Dose inicial: 1 a 1,5 mg/dia, dividido em 2 a 3 doses. A dose pode ser aumentada, a critério médico, até atingir a dose de manutenção individual, usualmente de 3 a 6  mg/dia. Sempre que possível, dividir a dose diária em 3 doses iguais. Caso não seja possível, a maior dose deve ser tomada antes de deitar. \n\n## **Transtornos de ansiedade**"", ""COMO ESTE MEDICAMENTO FUNCIONA?** Clonazepam pertence à classe dos benzodiazepínicos, medicamentos que causam inibição leve do sistema nervoso, com consequente ação anticonvulsivante, sedativa leve, relaxante muscular e tranquilizante. \n\nA ação de **Rivotril[® ]** oral dose única inicia em 30 a 60 minutos e se estende por 6 à 8 h em crianças e 8 a 12 h em adultos. \n\n1 \n\n**==> picture [109 x 35] intentionally omitted <==**\n\n## **3."", ""(açúcar) ou deficiência de lactase (enzima que quebra a lactose); \n\n4) ataxia cerebelar ou espinhal (descoordenação dos movimentos por problema do cerebelo ou medula); \n\n> 5) uso regular ou intoxicação aguda por álcool ou drogas. \n\nPode ocorrer perda de efeito durante o tratamento com clonazepam. \n\nNão tome **Rivotril[® ]** com álcool e/ou depressores do sistema nervoso central, essa combinação pode aumentar os efeitos de **Rivotril[®]** , com potencial sedação grave que pode resultar em coma ou morte, depressão cardiovascular e/ou respiratória. Caso ocorram reações paradoxais ** durante o tratamento, fale com seu médico, pois o uso do medicamento deve ser descontinuado. Pode ocorrer amnésia anterógrada (perda da habilidade de criar novas memórias e absorver novas informações), com o uso de benzodiazepínicos em doses terapêuticas. \n\n**Rivotril[® ]** pode precipitar o estado de mal epiléptico (crises epilépticas em sequência rápida). Fale com seu médico antes de aumentar a dose ou interromper abruptamente esta medicação. \n\n## **Abuso e dependência do medicamento**"", ""PARA QUE ESTE MEDICAMENTO É INDICADO? Adulto e pediátrico Distúrbio epiléptico** \n\n**Rivotril[®  ]** é indicado para tratar crises epilépticas e espasmos infantis (síndrome de West). \n\n## **Adulto** \n\n**Rivotril[® ]** também é indicado para: \n\n## **Transtornos de ansiedade** \n\n- Como ansiolítico em geral. \n\n- Distúrbio do pânico com ou sem medo de espaços abertos. \n\n- Fobia social (medo de situações como falar em público). \n\n## **Transtornos do humor** \n\n- Transtorno afetivo bipolar (fases de depressão e mania): tratamento da mania. \n\n- Depressão maior: associado a antidepressivos na depressão ansiosa e início do tratamento. \n\n## **Síndromes psicóticas** \n\n Acatisia (inquietação extrema, geralmente provocada por medicamentos  psiquiátricos). **Síndrome das pernas inquietas (desconforto ou dor nas pernas que leva à necessidade de movimentá-las, prejudicando o sono).** \n\n**Vertigem distúrbios do equilíbrio:** náuseas, vômitos, desmaios, quedas, zumbidos e distúrbios  auditivos. **Síndrome da boca ardente (sensação de queimação na parte interna da boca, sem alterações   físicas).** \n\n**2.""]",30.994,156.572
guarded_hybrid_agentic_fusion_rag,ollama:mediphi-instruct,RIVOTRIL,medio,"Por que pacientes idosos devem usar a menor dose possível de Rivotril, segundo a bula?",medio,"A bula informa que os efeitos dos benzodiazepínicos parecem ser maiores em pacientes idosos do que em pacientes mais jovens, mesmo em concentrações plasmáticas similares. Na seção de posologia, orienta que a dose mais baixa possível deve ser utilizada em idosos e que deve haver cuidado especial durante alterações de dose.",O QUE DEVO SABER ANTES DE USAR ESTE MEDICAMENTO? / COMO DEVO USAR ESTE MEDICAMENTO?,"De acordo com a bula consultada de RIVOTRIL, consta a seguinte informação: 

**Uso em idosos:** a dose mais baixa possível deve ser utilizada em idosos. Deve-se ter especial cuidado durante as alterações na dose.

---
*Esta resposta se baseia apenas nos trechos da bula recuperados e não substitui orientação médica ou farmacêutica. É recomendável consultar um profissional de saúde para orientação individualizada.*","De acordo com a bula consultada de RIVOTRIL, consta a seguinte informação: 

**Uso em idosos:** a dose mais baixa possível deve ser utilizada em idosos. Deve-se ter especial cuidado durante as alterações na dose.","COMO DEVO USAR ESTE MEDICAMENTO?, QUANDO NÃO DEVO USAR ESTE MEDICAMENTO?","chunk_138608289ce9, chunk_138608289ce9, chunk_063f6288233c, chunk_622a72b37a03, chunk_d1e77a6a6e34, chunk_eae4150205a2, chunk_eae4150205a2, chunk_8cc0cdf740f7","[""0,5 a 3,0 mg/dia. \n\n**Síndrome das pernas inquietas:** 0,5 mg a 2,0 mg/dia. \n\n**Vertigem e distúrbios do equilíbrio** : 0,5 mg a 1,0 mg ao dia (2x/dia). Doses diárias superiores a 1,0 mg não são recomendáveis. \n\n**Síndrome da boca ardente:** 0,25 a 6,0 mg/dia. Dose recomendada: 1,0 a 2,0 mg/dia. \n\n**Uso em idosos:** a dose mais baixa possível deve ser utilizada em idosos. Deve-se ter especial cuidado durante as alterações na dose. \n\n**Comprometimento do fígado:** pacientes com comprometimento do fígado grave não devem ser tratados com clonazepam e pacientes com comprometimento hepático leve a moderado devem receber a dose mais baixa possível. \n\n4 \n\n**==> picture [109 x 35] intentionally omitted <==**\n\n## **Instruções especiais de administração** \n\n**Rivotril[® ]** pode ser usado com outros antiepilépticos. Nesse caso, seu médico ajustará a dose de cada medicamento para atingir o efeito ideal. \n\nNão pare de tomar **Rivotril[® ]** subitamente, você pode ter novas crises epilépticas. Somente seu médico poderá orientar a interrupção do tratamento reduzindo gradualmente a dose utilizada. \n\n**Siga a orientação de seu médico, respeitando sempre os horários, as doses e a duração do tratamento. Não interrompa o tratamento sem o conhecimento do seu médico.** \n\n**7."", ""0,5 a 3,0 mg/dia. \n\n## **Síndrome das pernas inquietas:** 0,5 mg a 2,0 mg/dia. \n\n**Vertigem e distúrbios do equilíbrio** : 0,5 mg a 1,0 mg/dia (2x/dia). Doses diárias superiores a 1,0 mg não são recomendáveis. \n\n**Síndrome da boca ardente:** 0,25 a 6,0 mg/dia. Dose recomendada: 1,0 a 2,0 mg/dia. \n\n**Uso em idosos:** a dose mais baixa possível deve ser utilizada em idosos. Deve-se ter especial cuidado durante as alterações na dose. \n\n**Comprometimento do fígado:** pacientes com comprometimento do fígado grave não devem ser tratados com clonazepam e pacientes com comprometimento hepático leve a moderado devem receber a dose mais baixa possível. \n\n4 \n\n**==> picture [109 x 35] intentionally omitted <==**\n\n## **Instruções especiais de administração** \n\n**Rivotril[® ]** pode ser usado com outros antiepilépticos. Nesse caso, seu médico ajustará a dose de cada medicamento para atingir o efeito ideal. \n\nNão pare de tomar **Rivotril[® ]** subitamente, você pode ter novas crises epilépticas. Somente seu médico poderá orientar a interrupção do tratamento reduzindo gradualmente a dose utilizada. \n\n## **Siga a orientação de seu médico, respeitando sempre os horários, as doses e a duração do tratamento. Não interrompa o tratamento sem o conhecimento do seu  médico.** \n\n## **7."", ""utilizada em idosos. Deve-se ter especial cuidado durante as alterações na dose. \n\n**Comprometimento do fígado:** pacientes com comprometimento do fígado grave não devem ser tratados com clonazepam e pacientes com comprometimento hepático leve a moderado devem receber a dose mais baixa possível. \n\n## **Instruções especiais de administração** \n\n**Rivotril[® ]** pode ser usado com outros antiepilépticos. Nesse caso, seu médico ajustará a dose de cada medicamento para atingir o efeito ideal. \n\nNão pare de tomar **Rivotril[® ]** subitamente, você pode ter novas crises epilépticas. Somente seu médico poderá orientar a interrupção do tratamento reduzindo gradualmente a dose utilizada. \n\n**Siga a orientação de seu médico, respeitando sempre os horários, as doses e a duração do tratamento. Não interrompa o tratamento sem o conhecimento do seu médico.** \n\n**7. O QUE DEVO FAZER QUANDO EU ME ESQUECER DE USAR ESTE   MEDICAMENTO?** Nunca dobre a dose na próxima tomada.  Apenas continue com a próxima dose no tempo determinado. \n\n4 \n\n**==> picture [109 x 35] intentionally omitted <==**\n\n## **Em caso de dúvidas, procure orientação do farmacêutico, do seu médico ou   cirurgião-dentista.** \n\n## **8. QUAIS OS MALES QUE ESTE MEDICAMENTO PODE ME   CAUSAR?**"", ""cantes que o diferenciem de outros comprimidos. \n\n**Antes de usar, observe o aspecto do medicamento. Caso ele esteja no prazo de validade e você observe alguma mudança no aspecto, consulte o farmacêutico para saber se poderá  utilizá-lo.** \n\n3 \n\n**==> picture [109 x 35] intentionally omitted <==**\n\n## **Todo medicamento deve ser mantido fora do alcance das  crianças.** \n\n## **6. COMO DEVO USAR ESTE  MEDICAMENTO?** \n\nTome os comprimidos por via oral com pouca quantidade de líquido não alcoólico. A dose de **Rivotril[® ]** depende da doença, da resposta clínica, idade e tolerabilidade. \n\nRecomenda-se que o tratamento inicie com doses mais baixas, que podem ser aumentadas se necessário. Siga a orientação médica. \n\n## **Distúrbios epilépticos** \n\n## Adultos \n\nDose inicial: não exceder 1,5 mg/dia, dividida em 3 doses. Aumentar a critério médico. Dose de manutenção: será definida pelo seu médico, de acordo com sua resposta. \n\nDose diária máxima recomendada: 20 mg. \n\nSe você já usa outro anticonvulsivante, avise seu médico. \n\nRecém-nascidos e crianças até 10 anos de idade ou 30 kg de peso \n\nDose inicial média: 0,01 a 0,03 mg/kg/dia. Não exceder 0,05 mg/kg/dia, dividido em 2 ou 3 doses  diárias. \n\nCrianças entre 10 e 16 anos de idade: Dose inicial: 1 a 1,5 mg/dia, dividido em 2 a 3 doses. A dose pode ser aumentada, a critério médico, até atingir a dose de manutenção individual, usualmente de 3 a 6  mg/dia. Sempre que possível, dividir a dose diária em 3 doses iguais. Caso não seja possível, a maior dose deve ser tomada antes de deitar. \n\n## **Transtornos de ansiedade**"", ""lta de tônus muscular, depressão respiratória e dificuldade de sucção no bebê. Tanto a gestação quanto a suspensão de **Rivotril**[® ] podem exacerbar a epilepsia. \n\nInforme seu médico se estiver amamentando. Se você realmente precisar tomar **Rivotril[®]** , a amamentação deve ser descontinuada. \n\n## **Uso em crianças** \n\nAvaliar o risco / benefício do uso de **Rivotril[® ]** a longo prazo em pacientes pediátricos com distúrbios epilépticos. **Rivotril[® ]** pode aumentar a salivação e as secreções brônquicas em lactentes e crianças pequenas. Atenção:  manter as vias aéreas livres. \n\nNão há dados de eficácia / segurança de **Rivotril[® ]** em menores de 18 anos com distúrbio do pânico. \n\n## **Uso em idosos** \n\nOs efeitos dos benzodiazepínicos parecem ser maiores em pacientes idosos do que em pacientes mais jovens, mesmo em concentrações plasmáticas similares. \n\n## **Principais interações medicamentosas** \n\nInforme seu médico se estiver tomando outros medicamentos, incluindo as substâncias a seguir, pois elas podem interagir com **Rivotril[®]** : \n\n– Depressores do sistema nervoso central e álcool; \n\n– Medicamentos que agem no sistema nervoso: antidepressivos, medicamentos para dormir, alguns analgésicos, antipsicóticos, ansiolíticos, anticonvulsivantes; \n\n– Medicamentos para o estômago. \n\n## **Interações fármaco-alimento** \n\nInterações com alimentos não foram estabelecidas. O suco de toranja pode aumentar o efeito de **Rivotril**[®] . \n\n## **Interações fármaco-laboratório** \n\nInterações com testes laboratoriais não foram estabelecidas."", ""intomas de abstinência é maior após descontinuação súbita do tratamento, portanto a retirada brusca do medicamento deve ser evitada. O tratamento (mesmo de curta duração) deve ser interrompido pela redução gradativa da dose diária. \n\n## **Efeitos sobre a capacidade de dirigir e operar  máquinas** \n\nClonazepam pode lentificar as reações, efeito agravado com o uso de álcool. \n\n**Durante o tratamento, o paciente não deve dirigir veículos ou operar máquinas, pois sua habilidade e atenção podem estar prejudicadas.** \n\nAté o momento, não há informações de que **Rivotril[®  ]** cause _doping_ . Em caso de dúvidas, consulte o seu  médico. \n\n## **Gravidez e amamentação** \n\n2 \n\n**==> picture [109 x 35] intentionally omitted <==**\n\n## **Este medicamento não deve ser utilizado por mulheres grávidas sem orientação médica ou do cirurgiãodentista.** \n\n**Rivotril[® ]** só deve ser administrado a gestantes se houver indicação absoluta e se os benefícios  potenciais \n\nsuperarem os riscos para o feto. **Rivotril[® ]** pode prejudicar seu bebê. Informe seu médico se estiver grávida ou se está tentando engravidar. O uso de altas doses no último trimestre da gestação ou no trabalho de parto pode  causar irregularidades no batimento cardíaco do feto e baixa temperatura corpórea, falta de tônus muscular, depressão respiratória e dificuldade de sucção no bebê. Tanto a gestação quanto a suspensão de **Rivotril**[® ] podem exacerbar a epilepsia. \n\nInforme seu médico se estiver amamentando. Se você realmente precisar tomar **Rivotril[®]** , a amamentação deve ser descontinuada."", ""sintomas de abstinência é maior após descontinuação súbita do tratamento, portanto a retirada brusca do medicamento deve ser evitada. O tratamento (mesmo de curta duração) deve ser interrompido pela redução gradativa da dose diária. \n\n## **Efeitos sobre a capacidade de dirigir e operar  máquinas** \n\nClonazepam pode lentificar as reações, efeito agravado com o uso de álcool. \n\n## **Durante o tratamento, o paciente não deve dirigir veículos ou operar máquinas, pois sua habilidade e atenção podem estar prejudicadas.** \n\nAté o momento, não há informações de que **Rivotril[® ]** cause _doping_ . Em caso de dúvidas, consulte o seu médico. \n\n## **Gravidez e amamentação** \n\n## **Este medicamento não deve ser utilizado por mulheres grávidas sem orientação médica ou do cirurgiãodentista.** \n\n**Rivotril[® ]** só deve ser administrado a gestantes se houver indicação absoluta e se os benefícios potenciais \n\nsuperarem os riscos para o feto. **Rivotril[® ]** pode prejudicar seu bebê. Informe seu médico se estiver grávida ou se está tentando engravidar. O uso de altas doses no último trimestre da gestação ou no trabalho de parto pode causar irregularidades no batimento cardíaco do feto e baixa temperatura corpórea, falta de tônus muscular, \n\n2 \n\n**==> picture [109 x 35] intentionally omitted <==**\n\ndepressão respiratória e dificuldade de sucção no bebê. Tanto a gestação quanto a suspensão de **Rivotril[® ]** podem exacerbar a epilepsia. \n\nInforme seu médico se estiver amamentando. Se você realmente precisar tomar **Rivotril[®]** , a amamentação deve ser descontinuada."", ""ísico sensações anormais formigamentos, alucinações. O risco dos sintomas de abstinência é maior após descontinuação súbita do tratamento, portanto a retirada brusca do medicamento deve ser evitada. O tratamento (mesmo de curta duração) deve ser interrompido pela redução gradativa da dose diária. \n\n## **Efeitos sobre a capacidade de dirigir e operar  máquinas** \n\nClonazepam pode lentificar as reações, efeito agravado com o uso de álcool. \n\n**Durante o tratamento, o paciente não deve dirigir veículos ou operar máquinas, pois sua habilidade e atenção podem estar prejudicadas.** \n\nAté o momento, não há informações de que **Rivotril[® ]** cause _doping_ . Em caso de dúvidas, consulte o seu médico. \n\n## **Gravidez e amamentação** \n\n## **Este medicamento não deve ser utilizado por mulheres grávidas sem orientação médica ou do cirurgiãodentista.** \n\n**Rivotril[® ]** só deve ser administrado a gestantes se houver indicação absoluta e os benefícios potenciais  superarem os riscos para o feto. **Rivotril[® ]** pode prejudicar seu bebê. Informe seu médico se estiver grávida ou se está tentando engravidar. O uso de altas doses no último trimestre da gestação ou no trabalho de parto pode causar irregularidades no batimento cardíaco do feto e baixa temperatura corpórea, falta de tônus muscular, depressão respiratória e \n\ndificuldade de sucção no bebê. Tanto a gestação quanto a suspensão de **Rivotril[® ]** podem exacerbar  a epilepsia. Informe seu médico se estiver amamentando. Se você realmente precisar tomar **Rivotril[®]** , a amamentação deve ser descontinuada. \n\n2""]",24.637,22.939
guarded_hybrid_agentic_fusion_rag,ollama:mediphi-instruct,RIVOTRIL,medio,Como a conduta com Rivotril difere entre pacientes com comprometimento hepático grave e aqueles com comprometimento hepático leve a moderado?,medio,"Pacientes com comprometimento hepático grave não devem ser tratados com clonazepam/Rivotril, pois a bula contraindica o uso nesses casos. Já pacientes com comprometimento hepático leve a moderado devem receber a dose mais baixa possível.",QUANDO NÃO DEVO USAR ESTE MEDICAMENTO? / COMO DEVO USAR ESTE MEDICAMENTO?,"De acordo com a bula do medicamento RIVOTRIL, consta a seguinte informação: Pacientes com comprometimento de fígado grave não devem ser tratados com clonazepam e pacientes com comprometimento hepático leve a moderado devem receber a dose mais baixa possível.

---
*Esta resposta se baseia apenas nos trechos da bula recuperados e não substitui orientação médica ou farmacêutica.*","De acordo com a bula do medicamento RIVOTRIL, consta a seguinte informação: Pacientes com comprometimento de fígado grave não devem ser tratados com clonazepam e pacientes com comprometimento hepático leve a moderado devem receber a dose mais baixa possível.","COMO ESTE MEDICAMENTO FUNCIONA?, COMO DEVO USAR ESTE MEDICAMENTO?, QUANDO NÃO DEVO USAR ESTE MEDICAMENTO?","chunk_063f6288233c, chunk_138608289ce9, chunk_138608289ce9, chunk_6c577f16cf9f, chunk_6c577f16cf9f, chunk_5e3d4ac1c930, chunk_4569774ff1a4, chunk_d111e9aa94c7","[""utilizada em idosos. Deve-se ter especial cuidado durante as alterações na dose. \n\n**Comprometimento do fígado:** pacientes com comprometimento do fígado grave não devem ser tratados com clonazepam e pacientes com comprometimento hepático leve a moderado devem receber a dose mais baixa possível. \n\n## **Instruções especiais de administração** \n\n**Rivotril[® ]** pode ser usado com outros antiepilépticos. Nesse caso, seu médico ajustará a dose de cada medicamento para atingir o efeito ideal. \n\nNão pare de tomar **Rivotril[® ]** subitamente, você pode ter novas crises epilépticas. Somente seu médico poderá orientar a interrupção do tratamento reduzindo gradualmente a dose utilizada. \n\n**Siga a orientação de seu médico, respeitando sempre os horários, as doses e a duração do tratamento. Não interrompa o tratamento sem o conhecimento do seu médico.** \n\n**7. O QUE DEVO FAZER QUANDO EU ME ESQUECER DE USAR ESTE   MEDICAMENTO?** Nunca dobre a dose na próxima tomada.  Apenas continue com a próxima dose no tempo determinado. \n\n4 \n\n**==> picture [109 x 35] intentionally omitted <==**\n\n## **Em caso de dúvidas, procure orientação do farmacêutico, do seu médico ou   cirurgião-dentista.** \n\n## **8. QUAIS OS MALES QUE ESTE MEDICAMENTO PODE ME   CAUSAR?**"", ""0,5 a 3,0 mg/dia. \n\n## **Síndrome das pernas inquietas:** 0,5 mg a 2,0 mg/dia. \n\n**Vertigem e distúrbios do equilíbrio** : 0,5 mg a 1,0 mg/dia (2x/dia). Doses diárias superiores a 1,0 mg não são recomendáveis. \n\n**Síndrome da boca ardente:** 0,25 a 6,0 mg/dia. Dose recomendada: 1,0 a 2,0 mg/dia. \n\n**Uso em idosos:** a dose mais baixa possível deve ser utilizada em idosos. Deve-se ter especial cuidado durante as alterações na dose. \n\n**Comprometimento do fígado:** pacientes com comprometimento do fígado grave não devem ser tratados com clonazepam e pacientes com comprometimento hepático leve a moderado devem receber a dose mais baixa possível. \n\n4 \n\n**==> picture [109 x 35] intentionally omitted <==**\n\n## **Instruções especiais de administração** \n\n**Rivotril[® ]** pode ser usado com outros antiepilépticos. Nesse caso, seu médico ajustará a dose de cada medicamento para atingir o efeito ideal. \n\nNão pare de tomar **Rivotril[® ]** subitamente, você pode ter novas crises epilépticas. Somente seu médico poderá orientar a interrupção do tratamento reduzindo gradualmente a dose utilizada. \n\n## **Siga a orientação de seu médico, respeitando sempre os horários, as doses e a duração do tratamento. Não interrompa o tratamento sem o conhecimento do seu  médico.** \n\n## **7."", ""0,5 a 3,0 mg/dia. \n\n**Síndrome das pernas inquietas:** 0,5 mg a 2,0 mg/dia. \n\n**Vertigem e distúrbios do equilíbrio** : 0,5 mg a 1,0 mg ao dia (2x/dia). Doses diárias superiores a 1,0 mg não são recomendáveis. \n\n**Síndrome da boca ardente:** 0,25 a 6,0 mg/dia. Dose recomendada: 1,0 a 2,0 mg/dia. \n\n**Uso em idosos:** a dose mais baixa possível deve ser utilizada em idosos. Deve-se ter especial cuidado durante as alterações na dose. \n\n**Comprometimento do fígado:** pacientes com comprometimento do fígado grave não devem ser tratados com clonazepam e pacientes com comprometimento hepático leve a moderado devem receber a dose mais baixa possível. \n\n4 \n\n**==> picture [109 x 35] intentionally omitted <==**\n\n## **Instruções especiais de administração** \n\n**Rivotril[® ]** pode ser usado com outros antiepilépticos. Nesse caso, seu médico ajustará a dose de cada medicamento para atingir o efeito ideal. \n\nNão pare de tomar **Rivotril[® ]** subitamente, você pode ter novas crises epilépticas. Somente seu médico poderá orientar a interrupção do tratamento reduzindo gradualmente a dose utilizada. \n\n**Siga a orientação de seu médico, respeitando sempre os horários, as doses e a duração do tratamento. Não interrompa o tratamento sem o conhecimento do seu médico.** \n\n**7."", ""QUANDO NÃO DEVO USAR ESTE MEDICAMENTO?** \n\n**Rivotril[® ]** é contraindicado a pacientes com hipersensibilidade conhecida a clonazepam ou a qualquer dos excipientes do medicamento e a pacientes com insuficiência respiratória grave ou comprometimento hepático grave, pois os benzodiazepínicos podem levar à ocorrência de encefalopatia hepática. \n\n1 \n\n**==> picture [109 x 35] intentionally omitted <==**\n\n**Rivotril[® ]** comprimidos e **Rivotril[® ]** gotas são contraindicados para o tratamento de transtornos do pânico em pacientes com histórico médico de apneia do sono. \n\n**Rivotril[® ]** é contraindicado a pacientes com glaucoma agudo de ângulo fechado. **Rivotril[® ]** pode ser usado por pacientes com glaucoma de ângulo aberto, desde que estejam recebendo terapia apropriada. \n\n## **4. O QUE DEVO SABER ANTES DE USAR ESTE   MEDICAMENTO?** \n\nAntes de tomar **Rivotril**[®] , informe seu médico se você tem ou teve: \n\n- 1) outros problemas de saúde: doenças nos rins ou fígado (por exemplo: cirrose hepática), distúrbio neuromuscular ou respiratório, porfiria (doença em que ocorre deficiência de enzimas específicas na via da biossíntese do heme). \n\n- 2) sinais ou sintomas de depressão e/ou tentativa de suicídio; \n\n- 3) intolerância à galactose (açúcar) ou deficiência de lactase (enzima que quebra a lactose); \n\n- 4) ataxia cerebelar ou espinhal (descoordenação dos movimentos por problema do cerebelo ou medula); \n\n- 5) uso regular ou intoxicação aguda por álcool ou drogas. \n\nPode ocorrer perda de efeito durante o tratamento com clonazepam."", ""QUANDO NÃO DEVO USAR ESTE MEDICAMENTO?** \n\n**Rivotril[® ]** é contraindicado a pacientes com hipersensibilidade conhecida a clonazepam ou a qualquer dos excipientes do medicamento e a pacientes com insuficiência respiratória grave ou comprometimento do fígado grave, pois os benzodiazepínicos podem levar à ocorrência de comprometimento do sistema nervoso secundário ao problema no fígado. \n\n**Rivotril[® ]** comprimidos e **Rivotril[® ]** gotas são contraindicados para o tratamento de transtornos do pânico em pacientes com histórico médico de apneia do sono. \n\n**Rivotril[® ]** é contraindicado a pacientes com glaucoma agudo de ângulo fechado. **Rivotril[® ]** pode ser usado por pacientes com glaucoma de ângulo aberto, desde que estejam recebendo terapia  apropriada. \n\n1 \n\n**==> picture [109 x 35] intentionally omitted <==**\n\n## **4. O QUE DEVO SABER ANTES DE USAR ESTE   MEDICAMENTO?** \n\nAntes de tomar **Rivotril**[®] , informe seu médico se você tem ou teve: \n\n- 1) outros problemas de saúde: doenças nos rins ou no fígado (por exemplo: cirrose hepática), distúrbio neuromuscular ou respiratório, porfiria (doença em que ocorre deficiência de enzimas específicas na via da biossíntese do heme); \n\n- 2) sinais ou sintomas de depressão e/ou tentativa de suicídio; \n\n- 3) intolerância à galactose (açúcar) ou deficiência de lactase (enzima que quebra a lactose); \n\n- 4) ataxia cerebelar ou espinhal (descoordenação dos movimentos por problema do cerebelo ou medula); \n\n- 5) uso regular ou intoxicação aguda por álcool ou drogas."", ""QUANDO NÃO DEVO USAR ESTE MEDICAMENTO?** \n\n**Rivotril[® ]** é contraindicado a pacientes com hipersensibilidade conhecida a clonazepam ou a qualquer dos excipientes do medicamento, em pacientes com insuficiência respiratória grave ou comprometimento do fígado grave, pois os benzodiazepínicos podem levar à ocorrência de comprometimento do sistema nervoso, secundário ao problema no fígado. \n\n**Rivotril[® ]** comprimidos e **Rivotril[® ]** gotas são contraindicados para o tratamento de transtornos do pânico em pacientes com histórico médico de apneia do sono. \n\n**Rivotril[® ]** é contraindicado a pacientes com glaucoma agudo de ângulo fechado. **Rivotril[® ]** pode ser usado por pacientes com glaucoma de ângulo aberto, desde que estejam recebendo terapia  apropriada. \n\n## **4. O QUE DEVO SABER ANTES DE USAR ESTE   MEDICAMENTO?** \n\nAntes de tomar **Rivotril**[®] , informe seu médico se você tem ou teve: \n\n- 1) outros problemas de saúde, como doenças nos rins ou fígado (por exemplo: cirrose hepática), distúrbio neuromuscular ou respiratório, porfiria (doença em que ocorre deficiência de enzimas específicas na via da biossíntese do heme); \n\n- 2) sinais ou sintomas de depressão e/ou tentativa de suicídio; \n\n- 3) intolerância à galactose (açúcar) ou deficiência de lactase (enzima que quebra a lactose); \n\n4) ataxia cerebelar ou espinhal (descoordenação dos movimentos por problema do cerebelo ou medula); \n\n> 5) uso regular ou intoxicação aguda por álcool ou drogas. \n\nPode ocorrer perda de efeito durante o tratamento com clonazepam."", ""COMO ESTE MEDICAMENTO FUNCIONA?** Clonazepam pertence à classe dos benzodiazepínicos, medicamentos que causam inibição leve do sistema nervoso, com consequente ação anticonvulsivante, sedativa leve, relaxante muscular e tranquilizante. \n\nA ação de **Rivotril[® ]** oral dose única inicia em 30 a 60 minutos e se estende por 6 à 8 h em crianças e 8 a 12 h em adultos. \n\n1 \n\n**==> picture [109 x 35] intentionally omitted <==**\n\n## **3."", ""COMO ESTE MEDICAMENTO FUNCIONA?** \n\nClonazepam pertence à classe dos benzodiazepínicos, medicamentos que causam inibição leve do sistema nervoso, com consequente ação anticonvulsivante, sedativa leve, relaxante muscular e tranquilizante. \n\nA ação de **Rivotril[® ]** oral dose única inicia em 30 a 60 minutos e se estende por 6 a 8 h em crianças e 8 a 12 h em adultos. \n\n## **3.""]",39.079,18.789
guarded_hybrid_agentic_fusion_rag,ollama:mediphi-instruct,RIVOTRIL,medio,Quais são as recomendações da bula sobre o uso de Rivotril com álcool e com suco de toranja?,medio,"A bula orienta não tomar Rivotril com álcool e/ou depressores do sistema nervoso central, porque essa combinação pode aumentar os efeitos do medicamento e causar sedação grave, coma ou morte, além de depressão cardiovascular e/ou respiratória. Sobre alimentos, informa que interações com alimentos não foram estabelecidas, mas que o suco de toranja pode aumentar o efeito de Rivotril.",O QUE DEVO SABER ANTES DE USAR ESTE MEDICAMENTO?,"De acordo com a bula do medicamento RIVOTRIL, consta a seguinte informação: 

Interações fármaco-alimentos: O suco de toranja pode aumentar o efeito de **Rivotril[®]** .

---
*Esta resposta se baseia apenas nos trechos da bula recuperados e não substitui orientação médica ou farmacêutica.*","De acordo com a bula do medicamento RIVOTRIL, consta a seguinte informação: 

Interações fármaco-alimentos: O suco de toranja pode aumentar o efeito de **Rivotril[®]** .","O QUE FAZER SE ALGUÉM USAR UMA QUANTIDADE MAIOR DO QUE A INDICADA DESTE MEDICAMENTO?, QUANDO NÃO DEVO USAR ESTE MEDICAMENTO?","chunk_3e429871e6b5, chunk_2ff643ba29cb, chunk_d1e77a6a6e34, chunk_ddd8cf00aa9e, chunk_39858a900960, chunk_4ff062e5e2e2, chunk_8a2bf413efb7, chunk_622a72b37a03","[""e tônus muscular, depressão respiratória e \n\ndificuldade de sucção no bebê. Tanto a gestação quanto a suspensão de **Rivotril[® ]** podem exacerbar  a epilepsia. Informe seu médico se estiver amamentando. Se você realmente precisar tomar **Rivotril[®]** , a amamentação deve ser descontinuada. \n\n2 \n\n**==> picture [109 x 35] intentionally omitted <==**\n\n## **Uso em crianças** \n\nAvaliar o risco / benefício do uso de **Rivotril[® ]** a longo prazo em pacientes pediátricos com distúrbios epilépticos. **Rivotril[®  ]** pode aumentar a salivação e as secreções brônquicas em lactentes e crianças pequenas. Atenção:  manter as vias aéreas livres. Não há dados sobre eficácia / segurança de **Rivotril[® ]** em menores de 18 anos com distúrbio do pânico. \n\n## **Uso em idosos** \n\nOs efeitos dos benzodiazepínicos parecem ser maiores em pacientes idosos do que em pacientes mais jovens, mesmo em concentrações plasmáticas similares. \n\n## **Principais interações medicamentosas** \n\nInforme seu médico, se estiver tomando outros medicamentos, incluindo as substâncias a seguir, pois elas podem interagir com **Rivotril[®]** . \n\n– Depressores do sistema nervoso central e álcool; \n\n– Medicamentos que agem no sistema nervoso: antidepressivos, medicamentos para dormir, alguns analgésicos, antipsicóticos, ansiolíticos, anticonvulsivantes. \n\n– Medicamentos para o estômago. \n\n## **Interações fármaco-alimento** \n\nInterações com alimentos não foram estabelecidas. O suco de toranja pode aumentar o efeito de **Rivotril**[®] . \n\n## **Interações fármaco-laboratório**"", ""ionally omitted <==**\n\ndepressão respiratória e dificuldade de sucção no bebê. Tanto a gestação quanto a suspensão de **Rivotril[® ]** podem exacerbar a epilepsia. \n\nInforme seu médico se estiver amamentando. Se você realmente precisar tomar **Rivotril[®]** , a amamentação deve ser descontinuada. \n\n## **Uso em crianças** \n\nAvaliar o risco / benefício do uso de **Rivotril[® ]** a longo prazo em pacientes pediátricos com distúrbios epilépticos. **Rivotril[® ]** pode aumentar a salivação e as secreções brônquicas em lactentes e crianças pequenas. Atenção:  manter as vias aéreas livres. \n\nNão há dados de eficácia / segurança de **Rivotril[® ]** em menores de 18 anos com distúrbio do pânico. \n\n**Uso em idosos** \n\nOs efeitos dos benzodiazepínicos parecem ser maiores em pacientes idosos do que em pacientes mais jovens, mesmo em concentrações plasmáticas similares, \n\n## **Principais interações medicamentosas** \n\nInforme seu médico, se estiver tomando outros medicamentos, incluindo as substâncias a seguir, pois elas podem interagir com **Rivotril[®]** . \n\n**-** Depressores do sistema nervoso central e álcool; \n\n**-** Medicamentos que agem no sistema nervoso: antidepressivos, medicamentos para dormir, alguns analgésicos, antipsicóticos, ansiolíticos, anticonvulsivantes; \n\n**-** Medicamentos para o estômago. \n\n## **Interações fármaco-alimento** \n\nInterações com alimentos não foram estabelecidas. O suco de toranja pode aumentar o efeito de **Rivotril[®]** . \n\n## **Interações fármaco-laboratório** \n\nInterações com testes laboratoriais não foram estabelecidas."", ""lta de tônus muscular, depressão respiratória e dificuldade de sucção no bebê. Tanto a gestação quanto a suspensão de **Rivotril**[® ] podem exacerbar a epilepsia. \n\nInforme seu médico se estiver amamentando. Se você realmente precisar tomar **Rivotril[®]** , a amamentação deve ser descontinuada. \n\n## **Uso em crianças** \n\nAvaliar o risco / benefício do uso de **Rivotril[® ]** a longo prazo em pacientes pediátricos com distúrbios epilépticos. **Rivotril[® ]** pode aumentar a salivação e as secreções brônquicas em lactentes e crianças pequenas. Atenção:  manter as vias aéreas livres. \n\nNão há dados de eficácia / segurança de **Rivotril[® ]** em menores de 18 anos com distúrbio do pânico. \n\n## **Uso em idosos** \n\nOs efeitos dos benzodiazepínicos parecem ser maiores em pacientes idosos do que em pacientes mais jovens, mesmo em concentrações plasmáticas similares. \n\n## **Principais interações medicamentosas** \n\nInforme seu médico se estiver tomando outros medicamentos, incluindo as substâncias a seguir, pois elas podem interagir com **Rivotril[®]** : \n\n– Depressores do sistema nervoso central e álcool; \n\n– Medicamentos que agem no sistema nervoso: antidepressivos, medicamentos para dormir, alguns analgésicos, antipsicóticos, ansiolíticos, anticonvulsivantes; \n\n– Medicamentos para o estômago. \n\n## **Interações fármaco-alimento** \n\nInterações com alimentos não foram estabelecidas. O suco de toranja pode aumentar o efeito de **Rivotril**[®] . \n\n## **Interações fármaco-laboratório** \n\nInterações com testes laboratoriais não foram estabelecidas."", ""O QUE FAZER SE ALGUÉM USAR UMA QUANTIDADE MAIOR DO QUE A INDICADA DESTE MEDICAMENTO? Sintomas** \n\nOs benzodiazepínicos geralmente causam sonolência, ataxia (perda da coordenação dos movimentos), disartria, nistagmo, confusão mental, excitação e lentidão de movimento. A superdose de **Rivotril[® ]** está raramente associada com risco de morte, caso o medicamento tenha sido tomado isoladamente, mas pode levar à arreflexia (ausência de reflexos), apneia, hipotensão arterial, depressão cardiorrespiratória e coma. Se ocorrer coma, normalmente tem duração de poucas horas; porém, pode ser prolongado e cíclico, particularmente em idosos. A depressão respiratória por benzodiazepínicos é mais séria em pacientes com doença respiratória. \n\nOs benzodiazepínicos aumentam os efeitos de outros depressores do sistema nervoso central, incluindo o álcool. **Conduta** \n\nMonitorar os sinais vitais e instituir medidas de suporte a critério médico. **Advertência** \n\nFlumazenil não é indicado a pacientes com epilepsia que foram tratados com benzodiazepínicos. \n\n**Em caso de uso de grande quantidade deste medicamento, procure rapidamente socorro médico e leve a embalagem ou bula do medicamento, se possível. Ligue para 0800 722 6001, se você precisar de mais orientações.** \n\nMS-1.1524.0011 \n\nFarmacêutico Responsável: Dr. Adriano Costa Leite – CRF-SP n° 38.716 \n\nRegistrado por: Blanver Farmoquímica e Farmacêutica S.A. Rua Francisco Tramontano, 101 -Sala 507 Real Parque – CEP 05686-010 – São Paulo – SP CNPJ 53.359.824/0001-19"", ""r, alguns analgésicos, antipsicóticos, ansiolíticos, anticonvulsivantes. \n\n– Medicamentos para o estômago. \n\n## **Interações fármaco-alimento** \n\nInterações com alimentos não foram estabelecidas. O suco de toranja pode aumentar o efeito de **Rivotril**[®] . \n\n## **Interações fármaco-laboratório** \n\nInterações com testes laboratoriais não foram estabelecidas. \n\n**Informe ao seu médico ou cirurgião-dentista se você está fazendo uso de algum outro medicamento. Não use medicamento sem o conhecimento do seu médico. Pode ser perigoso para a sua  saúde.** \n\n## **5. ONDE, COMO E POR QUANTO TEMPO POSSO GUARDAR ESTE   MEDICAMENTO?** \n\n**Rivotril[® ]** comprimidos sublinguais de 0,25 mg devem ser armazenados em temperatura ambiente (entre 15 e 30ºC). \n\n**Número de lote e datas de fabricação e validade: vide embalagem. Não use medicamento com o prazo de validade vencido. Guarde-o em sua embalagem original.** \n\n## **Aspecto físico** \n\nOs comprimidos sublinguais de 0,25 mg de **Rivotril[® ]** apresentam formato cilíndrico de cor branca. \n\n## **Características organolépticas** \n\n**Rivotril[® ]** comprimidos sublinguais não apresentam características marcantes que o diferenciem de outros comprimidos. \n\n**Antes de usar, observe o aspecto do medicamento. Caso ele esteja no prazo de validade e você observe alguma mudança no aspecto, consulte o farmacêutico para saber se poderá utilizá-lo.** \n\n## **Todo medicamento deve ser mantido fora do alcance das crianças.** \n\n## **6."", ""sivantes; \n\n– Medicamentos para o estômago. \n\n## **Interações fármaco-alimento** \n\nInterações com alimentos não foram estabelecidas. O suco de toranja pode aumentar o efeito de **Rivotril**[®] . \n\n## **Interações fármaco-laboratório** \n\nInterações com testes laboratoriais não foram estabelecidas. \n\n**Informe ao seu médico ou cirurgião-dentista se você está fazendo uso de algum outro medicamento. Não use medicamento sem o conhecimento do seu médico. Pode ser perigoso para a sua   saúde.** \n\n## **5. ONDE, COMO E POR QUANTO TEMPO POSSO GUARDAR ESTE   MEDICAMENTO?** \n\n**Rivotril[®  ]** comprimidos de 0,5 mg e 2,0 mg devem ser armazenados em temperatura ambiente (entre 15 e 30   ºC). \n\n## **Número de lote e datas de fabricação e validade: vide  embalagem.** \n\n**Não use medicamento com o prazo de validade vencido. Guarde-o em sua embalagem  original.** \n\n## **Aspecto físico** \n\nOs comprimidos de 0,5 mg de **Rivotril[® ]** apresentam formato cilíndrico biplano com presença de ranhura e cor laranja pálido. \n\nOs comprimidos de 2,0 mg de **Rivotril[® ]** apresentam formato cilíndrico biplano com presença de ranhura e cor branca a levemente amarelada. \n\n## **Características organolépticas** \n\n**Rivotril[® ]** comprimidos de 0,5 mg e 2,0 mg não apresenta características marcantes que o diferenciem de outros comprimidos. \n\n**Antes de usar, observe o aspecto do medicamento. Caso ele esteja no prazo de validade e você observe alguma mudança no aspecto, consulte o farmacêutico para saber se poderá  utilizá-lo.** \n\n3 \n\n**==> picture [109 x 35] intentionally omitted <==**"", ""ntes; \n\n**-** Medicamentos para o estômago. \n\n## **Interações fármaco-alimento** \n\nInterações com alimentos não foram estabelecidas. O suco de toranja pode aumentar o efeito de **Rivotril[®]** . \n\n## **Interações fármaco-laboratório** \n\nInterações com testes laboratoriais não foram estabelecidas. \n\n**Informe ao seu médico ou cirurgião-dentista se você está fazendo uso de algum outro medicamento. Não use medicamento sem o conhecimento do seu médico. Pode ser perigoso para a sua saúde.** \n\n## **5."", ""cantes que o diferenciem de outros comprimidos. \n\n**Antes de usar, observe o aspecto do medicamento. Caso ele esteja no prazo de validade e você observe alguma mudança no aspecto, consulte o farmacêutico para saber se poderá  utilizá-lo.** \n\n3 \n\n**==> picture [109 x 35] intentionally omitted <==**\n\n## **Todo medicamento deve ser mantido fora do alcance das  crianças.** \n\n## **6. COMO DEVO USAR ESTE  MEDICAMENTO?** \n\nTome os comprimidos por via oral com pouca quantidade de líquido não alcoólico. A dose de **Rivotril[® ]** depende da doença, da resposta clínica, idade e tolerabilidade. \n\nRecomenda-se que o tratamento inicie com doses mais baixas, que podem ser aumentadas se necessário. Siga a orientação médica. \n\n## **Distúrbios epilépticos** \n\n## Adultos \n\nDose inicial: não exceder 1,5 mg/dia, dividida em 3 doses. Aumentar a critério médico. Dose de manutenção: será definida pelo seu médico, de acordo com sua resposta. \n\nDose diária máxima recomendada: 20 mg. \n\nSe você já usa outro anticonvulsivante, avise seu médico. \n\nRecém-nascidos e crianças até 10 anos de idade ou 30 kg de peso \n\nDose inicial média: 0,01 a 0,03 mg/kg/dia. Não exceder 0,05 mg/kg/dia, dividido em 2 ou 3 doses  diárias. \n\nCrianças entre 10 e 16 anos de idade: Dose inicial: 1 a 1,5 mg/dia, dividido em 2 a 3 doses. A dose pode ser aumentada, a critério médico, até atingir a dose de manutenção individual, usualmente de 3 a 6  mg/dia. Sempre que possível, dividir a dose diária em 3 doses iguais. Caso não seja possível, a maior dose deve ser tomada antes de deitar. \n\n## **Transtornos de ansiedade**""]",43.033,21.196
guarded_hybrid_agentic_fusion_rag,ollama:mediphi-instruct,RIVOTRIL,medio,Como a orientação para não interromper Rivotril subitamente se relaciona com o risco de abstinência e novas crises epilépticas descrito na bula?,medio,"A bula informa que a retirada brusca deve ser evitada, pois a descontinuação súbita pode causar sintomas de abstinência, incluindo ansiedade, alterações de humor, irritabilidade e convulsões epiléticas. Também orienta que o paciente não pare de tomar Rivotril subitamente, pois pode ter novas crises epilépticas, e que a interrupção deve ocorrer com redução gradual da dose sob orientação médica.",O QUE DEVO SABER ANTES DE USAR ESTE MEDICAMENTO? / COMO DEVO USAR ESTE MEDICAMENTO?,"De acordo com a bula do medicamento RIVOTRIL, consta a seguinte informação: 

O risco de abstinência é maior após descontinuação súbita da medicação. O tratamento (mesmo de curta duração) deve ser interrompido pela redução gradativa da dose diária para evitar sintomas como alucinações, formigamentos e outros possíveis danos neurológicos ou psicológicos graves que podem ocorrer com a descontinuação brusca de benzodiazepínicos. O uso abrupto do Rivotril[® ] deve ser evitado para minimizar esses riscos, e qualquer mudança na terapia devem seguir orientação médica cuidadosa com ajuste gradual da dosagem conforme necessário por um profissional de saúde.

---
*Esta resposta se baseia apenas nos trechos da bula recuperados e não substitui orientação médica ou farmacêutica.*","De acordo com a bula do medicamento RIVOTRIL, consta a seguinte informação: 

O risco de abstinência é maior após descontinuação súbita da medicação. O tratamento (mesmo de curta duração) deve ser interrompido pela redução gradativa da dose diária para evitar sintomas como alucinações, formigamentos e outros possíveis danos neurológicos ou psicológicos graves que podem ocorrer com a descontinuação brusca de benzodiazepínicos. O uso abrupto do Rivotril[® ] deve ser evitado para minimizar esses riscos, e qualquer mudança na terapia devem seguir orientação médica cuidadosa com ajuste gradual da dosagem conforme necessário por um profissional de saúde.","COMO DEVO USAR ESTE MEDICAMENTO?, QUANDO NÃO DEVO USAR ESTE MEDICAMENTO?","chunk_138608289ce9, chunk_138608289ce9, chunk_d77c1f8474ad, chunk_063f6288233c, chunk_eae4150205a2, chunk_8cc0cdf740f7, chunk_eae4150205a2, chunk_90dfe3d49fe4","[""0,5 a 3,0 mg/dia. \n\n**Síndrome das pernas inquietas:** 0,5 mg a 2,0 mg/dia. \n\n**Vertigem e distúrbios do equilíbrio** : 0,5 mg a 1,0 mg ao dia (2x/dia). Doses diárias superiores a 1,0 mg não são recomendáveis. \n\n**Síndrome da boca ardente:** 0,25 a 6,0 mg/dia. Dose recomendada: 1,0 a 2,0 mg/dia. \n\n**Uso em idosos:** a dose mais baixa possível deve ser utilizada em idosos. Deve-se ter especial cuidado durante as alterações na dose. \n\n**Comprometimento do fígado:** pacientes com comprometimento do fígado grave não devem ser tratados com clonazepam e pacientes com comprometimento hepático leve a moderado devem receber a dose mais baixa possível. \n\n4 \n\n**==> picture [109 x 35] intentionally omitted <==**\n\n## **Instruções especiais de administração** \n\n**Rivotril[® ]** pode ser usado com outros antiepilépticos. Nesse caso, seu médico ajustará a dose de cada medicamento para atingir o efeito ideal. \n\nNão pare de tomar **Rivotril[® ]** subitamente, você pode ter novas crises epilépticas. Somente seu médico poderá orientar a interrupção do tratamento reduzindo gradualmente a dose utilizada. \n\n**Siga a orientação de seu médico, respeitando sempre os horários, as doses e a duração do tratamento. Não interrompa o tratamento sem o conhecimento do seu médico.** \n\n**7."", ""0,5 a 3,0 mg/dia. \n\n## **Síndrome das pernas inquietas:** 0,5 mg a 2,0 mg/dia. \n\n**Vertigem e distúrbios do equilíbrio** : 0,5 mg a 1,0 mg/dia (2x/dia). Doses diárias superiores a 1,0 mg não são recomendáveis. \n\n**Síndrome da boca ardente:** 0,25 a 6,0 mg/dia. Dose recomendada: 1,0 a 2,0 mg/dia. \n\n**Uso em idosos:** a dose mais baixa possível deve ser utilizada em idosos. Deve-se ter especial cuidado durante as alterações na dose. \n\n**Comprometimento do fígado:** pacientes com comprometimento do fígado grave não devem ser tratados com clonazepam e pacientes com comprometimento hepático leve a moderado devem receber a dose mais baixa possível. \n\n4 \n\n**==> picture [109 x 35] intentionally omitted <==**\n\n## **Instruções especiais de administração** \n\n**Rivotril[® ]** pode ser usado com outros antiepilépticos. Nesse caso, seu médico ajustará a dose de cada medicamento para atingir o efeito ideal. \n\nNão pare de tomar **Rivotril[® ]** subitamente, você pode ter novas crises epilépticas. Somente seu médico poderá orientar a interrupção do tratamento reduzindo gradualmente a dose utilizada. \n\n## **Siga a orientação de seu médico, respeitando sempre os horários, as doses e a duração do tratamento. Não interrompa o tratamento sem o conhecimento do seu  médico.** \n\n## **7."", ""ções), com o uso de benzodiazepínicos em doses terapêuticas. \n\n**Rivotril[® ]** pode precipitar o estado de mal epiléptico (crises epilépticas em sequência rápida). Fale com seu médico antes de aumentar a dose ou interromper abruptamente esta medicação. \n\n## **Abuso e dependência do medicamento** \n\nO uso de benzodiazepínicos pode levar ao desenvolvimento de dependência física e psicológica. O risco de dependência aumenta com a dose, tratamentos prolongados e em pacientes com história de abuso de álcool ou drogas. Em caso de dependência, especialmente com doses elevadas, a descontinuação brusca do tratamento será acompanhada por sintomas de abstinência: psicoses, distúrbio de comportamento, tremor, sudorese, agitação, distúrbios do sono e ansiedade, dor de cabeça, diarreia, dores musculares, câimbras, ansiedade extrema, tensão, cansaço, inquietação, alteração de humor, confusão, irritabilidade e convulsões epiléticas que podem ser associadas à doença de base. Em casos graves, desrealização (sentimentos de estranhamento ou distanciamento em relação ao ambiente), despersonalização (processo psíquico, em que se tem a impressão de que se é estranho  a si mesmo), hipersensibilidade ao som, à luz, a ruídos e ao contato físico, sensações anormais, formigamentos, alucinações. O risco dos sintomas de abstinência é maior após descontinuação súbita do tratamento, portanto a retirada brusca do medicamento deve ser evitada. O tratamento (mesmo de curta duração) deve ser interrompido pela redução gradativa da dose diária. \n\n## **Efeitos sobre a capacidade de dirigir e operar  máquinas**"", ""utilizada em idosos. Deve-se ter especial cuidado durante as alterações na dose. \n\n**Comprometimento do fígado:** pacientes com comprometimento do fígado grave não devem ser tratados com clonazepam e pacientes com comprometimento hepático leve a moderado devem receber a dose mais baixa possível. \n\n## **Instruções especiais de administração** \n\n**Rivotril[® ]** pode ser usado com outros antiepilépticos. Nesse caso, seu médico ajustará a dose de cada medicamento para atingir o efeito ideal. \n\nNão pare de tomar **Rivotril[® ]** subitamente, você pode ter novas crises epilépticas. Somente seu médico poderá orientar a interrupção do tratamento reduzindo gradualmente a dose utilizada. \n\n**Siga a orientação de seu médico, respeitando sempre os horários, as doses e a duração do tratamento. Não interrompa o tratamento sem o conhecimento do seu médico.** \n\n**7. O QUE DEVO FAZER QUANDO EU ME ESQUECER DE USAR ESTE   MEDICAMENTO?** Nunca dobre a dose na próxima tomada.  Apenas continue com a próxima dose no tempo determinado. \n\n4 \n\n**==> picture [109 x 35] intentionally omitted <==**\n\n## **Em caso de dúvidas, procure orientação do farmacêutico, do seu médico ou   cirurgião-dentista.** \n\n## **8. QUAIS OS MALES QUE ESTE MEDICAMENTO PODE ME   CAUSAR?**"", ""sintomas de abstinência é maior após descontinuação súbita do tratamento, portanto a retirada brusca do medicamento deve ser evitada. O tratamento (mesmo de curta duração) deve ser interrompido pela redução gradativa da dose diária. \n\n## **Efeitos sobre a capacidade de dirigir e operar  máquinas** \n\nClonazepam pode lentificar as reações, efeito agravado com o uso de álcool. \n\n## **Durante o tratamento, o paciente não deve dirigir veículos ou operar máquinas, pois sua habilidade e atenção podem estar prejudicadas.** \n\nAté o momento, não há informações de que **Rivotril[® ]** cause _doping_ . Em caso de dúvidas, consulte o seu médico. \n\n## **Gravidez e amamentação** \n\n## **Este medicamento não deve ser utilizado por mulheres grávidas sem orientação médica ou do cirurgiãodentista.** \n\n**Rivotril[® ]** só deve ser administrado a gestantes se houver indicação absoluta e se os benefícios potenciais \n\nsuperarem os riscos para o feto. **Rivotril[® ]** pode prejudicar seu bebê. Informe seu médico se estiver grávida ou se está tentando engravidar. O uso de altas doses no último trimestre da gestação ou no trabalho de parto pode causar irregularidades no batimento cardíaco do feto e baixa temperatura corpórea, falta de tônus muscular, \n\n2 \n\n**==> picture [109 x 35] intentionally omitted <==**\n\ndepressão respiratória e dificuldade de sucção no bebê. Tanto a gestação quanto a suspensão de **Rivotril[® ]** podem exacerbar a epilepsia. \n\nInforme seu médico se estiver amamentando. Se você realmente precisar tomar **Rivotril[®]** , a amamentação deve ser descontinuada."", ""ísico sensações anormais formigamentos, alucinações. O risco dos sintomas de abstinência é maior após descontinuação súbita do tratamento, portanto a retirada brusca do medicamento deve ser evitada. O tratamento (mesmo de curta duração) deve ser interrompido pela redução gradativa da dose diária. \n\n## **Efeitos sobre a capacidade de dirigir e operar  máquinas** \n\nClonazepam pode lentificar as reações, efeito agravado com o uso de álcool. \n\n**Durante o tratamento, o paciente não deve dirigir veículos ou operar máquinas, pois sua habilidade e atenção podem estar prejudicadas.** \n\nAté o momento, não há informações de que **Rivotril[® ]** cause _doping_ . Em caso de dúvidas, consulte o seu médico. \n\n## **Gravidez e amamentação** \n\n## **Este medicamento não deve ser utilizado por mulheres grávidas sem orientação médica ou do cirurgiãodentista.** \n\n**Rivotril[® ]** só deve ser administrado a gestantes se houver indicação absoluta e os benefícios potenciais  superarem os riscos para o feto. **Rivotril[® ]** pode prejudicar seu bebê. Informe seu médico se estiver grávida ou se está tentando engravidar. O uso de altas doses no último trimestre da gestação ou no trabalho de parto pode causar irregularidades no batimento cardíaco do feto e baixa temperatura corpórea, falta de tônus muscular, depressão respiratória e \n\ndificuldade de sucção no bebê. Tanto a gestação quanto a suspensão de **Rivotril[® ]** podem exacerbar  a epilepsia. Informe seu médico se estiver amamentando. Se você realmente precisar tomar **Rivotril[®]** , a amamentação deve ser descontinuada. \n\n2"", ""intomas de abstinência é maior após descontinuação súbita do tratamento, portanto a retirada brusca do medicamento deve ser evitada. O tratamento (mesmo de curta duração) deve ser interrompido pela redução gradativa da dose diária. \n\n## **Efeitos sobre a capacidade de dirigir e operar  máquinas** \n\nClonazepam pode lentificar as reações, efeito agravado com o uso de álcool. \n\n**Durante o tratamento, o paciente não deve dirigir veículos ou operar máquinas, pois sua habilidade e atenção podem estar prejudicadas.** \n\nAté o momento, não há informações de que **Rivotril[®  ]** cause _doping_ . Em caso de dúvidas, consulte o seu  médico. \n\n## **Gravidez e amamentação** \n\n2 \n\n**==> picture [109 x 35] intentionally omitted <==**\n\n## **Este medicamento não deve ser utilizado por mulheres grávidas sem orientação médica ou do cirurgiãodentista.** \n\n**Rivotril[® ]** só deve ser administrado a gestantes se houver indicação absoluta e se os benefícios  potenciais \n\nsuperarem os riscos para o feto. **Rivotril[® ]** pode prejudicar seu bebê. Informe seu médico se estiver grávida ou se está tentando engravidar. O uso de altas doses no último trimestre da gestação ou no trabalho de parto pode  causar irregularidades no batimento cardíaco do feto e baixa temperatura corpórea, falta de tônus muscular, depressão respiratória e dificuldade de sucção no bebê. Tanto a gestação quanto a suspensão de **Rivotril**[® ] podem exacerbar a epilepsia. \n\nInforme seu médico se estiver amamentando. Se você realmente precisar tomar **Rivotril[®]** , a amamentação deve ser descontinuada."", ""essão e/ou tentativa de suicídio; \n\n- 3) intolerância à galactose (açúcar) ou deficiência de lactase (enzima que quebra a lactose); \n\n- 4) ataxia cerebelar ou espinhal (descoordenação dos movimentos por problema do cerebelo ou medula); \n\n- 5) uso regular ou intoxicação aguda por álcool ou drogas. \n\nPode ocorrer perda de efeito durante o tratamento com clonazepam. \n\nNão tome **Rivotril[® ]** com álcool e/ou depressores do sistema nervoso central. Essa combinação pode aumentar os efeitos de **Rivotril[®]** , com potencial sedação grave que pode resultar em coma ou morte, depressão cardiovascular e/ou respiratória. Caso ocorram reações paradoxais ** durante o tratamento, fale com seu médico, pois o uso do medicamento deve ser descontinuado. Pode ocorrer amnésia anterógrada (perda da habilidade de criar novas memórias e absorver novas informações), com o uso de benzodiazepínicos em doses terapêuticas. \n\n**Rivotril[® ]** pode precipitar o estado de mal epiléptico (crises epilépticas em sequência rápida). Fale com o seu médico antes de aumentar a dose ou interromper abruptamente esta  medicação. \n\n## **Abuso e dependência do medicamento**""]",28.725,47.771
guarded_hybrid_agentic_fusion_rag,ollama:mediphi-instruct,TYLENOL,medio,Como a indicação por idade de TYLENOL se relaciona com a contraindicação para menores de 12 anos e com a posologia descrita na bula?,medio,"A bula informa que TYLENOL comprimidos é de uso adulto e pediátrico acima de 12 anos e contraindicado para menores de 12 anos. A posologia apresentada também se aplica a adultos e crianças acima de 12 anos: TYLENOL 500 mg, 1 a 2 comprimidos, 3 a 4 vezes ao dia; ou TYLENOL 750 mg, 1 comprimido, 3 a 5 vezes ao dia, respeitando a dose máxima diária.",APRESENTAÇÕES / QUANDO NÃO DEVO USAR ESTE MEDICAMENTO? / COMO DEVO USAR ESTE MEDICAMENTO?,"De acordo com a bula do medicamento, **TYLENOL[® ]** é indicado tanto em adultos quanto crianças maiores ou idênticas de 12 anos. A contraindicação para menores de 12 anos se relaciona diretamente à indicação por idade e segue a posologia descrita na bula, que permite dosagem entre os limites recomendados da dose diária máxima em adultos (4000 mg) ou crianças acima de 12 anos.

---
*Esta resposta se baseia apenas nos trechos da bula recuperados e não substitui orientação médica ou farmacêutica. É recomendável consultar um profissional de saúde para orientação individualizada.*","De acordo com a bula do medicamento, **TYLENOL[® ]** é indicado tanto em adultos quanto crianças maiores ou idênticas de 12 anos. A contraindicação para menores de 12 anos se relaciona diretamente à indicação por idade e segue a posologia descrita na bula, que permite dosagem entre os limites recomendados da dose diária máxima em adultos (4000 mg) ou crianças acima de 12 anos.","PARA QUE ESTE MEDICAMENTO É INDICADO?, QUAIS OS MALES QUE ESTE MEDICAMENTO PODE ME CAUSAR?, COMO DEVO USAR ESTE MEDICAMENTO?, ONDE, COMO E POR QUANTO TEMPO POSSO GUARDAR ESTE MEDICAMENTO?, COMO ESTE MEDICAMENTO FUNCIONA?, QUANDO NÃO DEVO USAR ESTE MEDICAMENTO?, O QUE DEVO SABER ANTES DE USAR ESTE MEDICAMENTO?","chunk_77f72cabf81a, chunk_d4d5a2d20ab2, chunk_578c6a49ac86, chunk_97251e7ccd85, chunk_bd0ae4006d5f, chunk_01578455e892, chunk_bcded81d765f, chunk_a508cae3796b","[""QUANDO NÃO DEVO USAR ESTE MEDICAMENTO?** \n\nVocê não deve usar **TYLENOL[® ]** se possuir alergia ao paracetamol ou a qualquer componente de sua fórmula. \n\n**Este medicamento é contraindicado para menores de 12 anos.** \n\n## **4."", ""COMO DEVO USAR ESTE MEDICAMENTO?** \n\nUso oral. Você deve tomar os comprimidos com líquido. O paracetamol pode ser administrado independentemente das refeições. \n\n## **Adultos e crianças acima de 12 anos:** \n\n**TYLENOL[® ] 500 mg:** 1 a 2 comprimidos, 3 a 4 vezes ao dia. \n\n**TYLENOL[® ] 750 mg:** 1 comprimido, 3 a 5 vezes ao dia. \n\nA dose diária máxima recomendada de paracetamol é de 4000 mg ( **8 comprimidos de TYLENOL[® ] 500 mg ou 5 comprimidos de TYLENOL® 750 mg** ) administrada em doses fracionadas, não excedendo 1000 mg/dose ( **2 comprimidos de TYLENOL[® ] 500 mg ou 1 comprimido de TYLENOL[® ] 750 mg** ), em intervalos de 4 a 6 horas, em um período de 24 horas. **Duração do tratamento:** depende do desaparecimento dos sintomas. \n\n**Este medicamento não pode ser partido, aberto ou mastigado.** \n\n**Siga corretamente o modo de usar. Em caso de dúvidas sobre este medicamento, procure orientação do farmacêutico. Não desaparecendo os sintomas, procure orientação médica ou de seu cirurgião-dentista.** \n\n## **7."", ""COMO ESTE MEDICAMENTO FUNCIONA?** \n\n**TYLENOL[® ]** reduz a febre atuando no centro regulador da temperatura no Sistema Nervoso Central (SNC) e diminui a sensibilidade a dor. Seu efeito tem início 15 a 30 minutos após a administração oral e permanece por um período de 4 a 6 horas. \n\n## **3."", ""O QUE DEVO SABER ANTES DE USAR ESTE MEDICAMENTO?** \n\nTYLENOL® - Paciente \n\n**==> picture [114 x 31] intentionally omitted <==**\n\nVocê não deve tomar mais do que a dose recomendada (superdose) para provocar maior alívio, pois pode causar sérios problemas de saúde. Você deve consultar seu médico se a dor ou febre continuarem ou piorarem, ou se surgirem novos sintomas, pois estes sintomas podem ser sinais de doenças graves. \n\n**Uso com álcool** : consumidores de doses abusivas de álcool devem consultar seu médico para saber se podem tomar **TYLENOL[® ]** ou qualquer outro analgésico. \n\n## **Gravidez e Amamentação** \n\n## Se você estiver grávida ou amamentando, consulte o seu médico antes de usar este medicamento. **Este medicamento não deve ser utilizado por mulheres grávidas sem orientação médica ou do cirurgião-dentista.** \n\n**Uso em pacientes com problemas no fígado** : Consulte seu médico antes de usar o medicamento. **Uso em idosos** : Até o momento não são conhecidas restrições específicas ao uso de **TYLENOL[® ]** por pacientes idosos. Não existe necessidade de ajuste de dose neste grupo etário. Muito raramente, foram relatadas reações cutâneas graves em pacientes que administraram paracetamol. Os sintomas podem incluir: vermelhidão na pele, bolhas e erupções cutâneas. Se ocorrerem reações cutâneas ou piora de problemas de pele já existentes, interrompa o uso do medicamento e procure ajuda médica imediatamente. \n\n## **Não use outro produto que contenha paracetamol.** \n\n## **O paracetamol nas doses terapêuticas não foi associado à irritação gástrica.**"", ""ONDE, COMO E POR QUANTO TEMPO POSSO GUARDAR ESTE MEDICAMENTO?** \n\n**TYLENOL®** deve ser conservado em temperatura ambiente (entre 15°C e 30°C), protegido da luz e umidade. **Número de lote e datas de fabricação e validade: vide embalagem.** \n\nTYLENOL® - Paciente \n\n**==> picture [114 x 31] intentionally omitted <==**\n\n**Não use medicamento com o prazo de validade vencido. Guarde-o em sua embalagem original. TYLENOL[® ] 500 mg e TYLENOL[® ] 750 mg** são comprimidos revestidos oblongos (ovalados) de cor branca. \n\n**Antes de usar, observe o aspecto do medicamento. Caso ele esteja no prazo de validade e você observe alguma mudança no aspecto, consulte o farmacêutico para saber se poderá** \n\n**utilizá-lo.** \n\n**Todo medicamento deve ser mantido fora do alcance das crianças** . \n\n## **6."", ""cutâneas. Se ocorrerem reações cutâneas ou piora de problemas de pele já existentes, interrompa o uso do medicamento e procure ajuda médica imediatamente. \n\n## **Não use outro produto que contenha paracetamol.** \n\n## **O paracetamol nas doses terapêuticas não foi associado à irritação gástrica.** \n\nSe você tem pressão alta, não use este produto por mais tempo do que o indicado no rótulo, a menos que indicado por um médico. \n\nA absorção de **TYLENOL[® ]** é mais rápida se você estiver em jejum. Os alimentos podem afetar a velocidade da absorção, mas não a quantidade absorvida do medicamento. A interferência do paracetamol na metabolização de outros medicamentos e a influência destes medicamentos na ação e na toxicidade do paracetamol, em geral, não são relevantes. \n\n**Consulte seu médico antes de utilizar este medicamento se você está tomando flucloxacilina (penicilina - um antibiótico), varfarina (anticoagulante) ou outros derivados cumarínicos.** \n\n**Informe ao seu médico ou cirurgião-dentista se você está fazendo uso de algum outro medicamento.** \n\n**5."", ""QUAIS OS MALES QUE ESTE MEDICAMENTO PODE ME CAUSAR?** \n\nEste medicamento pode causar algumas reações desagradáveis inesperadas. Caso você tenha uma reação alérgica, deve parar de tomar o medicamento. \n\nTYLENOL® - Paciente \n\n**==> picture [114 x 31] intentionally omitted <==**\n\nReação muito rara (ocorre em menos de 0,01% dos pacientes que utilizam este medicamento): urticária, coceira e vermelhidão no corpo, reações alérgicas a este medicamento, aumento das transaminases e erupção fixa medicamentosa. \n\n**Informe ao seu médico, cirurgião-dentista ou farmacêutico o aparecimento de reações indesejáveis pelo uso do medicamento. Informe também à empresa através do seu serviço de atendimento.** \n\n## **9."", ""PARA QUE ESTE MEDICAMENTO É INDICADO?** \n\nEste medicamento é indicado para a redução da febre e para o alívio temporário de dores leves a moderadas, tais como: dores associadas a resfriados comuns, dor de cabeça, dor no corpo, dor de dente, dor nas costas, dores musculares, dores leves associadas a artrites e cólicas menstruais. \n\n## **2.""]",35.817,26.337
guarded_hybrid_agentic_fusion_rag,ollama:mediphi-instruct,TYLENOL,medio,Qual é a dose diária máxima recomendada de TYLENOL e que risco a bula associa ao uso acima das doses recomendadas?,medio,"A dose diária máxima recomendada de paracetamol é de 4000 mg, equivalente a 8 comprimidos de TYLENOL 500 mg ou 5 comprimidos de TYLENOL 750 mg, em doses fracionadas, sem exceder 1000 mg por dose em intervalos de 4 a 6 horas em 24 horas. A bula alerta que doses excessivas acima das recomendadas podem causar danos ao fígado.",COMO DEVO USAR ESTE MEDICAMENTO? / O QUE FAZER SE ALGUÉM USAR UMA QUANTIDADE MAIOR DO QUE A INDICADA DESTE MEDICAMENTO?,"De acordo com a bula consultada de TYLENOL, consta a seguinte informação: 
A dose diária máxima recomendada é de **4000 mg** administrado em doses fracionadas (2 comprimidos de TYLENOL[® ] 500 mg ou 1 comprimido de TYLENOL[® ] 750 mg), não excedendo a dose recomendada por administração, mas em um período máximo de **6 horas**. O uso acima das doses indicadas pode causar danos ao fígado e requer atenção médica imediata para evitar sérios problemas de saúde.

---
*Esta resposta se baseia apenas nos trechos da bula recuperados e não substitui orientação médica ou farmacêutica.*","De acordo com a bula consultada de TYLENOL, consta a seguinte informação: 
A dose diária máxima recomendada é de **4000 mg** administrado em doses fracionadas (2 comprimidos de TYLENOL[® ] 500 mg ou 1 comprimido de TYLENOL[® ] 750 mg), não excedendo a dose recomendada por administração, mas em um período máximo de **6 horas**. O uso acima das doses indicadas pode causar danos ao fígado e requer atenção médica imediata para evitar sérios problemas de saúde.","QUAIS OS MALES QUE ESTE MEDICAMENTO PODE ME CAUSAR?, COMO DEVO USAR ESTE MEDICAMENTO?, ONDE, COMO E POR QUANTO TEMPO POSSO GUARDAR ESTE MEDICAMENTO?, COMO ESTE MEDICAMENTO FUNCIONA?, O QUE FAZER SE ALGUÉM USAR UMA QUANTIDADE MAIOR DO QUE A INDICADA DESTE MEDICAMENTO?, QUANDO NÃO DEVO USAR ESTE MEDICAMENTO?, O QUE DEVO SABER ANTES DE USAR ESTE MEDICAMENTO?","chunk_d4d5a2d20ab2, chunk_983a58909e27, chunk_97251e7ccd85, chunk_bd0ae4006d5f, chunk_01578455e892, chunk_77f72cabf81a, chunk_578c6a49ac86, chunk_bcded81d765f","[""COMO DEVO USAR ESTE MEDICAMENTO?** \n\nUso oral. Você deve tomar os comprimidos com líquido. O paracetamol pode ser administrado independentemente das refeições. \n\n## **Adultos e crianças acima de 12 anos:** \n\n**TYLENOL[® ] 500 mg:** 1 a 2 comprimidos, 3 a 4 vezes ao dia. \n\n**TYLENOL[® ] 750 mg:** 1 comprimido, 3 a 5 vezes ao dia. \n\nA dose diária máxima recomendada de paracetamol é de 4000 mg ( **8 comprimidos de TYLENOL[® ] 500 mg ou 5 comprimidos de TYLENOL® 750 mg** ) administrada em doses fracionadas, não excedendo 1000 mg/dose ( **2 comprimidos de TYLENOL[® ] 500 mg ou 1 comprimido de TYLENOL[® ] 750 mg** ), em intervalos de 4 a 6 horas, em um período de 24 horas. **Duração do tratamento:** depende do desaparecimento dos sintomas. \n\n**Este medicamento não pode ser partido, aberto ou mastigado.** \n\n**Siga corretamente o modo de usar. Em caso de dúvidas sobre este medicamento, procure orientação do farmacêutico. Não desaparecendo os sintomas, procure orientação médica ou de seu cirurgião-dentista.** \n\n## **7."", ""O QUE FAZER SE ALGUÉM USAR UMA QUANTIDADE MAIOR DO QUE A INDICADA DESTE MEDICAMENTO?** \n\nO uso de doses excessivas, acima das doses recomendadas (superdose) pode causar danos ao fígado. Em caso de superdose, procure ajuda médica ou um centro de intoxicação imediatamente. O apoio médico imediato é fundamental para adultos e crianças, mesmo se os sinais e sintomas de intoxicação não estiverem presentes. \n\nOs sinais e sintomas iniciais que se seguem a uma dose potencialmente hepatotóxica de paracetamol são: perda de apetite, náusea, vômito, sudorese intensa, palidez e mal-estar geral. **Em caso de uso de grande quantidade deste medicamento, procure rapidamente socorro médico e leve a embalagem ou bula do medicamento, se possível. Ligue para 0800 722 6001, se você precisar de mais orientações.** \n\n## **DIZERES LEGAIS** \n\nMS - 1.5721.1214 \n\nFarmacêutico Responsável: Jean F. L. Festuccia – CRF - SP nº 29.625 \n\nRegistrado por: \n\n## **JOHNSON & JOHNSON INDUSTRIAL LTDA.** \n\nRodovia Presidente Dutra, Km 154, \n\nSão José dos Campos – SP \n\nCNPJ 59.748.988/0001-14 \n\nFabricado por: \n\n## **JOHNSON & JOHNSON INDUSTRIAL LTDA** \n\nRodovia Presidente Dutra, km 154 \n\nSão José dos Campos – SP \n\nCNPJ: 59.748.988/0001-14 Industria Brasileira \n\n®Marca Registrada \n\nTYLENOL® - Paciente \n\n**==> picture [114 x 31] intentionally omitted <==**\n\nSAC 0800 728 6767 \n\nwww.tylenol.com.br \n\nSiga corretamente o modo de usar, não desaparecendo os sintomas procure orientação médica. \n\n**==> picture [23 x 19] intentionally omitted <==**\n\nTYLENOL® - Paciente \n\n**==> picture [115 x 30] intentionally omitted <==**"", ""O QUE DEVO SABER ANTES DE USAR ESTE MEDICAMENTO?** \n\nTYLENOL® - Paciente \n\n**==> picture [114 x 31] intentionally omitted <==**\n\nVocê não deve tomar mais do que a dose recomendada (superdose) para provocar maior alívio, pois pode causar sérios problemas de saúde. Você deve consultar seu médico se a dor ou febre continuarem ou piorarem, ou se surgirem novos sintomas, pois estes sintomas podem ser sinais de doenças graves. \n\n**Uso com álcool** : consumidores de doses abusivas de álcool devem consultar seu médico para saber se podem tomar **TYLENOL[® ]** ou qualquer outro analgésico. \n\n## **Gravidez e Amamentação** \n\n## Se você estiver grávida ou amamentando, consulte o seu médico antes de usar este medicamento. **Este medicamento não deve ser utilizado por mulheres grávidas sem orientação médica ou do cirurgião-dentista.** \n\n**Uso em pacientes com problemas no fígado** : Consulte seu médico antes de usar o medicamento. **Uso em idosos** : Até o momento não são conhecidas restrições específicas ao uso de **TYLENOL[® ]** por pacientes idosos. Não existe necessidade de ajuste de dose neste grupo etário. Muito raramente, foram relatadas reações cutâneas graves em pacientes que administraram paracetamol. Os sintomas podem incluir: vermelhidão na pele, bolhas e erupções cutâneas. Se ocorrerem reações cutâneas ou piora de problemas de pele já existentes, interrompa o uso do medicamento e procure ajuda médica imediatamente. \n\n## **Não use outro produto que contenha paracetamol.** \n\n## **O paracetamol nas doses terapêuticas não foi associado à irritação gástrica.**"", ""ONDE, COMO E POR QUANTO TEMPO POSSO GUARDAR ESTE MEDICAMENTO?** \n\n**TYLENOL®** deve ser conservado em temperatura ambiente (entre 15°C e 30°C), protegido da luz e umidade. **Número de lote e datas de fabricação e validade: vide embalagem.** \n\nTYLENOL® - Paciente \n\n**==> picture [114 x 31] intentionally omitted <==**\n\n**Não use medicamento com o prazo de validade vencido. Guarde-o em sua embalagem original. TYLENOL[® ] 500 mg e TYLENOL[® ] 750 mg** são comprimidos revestidos oblongos (ovalados) de cor branca. \n\n**Antes de usar, observe o aspecto do medicamento. Caso ele esteja no prazo de validade e você observe alguma mudança no aspecto, consulte o farmacêutico para saber se poderá** \n\n**utilizá-lo.** \n\n**Todo medicamento deve ser mantido fora do alcance das crianças** . \n\n## **6."", ""cutâneas. Se ocorrerem reações cutâneas ou piora de problemas de pele já existentes, interrompa o uso do medicamento e procure ajuda médica imediatamente. \n\n## **Não use outro produto que contenha paracetamol.** \n\n## **O paracetamol nas doses terapêuticas não foi associado à irritação gástrica.** \n\nSe você tem pressão alta, não use este produto por mais tempo do que o indicado no rótulo, a menos que indicado por um médico. \n\nA absorção de **TYLENOL[® ]** é mais rápida se você estiver em jejum. Os alimentos podem afetar a velocidade da absorção, mas não a quantidade absorvida do medicamento. A interferência do paracetamol na metabolização de outros medicamentos e a influência destes medicamentos na ação e na toxicidade do paracetamol, em geral, não são relevantes. \n\n**Consulte seu médico antes de utilizar este medicamento se você está tomando flucloxacilina (penicilina - um antibiótico), varfarina (anticoagulante) ou outros derivados cumarínicos.** \n\n**Informe ao seu médico ou cirurgião-dentista se você está fazendo uso de algum outro medicamento.** \n\n**5."", ""QUANDO NÃO DEVO USAR ESTE MEDICAMENTO?** \n\nVocê não deve usar **TYLENOL[® ]** se possuir alergia ao paracetamol ou a qualquer componente de sua fórmula. \n\n**Este medicamento é contraindicado para menores de 12 anos.** \n\n## **4."", ""COMO ESTE MEDICAMENTO FUNCIONA?** \n\n**TYLENOL[® ]** reduz a febre atuando no centro regulador da temperatura no Sistema Nervoso Central (SNC) e diminui a sensibilidade a dor. Seu efeito tem início 15 a 30 minutos após a administração oral e permanece por um período de 4 a 6 horas. \n\n## **3."", ""QUAIS OS MALES QUE ESTE MEDICAMENTO PODE ME CAUSAR?** \n\nEste medicamento pode causar algumas reações desagradáveis inesperadas. Caso você tenha uma reação alérgica, deve parar de tomar o medicamento. \n\nTYLENOL® - Paciente \n\n**==> picture [114 x 31] intentionally omitted <==**\n\nReação muito rara (ocorre em menos de 0,01% dos pacientes que utilizam este medicamento): urticária, coceira e vermelhidão no corpo, reações alérgicas a este medicamento, aumento das transaminases e erupção fixa medicamentosa. \n\n**Informe ao seu médico, cirurgião-dentista ou farmacêutico o aparecimento de reações indesejáveis pelo uso do medicamento. Informe também à empresa através do seu serviço de atendimento.** \n\n## **9.""]",32.542,32.894
guarded_hybrid_agentic_fusion_rag,ollama:mediphi-instruct,TYLENOL,medio,Como a ingestão de alimentos influencia a absorção de TYLENOL e como isso se relaciona com o início de ação informado na bula?,medio,"A bula informa que a absorção de TYLENOL é mais rápida em jejum. Os alimentos podem afetar a velocidade da absorção, mas não a quantidade absorvida. A bula também informa que o efeito tem início 15 a 30 minutos após a administração oral e permanece por 4 a 6 horas.",COMO ESTE MEDICAMENTO FUNCIONA? / O QUE DEVO SABER ANTES DE USAR ESTE MEDICAMENTO?,"De acordo com a bula do medicamento TYLENOL, consta a seguinte informação: 
Ingestão de alimentos pode afetar ligeiramente o tempo que leva para iniciar os efeitos analgésicos. A absorção é mais rápida se você estiver em jejum; no ent-anto, isso não altera a quantidade total do medicamento absorbido nem sua duração de ação geralmente por 4 a 6 horas após administração oral conforme indicado na bula.

---
*Esta resposta se baseia apenas nos trechos da bula recuperados e não substitui orientação médica ou farmacêutica.*","De acordo com a bula do medicamento TYLENOL, consta a seguinte informação: 
Ingestão de alimentos pode afetar ligeiramente o tempo que leva para iniciar os efeitos analgésicos. A absorção é mais rápida se você estiver em jejum; no ent-anto, isso não altera a quantidade total do medicamento absorbido nem sua duração de ação geralmente por 4 a 6 horas após administração oral conforme indicado na bula.","PARA QUE ESTE MEDICAMENTO É INDICADO?, ONDE, COMO E POR QUANTO TEMPO POSSO GUARDAR ESTE MEDICAMENTO?, COMO ESTE MEDICAMENTO FUNCIONA?, O QUE FAZER SE ALGUÉM USAR UMA QUANTIDADE MAIOR DO QUE A INDICADA DESTE MEDICAMENTO?, QUANDO NÃO DEVO USAR ESTE MEDICAMENTO?, O QUE DEVO SABER ANTES DE USAR ESTE MEDICAMENTO?","chunk_01578455e892, chunk_983a58909e27, chunk_578c6a49ac86, chunk_bd0ae4006d5f, chunk_77f72cabf81a, chunk_a508cae3796b","[""cutâneas. Se ocorrerem reações cutâneas ou piora de problemas de pele já existentes, interrompa o uso do medicamento e procure ajuda médica imediatamente. \n\n## **Não use outro produto que contenha paracetamol.** \n\n## **O paracetamol nas doses terapêuticas não foi associado à irritação gástrica.** \n\nSe você tem pressão alta, não use este produto por mais tempo do que o indicado no rótulo, a menos que indicado por um médico. \n\nA absorção de **TYLENOL[® ]** é mais rápida se você estiver em jejum. Os alimentos podem afetar a velocidade da absorção, mas não a quantidade absorvida do medicamento. A interferência do paracetamol na metabolização de outros medicamentos e a influência destes medicamentos na ação e na toxicidade do paracetamol, em geral, não são relevantes. \n\n**Consulte seu médico antes de utilizar este medicamento se você está tomando flucloxacilina (penicilina - um antibiótico), varfarina (anticoagulante) ou outros derivados cumarínicos.** \n\n**Informe ao seu médico ou cirurgião-dentista se você está fazendo uso de algum outro medicamento.** \n\n**5."", ""O QUE FAZER SE ALGUÉM USAR UMA QUANTIDADE MAIOR DO QUE A INDICADA DESTE MEDICAMENTO?** \n\nO uso de doses excessivas, acima das doses recomendadas (superdose) pode causar danos ao fígado. Em caso de superdose, procure ajuda médica ou um centro de intoxicação imediatamente. O apoio médico imediato é fundamental para adultos e crianças, mesmo se os sinais e sintomas de intoxicação não estiverem presentes. \n\nOs sinais e sintomas iniciais que se seguem a uma dose potencialmente hepatotóxica de paracetamol são: perda de apetite, náusea, vômito, sudorese intensa, palidez e mal-estar geral. **Em caso de uso de grande quantidade deste medicamento, procure rapidamente socorro médico e leve a embalagem ou bula do medicamento, se possível. Ligue para 0800 722 6001, se você precisar de mais orientações.** \n\n## **DIZERES LEGAIS** \n\nMS - 1.5721.1214 \n\nFarmacêutico Responsável: Jean F. L. Festuccia – CRF - SP nº 29.625 \n\nRegistrado por: \n\n## **JOHNSON & JOHNSON INDUSTRIAL LTDA.** \n\nRodovia Presidente Dutra, Km 154, \n\nSão José dos Campos – SP \n\nCNPJ 59.748.988/0001-14 \n\nFabricado por: \n\n## **JOHNSON & JOHNSON INDUSTRIAL LTDA** \n\nRodovia Presidente Dutra, km 154 \n\nSão José dos Campos – SP \n\nCNPJ: 59.748.988/0001-14 Industria Brasileira \n\n®Marca Registrada \n\nTYLENOL® - Paciente \n\n**==> picture [114 x 31] intentionally omitted <==**\n\nSAC 0800 728 6767 \n\nwww.tylenol.com.br \n\nSiga corretamente o modo de usar, não desaparecendo os sintomas procure orientação médica. \n\n**==> picture [23 x 19] intentionally omitted <==**\n\nTYLENOL® - Paciente \n\n**==> picture [115 x 30] intentionally omitted <==**"", ""COMO ESTE MEDICAMENTO FUNCIONA?** \n\n**TYLENOL[® ]** reduz a febre atuando no centro regulador da temperatura no Sistema Nervoso Central (SNC) e diminui a sensibilidade a dor. Seu efeito tem início 15 a 30 minutos após a administração oral e permanece por um período de 4 a 6 horas. \n\n## **3."", ""ONDE, COMO E POR QUANTO TEMPO POSSO GUARDAR ESTE MEDICAMENTO?** \n\n**TYLENOL®** deve ser conservado em temperatura ambiente (entre 15°C e 30°C), protegido da luz e umidade. **Número de lote e datas de fabricação e validade: vide embalagem.** \n\nTYLENOL® - Paciente \n\n**==> picture [114 x 31] intentionally omitted <==**\n\n**Não use medicamento com o prazo de validade vencido. Guarde-o em sua embalagem original. TYLENOL[® ] 500 mg e TYLENOL[® ] 750 mg** são comprimidos revestidos oblongos (ovalados) de cor branca. \n\n**Antes de usar, observe o aspecto do medicamento. Caso ele esteja no prazo de validade e você observe alguma mudança no aspecto, consulte o farmacêutico para saber se poderá** \n\n**utilizá-lo.** \n\n**Todo medicamento deve ser mantido fora do alcance das crianças** . \n\n## **6."", ""QUANDO NÃO DEVO USAR ESTE MEDICAMENTO?** \n\nVocê não deve usar **TYLENOL[® ]** se possuir alergia ao paracetamol ou a qualquer componente de sua fórmula. \n\n**Este medicamento é contraindicado para menores de 12 anos.** \n\n## **4."", ""PARA QUE ESTE MEDICAMENTO É INDICADO?** \n\nEste medicamento é indicado para a redução da febre e para o alívio temporário de dores leves a moderadas, tais como: dores associadas a resfriados comuns, dor de cabeça, dor no corpo, dor de dente, dor nas costas, dores musculares, dores leves associadas a artrites e cólicas menstruais. \n\n## **2.""]",34.572,14.725
guarded_hybrid_agentic_fusion_rag,ollama:mediphi-instruct,TYLENOL,medio,"Se uma dose de TYLENOL for esquecida, como o paciente deve proceder sem dobrar dose ou ultrapassar os limites de uso da bula?",medio,"Se esquecer uma dose, a bula orienta tomá-la assim que lembrar, caso ainda haja necessidade, e então ajustar o horário das próximas tomadas. Não se deve tomar dose dobrada para compensar a dose esquecida. A posologia também limita cada dose a 1000 mg, com intervalos de 4 a 6 horas, e a dose diária máxima a 4000 mg em 24 horas.",O QUE DEVO FAZER QUANDO EU ME ESQUECER DE USAR ESTE MEDICAMENTO? / COMO DEVO USAR ESTE MEDICAMENTO?,"De acordo com a bula consultada de TYLENOL, consta a seguinte informação: Se você se esquecer uma dose deste medicamento e ainda quiser tomar outra no mesmo dia, tome-a assim que possível. No ent-anto, não deve duplicar o comprimido para compensar essa omissão; simplesmente ajuste seu horário de administração normal conformemente com as recomendações da bula e sem exceder os limites diários máximos permitidos por dia. Se você se esquecer uma dose, tome-a assim que possível no caso em que ainda tenha necessidade delas; ajuste o horário das próximas tomadas conformemente com as recomendações da bula e sem exceder os limites diários máximos permitidos por dia. Se você se esquecer uma dose, tome-a assim que possível no caso em que ainda tenha necessidade delas; ajuste o horário das próximas tomadas conformemente com as recomendações da bula e sem exceder os limites diários máximos permitidos por dia. Se você se esquecer uma dose, tome-a assim que possível no caso em que ainda tenha necessidade delas; ajuste o horário das próximas tomadas conformemente com as recomendações da bula e sem exceder os limites diários máximos permitidos por dia. Se você se esquecer uma dose, tome-a assim que possível no caso em que ainda tenha necessidade delas; ajuste o horário das próximas tomadas conformemente com as recomendações da bula e sem exceder os limites diários máximos permitidos por dia. Se você se esquecer uma dose, tome-a assim que possível no caso em que ainda tenha necessidade delas; ajuste o horário das próximas tomadas conformemente com as recomendações da bula e sem exceder os limites diários máximos permitidos por dia. Se você se esquecer uma dose, tome-a assim que possível no caso em que ainda tenha necessidade delas; ajuste o horário das próximas tomadas conformemente com as recomendações da bula e sem exceder os limites diários máximos permitidos por dia. Se você se esquecer uma dose, tome-a assim que possível no caso em que ainda tenha necessidade delas; ajuste o horário das próximas tomadas conformemente com as recomendações da bula e sem exceder os limites diários máximos permitidos por dia. Se você se esquecer uma dose, tome-a assim que possível no caso em que ainda tenha necessidade delas; ajuste o horário das próximas tomadas conformemente com as recomendações da bula e sem exceder os limites diários máximos permitidos por dia. Se você se esquecer uma dose, tome-a assim que possível no caso em que ainda tenha necessidade delas; ajuste o horário das próximas tomadas conformemente com as recomendações da bula e sem exceder os limites diários máximos permitidos por dia. Se você se esquecer uma dose, tome-a assim que possível no caso em que ainda tenha necessidade delas; ajuste o horário das próximas tomadas conformemente com as recomendações da bula e sem exceder os limites diários máximos permitidos por dia. Se você se esquecer uma dose, tome-la assim que possível no caso em que ainda tenha necessidade delas; ajuste o horário das próximas tomadas conformemente com as recomendações da bula e sem exceder os limites diários máximos permitidos por dia. Se você se esquecer uma dose, tome-la assim que possível no caso em que ainda tenha necessidade delas; ajuste o horário das próximas tomadas conformemente com as recomendações da bula e sem exceder os limites diários máximos permitidos por dia. Se você se esquecer uma dose, tome-la assim que possível no caso em que ainda tenha necessidade delas; ajuste o horário das próximas tomadas conformemente com as recomendações da bula e sem exceder os limites diários máximos permitidos por dia. Se você se esquecer uma dose, tome-la assim que possível no caso em que ainda tenha necessidade delas; ajuste o horário das próximas tomadas conformemente com as recomendações da bula e sem exceder os limites diários máximos permitidos por dia. Se você se esquecer uma dose, tome-la assim que possível no caso em que ainda tenha necessidade delas; ajuste o horário das próximas tomadas conformemente com as recomendações da bula e sem exceder os limites diários máximos permitidos por dia. Se você se esquecer uma dose, tome-la assim que possível no caso em que ainda tenha necessidade delas; ajuste o horário das próximas tomadas conformemente com as recomendações da bula e sem exceder os limites diários máximos permitidos por dia. Se você se esquecer uma dose, tome-la assim que possível no caso em que ainda tenha necessidade delas; ajuste o horário das próximas tomadas conformemente com as recomendações da bula e sem exceder os limites diários máximos permitidos por dia. Se você se esquecer uma dose, tome-la assim que possível no caso em que ainda tenha necessidade delas; ajuste o horário das próximas tomadas conformemente com as recomendações da bula e sem exceder os limites diários máximos permitidos por dia. Se você se esquecer uma dose, tome-la assim que possível no caso em que ainda tenha necessidade delas; ajuste o horário das próximas tomadas conformemente com as recomendações da bula e sem exceder os limites diários máximos permitidos por dia. Se você se esquecer uma dose, tome-la assim que possível no caso em que ainda tenha necessidade delas; ajuste o horário das próximas tomadas conformemente com as recomendações da bula e sem exceder os limites diários máximos permitidos por dia. Se você se esquecer uma dose, tome-la assim que possível no caso em que ainda tenha necessidade delas; ajuste o horário das próximas tomadas conformemente com as recomendações da bula e sem exceder os limites diários máximos permitidos por dia. Se você se esquecer uma dose, tome-la assim que possível no caso em que ainda tenha necessidade delas; ajuste o horário das próximas tomadas conformemente com as recomendações da bula e sem exceder os limites diários máximos permitidos por dia. Se você se esquecer uma dose, tome-la assim que possível no caso em que ainda tenha necessidade delas; ajuste o horário das próximas tomadas conformemente com as recomendações da bula e sem exceder os limites diários máximos permitidos por dia. Se você se esquecer uma dose, tome-la assim que possível no caso em que ainda tenha necessidade delas; ajuste o horário das próximas tomadas conformemente com as recomendações da bula e sem exceder os limites diários máximos permitidos por dia. Se você se esquecer uma dose, tome-la assim que possível no caso em que ainda tenha necessidade delas; ajuste o horário das próximas tomadas conformemente com as recomendações da bula e sem exceder os limites diários máximos permitidos por dia. Se você se esquecer uma dose, tome-la assim que possível no caso em que ainda tenha necessidade delas; ajuste o horário das próximas tomadas conformemente com as recomendações da bula e sem exceder os limites diários máximos permitidos por dia. Se você se esquecer uma dose, tome-la assim que possível no caso em que ainda tenha necessidade delas; ajuste o horário das próximas tomadas conformemente com as recomendações da bula e sem exceder os limites diários máximos permitidos por dia. Se você se esquecer uma dose, tome-la assim que possível no caso em que ainda tenha necessidade delas; ajuste o horário das próximas tomadas conformemente com as recomendações da bula e sem exceder os limites diários máximos permitidos por dia. Se você se esquecer uma dose, tome-la assim que possível no caso em que ainda tenha necessidade delas; ajuste o horário das próximas tomadas conformemente com as recomendações da bula e sem exceder os limites diários máximos permitidos por dia. Se você se esquecer uma dose, tome-la assim que possível no caso em que ainda tenha necessidade delas; ajuste o horário das próximas tomadas conformemente com as recomendações da bula e sem exceder os limites diários máximos permitidos por dia. Se você se esquecer uma dose, tome-la assim que possível no caso em que ainda tenha necessidade delas; ajuste o horário das próximas tomadas conformemente com as recomendações da bula e sem exceder os limites diários máximos permitidos por dia. Se você se esquecer uma dose, tome-la assim que possível no caso em que ainda tenha necessidade delas; ajuste o horário das próximas tomadas conformemente com as recomendações da bula e sem exceder os limites diários máximos permitidos por dia. Se você se esquecer uma dose, tome-la assim que possível no caso em que ainda tenha necessidade delas; ajuste o horário das próximas tomadas conformemente com as recomendações da bula e sem exceder os limites diários máximos permitidos por dia. Se você se esquecer uma dose, tome-la assim que possível no caso em que ainda tenha necessidade delas; ajuste o horário das próximas tomadas conformemente com as recomendações da bula e sem exceder os limites diários máximos permitidos por dia. Se você se esquecer uma dose, tome-la assim que possível no caso em que ainda tenha necessidade delas; ajuste o horário das próximas tomadas conformemente com as recomendações da bula e sem exceder os limites diários máximos permitidos por dia. Se você se esquecer uma dose, tome-la assim que possível no caso em que ainda tenha necessidade delas; ajuste o horário das próximas tomadas conformemente com as recomendações da bula e sem exceder os limites diários máximos permitidos por dia. Se você se esquecer uma dose, tome-la assim que possível no caso em que ainda tenha necessidade delas; ajuste o horário das próximas tomadas conformemente com as recomendações da bula e sem exceder os limites diários máximos permitidos por dia. Se você se esquecer uma dose, tome-la assim que possível no caso em que ainda tenha necessidade delas; ajuste o horário das próximas tomadas conformemente com as recomendações da bula e sem exceder os limites diários máximos permitidos por dia. Se você se esquecer uma dose, tome-la assim que possível no caso em que ainda tenha necessidade delas; ajuste o horário das próximas tomadas conformemente com as recomendações da bula e sem exceder os limites diários máximos permitidos por dia. Se você se esquecer uma dose, tome-la assim que possível no caso em que ainda tenha necessidade delas; ajuste o horário das próximas tomadas conformemente com as recomendações da bula e sem exceder os limites diários máximos permitidos por dia. Se você se esquecer uma dose, tome-la assim que possível no caso em que ainda tenha necessidade delas; ajuste o horário das próximas tomadas conformemente com as recomendações da bula e sem exceder os limites diários máximos permitidos por dia. Se você se esquecer uma dose, tome-la assim que possível no caso em que ainda tenha necessidade delas; ajuste o horário das próximas tomadas conformemente com as recomendações da bula e sem exceder os limites diários máximos permitidos por dia. Se você se esquecer uma dose, tome-la assim que possível no caso em que ainda tenha necessidade delas; ajuste o horário das próximas tomadas conformemente com as recomendações da bula e sem exceder os limites diários máximos permitidos por dia. Se você se esquecer uma dose, tome-la assim que possível no caso em que ainda tenha necessidade delas; ajuste o horário das próximas tomadas conformemente com as recomendações da bula e sem exceder os limites diários máximos permitidos por dia. Se você se esquecer uma dose, tome-la assim que possível no caso em que ainda tenha necessidade dela; ajuste o horário das próximas tomadas conformemente com as recomendações da bula e sem exceder os limites diários máximos permitidos por dia. Se você se esquecer uma dose, tome-la assim que possível no caso em que ainda tenha necessidade dela; ajuste o horário das próximas tomadas conformemente com as recomendações da bula e sem exceder os limites diários máximos permitidos por dia. Se você se esquecer uma dose, tome-la assim que possível no caso em que ainda tenha necessidade dela; ajuste o horário das próximas tomadas conformemente com as recomendações da bula e sem exceder os limites diários máximos permitidos por dia. Se você se esquecer uma dose, tome-la assim que possível no caso em que ainda tenha necessidade dela; ajuste o horário das próximas tomadas conformemente com as recomendações da bula e sem exceder os limites diários máximos permitidos por dia. Se você se esquecer uma dose, tome-la assim que possível no caso em que ainda tenha necessidade dela; ajuste o horário das próximas tomadas conformemente com as recomendações da bula e sem exceder os limites diários máximos permitidos por dia. Se você se esquecer uma dose, tome-la assim que possível no caso em que ainda tenha necessidade dela; ajuste o horário das próximas tomadas conformemente com as recomendações da bula e sem exceder os limites diários máximos permitidos por dia. Se você se esquecer uma dose, tome-la assim que possível no caso em que ainda tenha necessidade dela; ajuste o horário das próximas tomadas conformemente com as recomendações da bula e sem exceder os limites diários máximos permitidos por dia. Se você se esquecer uma dose, tome-la assim que possível no caso em que ainda tenha necessidade dela; ajuste o horário das próximas tomadas conformemente com as recomendações da bula e sem exceder os limites diários máximos permitidos por dia. Se você se esquecer uma dose, tome-la assim que possível no caso em que ainda tenha necessidade dela; ajuste o horário das próximas tomadas conformemente com as recomendações da bula e sem exceder os limites diários máximos permitidos por dia. Se você se esquecer uma dose, tome-la assim que possível no caso em que ainda tenha necessidade dela; ajuste o horário das próximas tomadas conformemente com as recomendações da bula e sem exceder os limites diários máximos permitidos por dia. Se você se esquecer uma dose, tome-la assim que possível no caso em que ainda tenha necessidade dela; ajuste o horário das próximas tomadas conformemente com as recomendações da bula e sem exceder os limites diários máximos permitidos por dia. Se você se esquecer uma dose, tome-la assim que possível no caso em que ainda tenha necessidade dela; ajuste o horário das próximas tomadas conformemente com as recomendações da bula e sem exceder os limites diários máximos permitidos por dia. Se você se esquecer uma dose, tome-la assim que possível no caso em que ainda tenha necessidade dela; ajuste o horário das próximas tomadas conformemente com as recomendações da bula e sem exceder os limites diários máximos permitidos por dia. Se você se esquecer uma dose, tome-la assim que possível no caso em que ainda tenha necessidade dela; ajuste o horário das próximas tomadas conformemente com as recomendações da bula e sem exceder os limites diários máximos permitidos por dia. Se você se esquecer uma dose, tome-la assim que possível no caso em que ainda tenha necessidade dela; ajuste o horário das próximas tomadas conformemente com as recomendações da bula e sem exceder os limites diários máximos permitidos por dia. Se você se esquecer uma dose, tome-la assim que possível no caso em que ainda tenha necessidade dela; ajuste o horário das próximas tomadas conformemente com as recomendações da bula e sem exceder os limites diários máximos permitidos por dia. Se você se esquecer uma dose, tome-la assim que possível no caso em que ainda tenha necessidade dela; ajuste o horário das próximas tomadas conformemente com as recomendações da bula e sem exceder os limites diários máximos permitidos por dia. Se você se esquecer uma dose, tome-la assim que possível no caso em que ainda tenha necessidade dela; ajuste o horário das próximas tomadas conformemente com as recomendações da bula e sem exceder os limites diários máximos permitidos por dia. Se você se esquecer uma dose, tome-la assim que possível no caso em que ainda tenha necessidade dela; ajuste o horário das próximas tomadas conformemente com as recomendações da bula e sem exceder os limites diários máximos permitidos por dia. Se você se esquecer uma dose, tome-la assim que possível no caso em que ainda tenha necessidade dela; ajuste o horário das próximas tomadas conformemente com as recomendações da bula e sem exceder os limites diários máximos permitidos por dia. Se você se esquecer uma dose, tome-la assim que possível no caso em que ainda tenha necessidade dela; ajuste o horário das próximas tomadas conformemente com as recomendações da bula e sem exceder os limites diários máximos permitidos por dia. Se você se esquecer uma dose, tome-la assim que possível no caso em que ainda tenha necessidade dela; ajuste o horário das próximas tomadas conformemente com as recomendações da bula e sem exceder os limites diários máximos permitidos por dia. Se você se esquecer uma dose, tome-la assim que possível no caso em que ainda tenha necessidade dela; ajuste o horário das próximas tomadas conformemente com as recomendações da bula e sem exceder os limites diários máximos permitidos por dia. Se você se esquecer uma dose, tome-la assim que possível no caso em que ainda tenha necessidade dela; ajuste o horário das próximas tomadas conformemente com as recomendações da bula e sem exceder os limites diários máximos permitidos por dia. Se você se esquecer uma dose, tome-la assim que possível no caso em que ainda tenha necessidade dela; ajuste o horário das próximas tomadas conformemente com as recomendações da bula e sem exceder os limites diários máximos permitidos por dia. Se você se esquecer uma dose, tome-la assim que possível no caso em que ainda tenha necessidade dela; ajuste o horário das próximas tomadas conformemente com as recomendações da bula e sem exceder os limites diários máximos permitidos por dia. Se você se esquecer uma dose, tome-la assim que possível no caso em que ainda tenha necessidade dela; ajuste o horário das próximas tomadas conformemente com as recomendações da bula e sem exceder os limites diários máximos permitidos por dia. Se você se esquecer uma dose, tome-la assim que possível no caso em que ainda tenha necessidade dela; ajuste o horário das próximas tomadas conformemente com as recomendações da bula e sem exceder os limites diários máximos permitidos por dia. Se você se esquecer uma dose, tome-la assim que possível no caso em que ainda tenha necessidade dela; ajuste o horário das próximas tomadas conformemente com as recomendações da bula e sem exceder os limites diários máximos permitidos por dia. Se você se esquecer uma dose, tome-la assim que possível no caso em que ainda tenha necessidade dela; ajuste o horário das próximas tomadas conformemente com as recomendações da bula e sem exceder os limites diários máximos permitidos por dia. Se você se esquecer uma dose, tome-la assim que possível no caso em que ainda tenha necessidade dela; ajuste o horário das próximas tomadas conformemente com as recomendações da bula e sem exceder os limites diários máximos permitidos por dia. Se você se esquecer uma dose, tome-la assim que possível no caso em que ainda tenha necessidade dela; ajuste o horário das próximas tomadas conformemente com as recomendações da bula e sem exceder os limites diários máximos permitidos por dia. Se você se esquecer uma dose, tome-la assim que possível no caso em que ainda tenha necessidade dela; ajuste o horário das próximas tomadas conformemente com as recomendações da bula e sem exceder os limites diários máximos permitidos por dia. Se você se esquecer uma dose, tome-la assim que possível no caso em que ainda tenha necessidade dela; ajuste o horário das próximas tomadas conformemente com as recomendações da bula e sem exceder os limites diários máximos permitidos por dia. Se você se esquecer uma dose, tome-la assim que possível no caso em que ainda tenha necessidade dela; ajuste o horário das próximas tomadas conformemente com as recomendações da bula e sem exceder os limites diários máximos permitidos por dia. Se você se esquecer uma dose, tome-la assim que possível no caso em que ainda tenha necessidade dela; ajuste o horário das próximas tomadas conformemente com as recomendações da bula e sem exceder os limites diários máximos permitidos por dia. Se você se esquecer uma dose, tome-la assim que possível no caso em que ainda tenha necessidade dela; ajuste o horário das próximas tomadas conformemente com as recomendações da bula e sem exceder os limites diários máximos permitidos por dia. Se você se esquecer uma dose, tome-la assim que possível no caso em que ainda tenha necessidade dela; ajuste o horário das próximas tomadas conformemente com as recomendações da bula e sem exceder os limites diários máximos permitidos por dia. Se você se esquecer uma dose, tome-la assim que possível no caso em que ainda tenha necessidade dela; ajuste o horário das próximas tomadas conformemente com as recomendações da bula e sem exceder os limites diários máximos permitidos por dia. Se você se esquecer uma dose, tome-la assim que possível no caso em que ainda tenha necessidade dela; ajuste o horário das próximas tomadas conformemente com as recomendações da bula e sem exceder os limites diários máximos permitidos por dia. Se você se esquecer uma dose, tome-la assim que possível no caso em que ainda tenha necessidade dela; ajuste o horário das próximas tomadas conformemente com as recomendações da bula e sem exceder os limites diários máximos permitidos por dia. Se você se esquecer uma dose, tome-la assim que possível no caso em que ainda tenha necessidade dela; ajuste o horário das próximas tomadas conformemente com as recomendações da bula e sem exceder os limites diários máximos permitidos por dia. Se você se esquecer uma dose, tome-la assim que possível no caso em que ainda tenha necessidade dela; ajuste o horário das próximas tomadas conformemente com as recomendações da bula e sem exceder os limites diários máximos permitidos por dia. Se você se esquecer uma dose, tome-la assim que possível no caso em que ainda tenha necessidade dela; ajuste o horário das próximas tomadas conformemente com as recomendações da bula e sem exceder os limites diários máximos permitidos por dia. Se você se esquecer uma dose, tome-la assim que possível no caso em que ainda tenha necessidade dela; ajuste o horário das próximas tomadas conformemente com as recomendações da bula e sem exceder os limites diários máximos permitidos por dia. Se você se esquecer uma dose, tome-la assim que possível no caso em que ainda tenha necessidade dela; ajuste o horário das próximas tomadas conformemente com as recomendações da bula e sem exceder os limites diários máximos permitidos por dia. Se você se esquecer uma dose, tome-la assim que possível no caso em que ainda tenha necessidade dela; ajuste o horário das próximas tomadas conformemente com as recomendações da bula e sem exceder os limites diários máximos permitidos por dia. Se você se esquecer uma dose, tome-la assim que possível no caso em que ainda tenha necessidade dela; ajuste o horário das próximas tomadas conformemente com as recomendações da bula e sem exceder os limites diários máximos permitidos por dia. Se você se esquecer uma dose, tome-la assim que possível no caso em que ainda tenha necessidade dela; ajuste o horário das próximas tomadas conformemente com as recomendações da bula e sem exceder os limites diários máximos permitidos por dia. Se você se esquecer uma dose, tome-la assim que possível no caso em que ainda tenha necessidade dela; ajuste o horário das próximas tomadas conformemente com as recomendações da bula e sem exceder os limites diários máximos permitidos por dia. Se você se esquecer uma dose, tome-la assim que possível no caso em que ainda tenha necessidade dela; ajuste o horário das próximas tomadas conformemente com as recomendações da bula e sem exceder os limites diários máximos permitidos por dia. Se você se esquecer uma dose, tome-la assim que possível no caso em que ainda tenha necessidade dela; ajuste o horário das próximas tomadas conformemente com as recomendações da bula e sem exceder os limites diários máximos permitidos por dia. Se você se esquecer uma dose, tome-la assim que possível no caso em que ainda tenha necessidade dela; ajuste o horário das próximas tomadas conformemente com as recomendações da bula e sem exceder os limites diários máximos permitidos por dia. Se você se esquecer uma dose, tome-la assim que possível no caso em que ainda tenha necessidade dela; ajuste o horário das próximas tomadas conformemente com as recomendações da bula e sem exceder os limites diários máximos permitidos por dia. Se você se esquecer uma dose, tome-la assim que possível no caso em que ainda tenha necessidade dela; ajuste o horário das próximas tomadas conformemente com as recomendações da bula e sem exceder os limites diários máximos permitidos por dia. Se você se esquecer uma dose, tome-la assim que possível no caso em que ainda tenha necessidade dela; ajuste o horário das próximas tomadas conformemente com as recomendações da bula e sem exceder os limites diários máximos permitidos por dia. Se você se esquecer uma dose, tome-la assim que possível no caso em que ainda tenha necessidade dela; ajuste o horário das próximas tomadas conformemente com as recomendações da bula e sem exceder os limites diários máximos permitidos por dia. Se você se esquecer uma dose, tome-la assim que possível no caso em que ainda tenha necessidade dela; ajuste o horário das próximas tomadas conformemente com as recomendações da bula e sem exceder os limites diários máximos permitidos por dia. Se você se esquecer uma dose, tome-la assim que possível no caso em que ainda tenha necessidade dela; ajuste o horário das próximas tomadas conformemente com as recomendações da bula e sem exceder os limites diários máximos permitidos por dia. Se você se esquecer uma dose, tome-la assim que possível no caso em que ainda tenha necessidade dela; ajuste o horário das próximas tomadas conformemente com as recomendações da bula e sem exceder os limites diários máximos permitidos por dia. Se você se esquecer uma dose, tome-la assim que possível no caso em que ainda tenha necessidade dela; ajuste o horário das próximas tomadas conformemente com as recomendações da bula e sem exceder os limites diários máximos permitidos por dia. Se você se esquecer uma dose, tome-la assim que possível no caso em que ainda tenha necessidade dela; ajuste o horário das próximas tomadas conformemente com as recomendações da bula e sem exceder os limites diários máximos permitidos por dia. Se você se esquecer uma dose, tome-la assim que possível no caso em que ainda tenha necessidade dela; ajuste o horário das próximas tomadas conformemente com as recomendações da bula e sem exceder os limites diários máximos permitidos por dia. Se você se esquecer uma dose, tome-la assim que possível no caso em que ainda tenha necessidade dela; ajuste o horário das próximas tomadas conformemente com as recomendações da bula e sem exceder os limites diários máximos permitidos por dia. Se você se esquecer uma dose, tome-la assim que possível no caso em que ainda tenha necessidade dela; ajuste o horário das próximas tomadas conformemente com as recomendações da bula e sem exceder os limites diários máximos permitidos por dia. Se você se esquecer uma dose, tome-la assim que possível no caso em que ainda tenha necessidade dela; ajuste o horário das próximas tomadas conformemente com as recomendações da bula e sem exceder os limites diários máximos permitidos por dia. Se você se esquecer uma dose, tome-la assim que possível no caso em que ainda tenha necessidade dela; ajuste o horário das próximas tomadas conformemente com as recomendações da bula e sem exceder os limites diários máximos permitidos por dia. Se você se esquecer uma dose, tome-la assim que possível no caso em que ainda tenha necessidade dela; ajuste o horário das próximas tomadas conformemente com as recomendações da bula e sem exceder os limites diários máximos permitidos por dia. Se você se esquecer uma dose, tome-la assim que possível no caso em que ainda tenha necessidade dela; ajuste o horário das próximas tomadas conformemente com as recomendações da bula e sem exceder os limites diários máximos permitidos por dia. Se você se esquecer uma dose, tome-la assim que possível no caso em que ainda tenha necessidade dela; ajuste o horário das próximas tomadas conformemente com as recomendações da bula e sem exceder os limites diários máximos permitidos por dia. Se você se esquecer uma dose, tome-la assim que possível no caso em que ainda tenha necessidade dela; ajuste o horário das próximas tomadas conformemente com as recomendações da bula e sem exceder os limites diários máximos permitidos por dia. Se você se esquecer uma dose, tome-la assim que possível no caso em que ainda tenha necessidade dela; ajuste o horário das próximas tomadas conformemente com as recomendações da bula e sem exceder os limites diários máximos permitidos por dia. Se você se esquecer uma dose, tome-la assim que possível no caso em que ainda tenha necessidade dela; ajuste o horário das próximas tomadas conformemente com as recomendações da bula e sem exceder os limites diários máximos permitidos por dia. Se você se esquecer uma dose, tome-la assim que possível no caso em que ainda tenha necessidade dela; ajuste o horário das próximas tomadas conformemente com as recomendações da bula e sem exceder os limites diários máximos permitidos por dia. Se você se esquecer uma dose, tome-la assim que possível no caso em que ainda tenha necessidade dela; ajuste o horário das próximas tomadas conformemente com as recomendações da bula e sem exceder os limites diários máximos permitidos por dia. Se você se esquecer uma dose, tome-la assim que possível no caso em que ainda tenha necessidade dela; ajuste o horário das próximas tomadas conformemente com as recomendações da bula e sem exceder os limites diários máximos permitidos por dia. Se você se esquecer uma dose, tome-la assim que possível no caso em que ainda tenha necessidade dela; ajuste o horário das próximas tomadas conformemente com as recomendações da bula e sem exceder os limites diários máximos permitidos por dia. Se você se esquecer uma dose, tome-la assim que possível no caso em que ainda tenha necessidade dela; ajuste o horário das próximas tomadas conformemente com as recomendações da bula e sem exceder os limites diários máximos permitidos por dia. Se você se esquecer uma dose, tome-la assim que possível no caso em que ainda tenha necessidade dela; ajuste o horário das próximas tomadas conformemente com as recomendações da bula e sem exceder os limites diários máximos permitidos por dia. Se você se esquecer uma dose, tome-la assim que possível no caso em que ainda tenha necessidade dela; ajuste o horário das próximas tomadas conformemente com as recomendações da bula e sem exceder os limites diários máximos permitidos por dia. Se você se esquecer uma dose, tome-la assim que possível no caso em que ainda tenha necessidade dela; ajuste o horário das próximas tomadas conformemente com as recomendações da bula e sem exceder os limites diários máximos permitidos por dia. Se você se esquecer uma dose, tome-la assim que possível no caso em que ainda tenha necessidade dela; ajuste o horário das próximas tomadas conformemente com as recomendações da bula e sem exceder os limites diários máximos permitidos por dia. Se você se esquecer uma dose, tome-la assim que possível no caso em que ainda tenha necessidade dela; ajuste o horário das próximas tomadas conformemente com as recomendações da bula e sem exceder os limites diários máximos permitidos por dia. Se você se esquecer uma dose, tome-la assim que possível no caso em que ainda tenha necessidade dela; ajuste o horário das próximas tomadas conformemente com as recomendações da bula e sem exceder os limites diários máximos permitidos por dia. Se você se esquecer uma dose, tome-la assim que possível no caso em que ainda tenha necessidade dela; ajuste o horário das próximas tomadas conformemente com as recomendações da bula e sem exceder os limites diários máximos permitidos por dia. Se você se esquecer uma dose, tome-la assim que possível no caso em que ainda tenha necessidade dela; ajuste o horário das próximas tomadas conformemente com as recomendações da bula e sem exceder os limites diários máximos permitidos por dia. Se você se esquecer uma dose, tome-la assim que possível no caso em que ainda tenha necessidade dela; ajuste o horário das próximas tomadas conformemente com as recomendações da bula e sem exceder os limites diários máximos permitidos por dia. Se você se esquecer uma dose, tome-la assim que possível no caso em que ainda tenha necessidade dela; ajuste o horário das próximas tomadas conformemente com as recomendações da bula e sem exceder os limites diários máximos permitidos por dia. Se você se esquecer uma dose, tome-la assim que possível no caso em que ainda tenha necessidade dela; ajuste o horário das próximas tomadas conformemente com as recomendações da bula e sem exceder os limites diários máximos permitidos por dia. Se você se esquecer uma dose, tome-la assim que possível no caso em que ainda tenha necessidade dela; ajuste o horário das próximas tomadas conformemente com as recomendações da bula e sem exceder os limites diários máximos permitidos por dia. Se você se esquecer uma dose, tome-la assim que possível no caso em que ainda tenha necessidade dela; ajuste o horário das próximas tomadas conformemente com as recomendações da bula e sem exceder os limites diários máximos permitidos por dia. Se você se esquecer uma dose, tome-la assim que possível no caso em que ainda tenha necessidade dela; ajuste o horário das próximas tomadas conformemente com as recomendações da bula e sem exceder os limites diários máximos permitidos por dia. Se você se esquecer uma dose, tome-la assim que possível no caso em que ainda tenha necessidade dela; ajuste o horário das próximas tomadas conformemente com as recomendações da bula e sem exceder os limites diários máximos permitidos por dia. Se você se esquecer uma dose, tome-la assim que possível no caso em que ainda tenha necessidade dela; ajuste o horário das próximas tomadas conformemente com as recomendações da bula e sem exceder os limites diários máximos permitidos por dia. Se você se esquecer uma dose, tome-la assim que possível no caso em que ainda tenha necessidade dela; ajuste o horário das próximas tomadas conformemente com as recomendações da bula e sem exceder os limites diários máximos permitidos por dia. Se você se esquecer uma dose, tome-la assim que possível no caso em que ainda tenha necessidade dela; ajuste o horário das próximas tomadas conformemente com as recomendações da bula e sem exceder os limites diários máximos permitidos por dia. Se você se esquecer uma dose, tome-la assim que possível no caso em que ainda tenha necessidade dela; ajuste o horário das próximas tomadas conformemente com as recomendações da bula e sem exceder os limites diários máximos permitidos por dia. Se você se esquecer uma dose, tome-la assim que possível no caso em que ainda tenha necessidade dela; ajuste o horário das próximas tomadas conformemente com as recomendações da bula e sem exceder os limites diários máximos permitidos por dia. Se você se esquecer uma dose, tome-la assim que possível no caso em que ainda tenha necessidade dela; ajuste o horário das próximas tomadas conformemente com as recomendações da bula e sem exceder os limites diários máximos permitidos por dia. Se você se esquecer uma dose, tome-la assim que possível no caso em que ainda tenha necessidade dela; ajuste o horário das próximas tomadas conformemente com as recomendações da bula e sem exceder os limites diários máximos permitidos por dia. Se você se esquecer uma dose, tome-la assim que possível no caso em que ainda tenha necessidade dela; ajuste o horário das próximas tomadas conformemente com as recomendações da bula e sem exceder os limites diários máximos permitidos por dia. Se você se esquecer uma dose, tome-la assim que possível no caso em que ainda tenha necessidade dela; ajuste o horário das próximas tomadas conformemente com as recomendações da bula e sem exceder os limites diários máximos permitidos por dia. Se você se esquecer uma dose, tome-la assim que possível no caso em que ainda tenha necessidade dela; ajuste o horário das próximas tomadas conformemente com as recomendações da bula e sem exceder os limites diários máximos permitidos por dia. Se você se esquecer uma dose, tome-la assim que possível no caso em que ainda tenha necessidade dela; ajuste o horário das próximas tomadas conformemente com as recomendações da bula e sem exceder os limites diários máximos permitidos por dia. Se você se esquecer uma dose, tome-la assim que possível no caso em que ainda tenha necessidade dela; ajuste o horário das próximas tomadas conformemente com as recomendações da bula e sem exceder os limites diários máximos permitidos por dia. Se você se esquecer uma dose, tome-la assim que possível no caso em que ainda tenha necessidade dela; ajuste o horário das próximas tomadas conformemente com as recomendações da bula e sem exceder os limites diários máximos permitidos por dia. Se você se esquecer uma dose, tome-la assim que possível no caso em que ainda tenha necessidade dela; ajuste o horário das próximas tomadas conformemente com as recomendações da bula e sem exceder os limites diários máximos permitidos por dia. Se você se esquecer uma dose, tome-la assim que possível no caso em que ainda tenha necessidade dela; ajuste o horário das próximas tomadas conformemente com as recomendações da bula e sem exceder os limites diários máximos permitidos por dia. Se você se esquecer uma dose, tome-la assim que possível no caso em que ainda tenha necessidade dela; ajuste o horário das próximas tomadas conformemente com as recomendações da bula e sem exceder os limites diários máximos permitidos por dia. Se você se esquecer uma dose, tome-la assim que possível no caso em que ainda tenha necessidade dela; ajuste o horário das próximas tomadas conformemente com as recomendações da bula e sem exceder os limites diários máximos permitidos por dia. Se você se esquecer uma dose, tome-la assim que possível no caso em que ainda tenha necessidade dela; ajuste o horário das próximas tomadas conformemente com as recomendações da bula e sem exceder os limites diários máximos permitidos por dia. Se você se esquecer uma dose, tome-la assim que possível no caso em que ainda tenha necessidade dela; ajuste o horário das próximas tomadas conformemente com as recomendações da bula e sem exceder os limites diários máximos permitidos por dia. Se você se esquecer uma dose, tome-la assim que possível no caso em que ainda tenha necessidade dela; ajuste o horário das próximas tomadas conformemente com as recomendações da bula e sem exceder os limites diários máximos permitidos por dia. Se você se esquecer uma dose, tome-la assim que possível no caso em que ainda tenha necessidade dela; ajuste o horário das próximas tomadas conformemente com as recomendações da bula e sem exceder os limites diários máximos permitidos por dia. Se você se esquecer uma dose, tome-la assim que possível no caso em que ainda tenha necessidade dela; ajuste o horário das próximas tomadas conformemente com as recomendações da bula e sem exceder os limites diários máximos permitidos por dia. Se você se esquecer uma dose, tome-la assim que possível no caso em que ainda tenha necessidade dela; ajuste o horário das próximas tomadas conformemente com as recomendações da bula e sem exceder os limites diários máximos permitidos por dia. Se você se esquecer uma dose, tome-la assim que possível no caso em que ainda tenha necessidade dela; ajuste o horário das próximas tomadas conformemente com as recomendações da bula e sem exceder os limites diários máximos permitidos por dia. Se você se esquecer uma dose, tome-la assim que possível no caso em que ainda tenha necessidade dela; ajuste o horário das próximas tomadas conformemente com as recomendações da bula e sem exceder os limites diários máximos permitidos por dia. Se você se esquecer uma dose, tome-la assim que possível no caso em que ainda tenha necessidade dela; ajuste o horário das próximas tomadas conformemente com as recomendações da bula e sem exceder os limites diários máximos permitidos por dia. Se você se esquecer uma dose, tome-la assim que possível no caso em que ainda tenha necessidade dela; ajuste o horário das próximas tomadas conformemente com as recomendações da bula e sem exceder os limites diários máximos permitidos por dia. Se você se esquecer uma dose, tome-la assim que possível no caso em que ainda tenha necessidade dela; ajuste o horário das próximas tomadas conformemente com as recomendações da bula e sem exceder os limites diários máximos permitidos por dia. Se você se esquecer uma dose, tome-la assim que possível no caso em que ainda tenha necessidade dela; ajuste o horário das próximas tomadas conformemente com as recomendações da bula e sem exceder os limites diários máximos permitidos por dia. Se você se esquecer uma dose, tome-la assim que possível no caso em que ainda tenha necessidade dela; ajuste o horário das próximas tomadas conformemente com as recomendações da bula e sem exceder os limites diários máximos permitidos por dia. Se você se esquecer uma dose, tome-la assim que possível no caso em que ainda tenha necessidade dela; ajuste o horário das próximas tomadas conformemente com as recomendações da bula e sem exceder os limites diários máximos permitidos por dia. Se você se esquecer uma dose, tome-la assim que possível no caso em que ainda tenha necessidade dela; ajuste o horário das próximas tomadas conformemente com as recomendações da bula e sem exceder os limites diários máximos permitidos por dia. Se você se esquecer uma dose, tome-la assim que possível no caso em que ainda tenha necessidade dela; ajuste o horário das próximas tomadas conformemente com as recomendações da bula e sem exceder os limites diários máximos permitidos por dia. Se você se esquecer uma dose, tome-la assim que possível no caso em que ainda tenha necessidade dela; ajuste o horário das próximas tomadas conformemente com

---
*Esta resposta se baseia apenas nos trechos da bula recuperados e não substitui orientação médica ou farmacêutica.*","De acordo com a bula consultada de TYLENOL, consta a seguinte informação: Se você se esquecer uma dose deste medicamento e ainda quiser tomar outra no mesmo dia, tome-a assim que possível. No ent-anto, não deve duplicar o comprimido para compensar essa omissão; simplesmente ajuste seu horário de administração normal conformemente com as recomendações da bula e sem exceder os limites diários máximos permitidos por dia. Se você se esquecer uma dose, tome-a assim que possível no caso em que ainda tenha necessidade delas; ajuste o horário das próximas tomadas conformemente com as recomendações da bula e sem exceder os limites diários máximos permitidos por dia. Se você se esquecer uma dose, tome-a assim que possível no caso em que ainda tenha necessidade delas; ajuste o horário das próximas tomadas conformemente com as recomendações da bula e sem exceder os limites diários máximos permitidos por dia. Se você se esquecer uma dose, tome-a assim que possível no caso em que ainda tenha necessidade delas; ajuste o horário das próximas tomadas conformemente com as recomendações da bula e sem exceder os limites diários máximos permitidos por dia. Se você se esquecer uma dose, tome-a assim que possível no caso em que ainda tenha necessidade delas; ajuste o horário das próximas tomadas conformemente com as recomendações da bula e sem exceder os limites diários máximos permitidos por dia. Se você se esquecer uma dose, tome-a assim que possível no caso em que ainda tenha necessidade delas; ajuste o horário das próximas tomadas conformemente com as recomendações da bula e sem exceder os limites diários máximos permitidos por dia. Se você se esquecer uma dose, tome-a assim que possível no caso em que ainda tenha necessidade delas; ajuste o horário das próximas tomadas conformemente com as recomendações da bula e sem exceder os limites diários máximos permitidos por dia. Se você se esquecer uma dose, tome-a assim que possível no caso em que ainda tenha necessidade delas; ajuste o horário das próximas tomadas conformemente com as recomendações da bula e sem exceder os limites diários máximos permitidos por dia. Se você se esquecer uma dose, tome-a assim que possível no caso em que ainda tenha necessidade delas; ajuste o horário das próximas tomadas conformemente com as recomendações da bula e sem exceder os limites diários máximos permitidos por dia. Se você se esquecer uma dose, tome-a assim que possível no caso em que ainda tenha necessidade delas; ajuste o horário das próximas tomadas conformemente com as recomendações da bula e sem exceder os limites diários máximos permitidos por dia. Se você se esquecer uma dose, tome-a assim que possível no caso em que ainda tenha necessidade delas; ajuste o horário das próximas tomadas conformemente com as recomendações da bula e sem exceder os limites diários máximos permitidos por dia. Se você se esquecer uma dose, tome-la assim que possível no caso em que ainda tenha necessidade delas; ajuste o horário das próximas tomadas conformemente com as recomendações da bula e sem exceder os limites diários máximos permitidos por dia. Se você se esquecer uma dose, tome-la assim que possível no caso em que ainda tenha necessidade delas; ajuste o horário das próximas tomadas conformemente com as recomendações da bula e sem exceder os limites diários máximos permitidos por dia. Se você se esquecer uma dose, tome-la assim que possível no caso em que ainda tenha necessidade delas; ajuste o horário das próximas tomadas conformemente com as recomendações da bula e sem exceder os limites diários máximos permitidos por dia. Se você se esquecer uma dose, tome-la assim que possível no caso em que ainda tenha necessidade delas; ajuste o horário das próximas tomadas conformemente com as recomendações da bula e sem exceder os limites diários máximos permitidos por dia. Se você se esquecer uma dose, tome-la assim que possível no caso em que ainda tenha necessidade delas; ajuste o horário das próximas tomadas conformemente com as recomendações da bula e sem exceder os limites diários máximos permitidos por dia. Se você se esquecer uma dose, tome-la assim que possível no caso em que ainda tenha necessidade delas; ajuste o horário das próximas tomadas conformemente com as recomendações da bula e sem exceder os limites diários máximos permitidos por dia. Se você se esquecer uma dose, tome-la assim que possível no caso em que ainda tenha necessidade delas; ajuste o horário das próximas tomadas conformemente com as recomendações da bula e sem exceder os limites diários máximos permitidos por dia. Se você se esquecer uma dose, tome-la assim que possível no caso em que ainda tenha necessidade delas; ajuste o horário das próximas tomadas conformemente com as recomendações da bula e sem exceder os limites diários máximos permitidos por dia. Se você se esquecer uma dose, tome-la assim que possível no caso em que ainda tenha necessidade delas; ajuste o horário das próximas tomadas conformemente com as recomendações da bula e sem exceder os limites diários máximos permitidos por dia. Se você se esquecer uma dose, tome-la assim que possível no caso em que ainda tenha necessidade delas; ajuste o horário das próximas tomadas conformemente com as recomendações da bula e sem exceder os limites diários máximos permitidos por dia. Se você se esquecer uma dose, tome-la assim que possível no caso em que ainda tenha necessidade delas; ajuste o horário das próximas tomadas conformemente com as recomendações da bula e sem exceder os limites diários máximos permitidos por dia. Se você se esquecer uma dose, tome-la assim que possível no caso em que ainda tenha necessidade delas; ajuste o horário das próximas tomadas conformemente com as recomendações da bula e sem exceder os limites diários máximos permitidos por dia. Se você se esquecer uma dose, tome-la assim que possível no caso em que ainda tenha necessidade delas; ajuste o horário das próximas tomadas conformemente com as recomendações da bula e sem exceder os limites diários máximos permitidos por dia. Se você se esquecer uma dose, tome-la assim que possível no caso em que ainda tenha necessidade delas; ajuste o horário das próximas tomadas conformemente com as recomendações da bula e sem exceder os limites diários máximos permitidos por dia. Se você se esquecer uma dose, tome-la assim que possível no caso em que ainda tenha necessidade delas; ajuste o horário das próximas tomadas conformemente com as recomendações da bula e sem exceder os limites diários máximos permitidos por dia. Se você se esquecer uma dose, tome-la assim que possível no caso em que ainda tenha necessidade delas; ajuste o horário das próximas tomadas conformemente com as recomendações da bula e sem exceder os limites diários máximos permitidos por dia. Se você se esquecer uma dose, tome-la assim que possível no caso em que ainda tenha necessidade delas; ajuste o horário das próximas tomadas conformemente com as recomendações da bula e sem exceder os limites diários máximos permitidos por dia. Se você se esquecer uma dose, tome-la assim que possível no caso em que ainda tenha necessidade delas; ajuste o horário das próximas tomadas conformemente com as recomendações da bula e sem exceder os limites diários máximos permitidos por dia. Se você se esquecer uma dose, tome-la assim que possível no caso em que ainda tenha necessidade delas; ajuste o horário das próximas tomadas conformemente com as recomendações da bula e sem exceder os limites diários máximos permitidos por dia. Se você se esquecer uma dose, tome-la assim que possível no caso em que ainda tenha necessidade delas; ajuste o horário das próximas tomadas conformemente com as recomendações da bula e sem exceder os limites diários máximos permitidos por dia. Se você se esquecer uma dose, tome-la assim que possível no caso em que ainda tenha necessidade delas; ajuste o horário das próximas tomadas conformemente com as recomendações da bula e sem exceder os limites diários máximos permitidos por dia. Se você se esquecer uma dose, tome-la assim que possível no caso em que ainda tenha necessidade delas; ajuste o horário das próximas tomadas conformemente com as recomendações da bula e sem exceder os limites diários máximos permitidos por dia. Se você se esquecer uma dose, tome-la assim que possível no caso em que ainda tenha necessidade delas; ajuste o horário das próximas tomadas conformemente com as recomendações da bula e sem exceder os limites diários máximos permitidos por dia. Se você se esquecer uma dose, tome-la assim que possível no caso em que ainda tenha necessidade delas; ajuste o horário das próximas tomadas conformemente com as recomendações da bula e sem exceder os limites diários máximos permitidos por dia. Se você se esquecer uma dose, tome-la assim que possível no caso em que ainda tenha necessidade delas; ajuste o horário das próximas tomadas conformemente com as recomendações da bula e sem exceder os limites diários máximos permitidos por dia. Se você se esquecer uma dose, tome-la assim que possível no caso em que ainda tenha necessidade delas; ajuste o horário das próximas tomadas conformemente com as recomendações da bula e sem exceder os limites diários máximos permitidos por dia. Se você se esquecer uma dose, tome-la assim que possível no caso em que ainda tenha necessidade delas; ajuste o horário das próximas tomadas conformemente com as recomendações da bula e sem exceder os limites diários máximos permitidos por dia. Se você se esquecer uma dose, tome-la assim que possível no caso em que ainda tenha necessidade delas; ajuste o horário das próximas tomadas conformemente com as recomendações da bula e sem exceder os limites diários máximos permitidos por dia. Se você se esquecer uma dose, tome-la assim que possível no caso em que ainda tenha necessidade delas; ajuste o horário das próximas tomadas conformemente com as recomendações da bula e sem exceder os limites diários máximos permitidos por dia. Se você se esquecer uma dose, tome-la assim que possível no caso em que ainda tenha necessidade delas; ajuste o horário das próximas tomadas conformemente com as recomendações da bula e sem exceder os limites diários máximos permitidos por dia. Se você se esquecer uma dose, tome-la assim que possível no caso em que ainda tenha necessidade delas; ajuste o horário das próximas tomadas conformemente com as recomendações da bula e sem exceder os limites diários máximos permitidos por dia. Se você se esquecer uma dose, tome-la assim que possível no caso em que ainda tenha necessidade delas; ajuste o horário das próximas tomadas conformemente com as recomendações da bula e sem exceder os limites diários máximos permitidos por dia. Se você se esquecer uma dose, tome-la assim que possível no caso em que ainda tenha necessidade delas; ajuste o horário das próximas tomadas conformemente com as recomendações da bula e sem exceder os limites diários máximos permitidos por dia. Se você se esquecer uma dose, tome-la assim que possível no caso em que ainda tenha necessidade delas; ajuste o horário das próximas tomadas conformemente com as recomendações da bula e sem exceder os limites diários máximos permitidos por dia. Se você se esquecer uma dose, tome-la assim que possível no caso em que ainda tenha necessidade dela; ajuste o horário das próximas tomadas conformemente com as recomendações da bula e sem exceder os limites diários máximos permitidos por dia. Se você se esquecer uma dose, tome-la assim que possível no caso em que ainda tenha necessidade dela; ajuste o horário das próximas tomadas conformemente com as recomendações da bula e sem exceder os limites diários máximos permitidos por dia. Se você se esquecer uma dose, tome-la assim que possível no caso em que ainda tenha necessidade dela; ajuste o horário das próximas tomadas conformemente com as recomendações da bula e sem exceder os limites diários máximos permitidos por dia. Se você se esquecer uma dose, tome-la assim que possível no caso em que ainda tenha necessidade dela; ajuste o horário das próximas tomadas conformemente com as recomendações da bula e sem exceder os limites diários máximos permitidos por dia. Se você se esquecer uma dose, tome-la assim que possível no caso em que ainda tenha necessidade dela; ajuste o horário das próximas tomadas conformemente com as recomendações da bula e sem exceder os limites diários máximos permitidos por dia. Se você se esquecer uma dose, tome-la assim que possível no caso em que ainda tenha necessidade dela; ajuste o horário das próximas tomadas conformemente com as recomendações da bula e sem exceder os limites diários máximos permitidos por dia. Se você se esquecer uma dose, tome-la assim que possível no caso em que ainda tenha necessidade dela; ajuste o horário das próximas tomadas conformemente com as recomendações da bula e sem exceder os limites diários máximos permitidos por dia. Se você se esquecer uma dose, tome-la assim que possível no caso em que ainda tenha necessidade dela; ajuste o horário das próximas tomadas conformemente com as recomendações da bula e sem exceder os limites diários máximos permitidos por dia. Se você se esquecer uma dose, tome-la assim que possível no caso em que ainda tenha necessidade dela; ajuste o horário das próximas tomadas conformemente com as recomendações da bula e sem exceder os limites diários máximos permitidos por dia. Se você se esquecer uma dose, tome-la assim que possível no caso em que ainda tenha necessidade dela; ajuste o horário das próximas tomadas conformemente com as recomendações da bula e sem exceder os limites diários máximos permitidos por dia. Se você se esquecer uma dose, tome-la assim que possível no caso em que ainda tenha necessidade dela; ajuste o horário das próximas tomadas conformemente com as recomendações da bula e sem exceder os limites diários máximos permitidos por dia. Se você se esquecer uma dose, tome-la assim que possível no caso em que ainda tenha necessidade dela; ajuste o horário das próximas tomadas conformemente com as recomendações da bula e sem exceder os limites diários máximos permitidos por dia. Se você se esquecer uma dose, tome-la assim que possível no caso em que ainda tenha necessidade dela; ajuste o horário das próximas tomadas conformemente com as recomendações da bula e sem exceder os limites diários máximos permitidos por dia. Se você se esquecer uma dose, tome-la assim que possível no caso em que ainda tenha necessidade dela; ajuste o horário das próximas tomadas conformemente com as recomendações da bula e sem exceder os limites diários máximos permitidos por dia. Se você se esquecer uma dose, tome-la assim que possível no caso em que ainda tenha necessidade dela; ajuste o horário das próximas tomadas conformemente com as recomendações da bula e sem exceder os limites diários máximos permitidos por dia. Se você se esquecer uma dose, tome-la assim que possível no caso em que ainda tenha necessidade dela; ajuste o horário das próximas tomadas conformemente com as recomendações da bula e sem exceder os limites diários máximos permitidos por dia. Se você se esquecer uma dose, tome-la assim que possível no caso em que ainda tenha necessidade dela; ajuste o horário das próximas tomadas conformemente com as recomendações da bula e sem exceder os limites diários máximos permitidos por dia. Se você se esquecer uma dose, tome-la assim que possível no caso em que ainda tenha necessidade dela; ajuste o horário das próximas tomadas conformemente com as recomendações da bula e sem exceder os limites diários máximos permitidos por dia. Se você se esquecer uma dose, tome-la assim que possível no caso em que ainda tenha necessidade dela; ajuste o horário das próximas tomadas conformemente com as recomendações da bula e sem exceder os limites diários máximos permitidos por dia. Se você se esquecer uma dose, tome-la assim que possível no caso em que ainda tenha necessidade dela; ajuste o horário das próximas tomadas conformemente com as recomendações da bula e sem exceder os limites diários máximos permitidos por dia. Se você se esquecer uma dose, tome-la assim que possível no caso em que ainda tenha necessidade dela; ajuste o horário das próximas tomadas conformemente com as recomendações da bula e sem exceder os limites diários máximos permitidos por dia. Se você se esquecer uma dose, tome-la assim que possível no caso em que ainda tenha necessidade dela; ajuste o horário das próximas tomadas conformemente com as recomendações da bula e sem exceder os limites diários máximos permitidos por dia. Se você se esquecer uma dose, tome-la assim que possível no caso em que ainda tenha necessidade dela; ajuste o horário das próximas tomadas conformemente com as recomendações da bula e sem exceder os limites diários máximos permitidos por dia. Se você se esquecer uma dose, tome-la assim que possível no caso em que ainda tenha necessidade dela; ajuste o horário das próximas tomadas conformemente com as recomendações da bula e sem exceder os limites diários máximos permitidos por dia. Se você se esquecer uma dose, tome-la assim que possível no caso em que ainda tenha necessidade dela; ajuste o horário das próximas tomadas conformemente com as recomendações da bula e sem exceder os limites diários máximos permitidos por dia. Se você se esquecer uma dose, tome-la assim que possível no caso em que ainda tenha necessidade dela; ajuste o horário das próximas tomadas conformemente com as recomendações da bula e sem exceder os limites diários máximos permitidos por dia. Se você se esquecer uma dose, tome-la assim que possível no caso em que ainda tenha necessidade dela; ajuste o horário das próximas tomadas conformemente com as recomendações da bula e sem exceder os limites diários máximos permitidos por dia. Se você se esquecer uma dose, tome-la assim que possível no caso em que ainda tenha necessidade dela; ajuste o horário das próximas tomadas conformemente com as recomendações da bula e sem exceder os limites diários máximos permitidos por dia. Se você se esquecer uma dose, tome-la assim que possível no caso em que ainda tenha necessidade dela; ajuste o horário das próximas tomadas conformemente com as recomendações da bula e sem exceder os limites diários máximos permitidos por dia. Se você se esquecer uma dose, tome-la assim que possível no caso em que ainda tenha necessidade dela; ajuste o horário das próximas tomadas conformemente com as recomendações da bula e sem exceder os limites diários máximos permitidos por dia. Se você se esquecer uma dose, tome-la assim que possível no caso em que ainda tenha necessidade dela; ajuste o horário das próximas tomadas conformemente com as recomendações da bula e sem exceder os limites diários máximos permitidos por dia. Se você se esquecer uma dose, tome-la assim que possível no caso em que ainda tenha necessidade dela; ajuste o horário das próximas tomadas conformemente com as recomendações da bula e sem exceder os limites diários máximos permitidos por dia. Se você se esquecer uma dose, tome-la assim que possível no caso em que ainda tenha necessidade dela; ajuste o horário das próximas tomadas conformemente com as recomendações da bula e sem exceder os limites diários máximos permitidos por dia. Se você se esquecer uma dose, tome-la assim que possível no caso em que ainda tenha necessidade dela; ajuste o horário das próximas tomadas conformemente com as recomendações da bula e sem exceder os limites diários máximos permitidos por dia. Se você se esquecer uma dose, tome-la assim que possível no caso em que ainda tenha necessidade dela; ajuste o horário das próximas tomadas conformemente com as recomendações da bula e sem exceder os limites diários máximos permitidos por dia. Se você se esquecer uma dose, tome-la assim que possível no caso em que ainda tenha necessidade dela; ajuste o horário das próximas tomadas conformemente com as recomendações da bula e sem exceder os limites diários máximos permitidos por dia. Se você se esquecer uma dose, tome-la assim que possível no caso em que ainda tenha necessidade dela; ajuste o horário das próximas tomadas conformemente com as recomendações da bula e sem exceder os limites diários máximos permitidos por dia. Se você se esquecer uma dose, tome-la assim que possível no caso em que ainda tenha necessidade dela; ajuste o horário das próximas tomadas conformemente com as recomendações da bula e sem exceder os limites diários máximos permitidos por dia. Se você se esquecer uma dose, tome-la assim que possível no caso em que ainda tenha necessidade dela; ajuste o horário das próximas tomadas conformemente com as recomendações da bula e sem exceder os limites diários máximos permitidos por dia. Se você se esquecer uma dose, tome-la assim que possível no caso em que ainda tenha necessidade dela; ajuste o horário das próximas tomadas conformemente com as recomendações da bula e sem exceder os limites diários máximos permitidos por dia. Se você se esquecer uma dose, tome-la assim que possível no caso em que ainda tenha necessidade dela; ajuste o horário das próximas tomadas conformemente com as recomendações da bula e sem exceder os limites diários máximos permitidos por dia. Se você se esquecer uma dose, tome-la assim que possível no caso em que ainda tenha necessidade dela; ajuste o horário das próximas tomadas conformemente com as recomendações da bula e sem exceder os limites diários máximos permitidos por dia. Se você se esquecer uma dose, tome-la assim que possível no caso em que ainda tenha necessidade dela; ajuste o horário das próximas tomadas conformemente com as recomendações da bula e sem exceder os limites diários máximos permitidos por dia. Se você se esquecer uma dose, tome-la assim que possível no caso em que ainda tenha necessidade dela; ajuste o horário das próximas tomadas conformemente com as recomendações da bula e sem exceder os limites diários máximos permitidos por dia. Se você se esquecer uma dose, tome-la assim que possível no caso em que ainda tenha necessidade dela; ajuste o horário das próximas tomadas conformemente com as recomendações da bula e sem exceder os limites diários máximos permitidos por dia. Se você se esquecer uma dose, tome-la assim que possível no caso em que ainda tenha necessidade dela; ajuste o horário das próximas tomadas conformemente com as recomendações da bula e sem exceder os limites diários máximos permitidos por dia. Se você se esquecer uma dose, tome-la assim que possível no caso em que ainda tenha necessidade dela; ajuste o horário das próximas tomadas conformemente com as recomendações da bula e sem exceder os limites diários máximos permitidos por dia. Se você se esquecer uma dose, tome-la assim que possível no caso em que ainda tenha necessidade dela; ajuste o horário das próximas tomadas conformemente com as recomendações da bula e sem exceder os limites diários máximos permitidos por dia. Se você se esquecer uma dose, tome-la assim que possível no caso em que ainda tenha necessidade dela; ajuste o horário das próximas tomadas conformemente com as recomendações da bula e sem exceder os limites diários máximos permitidos por dia. Se você se esquecer uma dose, tome-la assim que possível no caso em que ainda tenha necessidade dela; ajuste o horário das próximas tomadas conformemente com as recomendações da bula e sem exceder os limites diários máximos permitidos por dia. Se você se esquecer uma dose, tome-la assim que possível no caso em que ainda tenha necessidade dela; ajuste o horário das próximas tomadas conformemente com as recomendações da bula e sem exceder os limites diários máximos permitidos por dia. Se você se esquecer uma dose, tome-la assim que possível no caso em que ainda tenha necessidade dela; ajuste o horário das próximas tomadas conformemente com as recomendações da bula e sem exceder os limites diários máximos permitidos por dia. Se você se esquecer uma dose, tome-la assim que possível no caso em que ainda tenha necessidade dela; ajuste o horário das próximas tomadas conformemente com as recomendações da bula e sem exceder os limites diários máximos permitidos por dia. Se você se esquecer uma dose, tome-la assim que possível no caso em que ainda tenha necessidade dela; ajuste o horário das próximas tomadas conformemente com as recomendações da bula e sem exceder os limites diários máximos permitidos por dia. Se você se esquecer uma dose, tome-la assim que possível no caso em que ainda tenha necessidade dela; ajuste o horário das próximas tomadas conformemente com as recomendações da bula e sem exceder os limites diários máximos permitidos por dia. Se você se esquecer uma dose, tome-la assim que possível no caso em que ainda tenha necessidade dela; ajuste o horário das próximas tomadas conformemente com as recomendações da bula e sem exceder os limites diários máximos permitidos por dia. Se você se esquecer uma dose, tome-la assim que possível no caso em que ainda tenha necessidade dela; ajuste o horário das próximas tomadas conformemente com as recomendações da bula e sem exceder os limites diários máximos permitidos por dia. Se você se esquecer uma dose, tome-la assim que possível no caso em que ainda tenha necessidade dela; ajuste o horário das próximas tomadas conformemente com as recomendações da bula e sem exceder os limites diários máximos permitidos por dia. Se você se esquecer uma dose, tome-la assim que possível no caso em que ainda tenha necessidade dela; ajuste o horário das próximas tomadas conformemente com as recomendações da bula e sem exceder os limites diários máximos permitidos por dia. Se você se esquecer uma dose, tome-la assim que possível no caso em que ainda tenha necessidade dela; ajuste o horário das próximas tomadas conformemente com as recomendações da bula e sem exceder os limites diários máximos permitidos por dia. Se você se esquecer uma dose, tome-la assim que possível no caso em que ainda tenha necessidade dela; ajuste o horário das próximas tomadas conformemente com as recomendações da bula e sem exceder os limites diários máximos permitidos por dia. Se você se esquecer uma dose, tome-la assim que possível no caso em que ainda tenha necessidade dela; ajuste o horário das próximas tomadas conformemente com as recomendações da bula e sem exceder os limites diários máximos permitidos por dia. Se você se esquecer uma dose, tome-la assim que possível no caso em que ainda tenha necessidade dela; ajuste o horário das próximas tomadas conformemente com as recomendações da bula e sem exceder os limites diários máximos permitidos por dia. Se você se esquecer uma dose, tome-la assim que possível no caso em que ainda tenha necessidade dela; ajuste o horário das próximas tomadas conformemente com as recomendações da bula e sem exceder os limites diários máximos permitidos por dia. Se você se esquecer uma dose, tome-la assim que possível no caso em que ainda tenha necessidade dela; ajuste o horário das próximas tomadas conformemente com as recomendações da bula e sem exceder os limites diários máximos permitidos por dia. Se você se esquecer uma dose, tome-la assim que possível no caso em que ainda tenha necessidade dela; ajuste o horário das próximas tomadas conformemente com as recomendações da bula e sem exceder os limites diários máximos permitidos por dia. Se você se esquecer uma dose, tome-la assim que possível no caso em que ainda tenha necessidade dela; ajuste o horário das próximas tomadas conformemente com as recomendações da bula e sem exceder os limites diários máximos permitidos por dia. Se você se esquecer uma dose, tome-la assim que possível no caso em que ainda tenha necessidade dela; ajuste o horário das próximas tomadas conformemente com as recomendações da bula e sem exceder os limites diários máximos permitidos por dia. Se você se esquecer uma dose, tome-la assim que possível no caso em que ainda tenha necessidade dela; ajuste o horário das próximas tomadas conformemente com as recomendações da bula e sem exceder os limites diários máximos permitidos por dia. Se você se esquecer uma dose, tome-la assim que possível no caso em que ainda tenha necessidade dela; ajuste o horário das próximas tomadas conformemente com as recomendações da bula e sem exceder os limites diários máximos permitidos por dia. Se você se esquecer uma dose, tome-la assim que possível no caso em que ainda tenha necessidade dela; ajuste o horário das próximas tomadas conformemente com as recomendações da bula e sem exceder os limites diários máximos permitidos por dia. Se você se esquecer uma dose, tome-la assim que possível no caso em que ainda tenha necessidade dela; ajuste o horário das próximas tomadas conformemente com as recomendações da bula e sem exceder os limites diários máximos permitidos por dia. Se você se esquecer uma dose, tome-la assim que possível no caso em que ainda tenha necessidade dela; ajuste o horário das próximas tomadas conformemente com as recomendações da bula e sem exceder os limites diários máximos permitidos por dia. Se você se esquecer uma dose, tome-la assim que possível no caso em que ainda tenha necessidade dela; ajuste o horário das próximas tomadas conformemente com as recomendações da bula e sem exceder os limites diários máximos permitidos por dia. Se você se esquecer uma dose, tome-la assim que possível no caso em que ainda tenha necessidade dela; ajuste o horário das próximas tomadas conformemente com as recomendações da bula e sem exceder os limites diários máximos permitidos por dia. Se você se esquecer uma dose, tome-la assim que possível no caso em que ainda tenha necessidade dela; ajuste o horário das próximas tomadas conformemente com as recomendações da bula e sem exceder os limites diários máximos permitidos por dia. Se você se esquecer uma dose, tome-la assim que possível no caso em que ainda tenha necessidade dela; ajuste o horário das próximas tomadas conformemente com as recomendações da bula e sem exceder os limites diários máximos permitidos por dia. Se você se esquecer uma dose, tome-la assim que possível no caso em que ainda tenha necessidade dela; ajuste o horário das próximas tomadas conformemente com as recomendações da bula e sem exceder os limites diários máximos permitidos por dia. Se você se esquecer uma dose, tome-la assim que possível no caso em que ainda tenha necessidade dela; ajuste o horário das próximas tomadas conformemente com as recomendações da bula e sem exceder os limites diários máximos permitidos por dia. Se você se esquecer uma dose, tome-la assim que possível no caso em que ainda tenha necessidade dela; ajuste o horário das próximas tomadas conformemente com as recomendações da bula e sem exceder os limites diários máximos permitidos por dia. Se você se esquecer uma dose, tome-la assim que possível no caso em que ainda tenha necessidade dela; ajuste o horário das próximas tomadas conformemente com as recomendações da bula e sem exceder os limites diários máximos permitidos por dia. Se você se esquecer uma dose, tome-la assim que possível no caso em que ainda tenha necessidade dela; ajuste o horário das próximas tomadas conformemente com as recomendações da bula e sem exceder os limites diários máximos permitidos por dia. Se você se esquecer uma dose, tome-la assim que possível no caso em que ainda tenha necessidade dela; ajuste o horário das próximas tomadas conformemente com as recomendações da bula e sem exceder os limites diários máximos permitidos por dia. Se você se esquecer uma dose, tome-la assim que possível no caso em que ainda tenha necessidade dela; ajuste o horário das próximas tomadas conformemente com as recomendações da bula e sem exceder os limites diários máximos permitidos por dia. Se você se esquecer uma dose, tome-la assim que possível no caso em que ainda tenha necessidade dela; ajuste o horário das próximas tomadas conformemente com as recomendações da bula e sem exceder os limites diários máximos permitidos por dia. Se você se esquecer uma dose, tome-la assim que possível no caso em que ainda tenha necessidade dela; ajuste o horário das próximas tomadas conformemente com as recomendações da bula e sem exceder os limites diários máximos permitidos por dia. Se você se esquecer uma dose, tome-la assim que possível no caso em que ainda tenha necessidade dela; ajuste o horário das próximas tomadas conformemente com as recomendações da bula e sem exceder os limites diários máximos permitidos por dia. Se você se esquecer uma dose, tome-la assim que possível no caso em que ainda tenha necessidade dela; ajuste o horário das próximas tomadas conformemente com as recomendações da bula e sem exceder os limites diários máximos permitidos por dia. Se você se esquecer uma dose, tome-la assim que possível no caso em que ainda tenha necessidade dela; ajuste o horário das próximas tomadas conformemente com as recomendações da bula e sem exceder os limites diários máximos permitidos por dia. Se você se esquecer uma dose, tome-la assim que possível no caso em que ainda tenha necessidade dela; ajuste o horário das próximas tomadas conformemente com as recomendações da bula e sem exceder os limites diários máximos permitidos por dia. Se você se esquecer uma dose, tome-la assim que possível no caso em que ainda tenha necessidade dela; ajuste o horário das próximas tomadas conformemente com as recomendações da bula e sem exceder os limites diários máximos permitidos por dia. Se você se esquecer uma dose, tome-la assim que possível no caso em que ainda tenha necessidade dela; ajuste o horário das próximas tomadas conformemente com as recomendações da bula e sem exceder os limites diários máximos permitidos por dia. Se você se esquecer uma dose, tome-la assim que possível no caso em que ainda tenha necessidade dela; ajuste o horário das próximas tomadas conformemente com as recomendações da bula e sem exceder os limites diários máximos permitidos por dia. Se você se esquecer uma dose, tome-la assim que possível no caso em que ainda tenha necessidade dela; ajuste o horário das próximas tomadas conformemente com as recomendações da bula e sem exceder os limites diários máximos permitidos por dia. Se você se esquecer uma dose, tome-la assim que possível no caso em que ainda tenha necessidade dela; ajuste o horário das próximas tomadas conformemente com as recomendações da bula e sem exceder os limites diários máximos permitidos por dia. Se você se esquecer uma dose, tome-la assim que possível no caso em que ainda tenha necessidade dela; ajuste o horário das próximas tomadas conformemente com as recomendações da bula e sem exceder os limites diários máximos permitidos por dia. Se você se esquecer uma dose, tome-la assim que possível no caso em que ainda tenha necessidade dela; ajuste o horário das próximas tomadas conformemente com as recomendações da bula e sem exceder os limites diários máximos permitidos por dia. Se você se esquecer uma dose, tome-la assim que possível no caso em que ainda tenha necessidade dela; ajuste o horário das próximas tomadas conformemente com as recomendações da bula e sem exceder os limites diários máximos permitidos por dia. Se você se esquecer uma dose, tome-la assim que possível no caso em que ainda tenha necessidade dela; ajuste o horário das próximas tomadas conformemente com as recomendações da bula e sem exceder os limites diários máximos permitidos por dia. Se você se esquecer uma dose, tome-la assim que possível no caso em que ainda tenha necessidade dela; ajuste o horário das próximas tomadas conformemente com as recomendações da bula e sem exceder os limites diários máximos permitidos por dia. Se você se esquecer uma dose, tome-la assim que possível no caso em que ainda tenha necessidade dela; ajuste o horário das próximas tomadas conformemente com as recomendações da bula e sem exceder os limites diários máximos permitidos por dia. Se você se esquecer uma dose, tome-la assim que possível no caso em que ainda tenha necessidade dela; ajuste o horário das próximas tomadas conformemente com as recomendações da bula e sem exceder os limites diários máximos permitidos por dia. Se você se esquecer uma dose, tome-la assim que possível no caso em que ainda tenha necessidade dela; ajuste o horário das próximas tomadas conformemente com as recomendações da bula e sem exceder os limites diários máximos permitidos por dia. Se você se esquecer uma dose, tome-la assim que possível no caso em que ainda tenha necessidade dela; ajuste o horário das próximas tomadas conformemente com as recomendações da bula e sem exceder os limites diários máximos permitidos por dia. Se você se esquecer uma dose, tome-la assim que possível no caso em que ainda tenha necessidade dela; ajuste o horário das próximas tomadas conformemente com as recomendações da bula e sem exceder os limites diários máximos permitidos por dia. Se você se esquecer uma dose, tome-la assim que possível no caso em que ainda tenha necessidade dela; ajuste o horário das próximas tomadas conformemente com as recomendações da bula e sem exceder os limites diários máximos permitidos por dia. Se você se esquecer uma dose, tome-la assim que possível no caso em que ainda tenha necessidade dela; ajuste o horário das próximas tomadas conformemente com as recomendações da bula e sem exceder os limites diários máximos permitidos por dia. Se você se esquecer uma dose, tome-la assim que possível no caso em que ainda tenha necessidade dela; ajuste o horário das próximas tomadas conformemente com as recomendações da bula e sem exceder os limites diários máximos permitidos por dia. Se você se esquecer uma dose, tome-la assim que possível no caso em que ainda tenha necessidade dela; ajuste o horário das próximas tomadas conformemente com as recomendações da bula e sem exceder os limites diários máximos permitidos por dia. Se você se esquecer uma dose, tome-la assim que possível no caso em que ainda tenha necessidade dela; ajuste o horário das próximas tomadas conformemente com as recomendações da bula e sem exceder os limites diários máximos permitidos por dia. Se você se esquecer uma dose, tome-la assim que possível no caso em que ainda tenha necessidade dela; ajuste o horário das próximas tomadas conformemente com as recomendações da bula e sem exceder os limites diários máximos permitidos por dia. Se você se esquecer uma dose, tome-la assim que possível no caso em que ainda tenha necessidade dela; ajuste o horário das próximas tomadas conformemente com as recomendações da bula e sem exceder os limites diários máximos permitidos por dia. Se você se esquecer uma dose, tome-la assim que possível no caso em que ainda tenha necessidade dela; ajuste o horário das próximas tomadas conformemente com as recomendações da bula e sem exceder os limites diários máximos permitidos por dia. Se você se esquecer uma dose, tome-la assim que possível no caso em que ainda tenha necessidade dela; ajuste o horário das próximas tomadas conformemente com as recomendações da bula e sem exceder os limites diários máximos permitidos por dia. Se você se esquecer uma dose, tome-la assim que possível no caso em que ainda tenha necessidade dela; ajuste o horário das próximas tomadas conformemente com as recomendações da bula e sem exceder os limites diários máximos permitidos por dia. Se você se esquecer uma dose, tome-la assim que possível no caso em que ainda tenha necessidade dela; ajuste o horário das próximas tomadas conformemente com as recomendações da bula e sem exceder os limites diários máximos permitidos por dia. Se você se esquecer uma dose, tome-la assim que possível no caso em que ainda tenha necessidade dela; ajuste o horário das próximas tomadas conformemente com as recomendações da bula e sem exceder os limites diários máximos permitidos por dia. Se você se esquecer uma dose, tome-la assim que possível no caso em que ainda tenha necessidade dela; ajuste o horário das próximas tomadas conformemente com as recomendações da bula e sem exceder os limites diários máximos permitidos por dia. Se você se esquecer uma dose, tome-la assim que possível no caso em que ainda tenha necessidade dela; ajuste o horário das próximas tomadas conformemente com as recomendações da bula e sem exceder os limites diários máximos permitidos por dia. Se você se esquecer uma dose, tome-la assim que possível no caso em que ainda tenha necessidade dela; ajuste o horário das próximas tomadas conformemente com as recomendações da bula e sem exceder os limites diários máximos permitidos por dia. Se você se esquecer uma dose, tome-la assim que possível no caso em que ainda tenha necessidade dela; ajuste o horário das próximas tomadas conformemente com as recomendações da bula e sem exceder os limites diários máximos permitidos por dia. Se você se esquecer uma dose, tome-la assim que possível no caso em que ainda tenha necessidade dela; ajuste o horário das próximas tomadas conformemente com as recomendações da bula e sem exceder os limites diários máximos permitidos por dia. Se você se esquecer uma dose, tome-la assim que possível no caso em que ainda tenha necessidade dela; ajuste o horário das próximas tomadas conformemente com as recomendações da bula e sem exceder os limites diários máximos permitidos por dia. Se você se esquecer uma dose, tome-la assim que possível no caso em que ainda tenha necessidade dela; ajuste o horário das próximas tomadas conformemente com as recomendações da bula e sem exceder os limites diários máximos permitidos por dia. Se você se esquecer uma dose, tome-la assim que possível no caso em que ainda tenha necessidade dela; ajuste o horário das próximas tomadas conformemente com as recomendações da bula e sem exceder os limites diários máximos permitidos por dia. Se você se esquecer uma dose, tome-la assim que possível no caso em que ainda tenha necessidade dela; ajuste o horário das próximas tomadas conformemente com as recomendações da bula e sem exceder os limites diários máximos permitidos por dia. Se você se esquecer uma dose, tome-la assim que possível no caso em que ainda tenha necessidade dela; ajuste o horário das próximas tomadas conformemente com","O QUE DEVO FAZER QUANDO EU ME ESQUECER DE USAR ESTE MEDICAMENTO?, COMO DEVO USAR ESTE MEDICAMENTO?, ONDE, COMO E POR QUANTO TEMPO POSSO GUARDAR ESTE MEDICAMENTO?, QUANDO NÃO DEVO USAR ESTE MEDICAMENTO?, O QUE FAZER SE ALGUÉM USAR UMA QUANTIDADE MAIOR DO QUE A INDICADA DESTE MEDICAMENTO?, QUAIS OS MALES QUE ESTE MEDICAMENTO PODE ME CAUSAR?, O QUE DEVO SABER ANTES DE USAR ESTE MEDICAMENTO?","chunk_983a58909e27, chunk_97251e7ccd85, chunk_2f6979089ee8, chunk_bcded81d765f, chunk_bd0ae4006d5f, chunk_d4d5a2d20ab2, chunk_01578455e892, chunk_77f72cabf81a","[""O QUE FAZER SE ALGUÉM USAR UMA QUANTIDADE MAIOR DO QUE A INDICADA DESTE MEDICAMENTO?** \n\nO uso de doses excessivas, acima das doses recomendadas (superdose) pode causar danos ao fígado. Em caso de superdose, procure ajuda médica ou um centro de intoxicação imediatamente. O apoio médico imediato é fundamental para adultos e crianças, mesmo se os sinais e sintomas de intoxicação não estiverem presentes. \n\nOs sinais e sintomas iniciais que se seguem a uma dose potencialmente hepatotóxica de paracetamol são: perda de apetite, náusea, vômito, sudorese intensa, palidez e mal-estar geral. **Em caso de uso de grande quantidade deste medicamento, procure rapidamente socorro médico e leve a embalagem ou bula do medicamento, se possível. Ligue para 0800 722 6001, se você precisar de mais orientações.** \n\n## **DIZERES LEGAIS** \n\nMS - 1.5721.1214 \n\nFarmacêutico Responsável: Jean F. L. Festuccia – CRF - SP nº 29.625 \n\nRegistrado por: \n\n## **JOHNSON & JOHNSON INDUSTRIAL LTDA.** \n\nRodovia Presidente Dutra, Km 154, \n\nSão José dos Campos – SP \n\nCNPJ 59.748.988/0001-14 \n\nFabricado por: \n\n## **JOHNSON & JOHNSON INDUSTRIAL LTDA** \n\nRodovia Presidente Dutra, km 154 \n\nSão José dos Campos – SP \n\nCNPJ: 59.748.988/0001-14 Industria Brasileira \n\n®Marca Registrada \n\nTYLENOL® - Paciente \n\n**==> picture [114 x 31] intentionally omitted <==**\n\nSAC 0800 728 6767 \n\nwww.tylenol.com.br \n\nSiga corretamente o modo de usar, não desaparecendo os sintomas procure orientação médica. \n\n**==> picture [23 x 19] intentionally omitted <==**\n\nTYLENOL® - Paciente \n\n**==> picture [115 x 30] intentionally omitted <==**"", ""O QUE DEVO SABER ANTES DE USAR ESTE MEDICAMENTO?** \n\nTYLENOL® - Paciente \n\n**==> picture [114 x 31] intentionally omitted <==**\n\nVocê não deve tomar mais do que a dose recomendada (superdose) para provocar maior alívio, pois pode causar sérios problemas de saúde. Você deve consultar seu médico se a dor ou febre continuarem ou piorarem, ou se surgirem novos sintomas, pois estes sintomas podem ser sinais de doenças graves. \n\n**Uso com álcool** : consumidores de doses abusivas de álcool devem consultar seu médico para saber se podem tomar **TYLENOL[® ]** ou qualquer outro analgésico. \n\n## **Gravidez e Amamentação** \n\n## Se você estiver grávida ou amamentando, consulte o seu médico antes de usar este medicamento. **Este medicamento não deve ser utilizado por mulheres grávidas sem orientação médica ou do cirurgião-dentista.** \n\n**Uso em pacientes com problemas no fígado** : Consulte seu médico antes de usar o medicamento. **Uso em idosos** : Até o momento não são conhecidas restrições específicas ao uso de **TYLENOL[® ]** por pacientes idosos. Não existe necessidade de ajuste de dose neste grupo etário. Muito raramente, foram relatadas reações cutâneas graves em pacientes que administraram paracetamol. Os sintomas podem incluir: vermelhidão na pele, bolhas e erupções cutâneas. Se ocorrerem reações cutâneas ou piora de problemas de pele já existentes, interrompa o uso do medicamento e procure ajuda médica imediatamente. \n\n## **Não use outro produto que contenha paracetamol.** \n\n## **O paracetamol nas doses terapêuticas não foi associado à irritação gástrica.**"", ""O QUE DEVO FAZER QUANDO EU ME ESQUECER DE USAR ESTE MEDICAMENTO?** \n\nSe você se esquecer de tomar uma dose do medicamento, faça-o assim que se lembrar, no caso de ainda haver necessidade, e então ajuste o horário das próximas tomadas. Não tome a dose dobrada para compensar a dose esquecida. \n\n**Em caso de dúvidas, procure orientação do farmacêutico ou de seu médico, ou cirurgiãodentista.** \n\n## **8."", ""QUAIS OS MALES QUE ESTE MEDICAMENTO PODE ME CAUSAR?** \n\nEste medicamento pode causar algumas reações desagradáveis inesperadas. Caso você tenha uma reação alérgica, deve parar de tomar o medicamento. \n\nTYLENOL® - Paciente \n\n**==> picture [114 x 31] intentionally omitted <==**\n\nReação muito rara (ocorre em menos de 0,01% dos pacientes que utilizam este medicamento): urticária, coceira e vermelhidão no corpo, reações alérgicas a este medicamento, aumento das transaminases e erupção fixa medicamentosa. \n\n**Informe ao seu médico, cirurgião-dentista ou farmacêutico o aparecimento de reações indesejáveis pelo uso do medicamento. Informe também à empresa através do seu serviço de atendimento.** \n\n## **9."", ""ONDE, COMO E POR QUANTO TEMPO POSSO GUARDAR ESTE MEDICAMENTO?** \n\n**TYLENOL®** deve ser conservado em temperatura ambiente (entre 15°C e 30°C), protegido da luz e umidade. **Número de lote e datas de fabricação e validade: vide embalagem.** \n\nTYLENOL® - Paciente \n\n**==> picture [114 x 31] intentionally omitted <==**\n\n**Não use medicamento com o prazo de validade vencido. Guarde-o em sua embalagem original. TYLENOL[® ] 500 mg e TYLENOL[® ] 750 mg** são comprimidos revestidos oblongos (ovalados) de cor branca. \n\n**Antes de usar, observe o aspecto do medicamento. Caso ele esteja no prazo de validade e você observe alguma mudança no aspecto, consulte o farmacêutico para saber se poderá** \n\n**utilizá-lo.** \n\n**Todo medicamento deve ser mantido fora do alcance das crianças** . \n\n## **6."", ""COMO DEVO USAR ESTE MEDICAMENTO?** \n\nUso oral. Você deve tomar os comprimidos com líquido. O paracetamol pode ser administrado independentemente das refeições. \n\n## **Adultos e crianças acima de 12 anos:** \n\n**TYLENOL[® ] 500 mg:** 1 a 2 comprimidos, 3 a 4 vezes ao dia. \n\n**TYLENOL[® ] 750 mg:** 1 comprimido, 3 a 5 vezes ao dia. \n\nA dose diária máxima recomendada de paracetamol é de 4000 mg ( **8 comprimidos de TYLENOL[® ] 500 mg ou 5 comprimidos de TYLENOL® 750 mg** ) administrada em doses fracionadas, não excedendo 1000 mg/dose ( **2 comprimidos de TYLENOL[® ] 500 mg ou 1 comprimido de TYLENOL[® ] 750 mg** ), em intervalos de 4 a 6 horas, em um período de 24 horas. **Duração do tratamento:** depende do desaparecimento dos sintomas. \n\n**Este medicamento não pode ser partido, aberto ou mastigado.** \n\n**Siga corretamente o modo de usar. Em caso de dúvidas sobre este medicamento, procure orientação do farmacêutico. Não desaparecendo os sintomas, procure orientação médica ou de seu cirurgião-dentista.** \n\n## **7."", ""cutâneas. Se ocorrerem reações cutâneas ou piora de problemas de pele já existentes, interrompa o uso do medicamento e procure ajuda médica imediatamente. \n\n## **Não use outro produto que contenha paracetamol.** \n\n## **O paracetamol nas doses terapêuticas não foi associado à irritação gástrica.** \n\nSe você tem pressão alta, não use este produto por mais tempo do que o indicado no rótulo, a menos que indicado por um médico. \n\nA absorção de **TYLENOL[® ]** é mais rápida se você estiver em jejum. Os alimentos podem afetar a velocidade da absorção, mas não a quantidade absorvida do medicamento. A interferência do paracetamol na metabolização de outros medicamentos e a influência destes medicamentos na ação e na toxicidade do paracetamol, em geral, não são relevantes. \n\n**Consulte seu médico antes de utilizar este medicamento se você está tomando flucloxacilina (penicilina - um antibiótico), varfarina (anticoagulante) ou outros derivados cumarínicos.** \n\n**Informe ao seu médico ou cirurgião-dentista se você está fazendo uso de algum outro medicamento.** \n\n**5."", ""QUANDO NÃO DEVO USAR ESTE MEDICAMENTO?** \n\nVocê não deve usar **TYLENOL[® ]** se possuir alergia ao paracetamol ou a qualquer componente de sua fórmula. \n\n**Este medicamento é contraindicado para menores de 12 anos.** \n\n## **4.""]",18.64,3401.542
guarded_hybrid_agentic_fusion_rag,ollama:mediphi-instruct,TYLENOL,medio,Quais cuidados especiais devem ser observados em pacientes com problemas no fígado antes de usar TYLENOL e por que esse cuidado é importante segundo a bula?,medio,A bula orienta que pacientes com problemas no fígado consultem o médico antes de usar TYLENOL. Esse cuidado é importante porque a bula também alerta que não se deve tomar mais que a dose recomendada e que a superdose de paracetamol pode causar danos ao fígado.,O QUE DEVO SABER ANTES DE USAR ESTE MEDICAMENTO? / O QUE FAZER SE ALGUÉM USAR UMA QUANTIDADE MAIOR DO QUE A INDICADA DESTE MEDICAMENTO?,"De acordo com a bula do medicamento TYLENOL, os seguintes cuidados devem ser observados em pacientes com problemas no fígado antes de usar este produto. Os sintomas iniciais que se seguem à ingestão excessiva (superdose) podem incluir perda do apetite, náusea e vômito; sudorese intensa, palidez e mal-estar geral também são sinais de intoxicação. O apoio médico imediato é fundamental para adultos e crianças em caso de superdose com paracetamol (Tylenol). Se ocorrerem reações cutâneas graves, interrompa a administração do medicamento e procure ajuda médica. 
        Esses cuidados são importantes para evitar danos ao fígado causados pela superdose de paracetamol (Tylenol).

---
*Esta resposta se baseia apenas nos trechos da bula recuperados e não substitui orientação médica ou farmacêutica.*","De acordo com a bula do medicamento TYLENOL, os seguintes cuidados devem ser observados em pacientes com problemas no fígado antes de usar este produto. Os sintomas iniciais que se seguem à ingestão excessiva (superdose) podem incluir perda do apetite, náusea e vômito; sudorese intensa, palidez e mal-estar geral também são sinais de intoxicação. O apoio médico imediato é fundamental para adultos e crianças em caso de superdose com paracetamol (Tylenol). Se ocorrerem reações cutâneas graves, interrompa a administração do medicamento e procure ajuda médica. 
        Esses cuidados são importantes para evitar danos ao fígado causados pela superdose de paracetamol (Tylenol).","QUANDO NÃO DEVO USAR ESTE MEDICAMENTO?, COMO ESTE MEDICAMENTO FUNCIONA?, O QUE FAZER SE ALGUÉM USAR UMA QUANTIDADE MAIOR DO QUE A INDICADA DESTE MEDICAMENTO?, QUAIS OS MALES QUE ESTE MEDICAMENTO PODE ME CAUSAR?, O QUE DEVO SABER ANTES DE USAR ESTE MEDICAMENTO?","chunk_97251e7ccd85, chunk_983a58909e27, chunk_01578455e892, chunk_77f72cabf81a, chunk_bcded81d765f, chunk_578c6a49ac86","[""O QUE DEVO SABER ANTES DE USAR ESTE MEDICAMENTO?** \n\nTYLENOL® - Paciente \n\n**==> picture [114 x 31] intentionally omitted <==**\n\nVocê não deve tomar mais do que a dose recomendada (superdose) para provocar maior alívio, pois pode causar sérios problemas de saúde. Você deve consultar seu médico se a dor ou febre continuarem ou piorarem, ou se surgirem novos sintomas, pois estes sintomas podem ser sinais de doenças graves. \n\n**Uso com álcool** : consumidores de doses abusivas de álcool devem consultar seu médico para saber se podem tomar **TYLENOL[® ]** ou qualquer outro analgésico. \n\n## **Gravidez e Amamentação** \n\n## Se você estiver grávida ou amamentando, consulte o seu médico antes de usar este medicamento. **Este medicamento não deve ser utilizado por mulheres grávidas sem orientação médica ou do cirurgião-dentista.** \n\n**Uso em pacientes com problemas no fígado** : Consulte seu médico antes de usar o medicamento. **Uso em idosos** : Até o momento não são conhecidas restrições específicas ao uso de **TYLENOL[® ]** por pacientes idosos. Não existe necessidade de ajuste de dose neste grupo etário. Muito raramente, foram relatadas reações cutâneas graves em pacientes que administraram paracetamol. Os sintomas podem incluir: vermelhidão na pele, bolhas e erupções cutâneas. Se ocorrerem reações cutâneas ou piora de problemas de pele já existentes, interrompa o uso do medicamento e procure ajuda médica imediatamente. \n\n## **Não use outro produto que contenha paracetamol.** \n\n## **O paracetamol nas doses terapêuticas não foi associado à irritação gástrica.**"", ""O QUE FAZER SE ALGUÉM USAR UMA QUANTIDADE MAIOR DO QUE A INDICADA DESTE MEDICAMENTO?** \n\nO uso de doses excessivas, acima das doses recomendadas (superdose) pode causar danos ao fígado. Em caso de superdose, procure ajuda médica ou um centro de intoxicação imediatamente. O apoio médico imediato é fundamental para adultos e crianças, mesmo se os sinais e sintomas de intoxicação não estiverem presentes. \n\nOs sinais e sintomas iniciais que se seguem a uma dose potencialmente hepatotóxica de paracetamol são: perda de apetite, náusea, vômito, sudorese intensa, palidez e mal-estar geral. **Em caso de uso de grande quantidade deste medicamento, procure rapidamente socorro médico e leve a embalagem ou bula do medicamento, se possível. Ligue para 0800 722 6001, se você precisar de mais orientações.** \n\n## **DIZERES LEGAIS** \n\nMS - 1.5721.1214 \n\nFarmacêutico Responsável: Jean F. L. Festuccia – CRF - SP nº 29.625 \n\nRegistrado por: \n\n## **JOHNSON & JOHNSON INDUSTRIAL LTDA.** \n\nRodovia Presidente Dutra, Km 154, \n\nSão José dos Campos – SP \n\nCNPJ 59.748.988/0001-14 \n\nFabricado por: \n\n## **JOHNSON & JOHNSON INDUSTRIAL LTDA** \n\nRodovia Presidente Dutra, km 154 \n\nSão José dos Campos – SP \n\nCNPJ: 59.748.988/0001-14 Industria Brasileira \n\n®Marca Registrada \n\nTYLENOL® - Paciente \n\n**==> picture [114 x 31] intentionally omitted <==**\n\nSAC 0800 728 6767 \n\nwww.tylenol.com.br \n\nSiga corretamente o modo de usar, não desaparecendo os sintomas procure orientação médica. \n\n**==> picture [23 x 19] intentionally omitted <==**\n\nTYLENOL® - Paciente \n\n**==> picture [115 x 30] intentionally omitted <==**"", ""cutâneas. Se ocorrerem reações cutâneas ou piora de problemas de pele já existentes, interrompa o uso do medicamento e procure ajuda médica imediatamente. \n\n## **Não use outro produto que contenha paracetamol.** \n\n## **O paracetamol nas doses terapêuticas não foi associado à irritação gástrica.** \n\nSe você tem pressão alta, não use este produto por mais tempo do que o indicado no rótulo, a menos que indicado por um médico. \n\nA absorção de **TYLENOL[® ]** é mais rápida se você estiver em jejum. Os alimentos podem afetar a velocidade da absorção, mas não a quantidade absorvida do medicamento. A interferência do paracetamol na metabolização de outros medicamentos e a influência destes medicamentos na ação e na toxicidade do paracetamol, em geral, não são relevantes. \n\n**Consulte seu médico antes de utilizar este medicamento se você está tomando flucloxacilina (penicilina - um antibiótico), varfarina (anticoagulante) ou outros derivados cumarínicos.** \n\n**Informe ao seu médico ou cirurgião-dentista se você está fazendo uso de algum outro medicamento.** \n\n**5."", ""QUANDO NÃO DEVO USAR ESTE MEDICAMENTO?** \n\nVocê não deve usar **TYLENOL[® ]** se possuir alergia ao paracetamol ou a qualquer componente de sua fórmula. \n\n**Este medicamento é contraindicado para menores de 12 anos.** \n\n## **4."", ""QUAIS OS MALES QUE ESTE MEDICAMENTO PODE ME CAUSAR?** \n\nEste medicamento pode causar algumas reações desagradáveis inesperadas. Caso você tenha uma reação alérgica, deve parar de tomar o medicamento. \n\nTYLENOL® - Paciente \n\n**==> picture [114 x 31] intentionally omitted <==**\n\nReação muito rara (ocorre em menos de 0,01% dos pacientes que utilizam este medicamento): urticária, coceira e vermelhidão no corpo, reações alérgicas a este medicamento, aumento das transaminases e erupção fixa medicamentosa. \n\n**Informe ao seu médico, cirurgião-dentista ou farmacêutico o aparecimento de reações indesejáveis pelo uso do medicamento. Informe também à empresa através do seu serviço de atendimento.** \n\n## **9."", ""COMO ESTE MEDICAMENTO FUNCIONA?** \n\n**TYLENOL[® ]** reduz a febre atuando no centro regulador da temperatura no Sistema Nervoso Central (SNC) e diminui a sensibilidade a dor. Seu efeito tem início 15 a 30 minutos após a administração oral e permanece por um período de 4 a 6 horas. \n\n## **3.""]",26.516,39.076
