nome_remedio,pergunta,resposta_esperada,secoes_esperadas,modelo,resposta_gerada,resposta_crua,secoes_recuperadas,chunk_ids_recuperados,textos_recuperados,tempo_recuperacao_segundos,tempo_inferencia_segundos
AMOXIL,Como deve ser ajustada a dose de Amoxil® para uma criança de 30 kg com insuficiência renal moderada?,"Para crianças abaixo de 40 kg com insuficiência renal moderada, a dose recomendada é de 15 mg/kg duas vezes ao dia, ou seja, 450 mg a cada 12 horas.",COMO DEVO USAR ESTE MEDICAMENTO?,ollama:medgemma:4b,"---
*Esta resposta se baseia apenas nos trechos da bula recuperados e não substitui orientação médica ou farmacêutica. É recomendável consultar um profissional de saúde para orientação individualizada.*",,"O QUE DEVO SABER ANTES DE USAR ESTE MEDICAMENTO?, COMO DEVO USAR ESTE MEDICAMENTO?, QUAIS OS MALES QUE ESTE MEDICAMENTO PODE ME CAUSAR?",,"[""em caso de dúvida. Dose para adultos e crianças acima de 40 kg - Dose padrão: 500 mg (uma cápsula) três vezes ao dia (de 8 em 8 horas) nas infecções mais graves. - Tratamento com dosagem alta (máximo recomendável de 6 g ao dia em doses divididas) : recomenda-se uma dose de 3 g (seis cápsulas) duas vezes ao dia (de 12 em 12 horas) em casos que requerem tratamento de infecção respiratória purulenta (com a presença de pus) grave ou recorrente. - Tratamento de curta duração (gonorreia): dose única de 3 g. Erradicação de Helicobacter pylori: para combater o Helicobacter (bactéria que ataca o estômago e o duodeno), recomenda-se o uso de Amoxil® no esquema de 1 g duas vezes ao dia (de 12 em 12 horas), em associação com um medicamento conhecido como inibidor da bomba de prótons (exemplo: omeprazol , lanzoprazol ) e outro agente antimicrobiano (por exemplo claritromicina, metronidazol), por 7 dias. Pacientes com insuficiência renal (dos rins) Na insuficiência renal, a eliminação do antibiótico"", ""3 g. Erradicação de Helicobacter pylori: para combater o Helicobacter (bactéria que ataca o estômago e o duodeno), recomenda-se o uso de Amoxil® no esquema de 1 g duas vezes ao dia (de 12 em 12 horas), em associação com um medicamento conhecido como inibidor da bomba de prótons (exemplo: omeprazol , lanzoprazol ) e outro agente antimicrobiano (por exemplo claritromicina, metronidazol), por 7 dias. Pacientes com insuficiência renal (dos rins) Na insuficiência renal, a eliminação do antibiótico é mais lenta. Conforme o grau dessa condição, seu médico pode indicar a redução da dose diária total de acordo com o esquema descrito a seguir. Adultos e crianças acima de 40 kg - insuficiência leve: nenhuma alteração de dose; - insuficiência moderada: máximo de 500 mg (uma cápsula) duas vezes ao dia (de 12 em 12 horas); - insuficiência grave: máximo de 500 mg (uma cápsula) ao dia."", "", lanzoprazol ) e outro agente antimicrobiano (por exemplo claritromicina, metronidazol), por 7 dias. Pacientes com insuficiência renal (dos rins) Na insuficiência renal, a eliminação do antibiótico é mais lenta. Conforme o grau dessa condição, seu médico pode indicar a redução da dose diária total de acordo com o esquema descrito a seguir. Adultos e crianças acima de 40 kg - insuficiência leve: nenhuma alteração de dose; - insuficiência moderada: máximo de 500 mg (uma cápsula) duas vezes ao dia (de 12 em 12 horas); - insuficiência grave: máximo de 500 mg (uma cápsula) ao dia."", ""Modelo de Texto de Bula – Pacientes Amoxil® Cápsulas 4 Pacientes que recebem diálise peritoneal Usa-se a mesma posologia indicada para pacientes com insuficiência renal grave. A diálise peritoneal (processo de limpeza das substâncias tóxicas do organismo através do peritônio, membrana que envolve o abdômen) não remove a amoxicilina do corpo. Pacientes que recebem hemodiálise Usa-se a mesma posologia indicada para pacientes com insuficiência renal grave. A amoxicilina é removida do sangue por hemodiálise (processo que substitui os rins na filtragem sanguínea). Portanto, uma dose adicional (500 mg para adultos e crianças acima de 40kg ou 15 mg/kg para crianças abaixo de 40 kg) pode ser administrada durante e no final de cada diálise. Seu médico poderá indicar tratamento por via parenteral (feito com aplicação de injeções intravenosas, intramusculares ou subcutâneas) nos casos em que a via oral for considerada inadequada (particularmente nos tratamentos urgentes de infecções graves). Conforme o grau de insuficiência renal, talvez seu médico ache necessário reduzir a dose diária total. Siga a orientação de seu médico, respeitando sempre os horários, as doses e a duração do tratamento. Não interrompa o tratamento sem o conhecimento de seu médico. Este medicamento não deve ser partido ou mastigado."", ""6. COMO DEVO USAR ESTE MEDICAMENTO? Modo de usar Siga as orientações de seu médico sobre a maneira e a hora correta de tomar o medicamento. Ele vai decidir a quantidade diária que você precisa e o tempo durante o qual você deve usar este medicamento. Leia esta bula com cautela. Se você tiver alguma dúvida, fale com seu médico. Recomenda-se ingerir o medicamento nas refeições, embora ele continue eficaz mesmo que você o tome em outros horários. Continue tomando este medicamento até o fim do tratamento prescrito pelo médico. Não pare somente porque se sente melhor. As cápsulas devem ser ingeridas inteiras com água. Não as mastigue. Posologia Atenção! Para algumas doses indicadas abaixo (doses inferiores a 500 mg) é necessário o uso da suspensão oral, converse com seu médico ou farmacêutico em caso de dúvida. Dose para adultos e crianças acima de 40 kg - Dose padrão: 500 mg (uma cápsula) três vezes ao dia (de 8 em 8 horas) nas infecções mais graves. - Tratamento com dosagem alta (máximo recomendável de 6 g ao dia em doses divididas) : recomenda-se uma dose de 3 g (seis cápsulas) duas vezes ao dia (de 12 em 12 horas) em casos que requerem tratamento de infecção respiratória purulenta (com a presença de pus) grave ou recorrente. - Tratamento de curta duração (gonorreia): dose única de 3 g. Erradicação de Helicobacter pylori: para combater o Helicobacter (bactéria que ataca o estômago e o duodeno), recomenda-se o uso de Amoxil® no esquema de 1 g duas vezes ao dia (de 12 em 12 horas), em associação com um medicamento conhecido como inibidor da bomba de prótons (exemplo: omeprazol"", ""Modelo de Texto de Bula – Pacientes Amoxil® Cápsulas 4 Pacientes que recebem diálise peritoneal Usa-se a mesma posologia indicada para pacientes com insuficiência renal grave. A diálise peritoneal (processo de limpeza das substâncias tóxicas do organismo através do peritônio, membrana que envolve o abdômen) não remove a amoxicilina do corpo. Pacientes que recebem hemodiálise Usa-se a mesma posologia indicada para pacientes com insuficiência renal grave. A amoxicilina é removida do sangue por hemodiálise (processo que substitui os rins na filtragem sanguínea). Portanto, uma dose adicional (500 mg para adultos e crianças acima de 40kg ou 15 mg/kg para crianças abaixo de 40 kg) pode ser administrada durante e no final de cada diálise. Seu médico poderá indicar tratamento por via parenteral (feito com aplicação de injeções intravenosas, intramusculares ou subcutâneas) nos casos em que a via oral for considerada inadequada (particularmente nos tratamentos urgentes de infecções graves)."", ""Este medicamento não deve ser utilizado por mulheres grávidas sem orientação médica ou do cirurgião-dentista. Uso compatível com o aleitamento ou doação de leite humano. O uso desse medicamento não interfere no aleitamento do bebê. Uso em idosos, crianças e outros grupos de risco As recomendações especiais se referem às doses . Interações Medicamentosas Alguns medicamentos podem causar efeitos indesejáveis se você os ingerir durante o tratamento com Amoxil®. Não deixe de avisar seu médico caso você esteja tomando: - medicamentos usados no tratamento de gota (probenecida ou alopurinol); - outros antibióticos; - pílulas anticoncepcionais (como acontece com outros antibióticos, talvez sejam necessárias precauções adicionais para evitar a gravidez); - anticoagulantes; - metotrexato (usado para tratar doenças como câncer e psoríase grave). A alimentação não interfere na ação de Amoxil®, que pode ser ingerido nas refeições. Informe ao seu médico ou cirurgião-dentista se você está fazendo uso de algum outro medicamento. Não use medicamento sem o conhecimento do seu médico. Pode ser perigoso para a sua saúde. Atenção: Contém os corantes vermelho de eritrosina, azul de indigotina, dióxido de titânio e óxido de ferro amarelo que podem, eventualmente, causar reações alérgicas. É importante utilizar este medicamento durante todo o tempo prescrito pelo profissional de saúde habilitado, mesmo que os sinais e sintomas da infecção tenham desaparecido, pois isso não significa a cura. A interrupção do tratamento pode contribuir para o aparecimento de infecções mais graves."", ""(feito com aplicação de injeções intravenosas, intramusculares ou subcutâneas) nos casos em que a via oral for considerada inadequada (particularmente nos tratamentos urgentes de infecções graves). Conforme o grau de insuficiência renal, talvez seu médico ache necessário reduzir a dose diária total. Siga a orientação de seu médico, respeitando sempre os horários, as doses e a duração do tratamento. Não interrompa o tratamento sem o conhecimento de seu médico. Este medicamento não deve ser partido ou mastigado."", ""na gravidez desde que os benefícios potenciais sejam maiores que os riscos potenciais associados ao tratamento. Informe seu médico se você estiver grávida ou suspeitar que está grávida. Você não deve tomar este medicamento se estiver grávida, exceto se seu médico recomendar. Você pode amamentar seu bebê enquanto estiver tomando Amoxil®, mas há excreção de quantidades mínimas de amoxicilina no leite materno. Se você estiver amamentando, informe ao seu médico antes de iniciar o tratamento com Amoxil®. Este medicamento não deve ser utilizado por mulheres grávidas sem orientação médica ou do cirurgião-dentista. Uso compatível com o aleitamento ou doação de leite humano. O uso desse medicamento não interfere no aleitamento do bebê. Uso em idosos, crianças e outros grupos de risco As recomendações especiais se referem às doses . Interações Medicamentosas Alguns medicamentos podem causar efeitos indesejáveis se você os ingerir durante o tratamento com Amoxil®. Não deixe de avisar seu médico"", ""Modelo de Texto de Bula – Pacientes Amoxil® Cápsulas 2 O uso prolongado também pode resultar, ocasionalmente, em supercrescimento de microrganismos resistentes a Amoxil®. Amoxil® pode piorar algumas condições existentes ou causar efeitos colaterais graves, como reações alérgicas severas, reações cutâneas severas, dor no peito, vômitos repetitivos dentro de 1 a 4 horas após a administração de Amoxil® ou diarreia grave (colite pseudomembranosa). Você deve estar atento a determinados sintomas enquanto estiver recebendo Amoxil® para ajudar a reduzir o risco de quaisquer problemas. Efeitos sobre a capacidade de dirigir veículos e de operar máquinas Não se observaram efeitos adversos sobre a capacidade de dirigir veículos e de operar máquinas. Gravidez e amamentação Amoxil® pode ser usado na gravidez desde que os benefícios potenciais sejam maiores que os riscos potenciais associados ao tratamento. Informe seu médico se você estiver grávida ou suspeitar que está grávida. Você não deve tomar este medicamento se estiver grávida, exceto se seu médico recomendar. Você pode amamentar seu bebê enquanto estiver tomando Amoxil®, mas há excreção de quantidades mínimas de amoxicilina no leite materno. Se você estiver amamentando, informe ao seu médico antes de iniciar o tratamento com Amoxil®. Este medicamento não deve ser utilizado por mulheres grávidas sem orientação médica ou do cirurgião-dentista. Uso compatível com o aleitamento ou doação de leite humano. O uso desse medicamento não interfere no aleitamento do bebê. Uso em idosos, crianças e outros grupos de risco As recomendações"", ""e coceira. Reações muito raras (ocorrem em menos de 0,01% dos pacientes que utilizam este medicamento): - Diminuição de glóbulos brancos (leucopenia reversível), que pode resultar em infecções frequentes, como febre, calafrios, inflamação da garganta ou úlceras na boca; - Baixa contagem de plaquetas (trombocitopenia reversível), que pode resultar em sangramento ou hematomas (manchas roxas) que surgem com mais facilidade que o normal; - Destruição de glóbulos vermelhos e consequentemente anemia (anemia hemolítica), que pode resultar em cansaço, dores de cabeça e falta de ar causada pela prática de exercícios físicos, vertigem, palidez e amarelamento da pele e/ou dos olhos; - Sinais repentinos de alergia, como erupções da pele, prurido (coceira) ou urticária, inchaço da face, dos lábios, da língua ou de outras partes do corpo, falta de ar, respiração ofegante ou problemas para respirar; se esses sintomas ocorrerem, pare de usar Amoxil® e procure socorro médico o mais rápido possível;"", ""especiais se referem às doses . Interações Medicamentosas Alguns medicamentos podem causar efeitos indesejáveis se você os ingerir durante o tratamento com Amoxil®. Não deixe de avisar seu médico caso você esteja tomando: - medicamentos usados no tratamento de gota (probenecida ou alopurinol); - outros antibióticos; - pílulas anticoncepcionais (como acontece com outros antibióticos, talvez sejam necessárias precauções adicionais para evitar a gravidez); - anticoagulantes; - metotrexato (usado para tratar doenças como câncer e psoríase grave). A alimentação não interfere na ação de Amoxil®, que pode ser ingerido nas refeições. Informe ao seu médico ou cirurgião-dentista se você está fazendo uso de algum outro medicamento. Não use medicamento sem o conhecimento do seu médico. Pode ser perigoso para a sua saúde. Atenção: Contém os corantes vermelho de eritrosina, azul de indigotina, dióxido de titânio e óxido de ferro amarelo que podem, eventualmente, causar reações alérgicas. É"", ""6. COMO DEVO USAR ESTE MEDICAMENTO? Modo de usar Siga as orientações de seu médico sobre a maneira e a hora correta de tomar o medicamento. Ele vai decidir a quantidade diária que você precisa e o tempo durante o qual você deve usar este medicamento. Leia esta bula com cautela. Se você tiver alguma dúvida, fale com seu médico. Recomenda-se ingerir o medicamento nas refeições, embora ele continue eficaz mesmo que você o tome em outros horários. Continue tomando este medicamento até o fim do tratamento prescrito pelo médico. Não pare somente porque se sente melhor. As cápsulas devem ser ingeridas inteiras com água. Não as mastigue. Posologia Atenção! Para algumas doses indicadas abaixo (doses inferiores a 500 mg) é necessário o uso da suspensão oral, converse com seu médico ou farmacêutico em caso de dúvida. Dose para adultos e crianças acima de 40 kg - Dose padrão: 500 mg (uma cápsula) três vezes ao dia (de 8 em 8 horas) nas infecções mais graves. - Tratamento com dosagem alta (máximo"", ""Modelo de Texto de Bula – Pacientes Amoxil® Cápsulas 2 O uso prolongado também pode resultar, ocasionalmente, em supercrescimento de microrganismos resistentes a Amoxil®. Amoxil® pode piorar algumas condições existentes ou causar efeitos colaterais graves, como reações alérgicas severas, reações cutâneas severas, dor no peito, vômitos repetitivos dentro de 1 a 4 horas após a administração de Amoxil® ou diarreia grave (colite pseudomembranosa). Você deve estar atento a determinados sintomas enquanto estiver recebendo Amoxil® para ajudar a reduzir o risco de quaisquer problemas. Efeitos sobre a capacidade de dirigir veículos e de operar máquinas Não se observaram efeitos adversos sobre a capacidade de dirigir veículos e de operar máquinas. Gravidez e amamentação Amoxil® pode ser usado na gravidez desde que os benefícios potenciais sejam maiores que os riscos potenciais associados ao tratamento. Informe seu médico se você estiver grávida ou suspeitar que está grávida. Você não deve"", ""8. QUAIS OS MALES QUE ESTE MEDICAMENTO PODE ME CAUSAR? Avise seu médico o mais cedo possível se você não se sentir bem durante o tratamento com Amoxil®. Assim como todo medicamento, Amoxil® pode provocar reações adversas, porém isso não ocorre com todas as pessoas. Os efeitos colaterais deste medicamento geralmente são leves. Reações comuns (ocorrem entre 1% e 10% dos pacientes que utilizam este medicamento): - Diarreia (várias evacuações amolecidas por dia) e enjoo; quando isso acontece, os sintomas normalmente são leves e com frequência podem ser evitados tomando -se o medicamento no início das refeições. Se continuarem ou se tornarem graves, consulte o médico. - Erupções da pele. Reações incomuns (ocorrem entre 0,1% e 1% dos pacientes que utilizam este medicamento): - Vômito, urticária e coceira. Reações muito raras (ocorrem em menos de 0,01% dos pacientes que utilizam este medicamento): - Diminuição de glóbulos brancos (leucopenia reversível), que pode resultar em infecções frequentes, como febre, calafrios, inflamação da garganta ou úlceras na boca; - Baixa contagem de plaquetas (trombocitopenia reversível), que pode resultar em sangramento ou hematomas (manchas roxas) que surgem com mais facilidade que o normal; - Destruição de glóbulos vermelhos e consequentemente anemia (anemia hemolítica), que pode resultar em cansaço, dores de cabeça e falta de ar causada pela prática de exercícios físicos, vertigem, palidez e amarelamento da pele e/ou dos olhos; - Sinais repentinos de alergia, como erupções da pele, prurido (coceira) ou urticária, inchaço da face, dos lábios, da""]",2.138,6.127
AMOXIL,Por que é recomendável tomar Amoxil® no início das refeições em caso de diarreia?,"Porque a diarreia, reação comum ao uso de Amoxil®, pode ser atenuada quando o medicamento é administrado no início das refeições, conforme descrito na seção de reações adversas, e, além disso, na posologia recomenda-se que ele seja ingerido junto às refeições para melhorar a tolerabilidade gastrointestinal.","QUAIS OS MALES QUE ESTE MEDICAMENTO PODE ME CAUSAR?

COMO DEVO USAR ESTE MEDICAMENTO?",ollama:medgemma:4b,"---
*Esta resposta se baseia apenas nos trechos da bula recuperados e não substitui orientação médica ou farmacêutica.*",,"O QUE DEVO SABER ANTES DE USAR ESTE MEDICAMENTO?, COMO DEVO USAR ESTE MEDICAMENTO?, QUAIS OS MALES QUE ESTE MEDICAMENTO PODE ME CAUSAR?",,"[""Este medicamento não deve ser utilizado por mulheres grávidas sem orientação médica ou do cirurgião-dentista. Uso compatível com o aleitamento ou doação de leite humano. O uso desse medicamento não interfere no aleitamento do bebê. Uso em idosos, crianças e outros grupos de risco As recomendações especiais se referem às doses . Interações Medicamentosas Alguns medicamentos podem causar efeitos indesejáveis se você os ingerir durante o tratamento com Amoxil®. Não deixe de avisar seu médico caso você esteja tomando: - medicamentos usados no tratamento de gota (probenecida ou alopurinol); - outros antibióticos; - pílulas anticoncepcionais (como acontece com outros antibióticos, talvez sejam necessárias precauções adicionais para evitar a gravidez); - anticoagulantes; - metotrexato (usado para tratar doenças como câncer e psoríase grave). A alimentação não interfere na ação de Amoxil®, que pode ser ingerido nas refeições. Informe ao seu médico ou cirurgião-dentista se você está fazendo uso de algum outro medicamento. Não use medicamento sem o conhecimento do seu médico. Pode ser perigoso para a sua saúde. Atenção: Contém os corantes vermelho de eritrosina, azul de indigotina, dióxido de titânio e óxido de ferro amarelo que podem, eventualmente, causar reações alérgicas. É importante utilizar este medicamento durante todo o tempo prescrito pelo profissional de saúde habilitado, mesmo que os sinais e sintomas da infecção tenham desaparecido, pois isso não significa a cura. A interrupção do tratamento pode contribuir para o aparecimento de infecções mais graves."", ""especiais se referem às doses . Interações Medicamentosas Alguns medicamentos podem causar efeitos indesejáveis se você os ingerir durante o tratamento com Amoxil®. Não deixe de avisar seu médico caso você esteja tomando: - medicamentos usados no tratamento de gota (probenecida ou alopurinol); - outros antibióticos; - pílulas anticoncepcionais (como acontece com outros antibióticos, talvez sejam necessárias precauções adicionais para evitar a gravidez); - anticoagulantes; - metotrexato (usado para tratar doenças como câncer e psoríase grave). A alimentação não interfere na ação de Amoxil®, que pode ser ingerido nas refeições. Informe ao seu médico ou cirurgião-dentista se você está fazendo uso de algum outro medicamento. Não use medicamento sem o conhecimento do seu médico. Pode ser perigoso para a sua saúde. Atenção: Contém os corantes vermelho de eritrosina, azul de indigotina, dióxido de titânio e óxido de ferro amarelo que podem, eventualmente, causar reações alérgicas. É"", ""4. O QUE DEVO SABER ANTES DE USAR ESTE MEDICAMENTO? Antes de iniciar o tratamento com Amoxil, informe seu médico: - se você já apresentou reação alérgica a algum antibiótico. Isso pode incluir reações na pele ou inchaço na face ou pescoço ou dores no peito. - se você apresenta febre glandular. - se você toma medicamentos usados para prevenir coágulos sanguíneos (anticoagulantes), tais como varfarina, o seu médico fará um monitoramento e, se necessário, poderá sugerir ajustes na dose dos anticoagulantes. - se você apresenta problema nos rins. - se você não estiver urinando regularmente. - se você já teve diarreia durante ou após o uso de antibióticos."", ""4. O QUE DEVO SABER ANTES DE USAR ESTE MEDICAMENTO? Antes de iniciar o tratamento com Amoxil, informe seu médico: - se você já apresentou reação alérgica a algum antibiótico. Isso pode incluir reações na pele ou inchaço na face ou pescoço ou dores no peito. - se você apresenta febre glandular. - se você toma medicamentos usados para prevenir coágulos sanguíneos (anticoagulantes), tais como varfarina, o seu médico fará um monitoramento e, se necessário, poderá sugerir ajustes na dose dos anticoagulantes. - se você apresenta problema nos rins. - se você não estiver urinando regularmente. - se você já teve diarreia durante ou após o uso de antibióticos."", ""6. COMO DEVO USAR ESTE MEDICAMENTO? Modo de usar Siga as orientações de seu médico sobre a maneira e a hora correta de tomar o medicamento. Ele vai decidir a quantidade diária que você precisa e o tempo durante o qual você deve usar este medicamento. Leia esta bula com cautela. Se você tiver alguma dúvida, fale com seu médico. Recomenda-se ingerir o medicamento nas refeições, embora ele continue eficaz mesmo que você o tome em outros horários. Continue tomando este medicamento até o fim do tratamento prescrito pelo médico. Não pare somente porque se sente melhor. As cápsulas devem ser ingeridas inteiras com água. Não as mastigue. Posologia Atenção! Para algumas doses indicadas abaixo (doses inferiores a 500 mg) é necessário o uso da suspensão oral, converse com seu médico ou farmacêutico em caso de dúvida. Dose para adultos e crianças acima de 40 kg - Dose padrão: 500 mg (uma cápsula) três vezes ao dia (de 8 em 8 horas) nas infecções mais graves. - Tratamento com dosagem alta (máximo recomendável de 6 g ao dia em doses divididas) : recomenda-se uma dose de 3 g (seis cápsulas) duas vezes ao dia (de 12 em 12 horas) em casos que requerem tratamento de infecção respiratória purulenta (com a presença de pus) grave ou recorrente. - Tratamento de curta duração (gonorreia): dose única de 3 g. Erradicação de Helicobacter pylori: para combater o Helicobacter (bactéria que ataca o estômago e o duodeno), recomenda-se o uso de Amoxil® no esquema de 1 g duas vezes ao dia (de 12 em 12 horas), em associação com um medicamento conhecido como inibidor da bomba de prótons (exemplo: omeprazol"", ""Modelo de Texto de Bula – Pacientes Amoxil® Cápsulas 2 O uso prolongado também pode resultar, ocasionalmente, em supercrescimento de microrganismos resistentes a Amoxil®. Amoxil® pode piorar algumas condições existentes ou causar efeitos colaterais graves, como reações alérgicas severas, reações cutâneas severas, dor no peito, vômitos repetitivos dentro de 1 a 4 horas após a administração de Amoxil® ou diarreia grave (colite pseudomembranosa). Você deve estar atento a determinados sintomas enquanto estiver recebendo Amoxil® para ajudar a reduzir o risco de quaisquer problemas. Efeitos sobre a capacidade de dirigir veículos e de operar máquinas Não se observaram efeitos adversos sobre a capacidade de dirigir veículos e de operar máquinas. Gravidez e amamentação Amoxil® pode ser usado na gravidez desde que os benefícios potenciais sejam maiores que os riscos potenciais associados ao tratamento. Informe seu médico se você estiver grávida ou suspeitar que está grávida. Você não deve tomar este medicamento se estiver grávida, exceto se seu médico recomendar. Você pode amamentar seu bebê enquanto estiver tomando Amoxil®, mas há excreção de quantidades mínimas de amoxicilina no leite materno. Se você estiver amamentando, informe ao seu médico antes de iniciar o tratamento com Amoxil®. Este medicamento não deve ser utilizado por mulheres grávidas sem orientação médica ou do cirurgião-dentista. Uso compatível com o aleitamento ou doação de leite humano. O uso desse medicamento não interfere no aleitamento do bebê. Uso em idosos, crianças e outros grupos de risco As recomendações"", ""3 g. Erradicação de Helicobacter pylori: para combater o Helicobacter (bactéria que ataca o estômago e o duodeno), recomenda-se o uso de Amoxil® no esquema de 1 g duas vezes ao dia (de 12 em 12 horas), em associação com um medicamento conhecido como inibidor da bomba de prótons (exemplo: omeprazol , lanzoprazol ) e outro agente antimicrobiano (por exemplo claritromicina, metronidazol), por 7 dias. Pacientes com insuficiência renal (dos rins) Na insuficiência renal, a eliminação do antibiótico é mais lenta. Conforme o grau dessa condição, seu médico pode indicar a redução da dose diária total de acordo com o esquema descrito a seguir. Adultos e crianças acima de 40 kg - insuficiência leve: nenhuma alteração de dose; - insuficiência moderada: máximo de 500 mg (uma cápsula) duas vezes ao dia (de 12 em 12 horas); - insuficiência grave: máximo de 500 mg (uma cápsula) ao dia."", ""e coceira. Reações muito raras (ocorrem em menos de 0,01% dos pacientes que utilizam este medicamento): - Diminuição de glóbulos brancos (leucopenia reversível), que pode resultar em infecções frequentes, como febre, calafrios, inflamação da garganta ou úlceras na boca; - Baixa contagem de plaquetas (trombocitopenia reversível), que pode resultar em sangramento ou hematomas (manchas roxas) que surgem com mais facilidade que o normal; - Destruição de glóbulos vermelhos e consequentemente anemia (anemia hemolítica), que pode resultar em cansaço, dores de cabeça e falta de ar causada pela prática de exercícios físicos, vertigem, palidez e amarelamento da pele e/ou dos olhos; - Sinais repentinos de alergia, como erupções da pele, prurido (coceira) ou urticária, inchaço da face, dos lábios, da língua ou de outras partes do corpo, falta de ar, respiração ofegante ou problemas para respirar; se esses sintomas ocorrerem, pare de usar Amoxil® e procure socorro médico o mais rápido possível;"", ""em caso de dúvida. Dose para adultos e crianças acima de 40 kg - Dose padrão: 500 mg (uma cápsula) três vezes ao dia (de 8 em 8 horas) nas infecções mais graves. - Tratamento com dosagem alta (máximo recomendável de 6 g ao dia em doses divididas) : recomenda-se uma dose de 3 g (seis cápsulas) duas vezes ao dia (de 12 em 12 horas) em casos que requerem tratamento de infecção respiratória purulenta (com a presença de pus) grave ou recorrente. - Tratamento de curta duração (gonorreia): dose única de 3 g. Erradicação de Helicobacter pylori: para combater o Helicobacter (bactéria que ataca o estômago e o duodeno), recomenda-se o uso de Amoxil® no esquema de 1 g duas vezes ao dia (de 12 em 12 horas), em associação com um medicamento conhecido como inibidor da bomba de prótons (exemplo: omeprazol , lanzoprazol ) e outro agente antimicrobiano (por exemplo claritromicina, metronidazol), por 7 dias. Pacientes com insuficiência renal (dos rins) Na insuficiência renal, a eliminação do antibiótico"", ""8. QUAIS OS MALES QUE ESTE MEDICAMENTO PODE ME CAUSAR? Avise seu médico o mais cedo possível se você não se sentir bem durante o tratamento com Amoxil®. Assim como todo medicamento, Amoxil® pode provocar reações adversas, porém isso não ocorre com todas as pessoas. Os efeitos colaterais deste medicamento geralmente são leves. Reações comuns (ocorrem entre 1% e 10% dos pacientes que utilizam este medicamento): - Diarreia (várias evacuações amolecidas por dia) e enjoo; quando isso acontece, os sintomas normalmente são leves e com frequência podem ser evitados tomando -se o medicamento no início das refeições. Se continuarem ou se tornarem graves, consulte o médico. - Erupções da pele. Reações incomuns (ocorrem entre 0,1% e 1% dos pacientes que utilizam este medicamento): - Vômito, urticária e coceira. Reações muito raras (ocorrem em menos de 0,01% dos pacientes que utilizam este medicamento): - Diminuição de glóbulos brancos (leucopenia reversível), que pode resultar em infecções frequentes, como febre, calafrios, inflamação da garganta ou úlceras na boca; - Baixa contagem de plaquetas (trombocitopenia reversível), que pode resultar em sangramento ou hematomas (manchas roxas) que surgem com mais facilidade que o normal; - Destruição de glóbulos vermelhos e consequentemente anemia (anemia hemolítica), que pode resultar em cansaço, dores de cabeça e falta de ar causada pela prática de exercícios físicos, vertigem, palidez e amarelamento da pele e/ou dos olhos; - Sinais repentinos de alergia, como erupções da pele, prurido (coceira) ou urticária, inchaço da face, dos lábios, da"", ""8. QUAIS OS MALES QUE ESTE MEDICAMENTO PODE ME CAUSAR? Avise seu médico o mais cedo possível se você não se sentir bem durante o tratamento com Amoxil®. Assim como todo medicamento, Amoxil® pode provocar reações adversas, porém isso não ocorre com todas as pessoas. Os efeitos colaterais deste medicamento geralmente são leves. Reações comuns (ocorrem entre 1% e 10% dos pacientes que utilizam este medicamento): - Diarreia (várias evacuações amolecidas por dia) e enjoo; quando isso acontece, os sintomas normalmente são leves e com frequência podem ser evitados tomando -se o medicamento no início das refeições. Se continuarem ou se tornarem graves, consulte o médico. - Erupções da pele. Reações incomuns (ocorrem entre 0,1% e 1% dos pacientes que utilizam este medicamento): - Vômito, urticária e coceira. Reações muito raras (ocorrem em menos de 0,01% dos pacientes que utilizam este medicamento): - Diminuição de glóbulos brancos (leucopenia reversível), que pode resultar em infecções"", ""Modelo de Texto de Bula – Pacientes Amoxil® Cápsulas 5 - Dor no peito, que pode ser um sinal de uma reação alérgica potencialmente grave chamada síndrome de Kounis; - Vômitos repetitivos (1 a 4 horas após a administração de Amoxil®), dores no estômago, sonolência anormal, diarreia e pressão baixa, que podem ser um sinal de uma reação alérgica grave denominada síndrome de enterocolite induzida por medicamentos; - Convulsões (ataques) podem ocorrer em pacientes com função renal prejudicada ou que estejam recebendo doses altas do medicamento; - Hipercinesia (presença de movimentos exacerbados e incontrolados), tontura ; - Candidíase mucocutânea, infecção micótica (causada por fungos) que normalmente afeta as partes íntimas ou a boca; na área genital, pode provocar coceira e queimação (com a presença de uma fina camada de secreção branca), e na boca ou na língua podem surgir pintas brancas dolorosas; - Colite associada a antibióticos (inflamação no cólon (intestino grosso), causando diarreia grave, que também pode conter sangue e ser acompanhada de cólicas abdominais; - Sua língua pode mudar de cor, ficando amarela, marrom ou preta, e dar a impressão de ter pelos (língua pilosa negra) ; - Inflamação da membrana que reveste o cérebro (meningite asséptica); - Erupção cutânea com bolhas dispostas em círculo com crosta central ou como um colar de pérolas (doença IgA linear) ; - Efeitos relacionados ao fígado; esses sintomas podem manifestar -se como enjoo, vômito, perda de apetite, sensação geral de mal -estar, febre, coceira, amarelamento da pele e dos olhos e escurecimento da"", ""Modelo de Texto de Bula – Pacientes Amoxil® Cápsulas 5 - Dor no peito, que pode ser um sinal de uma reação alérgica potencialmente grave chamada síndrome de Kounis; - Vômitos repetitivos (1 a 4 horas após a administração de Amoxil®), dores no estômago, sonolência anormal, diarreia e pressão baixa, que podem ser um sinal de uma reação alérgica grave denominada síndrome de enterocolite induzida por medicamentos; - Convulsões (ataques) podem ocorrer em pacientes com função renal prejudicada ou que estejam recebendo doses altas do medicamento; - Hipercinesia (presença de movimentos exacerbados e incontrolados), tontura ; - Candidíase mucocutânea, infecção micótica (causada por fungos) que normalmente afeta as partes íntimas ou a boca; na área genital, pode provocar coceira e queimação (com a presença de uma fina camada de secreção branca), e na boca ou na língua podem surgir pintas brancas dolorosas; - Colite associada a antibióticos (inflamação no cólon (intestino grosso), causando"", ""Modelo de Texto de Bula – Pacientes Amoxil® Cápsulas 2 O uso prolongado também pode resultar, ocasionalmente, em supercrescimento de microrganismos resistentes a Amoxil®. Amoxil® pode piorar algumas condições existentes ou causar efeitos colaterais graves, como reações alérgicas severas, reações cutâneas severas, dor no peito, vômitos repetitivos dentro de 1 a 4 horas após a administração de Amoxil® ou diarreia grave (colite pseudomembranosa). Você deve estar atento a determinados sintomas enquanto estiver recebendo Amoxil® para ajudar a reduzir o risco de quaisquer problemas. Efeitos sobre a capacidade de dirigir veículos e de operar máquinas Não se observaram efeitos adversos sobre a capacidade de dirigir veículos e de operar máquinas. Gravidez e amamentação Amoxil® pode ser usado na gravidez desde que os benefícios potenciais sejam maiores que os riscos potenciais associados ao tratamento. Informe seu médico se você estiver grávida ou suspeitar que está grávida. Você não deve"", ""Modelo de Texto de Bula – Pacientes Amoxil® Cápsulas 4 Pacientes que recebem diálise peritoneal Usa-se a mesma posologia indicada para pacientes com insuficiência renal grave. A diálise peritoneal (processo de limpeza das substâncias tóxicas do organismo através do peritônio, membrana que envolve o abdômen) não remove a amoxicilina do corpo. Pacientes que recebem hemodiálise Usa-se a mesma posologia indicada para pacientes com insuficiência renal grave. A amoxicilina é removida do sangue por hemodiálise (processo que substitui os rins na filtragem sanguínea). Portanto, uma dose adicional (500 mg para adultos e crianças acima de 40kg ou 15 mg/kg para crianças abaixo de 40 kg) pode ser administrada durante e no final de cada diálise. Seu médico poderá indicar tratamento por via parenteral (feito com aplicação de injeções intravenosas, intramusculares ou subcutâneas) nos casos em que a via oral for considerada inadequada (particularmente nos tratamentos urgentes de infecções graves). Conforme o grau de insuficiência renal, talvez seu médico ache necessário reduzir a dose diária total. Siga a orientação de seu médico, respeitando sempre os horários, as doses e a duração do tratamento. Não interrompa o tratamento sem o conhecimento de seu médico. Este medicamento não deve ser partido ou mastigado.""]",1.909,5.421
AMOXIL,A alimentação interfere na ação de Amoxil® ou posso tomá-lo durante as refeições?,A alimentação não interfere na ação de Amoxil®; ele pode ser tomado durante as refeições sem prejuízo de eficácia.,"O QUE DEVO SABER ANTES DE USAR ESTE MEDICAMENTO?

COMO DEVO USAR ESTE MEDICAMENTO?",ollama:medgemma:4b,"---
*Esta resposta se baseia apenas nos trechos da bula recuperados e não substitui orientação médica ou farmacêutica.*",,"O QUE DEVO SABER ANTES DE USAR ESTE MEDICAMENTO?, COMO DEVO USAR ESTE MEDICAMENTO?, QUAIS OS MALES QUE ESTE MEDICAMENTO PODE ME CAUSAR?",,"[""especiais se referem às doses . Interações Medicamentosas Alguns medicamentos podem causar efeitos indesejáveis se você os ingerir durante o tratamento com Amoxil®. Não deixe de avisar seu médico caso você esteja tomando: - medicamentos usados no tratamento de gota (probenecida ou alopurinol); - outros antibióticos; - pílulas anticoncepcionais (como acontece com outros antibióticos, talvez sejam necessárias precauções adicionais para evitar a gravidez); - anticoagulantes; - metotrexato (usado para tratar doenças como câncer e psoríase grave). A alimentação não interfere na ação de Amoxil®, que pode ser ingerido nas refeições. Informe ao seu médico ou cirurgião-dentista se você está fazendo uso de algum outro medicamento. Não use medicamento sem o conhecimento do seu médico. Pode ser perigoso para a sua saúde. Atenção: Contém os corantes vermelho de eritrosina, azul de indigotina, dióxido de titânio e óxido de ferro amarelo que podem, eventualmente, causar reações alérgicas. É"", ""Este medicamento não deve ser utilizado por mulheres grávidas sem orientação médica ou do cirurgião-dentista. Uso compatível com o aleitamento ou doação de leite humano. O uso desse medicamento não interfere no aleitamento do bebê. Uso em idosos, crianças e outros grupos de risco As recomendações especiais se referem às doses . Interações Medicamentosas Alguns medicamentos podem causar efeitos indesejáveis se você os ingerir durante o tratamento com Amoxil®. Não deixe de avisar seu médico caso você esteja tomando: - medicamentos usados no tratamento de gota (probenecida ou alopurinol); - outros antibióticos; - pílulas anticoncepcionais (como acontece com outros antibióticos, talvez sejam necessárias precauções adicionais para evitar a gravidez); - anticoagulantes; - metotrexato (usado para tratar doenças como câncer e psoríase grave). A alimentação não interfere na ação de Amoxil®, que pode ser ingerido nas refeições. Informe ao seu médico ou cirurgião-dentista se você está fazendo uso de algum outro medicamento. Não use medicamento sem o conhecimento do seu médico. Pode ser perigoso para a sua saúde. Atenção: Contém os corantes vermelho de eritrosina, azul de indigotina, dióxido de titânio e óxido de ferro amarelo que podem, eventualmente, causar reações alérgicas. É importante utilizar este medicamento durante todo o tempo prescrito pelo profissional de saúde habilitado, mesmo que os sinais e sintomas da infecção tenham desaparecido, pois isso não significa a cura. A interrupção do tratamento pode contribuir para o aparecimento de infecções mais graves."", ""Modelo de Texto de Bula – Pacientes Amoxil® Cápsulas 2 O uso prolongado também pode resultar, ocasionalmente, em supercrescimento de microrganismos resistentes a Amoxil®. Amoxil® pode piorar algumas condições existentes ou causar efeitos colaterais graves, como reações alérgicas severas, reações cutâneas severas, dor no peito, vômitos repetitivos dentro de 1 a 4 horas após a administração de Amoxil® ou diarreia grave (colite pseudomembranosa). Você deve estar atento a determinados sintomas enquanto estiver recebendo Amoxil® para ajudar a reduzir o risco de quaisquer problemas. Efeitos sobre a capacidade de dirigir veículos e de operar máquinas Não se observaram efeitos adversos sobre a capacidade de dirigir veículos e de operar máquinas. Gravidez e amamentação Amoxil® pode ser usado na gravidez desde que os benefícios potenciais sejam maiores que os riscos potenciais associados ao tratamento. Informe seu médico se você estiver grávida ou suspeitar que está grávida. Você não deve tomar este medicamento se estiver grávida, exceto se seu médico recomendar. Você pode amamentar seu bebê enquanto estiver tomando Amoxil®, mas há excreção de quantidades mínimas de amoxicilina no leite materno. Se você estiver amamentando, informe ao seu médico antes de iniciar o tratamento com Amoxil®. Este medicamento não deve ser utilizado por mulheres grávidas sem orientação médica ou do cirurgião-dentista. Uso compatível com o aleitamento ou doação de leite humano. O uso desse medicamento não interfere no aleitamento do bebê. Uso em idosos, crianças e outros grupos de risco As recomendações"", ""6. COMO DEVO USAR ESTE MEDICAMENTO? Modo de usar Siga as orientações de seu médico sobre a maneira e a hora correta de tomar o medicamento. Ele vai decidir a quantidade diária que você precisa e o tempo durante o qual você deve usar este medicamento. Leia esta bula com cautela. Se você tiver alguma dúvida, fale com seu médico. Recomenda-se ingerir o medicamento nas refeições, embora ele continue eficaz mesmo que você o tome em outros horários. Continue tomando este medicamento até o fim do tratamento prescrito pelo médico. Não pare somente porque se sente melhor. As cápsulas devem ser ingeridas inteiras com água. Não as mastigue. Posologia Atenção! Para algumas doses indicadas abaixo (doses inferiores a 500 mg) é necessário o uso da suspensão oral, converse com seu médico ou farmacêutico em caso de dúvida. Dose para adultos e crianças acima de 40 kg - Dose padrão: 500 mg (uma cápsula) três vezes ao dia (de 8 em 8 horas) nas infecções mais graves. - Tratamento com dosagem alta (máximo recomendável de 6 g ao dia em doses divididas) : recomenda-se uma dose de 3 g (seis cápsulas) duas vezes ao dia (de 12 em 12 horas) em casos que requerem tratamento de infecção respiratória purulenta (com a presença de pus) grave ou recorrente. - Tratamento de curta duração (gonorreia): dose única de 3 g. Erradicação de Helicobacter pylori: para combater o Helicobacter (bactéria que ataca o estômago e o duodeno), recomenda-se o uso de Amoxil® no esquema de 1 g duas vezes ao dia (de 12 em 12 horas), em associação com um medicamento conhecido como inibidor da bomba de prótons (exemplo: omeprazol"", ""Modelo de Texto de Bula – Pacientes Amoxil® Cápsulas 2 O uso prolongado também pode resultar, ocasionalmente, em supercrescimento de microrganismos resistentes a Amoxil®. Amoxil® pode piorar algumas condições existentes ou causar efeitos colaterais graves, como reações alérgicas severas, reações cutâneas severas, dor no peito, vômitos repetitivos dentro de 1 a 4 horas após a administração de Amoxil® ou diarreia grave (colite pseudomembranosa). Você deve estar atento a determinados sintomas enquanto estiver recebendo Amoxil® para ajudar a reduzir o risco de quaisquer problemas. Efeitos sobre a capacidade de dirigir veículos e de operar máquinas Não se observaram efeitos adversos sobre a capacidade de dirigir veículos e de operar máquinas. Gravidez e amamentação Amoxil® pode ser usado na gravidez desde que os benefícios potenciais sejam maiores que os riscos potenciais associados ao tratamento. Informe seu médico se você estiver grávida ou suspeitar que está grávida. Você não deve"", ""na gravidez desde que os benefícios potenciais sejam maiores que os riscos potenciais associados ao tratamento. Informe seu médico se você estiver grávida ou suspeitar que está grávida. Você não deve tomar este medicamento se estiver grávida, exceto se seu médico recomendar. Você pode amamentar seu bebê enquanto estiver tomando Amoxil®, mas há excreção de quantidades mínimas de amoxicilina no leite materno. Se você estiver amamentando, informe ao seu médico antes de iniciar o tratamento com Amoxil®. Este medicamento não deve ser utilizado por mulheres grávidas sem orientação médica ou do cirurgião-dentista. Uso compatível com o aleitamento ou doação de leite humano. O uso desse medicamento não interfere no aleitamento do bebê. Uso em idosos, crianças e outros grupos de risco As recomendações especiais se referem às doses . Interações Medicamentosas Alguns medicamentos podem causar efeitos indesejáveis se você os ingerir durante o tratamento com Amoxil®. Não deixe de avisar seu médico"", ""8. QUAIS OS MALES QUE ESTE MEDICAMENTO PODE ME CAUSAR? Avise seu médico o mais cedo possível se você não se sentir bem durante o tratamento com Amoxil®. Assim como todo medicamento, Amoxil® pode provocar reações adversas, porém isso não ocorre com todas as pessoas. Os efeitos colaterais deste medicamento geralmente são leves. Reações comuns (ocorrem entre 1% e 10% dos pacientes que utilizam este medicamento): - Diarreia (várias evacuações amolecidas por dia) e enjoo; quando isso acontece, os sintomas normalmente são leves e com frequência podem ser evitados tomando -se o medicamento no início das refeições. Se continuarem ou se tornarem graves, consulte o médico. - Erupções da pele. Reações incomuns (ocorrem entre 0,1% e 1% dos pacientes que utilizam este medicamento): - Vômito, urticária e coceira. Reações muito raras (ocorrem em menos de 0,01% dos pacientes que utilizam este medicamento): - Diminuição de glóbulos brancos (leucopenia reversível), que pode resultar em infecções frequentes, como febre, calafrios, inflamação da garganta ou úlceras na boca; - Baixa contagem de plaquetas (trombocitopenia reversível), que pode resultar em sangramento ou hematomas (manchas roxas) que surgem com mais facilidade que o normal; - Destruição de glóbulos vermelhos e consequentemente anemia (anemia hemolítica), que pode resultar em cansaço, dores de cabeça e falta de ar causada pela prática de exercícios físicos, vertigem, palidez e amarelamento da pele e/ou dos olhos; - Sinais repentinos de alergia, como erupções da pele, prurido (coceira) ou urticária, inchaço da face, dos lábios, da"", ""8. QUAIS OS MALES QUE ESTE MEDICAMENTO PODE ME CAUSAR? Avise seu médico o mais cedo possível se você não se sentir bem durante o tratamento com Amoxil®. Assim como todo medicamento, Amoxil® pode provocar reações adversas, porém isso não ocorre com todas as pessoas. Os efeitos colaterais deste medicamento geralmente são leves. Reações comuns (ocorrem entre 1% e 10% dos pacientes que utilizam este medicamento): - Diarreia (várias evacuações amolecidas por dia) e enjoo; quando isso acontece, os sintomas normalmente são leves e com frequência podem ser evitados tomando -se o medicamento no início das refeições. Se continuarem ou se tornarem graves, consulte o médico. - Erupções da pele. Reações incomuns (ocorrem entre 0,1% e 1% dos pacientes que utilizam este medicamento): - Vômito, urticária e coceira. Reações muito raras (ocorrem em menos de 0,01% dos pacientes que utilizam este medicamento): - Diminuição de glóbulos brancos (leucopenia reversível), que pode resultar em infecções"", ""3 g. Erradicação de Helicobacter pylori: para combater o Helicobacter (bactéria que ataca o estômago e o duodeno), recomenda-se o uso de Amoxil® no esquema de 1 g duas vezes ao dia (de 12 em 12 horas), em associação com um medicamento conhecido como inibidor da bomba de prótons (exemplo: omeprazol , lanzoprazol ) e outro agente antimicrobiano (por exemplo claritromicina, metronidazol), por 7 dias. Pacientes com insuficiência renal (dos rins) Na insuficiência renal, a eliminação do antibiótico é mais lenta. Conforme o grau dessa condição, seu médico pode indicar a redução da dose diária total de acordo com o esquema descrito a seguir. Adultos e crianças acima de 40 kg - insuficiência leve: nenhuma alteração de dose; - insuficiência moderada: máximo de 500 mg (uma cápsula) duas vezes ao dia (de 12 em 12 horas); - insuficiência grave: máximo de 500 mg (uma cápsula) ao dia."", ""e coceira. Reações muito raras (ocorrem em menos de 0,01% dos pacientes que utilizam este medicamento): - Diminuição de glóbulos brancos (leucopenia reversível), que pode resultar em infecções frequentes, como febre, calafrios, inflamação da garganta ou úlceras na boca; - Baixa contagem de plaquetas (trombocitopenia reversível), que pode resultar em sangramento ou hematomas (manchas roxas) que surgem com mais facilidade que o normal; - Destruição de glóbulos vermelhos e consequentemente anemia (anemia hemolítica), que pode resultar em cansaço, dores de cabeça e falta de ar causada pela prática de exercícios físicos, vertigem, palidez e amarelamento da pele e/ou dos olhos; - Sinais repentinos de alergia, como erupções da pele, prurido (coceira) ou urticária, inchaço da face, dos lábios, da língua ou de outras partes do corpo, falta de ar, respiração ofegante ou problemas para respirar; se esses sintomas ocorrerem, pare de usar Amoxil® e procure socorro médico o mais rápido possível;"", ""em caso de dúvida. Dose para adultos e crianças acima de 40 kg - Dose padrão: 500 mg (uma cápsula) três vezes ao dia (de 8 em 8 horas) nas infecções mais graves. - Tratamento com dosagem alta (máximo recomendável de 6 g ao dia em doses divididas) : recomenda-se uma dose de 3 g (seis cápsulas) duas vezes ao dia (de 12 em 12 horas) em casos que requerem tratamento de infecção respiratória purulenta (com a presença de pus) grave ou recorrente. - Tratamento de curta duração (gonorreia): dose única de 3 g. Erradicação de Helicobacter pylori: para combater o Helicobacter (bactéria que ataca o estômago e o duodeno), recomenda-se o uso de Amoxil® no esquema de 1 g duas vezes ao dia (de 12 em 12 horas), em associação com um medicamento conhecido como inibidor da bomba de prótons (exemplo: omeprazol , lanzoprazol ) e outro agente antimicrobiano (por exemplo claritromicina, metronidazol), por 7 dias. Pacientes com insuficiência renal (dos rins) Na insuficiência renal, a eliminação do antibiótico"", ""4. O QUE DEVO SABER ANTES DE USAR ESTE MEDICAMENTO? Antes de iniciar o tratamento com Amoxil, informe seu médico: - se você já apresentou reação alérgica a algum antibiótico. Isso pode incluir reações na pele ou inchaço na face ou pescoço ou dores no peito. - se você apresenta febre glandular. - se você toma medicamentos usados para prevenir coágulos sanguíneos (anticoagulantes), tais como varfarina, o seu médico fará um monitoramento e, se necessário, poderá sugerir ajustes na dose dos anticoagulantes. - se você apresenta problema nos rins. - se você não estiver urinando regularmente. - se você já teve diarreia durante ou após o uso de antibióticos."", ""4. O QUE DEVO SABER ANTES DE USAR ESTE MEDICAMENTO? Antes de iniciar o tratamento com Amoxil, informe seu médico: - se você já apresentou reação alérgica a algum antibiótico. Isso pode incluir reações na pele ou inchaço na face ou pescoço ou dores no peito. - se você apresenta febre glandular. - se você toma medicamentos usados para prevenir coágulos sanguíneos (anticoagulantes), tais como varfarina, o seu médico fará um monitoramento e, se necessário, poderá sugerir ajustes na dose dos anticoagulantes. - se você apresenta problema nos rins. - se você não estiver urinando regularmente. - se você já teve diarreia durante ou após o uso de antibióticos."", ""Modelo de Texto de Bula – Pacientes Amoxil® Cápsulas 5 - Dor no peito, que pode ser um sinal de uma reação alérgica potencialmente grave chamada síndrome de Kounis; - Vômitos repetitivos (1 a 4 horas após a administração de Amoxil®), dores no estômago, sonolência anormal, diarreia e pressão baixa, que podem ser um sinal de uma reação alérgica grave denominada síndrome de enterocolite induzida por medicamentos; - Convulsões (ataques) podem ocorrer em pacientes com função renal prejudicada ou que estejam recebendo doses altas do medicamento; - Hipercinesia (presença de movimentos exacerbados e incontrolados), tontura ; - Candidíase mucocutânea, infecção micótica (causada por fungos) que normalmente afeta as partes íntimas ou a boca; na área genital, pode provocar coceira e queimação (com a presença de uma fina camada de secreção branca), e na boca ou na língua podem surgir pintas brancas dolorosas; - Colite associada a antibióticos (inflamação no cólon (intestino grosso), causando diarreia grave, que também pode conter sangue e ser acompanhada de cólicas abdominais; - Sua língua pode mudar de cor, ficando amarela, marrom ou preta, e dar a impressão de ter pelos (língua pilosa negra) ; - Inflamação da membrana que reveste o cérebro (meningite asséptica); - Erupção cutânea com bolhas dispostas em círculo com crosta central ou como um colar de pérolas (doença IgA linear) ; - Efeitos relacionados ao fígado; esses sintomas podem manifestar -se como enjoo, vômito, perda de apetite, sensação geral de mal -estar, febre, coceira, amarelamento da pele e dos olhos e escurecimento da"", ""Modelo de Texto de Bula – Pacientes Amoxil® Cápsulas 5 - Dor no peito, que pode ser um sinal de uma reação alérgica potencialmente grave chamada síndrome de Kounis; - Vômitos repetitivos (1 a 4 horas após a administração de Amoxil®), dores no estômago, sonolência anormal, diarreia e pressão baixa, que podem ser um sinal de uma reação alérgica grave denominada síndrome de enterocolite induzida por medicamentos; - Convulsões (ataques) podem ocorrer em pacientes com função renal prejudicada ou que estejam recebendo doses altas do medicamento; - Hipercinesia (presença de movimentos exacerbados e incontrolados), tontura ; - Candidíase mucocutânea, infecção micótica (causada por fungos) que normalmente afeta as partes íntimas ou a boca; na área genital, pode provocar coceira e queimação (com a presença de uma fina camada de secreção branca), e na boca ou na língua podem surgir pintas brancas dolorosas; - Colite associada a antibióticos (inflamação no cólon (intestino grosso), causando""]",2.013,6.254
AMOXIL,Por que o tratamento de erradicação de Helicobacter pylori com Amoxil® exige associação com um inibidor da bomba de prótons e outro antimicrobiano?,"Embora Amoxil® atue destruindo as bactérias, para erradicar Helicobacter pylori é preciso reduzir a acidez gástrica — via inibidor da bomba de prótons — e usar um segundo agente antimicrobiano, aumentando assim a eficácia do esquema terapêutico.","COMO ESTE MEDICAMENTO FUNCIONA?

COMO DEVO USAR ESTE MEDICAMENTO?",ollama:medgemma:4b,"menyiapkan untuk mengobati infeksi bakteri. Amoxil® sendiri adalah antibiotik, tetapi untuk secara efektif membunuh Helicobacter pylori, diperlukan kombinasi dengan obat lain. Inibidor pompa proton (PPI) membantu mengurangi produksi asam lambung, menciptakan lingkungan yang lebih asam yang lebih menguntungkan untuk Amoxil® untuk bekerja. Antimicrobiano lain, seperti claritromicina atau metronidazol, membantu memastikan bahwa semua bakteri yang terlibat dalam infeksi terbunuh.

---
*Esta resposta se baseia apenas nos trechos da bula recuperados e não substitui orientação médica ou farmacêutica.*","menyiapkan untuk mengobati infeksi bakteri. Amoxil® sendiri adalah antibiotik, tetapi untuk secara efektif membunuh Helicobacter pylori, diperlukan kombinasi dengan obat lain. Inibidor pompa proton (PPI) membantu mengurangi produksi asam lambung, menciptakan lingkungan yang lebih asam yang lebih menguntungkan untuk Amoxil® untuk bekerja. Antimicrobiano lain, seperti claritromicina atau metronidazol, membantu memastikan bahwa semua bakteri yang terlibat dalam infeksi terbunuh.","O QUE DEVO SABER ANTES DE USAR ESTE MEDICAMENTO?, QUANDO NÃO DEVO USAR ESTE MEDICAMENTO?, COMO DEVO USAR ESTE MEDICAMENTO?",,"[""3 g. Erradicação de Helicobacter pylori: para combater o Helicobacter (bactéria que ataca o estômago e o duodeno), recomenda-se o uso de Amoxil® no esquema de 1 g duas vezes ao dia (de 12 em 12 horas), em associação com um medicamento conhecido como inibidor da bomba de prótons (exemplo: omeprazol , lanzoprazol ) e outro agente antimicrobiano (por exemplo claritromicina, metronidazol), por 7 dias. Pacientes com insuficiência renal (dos rins) Na insuficiência renal, a eliminação do antibiótico é mais lenta. Conforme o grau dessa condição, seu médico pode indicar a redução da dose diária total de acordo com o esquema descrito a seguir. Adultos e crianças acima de 40 kg - insuficiência leve: nenhuma alteração de dose; - insuficiência moderada: máximo de 500 mg (uma cápsula) duas vezes ao dia (de 12 em 12 horas); - insuficiência grave: máximo de 500 mg (uma cápsula) ao dia."", ""em caso de dúvida. Dose para adultos e crianças acima de 40 kg - Dose padrão: 500 mg (uma cápsula) três vezes ao dia (de 8 em 8 horas) nas infecções mais graves. - Tratamento com dosagem alta (máximo recomendável de 6 g ao dia em doses divididas) : recomenda-se uma dose de 3 g (seis cápsulas) duas vezes ao dia (de 12 em 12 horas) em casos que requerem tratamento de infecção respiratória purulenta (com a presença de pus) grave ou recorrente. - Tratamento de curta duração (gonorreia): dose única de 3 g. Erradicação de Helicobacter pylori: para combater o Helicobacter (bactéria que ataca o estômago e o duodeno), recomenda-se o uso de Amoxil® no esquema de 1 g duas vezes ao dia (de 12 em 12 horas), em associação com um medicamento conhecido como inibidor da bomba de prótons (exemplo: omeprazol , lanzoprazol ) e outro agente antimicrobiano (por exemplo claritromicina, metronidazol), por 7 dias. Pacientes com insuficiência renal (dos rins) Na insuficiência renal, a eliminação do antibiótico"", ""6. COMO DEVO USAR ESTE MEDICAMENTO? Modo de usar Siga as orientações de seu médico sobre a maneira e a hora correta de tomar o medicamento. Ele vai decidir a quantidade diária que você precisa e o tempo durante o qual você deve usar este medicamento. Leia esta bula com cautela. Se você tiver alguma dúvida, fale com seu médico. Recomenda-se ingerir o medicamento nas refeições, embora ele continue eficaz mesmo que você o tome em outros horários. Continue tomando este medicamento até o fim do tratamento prescrito pelo médico. Não pare somente porque se sente melhor. As cápsulas devem ser ingeridas inteiras com água. Não as mastigue. Posologia Atenção! Para algumas doses indicadas abaixo (doses inferiores a 500 mg) é necessário o uso da suspensão oral, converse com seu médico ou farmacêutico em caso de dúvida. Dose para adultos e crianças acima de 40 kg - Dose padrão: 500 mg (uma cápsula) três vezes ao dia (de 8 em 8 horas) nas infecções mais graves. - Tratamento com dosagem alta (máximo recomendável de 6 g ao dia em doses divididas) : recomenda-se uma dose de 3 g (seis cápsulas) duas vezes ao dia (de 12 em 12 horas) em casos que requerem tratamento de infecção respiratória purulenta (com a presença de pus) grave ou recorrente. - Tratamento de curta duração (gonorreia): dose única de 3 g. Erradicação de Helicobacter pylori: para combater o Helicobacter (bactéria que ataca o estômago e o duodeno), recomenda-se o uso de Amoxil® no esquema de 1 g duas vezes ao dia (de 12 em 12 horas), em associação com um medicamento conhecido como inibidor da bomba de prótons (exemplo: omeprazol"", ""Este medicamento não deve ser utilizado por mulheres grávidas sem orientação médica ou do cirurgião-dentista. Uso compatível com o aleitamento ou doação de leite humano. O uso desse medicamento não interfere no aleitamento do bebê. Uso em idosos, crianças e outros grupos de risco As recomendações especiais se referem às doses . Interações Medicamentosas Alguns medicamentos podem causar efeitos indesejáveis se você os ingerir durante o tratamento com Amoxil®. Não deixe de avisar seu médico caso você esteja tomando: - medicamentos usados no tratamento de gota (probenecida ou alopurinol); - outros antibióticos; - pílulas anticoncepcionais (como acontece com outros antibióticos, talvez sejam necessárias precauções adicionais para evitar a gravidez); - anticoagulantes; - metotrexato (usado para tratar doenças como câncer e psoríase grave). A alimentação não interfere na ação de Amoxil®, que pode ser ingerido nas refeições. Informe ao seu médico ou cirurgião-dentista se você está fazendo uso de algum outro medicamento. Não use medicamento sem o conhecimento do seu médico. Pode ser perigoso para a sua saúde. Atenção: Contém os corantes vermelho de eritrosina, azul de indigotina, dióxido de titânio e óxido de ferro amarelo que podem, eventualmente, causar reações alérgicas. É importante utilizar este medicamento durante todo o tempo prescrito pelo profissional de saúde habilitado, mesmo que os sinais e sintomas da infecção tenham desaparecido, pois isso não significa a cura. A interrupção do tratamento pode contribuir para o aparecimento de infecções mais graves."", ""Modelo de Texto de Bula – Pacientes Amoxil® Cápsulas 4 Pacientes que recebem diálise peritoneal Usa-se a mesma posologia indicada para pacientes com insuficiência renal grave. A diálise peritoneal (processo de limpeza das substâncias tóxicas do organismo através do peritônio, membrana que envolve o abdômen) não remove a amoxicilina do corpo. Pacientes que recebem hemodiálise Usa-se a mesma posologia indicada para pacientes com insuficiência renal grave. A amoxicilina é removida do sangue por hemodiálise (processo que substitui os rins na filtragem sanguínea). Portanto, uma dose adicional (500 mg para adultos e crianças acima de 40kg ou 15 mg/kg para crianças abaixo de 40 kg) pode ser administrada durante e no final de cada diálise. Seu médico poderá indicar tratamento por via parenteral (feito com aplicação de injeções intravenosas, intramusculares ou subcutâneas) nos casos em que a via oral for considerada inadequada (particularmente nos tratamentos urgentes de infecções graves). Conforme o grau de insuficiência renal, talvez seu médico ache necessário reduzir a dose diária total. Siga a orientação de seu médico, respeitando sempre os horários, as doses e a duração do tratamento. Não interrompa o tratamento sem o conhecimento de seu médico. Este medicamento não deve ser partido ou mastigado."", ""especiais se referem às doses . Interações Medicamentosas Alguns medicamentos podem causar efeitos indesejáveis se você os ingerir durante o tratamento com Amoxil®. Não deixe de avisar seu médico caso você esteja tomando: - medicamentos usados no tratamento de gota (probenecida ou alopurinol); - outros antibióticos; - pílulas anticoncepcionais (como acontece com outros antibióticos, talvez sejam necessárias precauções adicionais para evitar a gravidez); - anticoagulantes; - metotrexato (usado para tratar doenças como câncer e psoríase grave). A alimentação não interfere na ação de Amoxil®, que pode ser ingerido nas refeições. Informe ao seu médico ou cirurgião-dentista se você está fazendo uso de algum outro medicamento. Não use medicamento sem o conhecimento do seu médico. Pode ser perigoso para a sua saúde. Atenção: Contém os corantes vermelho de eritrosina, azul de indigotina, dióxido de titânio e óxido de ferro amarelo que podem, eventualmente, causar reações alérgicas. É"", ""Modelo de Texto de Bula – Pacientes Amoxil® Cápsulas 4 Pacientes que recebem diálise peritoneal Usa-se a mesma posologia indicada para pacientes com insuficiência renal grave. A diálise peritoneal (processo de limpeza das substâncias tóxicas do organismo através do peritônio, membrana que envolve o abdômen) não remove a amoxicilina do corpo. Pacientes que recebem hemodiálise Usa-se a mesma posologia indicada para pacientes com insuficiência renal grave. A amoxicilina é removida do sangue por hemodiálise (processo que substitui os rins na filtragem sanguínea). Portanto, uma dose adicional (500 mg para adultos e crianças acima de 40kg ou 15 mg/kg para crianças abaixo de 40 kg) pode ser administrada durante e no final de cada diálise. Seu médico poderá indicar tratamento por via parenteral (feito com aplicação de injeções intravenosas, intramusculares ou subcutâneas) nos casos em que a via oral for considerada inadequada (particularmente nos tratamentos urgentes de infecções graves)."", ""4. O QUE DEVO SABER ANTES DE USAR ESTE MEDICAMENTO? Antes de iniciar o tratamento com Amoxil, informe seu médico: - se você já apresentou reação alérgica a algum antibiótico. Isso pode incluir reações na pele ou inchaço na face ou pescoço ou dores no peito. - se você apresenta febre glandular. - se você toma medicamentos usados para prevenir coágulos sanguíneos (anticoagulantes), tais como varfarina, o seu médico fará um monitoramento e, se necessário, poderá sugerir ajustes na dose dos anticoagulantes. - se você apresenta problema nos rins. - se você não estiver urinando regularmente. - se você já teve diarreia durante ou após o uso de antibióticos."", ""4. O QUE DEVO SABER ANTES DE USAR ESTE MEDICAMENTO? Antes de iniciar o tratamento com Amoxil, informe seu médico: - se você já apresentou reação alérgica a algum antibiótico. Isso pode incluir reações na pele ou inchaço na face ou pescoço ou dores no peito. - se você apresenta febre glandular. - se você toma medicamentos usados para prevenir coágulos sanguíneos (anticoagulantes), tais como varfarina, o seu médico fará um monitoramento e, se necessário, poderá sugerir ajustes na dose dos anticoagulantes. - se você apresenta problema nos rins. - se você não estiver urinando regularmente. - se você já teve diarreia durante ou após o uso de antibióticos."", ""3. QUANDO NÃO DEVO USAR ESTE MEDICAMENTO? Este medicamento não pode ser administrado nem ingerido por pessoas alérgicas à amoxicilina, a outros antibióticos penicilínicos ou antibióticos similares, chamados cefalosporinas. Se você já teve uma reação alérgica (como erupções da pele) ao tomar um antibiótico, deve conversar com seu médico antes de usar Amoxil®."", ""3. QUANDO NÃO DEVO USAR ESTE MEDICAMENTO? Este medicamento não pode ser administrado nem ingerido por pessoas alérgicas à amoxicilina, a outros antibióticos penicilínicos ou antibióticos similares, chamados cefalosporinas. Se você já teve uma reação alérgica (como erupções da pele) ao tomar um antibiótico, deve conversar com seu médico antes de usar Amoxil®."", ""Modelo de Texto de Bula – Pacientes Amoxil® Cápsulas 2 O uso prolongado também pode resultar, ocasionalmente, em supercrescimento de microrganismos resistentes a Amoxil®. Amoxil® pode piorar algumas condições existentes ou causar efeitos colaterais graves, como reações alérgicas severas, reações cutâneas severas, dor no peito, vômitos repetitivos dentro de 1 a 4 horas após a administração de Amoxil® ou diarreia grave (colite pseudomembranosa). Você deve estar atento a determinados sintomas enquanto estiver recebendo Amoxil® para ajudar a reduzir o risco de quaisquer problemas. Efeitos sobre a capacidade de dirigir veículos e de operar máquinas Não se observaram efeitos adversos sobre a capacidade de dirigir veículos e de operar máquinas. Gravidez e amamentação Amoxil® pode ser usado na gravidez desde que os benefícios potenciais sejam maiores que os riscos potenciais associados ao tratamento. Informe seu médico se você estiver grávida ou suspeitar que está grávida. Você não deve tomar este medicamento se estiver grávida, exceto se seu médico recomendar. Você pode amamentar seu bebê enquanto estiver tomando Amoxil®, mas há excreção de quantidades mínimas de amoxicilina no leite materno. Se você estiver amamentando, informe ao seu médico antes de iniciar o tratamento com Amoxil®. Este medicamento não deve ser utilizado por mulheres grávidas sem orientação médica ou do cirurgião-dentista. Uso compatível com o aleitamento ou doação de leite humano. O uso desse medicamento não interfere no aleitamento do bebê. Uso em idosos, crianças e outros grupos de risco As recomendações"", ""Modelo de Texto de Bula – Pacientes Amoxil® Cápsulas 2 O uso prolongado também pode resultar, ocasionalmente, em supercrescimento de microrganismos resistentes a Amoxil®. Amoxil® pode piorar algumas condições existentes ou causar efeitos colaterais graves, como reações alérgicas severas, reações cutâneas severas, dor no peito, vômitos repetitivos dentro de 1 a 4 horas após a administração de Amoxil® ou diarreia grave (colite pseudomembranosa). Você deve estar atento a determinados sintomas enquanto estiver recebendo Amoxil® para ajudar a reduzir o risco de quaisquer problemas. Efeitos sobre a capacidade de dirigir veículos e de operar máquinas Não se observaram efeitos adversos sobre a capacidade de dirigir veículos e de operar máquinas. Gravidez e amamentação Amoxil® pode ser usado na gravidez desde que os benefícios potenciais sejam maiores que os riscos potenciais associados ao tratamento. Informe seu médico se você estiver grávida ou suspeitar que está grávida. Você não deve"", "", lanzoprazol ) e outro agente antimicrobiano (por exemplo claritromicina, metronidazol), por 7 dias. Pacientes com insuficiência renal (dos rins) Na insuficiência renal, a eliminação do antibiótico é mais lenta. Conforme o grau dessa condição, seu médico pode indicar a redução da dose diária total de acordo com o esquema descrito a seguir. Adultos e crianças acima de 40 kg - insuficiência leve: nenhuma alteração de dose; - insuficiência moderada: máximo de 500 mg (uma cápsula) duas vezes ao dia (de 12 em 12 horas); - insuficiência grave: máximo de 500 mg (uma cápsula) ao dia."", ""perigoso para a sua saúde. Atenção: Contém os corantes vermelho de eritrosina, azul de indigotina, dióxido de titânio e óxido de ferro amarelo que podem, eventualmente, causar reações alérgicas. É importante utilizar este medicamento durante todo o tempo prescrito pelo profissional de saúde habilitado, mesmo que os sinais e sintomas da infecção tenham desaparecido, pois isso não significa a cura. A interrupção do tratamento pode contribuir para o aparecimento de infecções mais graves.""]",1.816,4.605
AMOXIL,Por que pacientes com fenilcetonúria devem usar Amoxil® em suspensão oral com cautela?,"Porque a fórmula da suspensão oral contém aspartamo, fonte de fenilalanina, podendo agravar a fenilcetonúria se usado sem controle.","IDENTIFICAÇÃO DO MEDICAMENTO

O QUE DEVO SABER ANTES DE USAR ESTE MEDICAMENTO?",ollama:medgemma:4b,"Na bula consultada de AMOXIL, não constam informações sobre essa pergunta.

---
*Esta resposta se baseia apenas nos trechos da bula recuperados e não substitui orientação médica ou farmacêutica.*","Na bula consultada de AMOXIL, não constam informações sobre essa pergunta.","O QUE DEVO SABER ANTES DE USAR ESTE MEDICAMENTO?, QUANDO NÃO DEVO USAR ESTE MEDICAMENTO?, O QUE DEVO SABER ANTES DE USAR ESTE MEDICAMENTO?",,"[""Este medicamento não deve ser utilizado por mulheres grávidas sem orientação médica ou do cirurgião-dentista. Uso compatível com o aleitamento ou doação de leite humano. O uso desse medicamento não interfere no aleitamento do bebê. Uso em idosos, crianças e outros grupos de risco As recomendações especiais se referem às doses . Interações Medicamentosas Alguns medicamentos podem causar efeitos indesejáveis se você os ingerir durante o tratamento com Amoxil®. Não deixe de avisar seu médico caso você esteja tomando: - medicamentos usados no tratamento de gota (probenecida ou alopurinol); - outros antibióticos; - pílulas anticoncepcionais (como acontece com outros antibióticos, talvez sejam necessárias precauções adicionais para evitar a gravidez); - anticoagulantes; - metotrexato (usado para tratar doenças como câncer e psoríase grave). A alimentação não interfere na ação de Amoxil®, que pode ser ingerido nas refeições. Informe ao seu médico ou cirurgião-dentista se você está fazendo uso de algum outro medicamento. Não use medicamento sem o conhecimento do seu médico. Pode ser perigoso para a sua saúde. Atenção: Contém os corantes vermelho de eritrosina, azul de indigotina, dióxido de titânio e óxido de ferro amarelo que podem, eventualmente, causar reações alérgicas. É importante utilizar este medicamento durante todo o tempo prescrito pelo profissional de saúde habilitado, mesmo que os sinais e sintomas da infecção tenham desaparecido, pois isso não significa a cura. A interrupção do tratamento pode contribuir para o aparecimento de infecções mais graves."", ""Modelo de Texto de Bula – Pacientes Amoxil® Cápsulas 2 O uso prolongado também pode resultar, ocasionalmente, em supercrescimento de microrganismos resistentes a Amoxil®. Amoxil® pode piorar algumas condições existentes ou causar efeitos colaterais graves, como reações alérgicas severas, reações cutâneas severas, dor no peito, vômitos repetitivos dentro de 1 a 4 horas após a administração de Amoxil® ou diarreia grave (colite pseudomembranosa). Você deve estar atento a determinados sintomas enquanto estiver recebendo Amoxil® para ajudar a reduzir o risco de quaisquer problemas. Efeitos sobre a capacidade de dirigir veículos e de operar máquinas Não se observaram efeitos adversos sobre a capacidade de dirigir veículos e de operar máquinas. Gravidez e amamentação Amoxil® pode ser usado na gravidez desde que os benefícios potenciais sejam maiores que os riscos potenciais associados ao tratamento. Informe seu médico se você estiver grávida ou suspeitar que está grávida. Você não deve tomar este medicamento se estiver grávida, exceto se seu médico recomendar. Você pode amamentar seu bebê enquanto estiver tomando Amoxil®, mas há excreção de quantidades mínimas de amoxicilina no leite materno. Se você estiver amamentando, informe ao seu médico antes de iniciar o tratamento com Amoxil®. Este medicamento não deve ser utilizado por mulheres grávidas sem orientação médica ou do cirurgião-dentista. Uso compatível com o aleitamento ou doação de leite humano. O uso desse medicamento não interfere no aleitamento do bebê. Uso em idosos, crianças e outros grupos de risco As recomendações"", ""Modelo de Texto de Bula – Pacientes Amoxil® Cápsulas 2 O uso prolongado também pode resultar, ocasionalmente, em supercrescimento de microrganismos resistentes a Amoxil®. Amoxil® pode piorar algumas condições existentes ou causar efeitos colaterais graves, como reações alérgicas severas, reações cutâneas severas, dor no peito, vômitos repetitivos dentro de 1 a 4 horas após a administração de Amoxil® ou diarreia grave (colite pseudomembranosa). Você deve estar atento a determinados sintomas enquanto estiver recebendo Amoxil® para ajudar a reduzir o risco de quaisquer problemas. Efeitos sobre a capacidade de dirigir veículos e de operar máquinas Não se observaram efeitos adversos sobre a capacidade de dirigir veículos e de operar máquinas. Gravidez e amamentação Amoxil® pode ser usado na gravidez desde que os benefícios potenciais sejam maiores que os riscos potenciais associados ao tratamento. Informe seu médico se você estiver grávida ou suspeitar que está grávida. Você não deve"", ""na gravidez desde que os benefícios potenciais sejam maiores que os riscos potenciais associados ao tratamento. Informe seu médico se você estiver grávida ou suspeitar que está grávida. Você não deve tomar este medicamento se estiver grávida, exceto se seu médico recomendar. Você pode amamentar seu bebê enquanto estiver tomando Amoxil®, mas há excreção de quantidades mínimas de amoxicilina no leite materno. Se você estiver amamentando, informe ao seu médico antes de iniciar o tratamento com Amoxil®. Este medicamento não deve ser utilizado por mulheres grávidas sem orientação médica ou do cirurgião-dentista. Uso compatível com o aleitamento ou doação de leite humano. O uso desse medicamento não interfere no aleitamento do bebê. Uso em idosos, crianças e outros grupos de risco As recomendações especiais se referem às doses . Interações Medicamentosas Alguns medicamentos podem causar efeitos indesejáveis se você os ingerir durante o tratamento com Amoxil®. Não deixe de avisar seu médico"", ""especiais se referem às doses . Interações Medicamentosas Alguns medicamentos podem causar efeitos indesejáveis se você os ingerir durante o tratamento com Amoxil®. Não deixe de avisar seu médico caso você esteja tomando: - medicamentos usados no tratamento de gota (probenecida ou alopurinol); - outros antibióticos; - pílulas anticoncepcionais (como acontece com outros antibióticos, talvez sejam necessárias precauções adicionais para evitar a gravidez); - anticoagulantes; - metotrexato (usado para tratar doenças como câncer e psoríase grave). A alimentação não interfere na ação de Amoxil®, que pode ser ingerido nas refeições. Informe ao seu médico ou cirurgião-dentista se você está fazendo uso de algum outro medicamento. Não use medicamento sem o conhecimento do seu médico. Pode ser perigoso para a sua saúde. Atenção: Contém os corantes vermelho de eritrosina, azul de indigotina, dióxido de titânio e óxido de ferro amarelo que podem, eventualmente, causar reações alérgicas. É"", ""3. QUANDO NÃO DEVO USAR ESTE MEDICAMENTO? Este medicamento não pode ser administrado nem ingerido por pessoas alérgicas à amoxicilina, a outros antibióticos penicilínicos ou antibióticos similares, chamados cefalosporinas. Se você já teve uma reação alérgica (como erupções da pele) ao tomar um antibiótico, deve conversar com seu médico antes de usar Amoxil®."", ""3. QUANDO NÃO DEVO USAR ESTE MEDICAMENTO? Este medicamento não pode ser administrado nem ingerido por pessoas alérgicas à amoxicilina, a outros antibióticos penicilínicos ou antibióticos similares, chamados cefalosporinas. Se você já teve uma reação alérgica (como erupções da pele) ao tomar um antibiótico, deve conversar com seu médico antes de usar Amoxil®."", ""4. O QUE DEVO SABER ANTES DE USAR ESTE MEDICAMENTO? Antes de iniciar o tratamento com Amoxil, informe seu médico: - se você já apresentou reação alérgica a algum antibiótico. Isso pode incluir reações na pele ou inchaço na face ou pescoço ou dores no peito. - se você apresenta febre glandular. - se você toma medicamentos usados para prevenir coágulos sanguíneos (anticoagulantes), tais como varfarina, o seu médico fará um monitoramento e, se necessário, poderá sugerir ajustes na dose dos anticoagulantes. - se você apresenta problema nos rins. - se você não estiver urinando regularmente. - se você já teve diarreia durante ou após o uso de antibióticos."", ""4. O QUE DEVO SABER ANTES DE USAR ESTE MEDICAMENTO? Antes de iniciar o tratamento com Amoxil, informe seu médico: - se você já apresentou reação alérgica a algum antibiótico. Isso pode incluir reações na pele ou inchaço na face ou pescoço ou dores no peito. - se você apresenta febre glandular. - se você toma medicamentos usados para prevenir coágulos sanguíneos (anticoagulantes), tais como varfarina, o seu médico fará um monitoramento e, se necessário, poderá sugerir ajustes na dose dos anticoagulantes. - se você apresenta problema nos rins. - se você não estiver urinando regularmente. - se você já teve diarreia durante ou após o uso de antibióticos."", ""perigoso para a sua saúde. Atenção: Contém os corantes vermelho de eritrosina, azul de indigotina, dióxido de titânio e óxido de ferro amarelo que podem, eventualmente, causar reações alérgicas. É importante utilizar este medicamento durante todo o tempo prescrito pelo profissional de saúde habilitado, mesmo que os sinais e sintomas da infecção tenham desaparecido, pois isso não significa a cura. A interrupção do tratamento pode contribuir para o aparecimento de infecções mais graves.""]",1.897,2.41
RIVOTRIL,"Em crianças com epilepsia, qual dose inicial de Rivotril® é recomendada e que cuidado específico deve ser observado?","Para recém-nascidos e crianças até 10 anos (ou ≤30 kg), a dose inicial é de 0,01 a 0,03 mg/kg/dia (não exceder 0,05 mg/kg/dia), dividida em 2 a 3 tomadas. Deve-se observar que Rivotril® pode aumentar a salivação e as secreções brônquicas em lactentes e crianças pequenas, sendo importante manter as vias aéreas livres.","COMO DEVO USAR ESTE MEDICAMENTO?

O QUE DEVO SABER ANTES DE USAR ESTE MEDICAMENTO?",ollama:medgemma:4b,"---
*Esta resposta se baseia apenas nos trechos da bula recuperados e não substitui orientação médica ou farmacêutica.*",,"O QUE DEVO SABER ANTES DE USAR ESTE MEDICAMENTO?, COMO DEVO USAR ESTE MEDICAMENTO?, O QUE DEVO SABER ANTES DE USAR ESTE MEDICAMENTO?",,"[""6. COMO DEVO USAR ESTE MEDICAMENTO? Tome os comprimidos por via oral com pouca quantidade de líquido não alcoólico. A dose de Rivotril® depende da doença, da resposta clínica, idade e tolerabilidade. Recomenda-se que o tratamento inicie com doses mais baixas, que podem ser aumentadas se necessário. Siga a orientação médica. Distúrbios epilépticos Adultos Dose inicial: não exceder 1,5 mg/dia, dividida em 3 doses. Aumentar a critério médico. Dose de manutenção: será definida pelo seu médico, de acordo com sua resposta. Dose diária máxima recomendada: 20 mg. Se você já usa outro anticonvulsivante, avise seu médico. Recém-nascidos e crianças até 10 anos de idade ou 30 kg de peso Dose inicial média: 0,01 a 0,03 mg/kg/dia. Não exceder 0,05 mg/kg/dia, dividido em 2 ou 3 doses diárias. Crianças entre 10 e 16 anos de idade: Dose inicial: 1 a 1,5 mg/dia, dividido em 2 a 3 doses. A dose pode ser aumentada, a critério médico, até atingir a dose de manutenção individual, usualmente de 3 a 6 mg/dia."", ""6. COMO DEVO USAR ESTE MEDICAMENTO? Tome os comprimidos por via oral com pouca quantidade de líquido não alcoólico. A dose de Rivotril® depende da doença, da resposta clínica, idade e tolerabilidade. Recomenda-se que o tratamento inicie com doses mais baixas, que podem ser aumentadas se necessário. Siga a orientação médica. Distúrbios epilépticos Adultos Dose inicial: não exceder 1,5 mg/dia, dividida em 3 doses. Aumentar a critério médico. Dose de manutenção: será definida pelo seu médico, de acordo com sua resposta. Dose diária máxima recomendada: 20 mg. Se você já usa outro anticonvulsivante, avise seu médico. Recém-nascidos e crianças até 10 anos de idade ou 30 kg de peso Dose inicial média: 0,01 a 0,03 mg/kg/dia. Não exceder 0,05 mg/kg/dia, dividido em 2 ou 3 doses diárias. Crianças entre 10 e 16 anos de idade: Dose inicial: 1 a 1,5 mg/dia, dividido em 2 a 3 doses. A dose pode ser aumentada, a critério médico, até atingir a dose de manutenção individual, usualmente de 3 a 6 mg/dia. Sempre que possível, dividir a dose diária em 3 doses iguais. Caso não seja possível, a maior dose deve ser tomada antes de deitar. Transtornos de ansiedade  Distúrbio do pânico: Adultos: - Dose inicial: 0,5 mg/dia, dividida em 2 doses. Pode-se aumentar a dose a critério médico. - Dose de manutenção: critério médico, de acordo com sua resposta. A dose tomada ao deitar reduz a inconveniência da sonolência e pode ser desejável no in ício do tratamento. A retirada deve ser gradual, até que o medicamento seja totalmente suspenso.  Como ansiolítico em geral: 0,25 mg a 4,0 mg/dia. Dose"", ""5 Instruções especiais de administração Rivotril® pode ser usado com outros antiepilépticos. Nesse caso, seu médico ajustará a dose de cada medicamento para atingir o efeito ideal. Não pare de tomar Rivotril® subitamente, você pode ter novas crises epilépticas. Somente seu médico poderá orientar a interrupção do tratamento reduzindo gradualmente a dose utilizada. Siga a orientação de seu médico, respeitando sempre os horários, as doses e a duração do tratamento. Não interrompa o tratamento sem o conhecimento do seu médico. 7. O QUE DEVO FAZER QUANDO EU ME ESQU ECER DE USAR ESTE MEDICAMENTO? Nunca dobre a dose na próxima tomada. Apenas continue com a próxima dose no tempo determinado. Em caso de dúvidas, procure orientação do farmacêutico, de seu médico ou cirurgião-dentista."", ""5 Instruções especiais de administração Rivotril® pode ser usado com outros antiepilépticos. Nesse caso, seu médico ajustará a dose de cada medicamento para atingir o efeito ideal. Não pare de tomar Rivotril® subitamente, você pode ter novas crises epilépticas. Somente seu médico poderá orientar a interrupção do tratamento reduzindo gradualmente a dose utilizada. Siga a orientação de seu médico, respeitando sempre os horários, as doses e a duração do tratamento. Não interrompa o tratamento sem o conhecimento do seu médico. 7. O QUE DEVO FAZER QUANDO EU ME ESQU ECER DE USAR ESTE MEDICAMENTO? Nunca dobre a dose na próxima tomada. Apenas continue com a próxima dose no tempo determinado. Em caso de dúvidas, procure orientação do farmacêutico, de seu médico ou cirurgião-dentista."", ""3 Este medicamento não deve ser utilizado por mulheres grávidas sem orientação médica ou do cirurgião- dentista. Rivotril® só deve ser administrado a gestantes se houver indicação absoluta e se os benefícios potenciais superarem os riscos para o feto. Rivotril® pode prejudicar seu bebê. Informe seu médico se estiver grávida ou se está tentando engravidar. O uso de altas dos es no último trimestre da gestação ou no trabalho de pa rto pode causar irregularidades no batimen to cardíaco do f eto e baixa tempera tura corpórea, f alta de tônus musc ular, depressão respiratória e dificuldade de sucção no bebê. Tanto a gestação quanto a suspensão de Rivotril® podem exacerbar a epilepsia. Informe seu médico se estiver amamentando. Se você realmente precisar tomar Rivotril®, a amamentação deve ser descontinuada. Uso em crianças Avaliar o risco / benefício do uso de Rivotril® a longo prazo em pacientes pediátr icos com distúrbios epilépticos. Rivotril® pode aumentar a salivação e as secreções brônquicas em lactentes e crianças pequenas. Atenção: manter as vias aéreas livres. Não há dados de eficácia / segurança de Rivotril® em menores de 18 anos com distúrbio do pânico. Uso em idosos Os efeitos dos benzodiazepínicos parecem ser maiores em pacientes idosos do que em pacientes mais jovens, mesmo em concentrações plasmáticas similares. Principais interações medicamentosas Informe seu médico se esti ver tomando outros medica mentos, incluindo as substâncias a seguir, pois elas podem interagir com Rivotril®: – Depressores do sistema nervoso central e álcool; – Medicamentos que agem no"", ""3 Este medicamento não deve ser utilizado por mulheres grávidas sem orientação médica ou do cirurgião- dentista. Rivotril® só deve ser administrado a gestantes se houver indicação absoluta e se os benefícios potenciais superarem os riscos para o feto. Rivotril® pode prejudicar seu bebê. Informe seu médico se estiver grávida ou se está tentando engravidar. O uso de altas dos es no último trimestre da gestação ou no trabalho de pa rto pode causar irregularidades no batimen to cardíaco do f eto e baixa tempera tura corpórea, f alta de tônus musc ular, depressão respiratória e dificuldade de sucção no bebê. Tanto a gestação quanto a suspensão de Rivotril® podem exacerbar a epilepsia. Informe seu médico se estiver amamentando. Se você realmente precisar tomar Rivotril®, a amamentação deve ser descontinuada. Uso em crianças Avaliar o risco / benefício do uso de Rivotril® a longo prazo em pacientes pediátr icos com distúrbios epilépticos. Rivotril® pode aumentar a salivação e as secreções"", ""descontinuada. Uso em crianças Avaliar o risco / benefício do uso de Rivotril® a longo prazo em pacientes pediátr icos com distúrbios epilépticos. Rivotril® pode aumentar a salivação e as secreções brônquicas em lactentes e crianças pequenas. Atenção: manter as vias aéreas livres. Não há dados de eficácia / segurança de Rivotril® em menores de 18 anos com distúrbio do pânico. Uso em idosos Os efeitos dos benzodiazepínicos parecem ser maiores em pacientes idosos do que em pacientes mais jovens, mesmo em concentrações plasmáticas similares. Principais interações medicamentosas Informe seu médico se esti ver tomando outros medica mentos, incluindo as substâncias a seguir, pois elas podem interagir com Rivotril®: – Depressores do sistema nervoso central e álcool; – Medicamentos que agem no sistema nervoso: antidepressivos, medicamento s para dormir, alguns analgésicos, antipsicóticos, ansiolíticos, anticonvulsivantes; – Medicamentos para o estômago. Interações fármaco-alimento Interações"", ""10 e 16 anos de idade: Dose inicial: 1 a 1,5 mg/dia, dividido em 2 a 3 doses. A dose pode ser aumentada, a critério médico, até atingir a dose de manutenção individual, usualmente de 3 a 6 mg/dia. Sempre que possível, dividir a dose diária em 3 doses iguais. Caso não seja possível, a maior dose deve ser tomada antes de deitar. Transtornos de ansiedade  Distúrbio do pânico: Adultos: - Dose inicial: 0,5 mg/dia, dividida em 2 doses. Pode-se aumentar a dose a critério médico. - Dose de manutenção: critério médico, de acordo com sua resposta. A dose tomada ao deitar reduz a inconveniência da sonolência e pode ser desejável no in ício do tratamento. A retirada deve ser gradual, até que o medicamento seja totalmente suspenso.  Como ansiolítico em geral: 0,25 mg a 4,0 mg/dia. Dose recomendada: 0,5 a 1,5 mg/dia (dividida em 3x/dia).  Fobia social: 0,25 mg/dia até 6,0 mg/dia (2,0 mg, 3x/dia). Dose recomendada: 1,0 a 2,5 mg/dia. Transtornos do humor  Transtorno afetivo bipolar (tratamento da"", ""ce ntral, essa combinação pode aumentar os efeitos de Rivotril®, com potencial sedação grave que pode resultar em coma ou morte, depressão cardiovascular e/ou respiratória. Caso ocorram reações paradoxais  durante o tratamento, fale com seu médico, pois o uso do medicamento deve ser descontinuado. Pode ocorrer amnésia anterógrada (perda da habilidade de criar novas memórias e absorver novas informações), com o uso de benzodiazepínicos em doses terapêuticas. Rivotril® pode precipitar o estado de mal epiléptico (crises epilépticas em sequência rápida). Fale com seu médico antes de aumentar a dose ou interromper abruptamente esta medicação. Abuso e dependência do medicamento O uso de benzodiazepínicos pode lev ar ao desenvolvime nto de dependê ncia física e psic ológica. O risco de dependência aumenta com a dose, tratamentos prolongados e em pacientes com história de abuso de álcool ou drogas. Em caso de dependência, especialmente com doses elevadas, a descontinuação brusca do tratamento"", ""4. O QUE DEVO SABER ANTES DE USAR ESTE MEDICAMENTO? Antes de tomar Rivotril®, informe seu médico se você tem ou teve: 1) outros problemas de saúde, como doenças nos rins ou fígado (por exemplo: cirrose hepática), distúrbio neuromuscular ou respiratório, porfiria (doença em que ocorre deficiência de enzimas específicas na via da biossíntese do heme); 2) sinais ou sintomas de depressão e/ou tentativa de suicídio; 3) intolerância à galactose (açúcar) ou deficiência de lactase (enzima que quebra a lactose); 4) ataxia cerebelar ou espinhal (descoordenação dos movimentos por problema do cerebelo ou medula); 5) uso regular ou intoxicação aguda por álcool ou drogas. Pode ocorrer perda de efeito durante o tratamento com clonazepam. Não tome Rivotril® com álcool e/ou depressores do sistema nervoso ce ntral, essa combinação pode aumentar os efeitos de Rivotril®, com potencial sedação grave que pode resultar em coma ou morte, depressão cardiovascular e/ou respiratória. Caso ocorram reações paradoxais  durante o tratamento, fale com seu médico, pois o uso do medicamento deve ser descontinuado. Pode ocorrer amnésia anterógrada (perda da habilidade de criar novas memórias e absorver novas informações), com o uso de benzodiazepínicos em doses terapêuticas. Rivotril® pode precipitar o estado de mal epiléptico (crises epilépticas em sequência rápida). Fale com seu médico antes de aumentar a dose ou interromper abruptamente esta medicação. Abuso e dependência do medicamento O uso de benzodiazepínicos pode lev ar ao desenvolvime nto de dependê ncia física e psic ológica. O risco de dependência"", ""4. O QUE DEVO SABER ANTES DE USAR ESTE MEDICAMENTO? Antes de tomar Rivotril®, informe seu médico se você tem ou teve: 1) outros problemas de saúde, como doenças nos rins ou fígado (por exemplo: cirrose hepática), distúrbio neuromuscular ou respiratório, porfiria (doença em que ocorre deficiência de enzimas específicas na via da biossíntese do heme); 2) sinais ou sintomas de depressão e/ou tentativa de suicídio; 3) intolerância à galactose (açúcar) ou deficiência de lactase (enzima que quebra a lactose); 4) ataxia cerebelar ou espinhal (descoordenação dos movimentos por problema do cerebelo ou medula); 5) uso regular ou intoxicação aguda por álcool ou drogas. Pode ocorrer perda de efeito durante o tratamento com clonazepam. Não tome Rivotril® com álcool e/ou depressores do sistema nervoso ce ntral, essa combinação pode aumentar os efeitos de Rivotril®, com potencial sedação grave que pode resultar em coma ou morte, depressão cardiovascular e/ou respiratória. Caso ocorram reações"", ""ser evitada. O tratamento (mesmo de curta duração) deve ser interrompido pela redução gradativa da dose diária. Efeitos sobre a capacidade de dirigir e operar máquinas Clonazepam pode lentificar as reações, efeito agravado com o uso de álcool. Durante o tratamento, o paciente não deve dirigir veíc ulos ou operar máquinas, pois sua habilidade e atenção podem estar prejudicadas. Até o momento, não há informações de que Rivotril® cause doping. Em caso de dúvidas, consulte o seu médico. Gravidez e amamentação"", ""e ao contato físico, sensações anormais, formigamentos, alucinações. O risco dos sintomas de abstinência é maior após descontinuação súbita do tratamento, portanto a retirada brusca do medicamento deve ser evitada. O tratamento (mesmo de curta duração) deve ser interrompido pela redução gradativa da dose diária. Efeitos sobre a capacidade de dirigir e operar máquinas Clonazepam pode lentificar as reações, efeito agravado com o uso de álcool. Durante o tratamento, o paciente não deve dirigir veíc ulos ou operar máquinas, pois sua habilidade e atenção podem estar prejudicadas. Até o momento, não há informações de que Rivotril® cause doping. Em caso de dúvidas, consulte o seu médico. Gravidez e amamentação"", ""mesmo em concentrações plasmáticas similares. Principais interações medicamentosas Informe seu médico se esti ver tomando outros medica mentos, incluindo as substâncias a seguir, pois elas podem interagir com Rivotril®: – Depressores do sistema nervoso central e álcool; – Medicamentos que agem no sistema nervoso: antidepressivos, medicamento s para dormir, alguns analgésicos, antipsicóticos, ansiolíticos, anticonvulsivantes; – Medicamentos para o estômago. Interações fármaco-alimento Interações com alimentos não foram estabelecidas. O suco de toranja pode aumentar o efeito de Rivotril®. Interações fármaco-laboratório Interações com testes laboratoriais não foram estabelecidas. Informe ao seu médico ou cirurgião-dentista se você está fazendo uso de algum outro medicamento. Não use medicamento sem o conhecimento do seu médico. Pode ser perigoso para a sua saúde."", ""a 1,5 mg/dia (dividida em 3x/dia).  Fobia social: 0,25 mg/dia até 6,0 mg/dia (2,0 mg, 3x/dia). Dose recomendada: 1,0 a 2,5 mg/dia. Transtornos do humor  Transtorno afetivo bipolar (tratamento da mania): 1,5 mg a 8 mg/dia. Dose recomendada: 2,0 a 4,0 mg/dia.  Depressão maior (associado a antidepressivos): 0,5 a 6,0 mg/dia. Dose recomendada: 2,0 a 4,0 mg/dia. Síndromes psicóticas  Acatisia: 0,5 mg a 4,5 mg/dia. Dose recomendada: 0,5 a 3,0 mg/dia. Síndrome das pernas inquietas: 0,5 mg a 2,0 mg/dia. Vertigem e distúrbios do equilíbrio : 0,5 mg a 1,0 mg ao dia (2x/dia). Doses diárias superiores a 1,0 mg não são recomendáveis. Síndrome da boca ardente: 0,25 a 6,0 mg/dia. Dose recomendada: 1,0 a 2,0 mg/dia. Uso em idosos: a dose mais baixa possível deve ser utilizada em idosos. Deve-se ter especial cuidado durante as alterações na dose. Comprometimento do fígado: pacientes com comprometimento do fígado grave não devem ser tratados com clonazepam e pacientes com comprometimento hepático""]",1.878,5.325
RIVOTRIL,Por que pacientes idosos devem iniciar com a menor dose possível de Rivotril® e onde isso está indicado na bula?,"Nos idosos, os efeitos dos benzodiazepínicos são potencializados mesmo em concentrações plasmáticas semelhantes às dos mais jovens, por isso recomenda-se usar a menor dose possível e ajustar lentamente.","O QUE DEVO SABER ANTES DE USAR ESTE MEDICAMENTO?

COMO DEVO USAR ESTE MEDICAMENTO?",ollama:medgemma:4b,"yoktur.

---
*Esta resposta se baseia apenas nos trechos da bula recuperados e não substitui orientação médica ou farmacêutica. É recomendável consultar um profissional de saúde para orientação individualizada.*",yoktur.,"O QUE DEVO SABER ANTES DE USAR ESTE MEDICAMENTO?, O QUE DEVO SABER ANTES DE USAR ESTE MEDICAMENTO?, COMO DEVO USAR ESTE MEDICAMENTO?",,"[""6. COMO DEVO USAR ESTE MEDICAMENTO? Tome os comprimidos por via oral com pouca quantidade de líquido não alcoólico. A dose de Rivotril® depende da doença, da resposta clínica, idade e tolerabilidade. Recomenda-se que o tratamento inicie com doses mais baixas, que podem ser aumentadas se necessário. Siga a orientação médica. Distúrbios epilépticos Adultos Dose inicial: não exceder 1,5 mg/dia, dividida em 3 doses. Aumentar a critério médico. Dose de manutenção: será definida pelo seu médico, de acordo com sua resposta. Dose diária máxima recomendada: 20 mg. Se você já usa outro anticonvulsivante, avise seu médico. Recém-nascidos e crianças até 10 anos de idade ou 30 kg de peso Dose inicial média: 0,01 a 0,03 mg/kg/dia. Não exceder 0,05 mg/kg/dia, dividido em 2 ou 3 doses diárias. Crianças entre 10 e 16 anos de idade: Dose inicial: 1 a 1,5 mg/dia, dividido em 2 a 3 doses. A dose pode ser aumentada, a critério médico, até atingir a dose de manutenção individual, usualmente de 3 a 6 mg/dia."", ""6. COMO DEVO USAR ESTE MEDICAMENTO? Tome os comprimidos por via oral com pouca quantidade de líquido não alcoólico. A dose de Rivotril® depende da doença, da resposta clínica, idade e tolerabilidade. Recomenda-se que o tratamento inicie com doses mais baixas, que podem ser aumentadas se necessário. Siga a orientação médica. Distúrbios epilépticos Adultos Dose inicial: não exceder 1,5 mg/dia, dividida em 3 doses. Aumentar a critério médico. Dose de manutenção: será definida pelo seu médico, de acordo com sua resposta. Dose diária máxima recomendada: 20 mg. Se você já usa outro anticonvulsivante, avise seu médico. Recém-nascidos e crianças até 10 anos de idade ou 30 kg de peso Dose inicial média: 0,01 a 0,03 mg/kg/dia. Não exceder 0,05 mg/kg/dia, dividido em 2 ou 3 doses diárias. Crianças entre 10 e 16 anos de idade: Dose inicial: 1 a 1,5 mg/dia, dividido em 2 a 3 doses. A dose pode ser aumentada, a critério médico, até atingir a dose de manutenção individual, usualmente de 3 a 6 mg/dia. Sempre que possível, dividir a dose diária em 3 doses iguais. Caso não seja possível, a maior dose deve ser tomada antes de deitar. Transtornos de ansiedade  Distúrbio do pânico: Adultos: - Dose inicial: 0,5 mg/dia, dividida em 2 doses. Pode-se aumentar a dose a critério médico. - Dose de manutenção: critério médico, de acordo com sua resposta. A dose tomada ao deitar reduz a inconveniência da sonolência e pode ser desejável no in ício do tratamento. A retirada deve ser gradual, até que o medicamento seja totalmente suspenso.  Como ansiolítico em geral: 0,25 mg a 4,0 mg/dia. Dose"", ""3 Este medicamento não deve ser utilizado por mulheres grávidas sem orientação médica ou do cirurgião- dentista. Rivotril® só deve ser administrado a gestantes se houver indicação absoluta e se os benefícios potenciais superarem os riscos para o feto. Rivotril® pode prejudicar seu bebê. Informe seu médico se estiver grávida ou se está tentando engravidar. O uso de altas dos es no último trimestre da gestação ou no trabalho de pa rto pode causar irregularidades no batimen to cardíaco do f eto e baixa tempera tura corpórea, f alta de tônus musc ular, depressão respiratória e dificuldade de sucção no bebê. Tanto a gestação quanto a suspensão de Rivotril® podem exacerbar a epilepsia. Informe seu médico se estiver amamentando. Se você realmente precisar tomar Rivotril®, a amamentação deve ser descontinuada. Uso em crianças Avaliar o risco / benefício do uso de Rivotril® a longo prazo em pacientes pediátr icos com distúrbios epilépticos. Rivotril® pode aumentar a salivação e as secreções brônquicas em lactentes e crianças pequenas. Atenção: manter as vias aéreas livres. Não há dados de eficácia / segurança de Rivotril® em menores de 18 anos com distúrbio do pânico. Uso em idosos Os efeitos dos benzodiazepínicos parecem ser maiores em pacientes idosos do que em pacientes mais jovens, mesmo em concentrações plasmáticas similares. Principais interações medicamentosas Informe seu médico se esti ver tomando outros medica mentos, incluindo as substâncias a seguir, pois elas podem interagir com Rivotril®: – Depressores do sistema nervoso central e álcool; – Medicamentos que agem no"", ""descontinuada. Uso em crianças Avaliar o risco / benefício do uso de Rivotril® a longo prazo em pacientes pediátr icos com distúrbios epilépticos. Rivotril® pode aumentar a salivação e as secreções brônquicas em lactentes e crianças pequenas. Atenção: manter as vias aéreas livres. Não há dados de eficácia / segurança de Rivotril® em menores de 18 anos com distúrbio do pânico. Uso em idosos Os efeitos dos benzodiazepínicos parecem ser maiores em pacientes idosos do que em pacientes mais jovens, mesmo em concentrações plasmáticas similares. Principais interações medicamentosas Informe seu médico se esti ver tomando outros medica mentos, incluindo as substâncias a seguir, pois elas podem interagir com Rivotril®: – Depressores do sistema nervoso central e álcool; – Medicamentos que agem no sistema nervoso: antidepressivos, medicamento s para dormir, alguns analgésicos, antipsicóticos, ansiolíticos, anticonvulsivantes; – Medicamentos para o estômago. Interações fármaco-alimento Interações"", ""3 Este medicamento não deve ser utilizado por mulheres grávidas sem orientação médica ou do cirurgião- dentista. Rivotril® só deve ser administrado a gestantes se houver indicação absoluta e se os benefícios potenciais superarem os riscos para o feto. Rivotril® pode prejudicar seu bebê. Informe seu médico se estiver grávida ou se está tentando engravidar. O uso de altas dos es no último trimestre da gestação ou no trabalho de pa rto pode causar irregularidades no batimen to cardíaco do f eto e baixa tempera tura corpórea, f alta de tônus musc ular, depressão respiratória e dificuldade de sucção no bebê. Tanto a gestação quanto a suspensão de Rivotril® podem exacerbar a epilepsia. Informe seu médico se estiver amamentando. Se você realmente precisar tomar Rivotril®, a amamentação deve ser descontinuada. Uso em crianças Avaliar o risco / benefício do uso de Rivotril® a longo prazo em pacientes pediátr icos com distúrbios epilépticos. Rivotril® pode aumentar a salivação e as secreções"", ""5 Instruções especiais de administração Rivotril® pode ser usado com outros antiepilépticos. Nesse caso, seu médico ajustará a dose de cada medicamento para atingir o efeito ideal. Não pare de tomar Rivotril® subitamente, você pode ter novas crises epilépticas. Somente seu médico poderá orientar a interrupção do tratamento reduzindo gradualmente a dose utilizada. Siga a orientação de seu médico, respeitando sempre os horários, as doses e a duração do tratamento. Não interrompa o tratamento sem o conhecimento do seu médico. 7. O QUE DEVO FAZER QUANDO EU ME ESQU ECER DE USAR ESTE MEDICAMENTO? Nunca dobre a dose na próxima tomada. Apenas continue com a próxima dose no tempo determinado. Em caso de dúvidas, procure orientação do farmacêutico, de seu médico ou cirurgião-dentista."", ""5 Instruções especiais de administração Rivotril® pode ser usado com outros antiepilépticos. Nesse caso, seu médico ajustará a dose de cada medicamento para atingir o efeito ideal. Não pare de tomar Rivotril® subitamente, você pode ter novas crises epilépticas. Somente seu médico poderá orientar a interrupção do tratamento reduzindo gradualmente a dose utilizada. Siga a orientação de seu médico, respeitando sempre os horários, as doses e a duração do tratamento. Não interrompa o tratamento sem o conhecimento do seu médico. 7. O QUE DEVO FAZER QUANDO EU ME ESQU ECER DE USAR ESTE MEDICAMENTO? Nunca dobre a dose na próxima tomada. Apenas continue com a próxima dose no tempo determinado. Em caso de dúvidas, procure orientação do farmacêutico, de seu médico ou cirurgião-dentista."", ""10 e 16 anos de idade: Dose inicial: 1 a 1,5 mg/dia, dividido em 2 a 3 doses. A dose pode ser aumentada, a critério médico, até atingir a dose de manutenção individual, usualmente de 3 a 6 mg/dia. Sempre que possível, dividir a dose diária em 3 doses iguais. Caso não seja possível, a maior dose deve ser tomada antes de deitar. Transtornos de ansiedade  Distúrbio do pânico: Adultos: - Dose inicial: 0,5 mg/dia, dividida em 2 doses. Pode-se aumentar a dose a critério médico. - Dose de manutenção: critério médico, de acordo com sua resposta. A dose tomada ao deitar reduz a inconveniência da sonolência e pode ser desejável no in ício do tratamento. A retirada deve ser gradual, até que o medicamento seja totalmente suspenso.  Como ansiolítico em geral: 0,25 mg a 4,0 mg/dia. Dose recomendada: 0,5 a 1,5 mg/dia (dividida em 3x/dia).  Fobia social: 0,25 mg/dia até 6,0 mg/dia (2,0 mg, 3x/dia). Dose recomendada: 1,0 a 2,5 mg/dia. Transtornos do humor  Transtorno afetivo bipolar (tratamento da"", ""4. O QUE DEVO SABER ANTES DE USAR ESTE MEDICAMENTO? Antes de tomar Rivotril®, informe seu médico se você tem ou teve: 1) outros problemas de saúde, como doenças nos rins ou fígado (por exemplo: cirrose hepática), distúrbio neuromuscular ou respiratório, porfiria (doença em que ocorre deficiência de enzimas específicas na via da biossíntese do heme); 2) sinais ou sintomas de depressão e/ou tentativa de suicídio; 3) intolerância à galactose (açúcar) ou deficiência de lactase (enzima que quebra a lactose); 4) ataxia cerebelar ou espinhal (descoordenação dos movimentos por problema do cerebelo ou medula); 5) uso regular ou intoxicação aguda por álcool ou drogas. Pode ocorrer perda de efeito durante o tratamento com clonazepam. Não tome Rivotril® com álcool e/ou depressores do sistema nervoso ce ntral, essa combinação pode aumentar os efeitos de Rivotril®, com potencial sedação grave que pode resultar em coma ou morte, depressão cardiovascular e/ou respiratória. Caso ocorram reações paradoxais  durante o tratamento, fale com seu médico, pois o uso do medicamento deve ser descontinuado. Pode ocorrer amnésia anterógrada (perda da habilidade de criar novas memórias e absorver novas informações), com o uso de benzodiazepínicos em doses terapêuticas. Rivotril® pode precipitar o estado de mal epiléptico (crises epilépticas em sequência rápida). Fale com seu médico antes de aumentar a dose ou interromper abruptamente esta medicação. Abuso e dependência do medicamento O uso de benzodiazepínicos pode lev ar ao desenvolvime nto de dependê ncia física e psic ológica. O risco de dependência"", ""4. O QUE DEVO SABER ANTES DE USAR ESTE MEDICAMENTO? Antes de tomar Rivotril®, informe seu médico se você tem ou teve: 1) outros problemas de saúde, como doenças nos rins ou fígado (por exemplo: cirrose hepática), distúrbio neuromuscular ou respiratório, porfiria (doença em que ocorre deficiência de enzimas específicas na via da biossíntese do heme); 2) sinais ou sintomas de depressão e/ou tentativa de suicídio; 3) intolerância à galactose (açúcar) ou deficiência de lactase (enzima que quebra a lactose); 4) ataxia cerebelar ou espinhal (descoordenação dos movimentos por problema do cerebelo ou medula); 5) uso regular ou intoxicação aguda por álcool ou drogas. Pode ocorrer perda de efeito durante o tratamento com clonazepam. Não tome Rivotril® com álcool e/ou depressores do sistema nervoso ce ntral, essa combinação pode aumentar os efeitos de Rivotril®, com potencial sedação grave que pode resultar em coma ou morte, depressão cardiovascular e/ou respiratória. Caso ocorram reações"", ""ce ntral, essa combinação pode aumentar os efeitos de Rivotril®, com potencial sedação grave que pode resultar em coma ou morte, depressão cardiovascular e/ou respiratória. Caso ocorram reações paradoxais  durante o tratamento, fale com seu médico, pois o uso do medicamento deve ser descontinuado. Pode ocorrer amnésia anterógrada (perda da habilidade de criar novas memórias e absorver novas informações), com o uso de benzodiazepínicos em doses terapêuticas. Rivotril® pode precipitar o estado de mal epiléptico (crises epilépticas em sequência rápida). Fale com seu médico antes de aumentar a dose ou interromper abruptamente esta medicação. Abuso e dependência do medicamento O uso de benzodiazepínicos pode lev ar ao desenvolvime nto de dependê ncia física e psic ológica. O risco de dependência aumenta com a dose, tratamentos prolongados e em pacientes com história de abuso de álcool ou drogas. Em caso de dependência, especialmente com doses elevadas, a descontinuação brusca do tratamento"", ""ser evitada. O tratamento (mesmo de curta duração) deve ser interrompido pela redução gradativa da dose diária. Efeitos sobre a capacidade de dirigir e operar máquinas Clonazepam pode lentificar as reações, efeito agravado com o uso de álcool. Durante o tratamento, o paciente não deve dirigir veíc ulos ou operar máquinas, pois sua habilidade e atenção podem estar prejudicadas. Até o momento, não há informações de que Rivotril® cause doping. Em caso de dúvidas, consulte o seu médico. Gravidez e amamentação"", ""e ao contato físico, sensações anormais, formigamentos, alucinações. O risco dos sintomas de abstinência é maior após descontinuação súbita do tratamento, portanto a retirada brusca do medicamento deve ser evitada. O tratamento (mesmo de curta duração) deve ser interrompido pela redução gradativa da dose diária. Efeitos sobre a capacidade de dirigir e operar máquinas Clonazepam pode lentificar as reações, efeito agravado com o uso de álcool. Durante o tratamento, o paciente não deve dirigir veíc ulos ou operar máquinas, pois sua habilidade e atenção podem estar prejudicadas. Até o momento, não há informações de que Rivotril® cause doping. Em caso de dúvidas, consulte o seu médico. Gravidez e amamentação"", ""a 1,5 mg/dia (dividida em 3x/dia).  Fobia social: 0,25 mg/dia até 6,0 mg/dia (2,0 mg, 3x/dia). Dose recomendada: 1,0 a 2,5 mg/dia. Transtornos do humor  Transtorno afetivo bipolar (tratamento da mania): 1,5 mg a 8 mg/dia. Dose recomendada: 2,0 a 4,0 mg/dia.  Depressão maior (associado a antidepressivos): 0,5 a 6,0 mg/dia. Dose recomendada: 2,0 a 4,0 mg/dia. Síndromes psicóticas  Acatisia: 0,5 mg a 4,5 mg/dia. Dose recomendada: 0,5 a 3,0 mg/dia. Síndrome das pernas inquietas: 0,5 mg a 2,0 mg/dia. Vertigem e distúrbios do equilíbrio : 0,5 mg a 1,0 mg ao dia (2x/dia). Doses diárias superiores a 1,0 mg não são recomendáveis. Síndrome da boca ardente: 0,25 a 6,0 mg/dia. Dose recomendada: 1,0 a 2,0 mg/dia. Uso em idosos: a dose mais baixa possível deve ser utilizada em idosos. Deve-se ter especial cuidado durante as alterações na dose. Comprometimento do fígado: pacientes com comprometimento do fígado grave não devem ser tratados com clonazepam e pacientes com comprometimento hepático"", ""mesmo em concentrações plasmáticas similares. Principais interações medicamentosas Informe seu médico se esti ver tomando outros medica mentos, incluindo as substâncias a seguir, pois elas podem interagir com Rivotril®: – Depressores do sistema nervoso central e álcool; – Medicamentos que agem no sistema nervoso: antidepressivos, medicamento s para dormir, alguns analgésicos, antipsicóticos, ansiolíticos, anticonvulsivantes; – Medicamentos para o estômago. Interações fármaco-alimento Interações com alimentos não foram estabelecidas. O suco de toranja pode aumentar o efeito de Rivotril®. Interações fármaco-laboratório Interações com testes laboratoriais não foram estabelecidas. Informe ao seu médico ou cirurgião-dentista se você está fazendo uso de algum outro medicamento. Não use medicamento sem o conhecimento do seu médico. Pode ser perigoso para a sua saúde.""]",1.848,2.252
RIVOTRIL,"Em pacientes com comprometimento hepático leve a moderado, qual ajuste de dose deve ser considerado?","Pacientes com insuficiência hepática leve a moderada devem receber a dose mais baixa possível de Rivotril®, ajustada individualmente e com monitoramento cuidadoso da resposta clínica.",COMO DEVO USAR ESTE MEDICAMENTO?,ollama:medgemma:4b,"---
*Esta resposta se baseia apenas nos trechos da bula recuperados e não substitui orientação médica ou farmacêutica.*",,"O QUE DEVO SABER ANTES DE USAR ESTE MEDICAMENTO?, O QUE DEVO SABER ANTES DE USAR ESTE MEDICAMENTO?, COMO DEVO USAR ESTE MEDICAMENTO?",,"[""especial cuidado durante as alterações na dose. Comprometimento do fígado: pacientes com comprometimento do fígado grave não devem ser tratados com clonazepam e pacientes com comprometimento hepático leve a moderado devem receber a dose mais baixa possível."", ""6. COMO DEVO USAR ESTE MEDICAMENTO? Tome os comprimidos por via oral com pouca quantidade de líquido não alcoólico. A dose de Rivotril® depende da doença, da resposta clínica, idade e tolerabilidade. Recomenda-se que o tratamento inicie com doses mais baixas, que podem ser aumentadas se necessário. Siga a orientação médica. Distúrbios epilépticos Adultos Dose inicial: não exceder 1,5 mg/dia, dividida em 3 doses. Aumentar a critério médico. Dose de manutenção: será definida pelo seu médico, de acordo com sua resposta. Dose diária máxima recomendada: 20 mg. Se você já usa outro anticonvulsivante, avise seu médico. Recém-nascidos e crianças até 10 anos de idade ou 30 kg de peso Dose inicial média: 0,01 a 0,03 mg/kg/dia. Não exceder 0,05 mg/kg/dia, dividido em 2 ou 3 doses diárias. Crianças entre 10 e 16 anos de idade: Dose inicial: 1 a 1,5 mg/dia, dividido em 2 a 3 doses. A dose pode ser aumentada, a critério médico, até atingir a dose de manutenção individual, usualmente de 3 a 6 mg/dia."", ""6. COMO DEVO USAR ESTE MEDICAMENTO? Tome os comprimidos por via oral com pouca quantidade de líquido não alcoólico. A dose de Rivotril® depende da doença, da resposta clínica, idade e tolerabilidade. Recomenda-se que o tratamento inicie com doses mais baixas, que podem ser aumentadas se necessário. Siga a orientação médica. Distúrbios epilépticos Adultos Dose inicial: não exceder 1,5 mg/dia, dividida em 3 doses. Aumentar a critério médico. Dose de manutenção: será definida pelo seu médico, de acordo com sua resposta. Dose diária máxima recomendada: 20 mg. Se você já usa outro anticonvulsivante, avise seu médico. Recém-nascidos e crianças até 10 anos de idade ou 30 kg de peso Dose inicial média: 0,01 a 0,03 mg/kg/dia. Não exceder 0,05 mg/kg/dia, dividido em 2 ou 3 doses diárias. Crianças entre 10 e 16 anos de idade: Dose inicial: 1 a 1,5 mg/dia, dividido em 2 a 3 doses. A dose pode ser aumentada, a critério médico, até atingir a dose de manutenção individual, usualmente de 3 a 6 mg/dia. Sempre que possível, dividir a dose diária em 3 doses iguais. Caso não seja possível, a maior dose deve ser tomada antes de deitar. Transtornos de ansiedade  Distúrbio do pânico: Adultos: - Dose inicial: 0,5 mg/dia, dividida em 2 doses. Pode-se aumentar a dose a critério médico. - Dose de manutenção: critério médico, de acordo com sua resposta. A dose tomada ao deitar reduz a inconveniência da sonolência e pode ser desejável no in ício do tratamento. A retirada deve ser gradual, até que o medicamento seja totalmente suspenso.  Como ansiolítico em geral: 0,25 mg a 4,0 mg/dia. Dose"", ""10 e 16 anos de idade: Dose inicial: 1 a 1,5 mg/dia, dividido em 2 a 3 doses. A dose pode ser aumentada, a critério médico, até atingir a dose de manutenção individual, usualmente de 3 a 6 mg/dia. Sempre que possível, dividir a dose diária em 3 doses iguais. Caso não seja possível, a maior dose deve ser tomada antes de deitar. Transtornos de ansiedade  Distúrbio do pânico: Adultos: - Dose inicial: 0,5 mg/dia, dividida em 2 doses. Pode-se aumentar a dose a critério médico. - Dose de manutenção: critério médico, de acordo com sua resposta. A dose tomada ao deitar reduz a inconveniência da sonolência e pode ser desejável no in ício do tratamento. A retirada deve ser gradual, até que o medicamento seja totalmente suspenso.  Como ansiolítico em geral: 0,25 mg a 4,0 mg/dia. Dose recomendada: 0,5 a 1,5 mg/dia (dividida em 3x/dia).  Fobia social: 0,25 mg/dia até 6,0 mg/dia (2,0 mg, 3x/dia). Dose recomendada: 1,0 a 2,5 mg/dia. Transtornos do humor  Transtorno afetivo bipolar (tratamento da"", ""a 1,5 mg/dia (dividida em 3x/dia).  Fobia social: 0,25 mg/dia até 6,0 mg/dia (2,0 mg, 3x/dia). Dose recomendada: 1,0 a 2,5 mg/dia. Transtornos do humor  Transtorno afetivo bipolar (tratamento da mania): 1,5 mg a 8 mg/dia. Dose recomendada: 2,0 a 4,0 mg/dia.  Depressão maior (associado a antidepressivos): 0,5 a 6,0 mg/dia. Dose recomendada: 2,0 a 4,0 mg/dia. Síndromes psicóticas  Acatisia: 0,5 mg a 4,5 mg/dia. Dose recomendada: 0,5 a 3,0 mg/dia. Síndrome das pernas inquietas: 0,5 mg a 2,0 mg/dia. Vertigem e distúrbios do equilíbrio : 0,5 mg a 1,0 mg ao dia (2x/dia). Doses diárias superiores a 1,0 mg não são recomendáveis. Síndrome da boca ardente: 0,25 a 6,0 mg/dia. Dose recomendada: 1,0 a 2,0 mg/dia. Uso em idosos: a dose mais baixa possível deve ser utilizada em idosos. Deve-se ter especial cuidado durante as alterações na dose. Comprometimento do fígado: pacientes com comprometimento do fígado grave não devem ser tratados com clonazepam e pacientes com comprometimento hepático"", ""5 Instruções especiais de administração Rivotril® pode ser usado com outros antiepilépticos. Nesse caso, seu médico ajustará a dose de cada medicamento para atingir o efeito ideal. Não pare de tomar Rivotril® subitamente, você pode ter novas crises epilépticas. Somente seu médico poderá orientar a interrupção do tratamento reduzindo gradualmente a dose utilizada. Siga a orientação de seu médico, respeitando sempre os horários, as doses e a duração do tratamento. Não interrompa o tratamento sem o conhecimento do seu médico. 7. O QUE DEVO FAZER QUANDO EU ME ESQU ECER DE USAR ESTE MEDICAMENTO? Nunca dobre a dose na próxima tomada. Apenas continue com a próxima dose no tempo determinado. Em caso de dúvidas, procure orientação do farmacêutico, de seu médico ou cirurgião-dentista."", ""5 Instruções especiais de administração Rivotril® pode ser usado com outros antiepilépticos. Nesse caso, seu médico ajustará a dose de cada medicamento para atingir o efeito ideal. Não pare de tomar Rivotril® subitamente, você pode ter novas crises epilépticas. Somente seu médico poderá orientar a interrupção do tratamento reduzindo gradualmente a dose utilizada. Siga a orientação de seu médico, respeitando sempre os horários, as doses e a duração do tratamento. Não interrompa o tratamento sem o conhecimento do seu médico. 7. O QUE DEVO FAZER QUANDO EU ME ESQU ECER DE USAR ESTE MEDICAMENTO? Nunca dobre a dose na próxima tomada. Apenas continue com a próxima dose no tempo determinado. Em caso de dúvidas, procure orientação do farmacêutico, de seu médico ou cirurgião-dentista."", ""manutenção: critério médico, de acordo com sua resposta. A dose tomada ao deitar reduz a inconveniência da sonolência e pode ser desejável no in ício do tratamento. A retirada deve ser gradual, até que o medicamento seja totalmente suspenso.  Como ansiolítico em geral: 0,25 mg a 4,0 mg/dia. Dose recomendada: 0,5 a 1,5 mg/dia (dividida em 3x/dia).  Fobia social: 0,25 mg/dia até 6,0 mg/dia (2,0 mg, 3x/dia). Dose recomendada: 1,0 a 2,5 mg/dia. Transtornos do humor  Transtorno afetivo bipolar (tratamento da mania): 1,5 mg a 8 mg/dia. Dose recomendada: 2,0 a 4,0 mg/dia.  Depressão maior (associado a antidepressivos): 0,5 a 6,0 mg/dia. Dose recomendada: 2,0 a 4,0 mg/dia. Síndromes psicóticas  Acatisia: 0,5 mg a 4,5 mg/dia. Dose recomendada: 0,5 a 3,0 mg/dia. Síndrome das pernas inquietas: 0,5 mg a 2,0 mg/dia. Vertigem e distúrbios do equilíbrio : 0,5 mg a 1,0 mg ao dia (2x/dia). Doses diárias superiores a 1,0 mg não são recomendáveis. Síndrome da boca ardente: 0,25 a 6,0 mg/dia. Dose recomendada: 1,0 a 2,0 mg/dia. Uso em idosos: a dose mais baixa possível deve ser utilizada em idosos. Deve-se ter especial cuidado durante as alterações na dose. Comprometimento do fígado: pacientes com comprometimento do fígado grave não devem ser tratados com clonazepam e pacientes com comprometimento hepático leve a moderado devem receber a dose mais baixa possível."", ""ser evitada. O tratamento (mesmo de curta duração) deve ser interrompido pela redução gradativa da dose diária. Efeitos sobre a capacidade de dirigir e operar máquinas Clonazepam pode lentificar as reações, efeito agravado com o uso de álcool. Durante o tratamento, o paciente não deve dirigir veíc ulos ou operar máquinas, pois sua habilidade e atenção podem estar prejudicadas. Até o momento, não há informações de que Rivotril® cause doping. Em caso de dúvidas, consulte o seu médico. Gravidez e amamentação"", ""3 Este medicamento não deve ser utilizado por mulheres grávidas sem orientação médica ou do cirurgião- dentista. Rivotril® só deve ser administrado a gestantes se houver indicação absoluta e se os benefícios potenciais superarem os riscos para o feto. Rivotril® pode prejudicar seu bebê. Informe seu médico se estiver grávida ou se está tentando engravidar. O uso de altas dos es no último trimestre da gestação ou no trabalho de pa rto pode causar irregularidades no batimen to cardíaco do f eto e baixa tempera tura corpórea, f alta de tônus musc ular, depressão respiratória e dificuldade de sucção no bebê. Tanto a gestação quanto a suspensão de Rivotril® podem exacerbar a epilepsia. Informe seu médico se estiver amamentando. Se você realmente precisar tomar Rivotril®, a amamentação deve ser descontinuada. Uso em crianças Avaliar o risco / benefício do uso de Rivotril® a longo prazo em pacientes pediátr icos com distúrbios epilépticos. Rivotril® pode aumentar a salivação e as secreções"", ""3 Este medicamento não deve ser utilizado por mulheres grávidas sem orientação médica ou do cirurgião- dentista. Rivotril® só deve ser administrado a gestantes se houver indicação absoluta e se os benefícios potenciais superarem os riscos para o feto. Rivotril® pode prejudicar seu bebê. Informe seu médico se estiver grávida ou se está tentando engravidar. O uso de altas dos es no último trimestre da gestação ou no trabalho de pa rto pode causar irregularidades no batimen to cardíaco do f eto e baixa tempera tura corpórea, f alta de tônus musc ular, depressão respiratória e dificuldade de sucção no bebê. Tanto a gestação quanto a suspensão de Rivotril® podem exacerbar a epilepsia. Informe seu médico se estiver amamentando. Se você realmente precisar tomar Rivotril®, a amamentação deve ser descontinuada. Uso em crianças Avaliar o risco / benefício do uso de Rivotril® a longo prazo em pacientes pediátr icos com distúrbios epilépticos. Rivotril® pode aumentar a salivação e as secreções brônquicas em lactentes e crianças pequenas. Atenção: manter as vias aéreas livres. Não há dados de eficácia / segurança de Rivotril® em menores de 18 anos com distúrbio do pânico. Uso em idosos Os efeitos dos benzodiazepínicos parecem ser maiores em pacientes idosos do que em pacientes mais jovens, mesmo em concentrações plasmáticas similares. Principais interações medicamentosas Informe seu médico se esti ver tomando outros medica mentos, incluindo as substâncias a seguir, pois elas podem interagir com Rivotril®: – Depressores do sistema nervoso central e álcool; – Medicamentos que agem no"", ""e ao contato físico, sensações anormais, formigamentos, alucinações. O risco dos sintomas de abstinência é maior após descontinuação súbita do tratamento, portanto a retirada brusca do medicamento deve ser evitada. O tratamento (mesmo de curta duração) deve ser interrompido pela redução gradativa da dose diária. Efeitos sobre a capacidade de dirigir e operar máquinas Clonazepam pode lentificar as reações, efeito agravado com o uso de álcool. Durante o tratamento, o paciente não deve dirigir veíc ulos ou operar máquinas, pois sua habilidade e atenção podem estar prejudicadas. Até o momento, não há informações de que Rivotril® cause doping. Em caso de dúvidas, consulte o seu médico. Gravidez e amamentação"", ""ce ntral, essa combinação pode aumentar os efeitos de Rivotril®, com potencial sedação grave que pode resultar em coma ou morte, depressão cardiovascular e/ou respiratória. Caso ocorram reações paradoxais  durante o tratamento, fale com seu médico, pois o uso do medicamento deve ser descontinuado. Pode ocorrer amnésia anterógrada (perda da habilidade de criar novas memórias e absorver novas informações), com o uso de benzodiazepínicos em doses terapêuticas. Rivotril® pode precipitar o estado de mal epiléptico (crises epilépticas em sequência rápida). Fale com seu médico antes de aumentar a dose ou interromper abruptamente esta medicação. Abuso e dependência do medicamento O uso de benzodiazepínicos pode lev ar ao desenvolvime nto de dependê ncia física e psic ológica. O risco de dependência aumenta com a dose, tratamentos prolongados e em pacientes com história de abuso de álcool ou drogas. Em caso de dependência, especialmente com doses elevadas, a descontinuação brusca do tratamento"", ""aumenta com a dose, tratamentos prolongados e em pacientes com história de abuso de álcool ou drogas. Em caso de dependência, especialmente com doses elevadas, a descontinuação brusca do tratamento será acompanhada por sintomas de abstinência: psicoses, distúrbio comportamental, tremor, sudorese, agitação, distúrbios do sono e ansiedade, dor de cabeça, diarreia, dores musculares, câimbras, ansiedade extrema, tensão, cansaço, inquietação, alteração de humor, confusão, irritabilidade e convulsões epiléticas que podem ser associadas à doença de base. Em casos graves, desrealização (sentimentos de estranhamento ou distanciamento em relação ao ambiente), despersonalização (processo psíquico, em que se tem a impressão de que se é estranho a si mesmo), hipersensibilidade ao som, à luz, a ruídos e ao contato físico, sensações anormais, formigamentos, alucinações. O risco dos sintomas de abstinência é maior após descontinuação súbita do tratamento, portanto a retirada brusca do medicamento"", ""4. O QUE DEVO SABER ANTES DE USAR ESTE MEDICAMENTO? Antes de tomar Rivotril®, informe seu médico se você tem ou teve: 1) outros problemas de saúde, como doenças nos rins ou fígado (por exemplo: cirrose hepática), distúrbio neuromuscular ou respiratório, porfiria (doença em que ocorre deficiência de enzimas específicas na via da biossíntese do heme); 2) sinais ou sintomas de depressão e/ou tentativa de suicídio; 3) intolerância à galactose (açúcar) ou deficiência de lactase (enzima que quebra a lactose); 4) ataxia cerebelar ou espinhal (descoordenação dos movimentos por problema do cerebelo ou medula); 5) uso regular ou intoxicação aguda por álcool ou drogas. Pode ocorrer perda de efeito durante o tratamento com clonazepam. Não tome Rivotril® com álcool e/ou depressores do sistema nervoso ce ntral, essa combinação pode aumentar os efeitos de Rivotril®, com potencial sedação grave que pode resultar em coma ou morte, depressão cardiovascular e/ou respiratória. Caso ocorram reações""]",1.86,2.874
RIVOTRIL,Quais são as recomendações da bula sobre o uso de Rivotril® com alimentos e com álcool?,"Não há interação estabelecida com alimentos, mas o suco de toranja pode aumentar o efeito de Rivotril®. Já com álcool (e outros depressores do SNC), a combinação potencializa a sedação, podendo levar a coma ou depressão cardiorrespiratória grave; por isso, o uso concomitante deve ser evitado.",O QUE DEVO SABER ANTES DE USAR ESTE MEDICAMENTO?,ollama:medgemma:4b,"---
*Esta resposta se baseia apenas nos trechos da bula recuperados e não substitui orientação médica ou farmacêutica.*",,"O QUE DEVO SABER ANTES DE USAR ESTE MEDICAMENTO?, COMO DEVO USAR ESTE MEDICAMENTO?, O QUE DEVO SABER ANTES DE USAR ESTE MEDICAMENTO?",,"[""3 Este medicamento não deve ser utilizado por mulheres grávidas sem orientação médica ou do cirurgião- dentista. Rivotril® só deve ser administrado a gestantes se houver indicação absoluta e se os benefícios potenciais superarem os riscos para o feto. Rivotril® pode prejudicar seu bebê. Informe seu médico se estiver grávida ou se está tentando engravidar. O uso de altas dos es no último trimestre da gestação ou no trabalho de pa rto pode causar irregularidades no batimen to cardíaco do f eto e baixa tempera tura corpórea, f alta de tônus musc ular, depressão respiratória e dificuldade de sucção no bebê. Tanto a gestação quanto a suspensão de Rivotril® podem exacerbar a epilepsia. Informe seu médico se estiver amamentando. Se você realmente precisar tomar Rivotril®, a amamentação deve ser descontinuada. Uso em crianças Avaliar o risco / benefício do uso de Rivotril® a longo prazo em pacientes pediátr icos com distúrbios epilépticos. Rivotril® pode aumentar a salivação e as secreções brônquicas em lactentes e crianças pequenas. Atenção: manter as vias aéreas livres. Não há dados de eficácia / segurança de Rivotril® em menores de 18 anos com distúrbio do pânico. Uso em idosos Os efeitos dos benzodiazepínicos parecem ser maiores em pacientes idosos do que em pacientes mais jovens, mesmo em concentrações plasmáticas similares. Principais interações medicamentosas Informe seu médico se esti ver tomando outros medica mentos, incluindo as substâncias a seguir, pois elas podem interagir com Rivotril®: – Depressores do sistema nervoso central e álcool; – Medicamentos que agem no"", ""6. COMO DEVO USAR ESTE MEDICAMENTO? Tome os comprimidos por via oral com pouca quantidade de líquido não alcoólico. A dose de Rivotril® depende da doença, da resposta clínica, idade e tolerabilidade. Recomenda-se que o tratamento inicie com doses mais baixas, que podem ser aumentadas se necessário. Siga a orientação médica. Distúrbios epilépticos Adultos Dose inicial: não exceder 1,5 mg/dia, dividida em 3 doses. Aumentar a critério médico. Dose de manutenção: será definida pelo seu médico, de acordo com sua resposta. Dose diária máxima recomendada: 20 mg. Se você já usa outro anticonvulsivante, avise seu médico. Recém-nascidos e crianças até 10 anos de idade ou 30 kg de peso Dose inicial média: 0,01 a 0,03 mg/kg/dia. Não exceder 0,05 mg/kg/dia, dividido em 2 ou 3 doses diárias. Crianças entre 10 e 16 anos de idade: Dose inicial: 1 a 1,5 mg/dia, dividido em 2 a 3 doses. A dose pode ser aumentada, a critério médico, até atingir a dose de manutenção individual, usualmente de 3 a 6 mg/dia."", ""4. O QUE DEVO SABER ANTES DE USAR ESTE MEDICAMENTO? Antes de tomar Rivotril®, informe seu médico se você tem ou teve: 1) outros problemas de saúde, como doenças nos rins ou fígado (por exemplo: cirrose hepática), distúrbio neuromuscular ou respiratório, porfiria (doença em que ocorre deficiência de enzimas específicas na via da biossíntese do heme); 2) sinais ou sintomas de depressão e/ou tentativa de suicídio; 3) intolerância à galactose (açúcar) ou deficiência de lactase (enzima que quebra a lactose); 4) ataxia cerebelar ou espinhal (descoordenação dos movimentos por problema do cerebelo ou medula); 5) uso regular ou intoxicação aguda por álcool ou drogas. Pode ocorrer perda de efeito durante o tratamento com clonazepam. Não tome Rivotril® com álcool e/ou depressores do sistema nervoso ce ntral, essa combinação pode aumentar os efeitos de Rivotril®, com potencial sedação grave que pode resultar em coma ou morte, depressão cardiovascular e/ou respiratória. Caso ocorram reações"", ""3 Este medicamento não deve ser utilizado por mulheres grávidas sem orientação médica ou do cirurgião- dentista. Rivotril® só deve ser administrado a gestantes se houver indicação absoluta e se os benefícios potenciais superarem os riscos para o feto. Rivotril® pode prejudicar seu bebê. Informe seu médico se estiver grávida ou se está tentando engravidar. O uso de altas dos es no último trimestre da gestação ou no trabalho de pa rto pode causar irregularidades no batimen to cardíaco do f eto e baixa tempera tura corpórea, f alta de tônus musc ular, depressão respiratória e dificuldade de sucção no bebê. Tanto a gestação quanto a suspensão de Rivotril® podem exacerbar a epilepsia. Informe seu médico se estiver amamentando. Se você realmente precisar tomar Rivotril®, a amamentação deve ser descontinuada. Uso em crianças Avaliar o risco / benefício do uso de Rivotril® a longo prazo em pacientes pediátr icos com distúrbios epilépticos. Rivotril® pode aumentar a salivação e as secreções"", ""6. COMO DEVO USAR ESTE MEDICAMENTO? Tome os comprimidos por via oral com pouca quantidade de líquido não alcoólico. A dose de Rivotril® depende da doença, da resposta clínica, idade e tolerabilidade. Recomenda-se que o tratamento inicie com doses mais baixas, que podem ser aumentadas se necessário. Siga a orientação médica. Distúrbios epilépticos Adultos Dose inicial: não exceder 1,5 mg/dia, dividida em 3 doses. Aumentar a critério médico. Dose de manutenção: será definida pelo seu médico, de acordo com sua resposta. Dose diária máxima recomendada: 20 mg. Se você já usa outro anticonvulsivante, avise seu médico. Recém-nascidos e crianças até 10 anos de idade ou 30 kg de peso Dose inicial média: 0,01 a 0,03 mg/kg/dia. Não exceder 0,05 mg/kg/dia, dividido em 2 ou 3 doses diárias. Crianças entre 10 e 16 anos de idade: Dose inicial: 1 a 1,5 mg/dia, dividido em 2 a 3 doses. A dose pode ser aumentada, a critério médico, até atingir a dose de manutenção individual, usualmente de 3 a 6 mg/dia. Sempre que possível, dividir a dose diária em 3 doses iguais. Caso não seja possível, a maior dose deve ser tomada antes de deitar. Transtornos de ansiedade  Distúrbio do pânico: Adultos: - Dose inicial: 0,5 mg/dia, dividida em 2 doses. Pode-se aumentar a dose a critério médico. - Dose de manutenção: critério médico, de acordo com sua resposta. A dose tomada ao deitar reduz a inconveniência da sonolência e pode ser desejável no in ício do tratamento. A retirada deve ser gradual, até que o medicamento seja totalmente suspenso.  Como ansiolítico em geral: 0,25 mg a 4,0 mg/dia. Dose"", ""5 Instruções especiais de administração Rivotril® pode ser usado com outros antiepilépticos. Nesse caso, seu médico ajustará a dose de cada medicamento para atingir o efeito ideal. Não pare de tomar Rivotril® subitamente, você pode ter novas crises epilépticas. Somente seu médico poderá orientar a interrupção do tratamento reduzindo gradualmente a dose utilizada. Siga a orientação de seu médico, respeitando sempre os horários, as doses e a duração do tratamento. Não interrompa o tratamento sem o conhecimento do seu médico. 7. O QUE DEVO FAZER QUANDO EU ME ESQU ECER DE USAR ESTE MEDICAMENTO? Nunca dobre a dose na próxima tomada. Apenas continue com a próxima dose no tempo determinado. Em caso de dúvidas, procure orientação do farmacêutico, de seu médico ou cirurgião-dentista."", ""5 Instruções especiais de administração Rivotril® pode ser usado com outros antiepilépticos. Nesse caso, seu médico ajustará a dose de cada medicamento para atingir o efeito ideal. Não pare de tomar Rivotril® subitamente, você pode ter novas crises epilépticas. Somente seu médico poderá orientar a interrupção do tratamento reduzindo gradualmente a dose utilizada. Siga a orientação de seu médico, respeitando sempre os horários, as doses e a duração do tratamento. Não interrompa o tratamento sem o conhecimento do seu médico. 7. O QUE DEVO FAZER QUANDO EU ME ESQU ECER DE USAR ESTE MEDICAMENTO? Nunca dobre a dose na próxima tomada. Apenas continue com a próxima dose no tempo determinado. Em caso de dúvidas, procure orientação do farmacêutico, de seu médico ou cirurgião-dentista."", ""4. O QUE DEVO SABER ANTES DE USAR ESTE MEDICAMENTO? Antes de tomar Rivotril®, informe seu médico se você tem ou teve: 1) outros problemas de saúde, como doenças nos rins ou fígado (por exemplo: cirrose hepática), distúrbio neuromuscular ou respiratório, porfiria (doença em que ocorre deficiência de enzimas específicas na via da biossíntese do heme); 2) sinais ou sintomas de depressão e/ou tentativa de suicídio; 3) intolerância à galactose (açúcar) ou deficiência de lactase (enzima que quebra a lactose); 4) ataxia cerebelar ou espinhal (descoordenação dos movimentos por problema do cerebelo ou medula); 5) uso regular ou intoxicação aguda por álcool ou drogas. Pode ocorrer perda de efeito durante o tratamento com clonazepam. Não tome Rivotril® com álcool e/ou depressores do sistema nervoso ce ntral, essa combinação pode aumentar os efeitos de Rivotril®, com potencial sedação grave que pode resultar em coma ou morte, depressão cardiovascular e/ou respiratória. Caso ocorram reações paradoxais  durante o tratamento, fale com seu médico, pois o uso do medicamento deve ser descontinuado. Pode ocorrer amnésia anterógrada (perda da habilidade de criar novas memórias e absorver novas informações), com o uso de benzodiazepínicos em doses terapêuticas. Rivotril® pode precipitar o estado de mal epiléptico (crises epilépticas em sequência rápida). Fale com seu médico antes de aumentar a dose ou interromper abruptamente esta medicação. Abuso e dependência do medicamento O uso de benzodiazepínicos pode lev ar ao desenvolvime nto de dependê ncia física e psic ológica. O risco de dependência"", ""descontinuada. Uso em crianças Avaliar o risco / benefício do uso de Rivotril® a longo prazo em pacientes pediátr icos com distúrbios epilépticos. Rivotril® pode aumentar a salivação e as secreções brônquicas em lactentes e crianças pequenas. Atenção: manter as vias aéreas livres. Não há dados de eficácia / segurança de Rivotril® em menores de 18 anos com distúrbio do pânico. Uso em idosos Os efeitos dos benzodiazepínicos parecem ser maiores em pacientes idosos do que em pacientes mais jovens, mesmo em concentrações plasmáticas similares. Principais interações medicamentosas Informe seu médico se esti ver tomando outros medica mentos, incluindo as substâncias a seguir, pois elas podem interagir com Rivotril®: – Depressores do sistema nervoso central e álcool; – Medicamentos que agem no sistema nervoso: antidepressivos, medicamento s para dormir, alguns analgésicos, antipsicóticos, ansiolíticos, anticonvulsivantes; – Medicamentos para o estômago. Interações fármaco-alimento Interações"", ""mesmo em concentrações plasmáticas similares. Principais interações medicamentosas Informe seu médico se esti ver tomando outros medica mentos, incluindo as substâncias a seguir, pois elas podem interagir com Rivotril®: – Depressores do sistema nervoso central e álcool; – Medicamentos que agem no sistema nervoso: antidepressivos, medicamento s para dormir, alguns analgésicos, antipsicóticos, ansiolíticos, anticonvulsivantes; – Medicamentos para o estômago. Interações fármaco-alimento Interações com alimentos não foram estabelecidas. O suco de toranja pode aumentar o efeito de Rivotril®. Interações fármaco-laboratório Interações com testes laboratoriais não foram estabelecidas. Informe ao seu médico ou cirurgião-dentista se você está fazendo uso de algum outro medicamento. Não use medicamento sem o conhecimento do seu médico. Pode ser perigoso para a sua saúde."", ""nervoso: antidepressivos, medicamento s para dormir, alguns analgésicos, antipsicóticos, ansiolíticos, anticonvulsivantes; – Medicamentos para o estômago. Interações fármaco-alimento Interações com alimentos não foram estabelecidas. O suco de toranja pode aumentar o efeito de Rivotril®. Interações fármaco-laboratório Interações com testes laboratoriais não foram estabelecidas. Informe ao seu médico ou cirurgião-dentista se você está fazendo uso de algum outro medicamento. Não use medicamento sem o conhecimento do seu médico. Pode ser perigoso para a sua saúde."", ""ser evitada. O tratamento (mesmo de curta duração) deve ser interrompido pela redução gradativa da dose diária. Efeitos sobre a capacidade de dirigir e operar máquinas Clonazepam pode lentificar as reações, efeito agravado com o uso de álcool. Durante o tratamento, o paciente não deve dirigir veíc ulos ou operar máquinas, pois sua habilidade e atenção podem estar prejudicadas. Até o momento, não há informações de que Rivotril® cause doping. Em caso de dúvidas, consulte o seu médico. Gravidez e amamentação"", ""ce ntral, essa combinação pode aumentar os efeitos de Rivotril®, com potencial sedação grave que pode resultar em coma ou morte, depressão cardiovascular e/ou respiratória. Caso ocorram reações paradoxais  durante o tratamento, fale com seu médico, pois o uso do medicamento deve ser descontinuado. Pode ocorrer amnésia anterógrada (perda da habilidade de criar novas memórias e absorver novas informações), com o uso de benzodiazepínicos em doses terapêuticas. Rivotril® pode precipitar o estado de mal epiléptico (crises epilépticas em sequência rápida). Fale com seu médico antes de aumentar a dose ou interromper abruptamente esta medicação. Abuso e dependência do medicamento O uso de benzodiazepínicos pode lev ar ao desenvolvime nto de dependê ncia física e psic ológica. O risco de dependência aumenta com a dose, tratamentos prolongados e em pacientes com história de abuso de álcool ou drogas. Em caso de dependência, especialmente com doses elevadas, a descontinuação brusca do tratamento"", ""e ao contato físico, sensações anormais, formigamentos, alucinações. O risco dos sintomas de abstinência é maior após descontinuação súbita do tratamento, portanto a retirada brusca do medicamento deve ser evitada. O tratamento (mesmo de curta duração) deve ser interrompido pela redução gradativa da dose diária. Efeitos sobre a capacidade de dirigir e operar máquinas Clonazepam pode lentificar as reações, efeito agravado com o uso de álcool. Durante o tratamento, o paciente não deve dirigir veíc ulos ou operar máquinas, pois sua habilidade e atenção podem estar prejudicadas. Até o momento, não há informações de que Rivotril® cause doping. Em caso de dúvidas, consulte o seu médico. Gravidez e amamentação"", ""10 e 16 anos de idade: Dose inicial: 1 a 1,5 mg/dia, dividido em 2 a 3 doses. A dose pode ser aumentada, a critério médico, até atingir a dose de manutenção individual, usualmente de 3 a 6 mg/dia. Sempre que possível, dividir a dose diária em 3 doses iguais. Caso não seja possível, a maior dose deve ser tomada antes de deitar. Transtornos de ansiedade  Distúrbio do pânico: Adultos: - Dose inicial: 0,5 mg/dia, dividida em 2 doses. Pode-se aumentar a dose a critério médico. - Dose de manutenção: critério médico, de acordo com sua resposta. A dose tomada ao deitar reduz a inconveniência da sonolência e pode ser desejável no in ício do tratamento. A retirada deve ser gradual, até que o medicamento seja totalmente suspenso.  Como ansiolítico em geral: 0,25 mg a 4,0 mg/dia. Dose recomendada: 0,5 a 1,5 mg/dia (dividida em 3x/dia).  Fobia social: 0,25 mg/dia até 6,0 mg/dia (2,0 mg, 3x/dia). Dose recomendada: 1,0 a 2,5 mg/dia. Transtornos do humor  Transtorno afetivo bipolar (tratamento da""]",1.92,6.297
RIVOTRIL,Como a duração de ação do Rivotril® em adultos orienta a frequência de administração?,"Em adultos, o efeito de uma dose única inicia em 30–60 min e se estende por 8–12 horas. Por isso, na epilepsia, a dose diária total (até 1,5 mg inicialmente) é dividida em três tomadas diárias, distribuídas aproximadamente a cada 8 horas.","COMO ESTE MEDICAMENTO FUNCIONA?

COMO DEVO USAR ESTE MEDICAMENTO?",ollama:medgemma:4b,"hydrogens, and the number of electrons in the outermost shell.

---
*Esta resposta se baseia apenas nos trechos da bula recuperados e não substitui orientação médica ou farmacêutica.*","hydrogens, and the number of electrons in the outermost shell.","O QUE DEVO SABER ANTES DE USAR ESTE MEDICAMENTO?, COMO DEVO USAR ESTE MEDICAMENTO?, QUANDO NÃO DEVO USAR ESTE MEDICAMENTO?",,"[""6. COMO DEVO USAR ESTE MEDICAMENTO? Tome os comprimidos por via oral com pouca quantidade de líquido não alcoólico. A dose de Rivotril® depende da doença, da resposta clínica, idade e tolerabilidade. Recomenda-se que o tratamento inicie com doses mais baixas, que podem ser aumentadas se necessário. Siga a orientação médica. Distúrbios epilépticos Adultos Dose inicial: não exceder 1,5 mg/dia, dividida em 3 doses. Aumentar a critério médico. Dose de manutenção: será definida pelo seu médico, de acordo com sua resposta. Dose diária máxima recomendada: 20 mg. Se você já usa outro anticonvulsivante, avise seu médico. Recém-nascidos e crianças até 10 anos de idade ou 30 kg de peso Dose inicial média: 0,01 a 0,03 mg/kg/dia. Não exceder 0,05 mg/kg/dia, dividido em 2 ou 3 doses diárias. Crianças entre 10 e 16 anos de idade: Dose inicial: 1 a 1,5 mg/dia, dividido em 2 a 3 doses. A dose pode ser aumentada, a critério médico, até atingir a dose de manutenção individual, usualmente de 3 a 6 mg/dia."", ""6. COMO DEVO USAR ESTE MEDICAMENTO? Tome os comprimidos por via oral com pouca quantidade de líquido não alcoólico. A dose de Rivotril® depende da doença, da resposta clínica, idade e tolerabilidade. Recomenda-se que o tratamento inicie com doses mais baixas, que podem ser aumentadas se necessário. Siga a orientação médica. Distúrbios epilépticos Adultos Dose inicial: não exceder 1,5 mg/dia, dividida em 3 doses. Aumentar a critério médico. Dose de manutenção: será definida pelo seu médico, de acordo com sua resposta. Dose diária máxima recomendada: 20 mg. Se você já usa outro anticonvulsivante, avise seu médico. Recém-nascidos e crianças até 10 anos de idade ou 30 kg de peso Dose inicial média: 0,01 a 0,03 mg/kg/dia. Não exceder 0,05 mg/kg/dia, dividido em 2 ou 3 doses diárias. Crianças entre 10 e 16 anos de idade: Dose inicial: 1 a 1,5 mg/dia, dividido em 2 a 3 doses. A dose pode ser aumentada, a critério médico, até atingir a dose de manutenção individual, usualmente de 3 a 6 mg/dia. Sempre que possível, dividir a dose diária em 3 doses iguais. Caso não seja possível, a maior dose deve ser tomada antes de deitar. Transtornos de ansiedade  Distúrbio do pânico: Adultos: - Dose inicial: 0,5 mg/dia, dividida em 2 doses. Pode-se aumentar a dose a critério médico. - Dose de manutenção: critério médico, de acordo com sua resposta. A dose tomada ao deitar reduz a inconveniência da sonolência e pode ser desejável no in ício do tratamento. A retirada deve ser gradual, até que o medicamento seja totalmente suspenso.  Como ansiolítico em geral: 0,25 mg a 4,0 mg/dia. Dose"", ""descontinuada. Uso em crianças Avaliar o risco / benefício do uso de Rivotril® a longo prazo em pacientes pediátr icos com distúrbios epilépticos. Rivotril® pode aumentar a salivação e as secreções brônquicas em lactentes e crianças pequenas. Atenção: manter as vias aéreas livres. Não há dados de eficácia / segurança de Rivotril® em menores de 18 anos com distúrbio do pânico. Uso em idosos Os efeitos dos benzodiazepínicos parecem ser maiores em pacientes idosos do que em pacientes mais jovens, mesmo em concentrações plasmáticas similares. Principais interações medicamentosas Informe seu médico se esti ver tomando outros medica mentos, incluindo as substâncias a seguir, pois elas podem interagir com Rivotril®: – Depressores do sistema nervoso central e álcool; – Medicamentos que agem no sistema nervoso: antidepressivos, medicamento s para dormir, alguns analgésicos, antipsicóticos, ansiolíticos, anticonvulsivantes; – Medicamentos para o estômago. Interações fármaco-alimento Interações"", ""5 Instruções especiais de administração Rivotril® pode ser usado com outros antiepilépticos. Nesse caso, seu médico ajustará a dose de cada medicamento para atingir o efeito ideal. Não pare de tomar Rivotril® subitamente, você pode ter novas crises epilépticas. Somente seu médico poderá orientar a interrupção do tratamento reduzindo gradualmente a dose utilizada. Siga a orientação de seu médico, respeitando sempre os horários, as doses e a duração do tratamento. Não interrompa o tratamento sem o conhecimento do seu médico. 7. O QUE DEVO FAZER QUANDO EU ME ESQU ECER DE USAR ESTE MEDICAMENTO? Nunca dobre a dose na próxima tomada. Apenas continue com a próxima dose no tempo determinado. Em caso de dúvidas, procure orientação do farmacêutico, de seu médico ou cirurgião-dentista."", ""5 Instruções especiais de administração Rivotril® pode ser usado com outros antiepilépticos. Nesse caso, seu médico ajustará a dose de cada medicamento para atingir o efeito ideal. Não pare de tomar Rivotril® subitamente, você pode ter novas crises epilépticas. Somente seu médico poderá orientar a interrupção do tratamento reduzindo gradualmente a dose utilizada. Siga a orientação de seu médico, respeitando sempre os horários, as doses e a duração do tratamento. Não interrompa o tratamento sem o conhecimento do seu médico. 7. O QUE DEVO FAZER QUANDO EU ME ESQU ECER DE USAR ESTE MEDICAMENTO? Nunca dobre a dose na próxima tomada. Apenas continue com a próxima dose no tempo determinado. Em caso de dúvidas, procure orientação do farmacêutico, de seu médico ou cirurgião-dentista."", ""3 Este medicamento não deve ser utilizado por mulheres grávidas sem orientação médica ou do cirurgião- dentista. Rivotril® só deve ser administrado a gestantes se houver indicação absoluta e se os benefícios potenciais superarem os riscos para o feto. Rivotril® pode prejudicar seu bebê. Informe seu médico se estiver grávida ou se está tentando engravidar. O uso de altas dos es no último trimestre da gestação ou no trabalho de pa rto pode causar irregularidades no batimen to cardíaco do f eto e baixa tempera tura corpórea, f alta de tônus musc ular, depressão respiratória e dificuldade de sucção no bebê. Tanto a gestação quanto a suspensão de Rivotril® podem exacerbar a epilepsia. Informe seu médico se estiver amamentando. Se você realmente precisar tomar Rivotril®, a amamentação deve ser descontinuada. Uso em crianças Avaliar o risco / benefício do uso de Rivotril® a longo prazo em pacientes pediátr icos com distúrbios epilépticos. Rivotril® pode aumentar a salivação e as secreções brônquicas em lactentes e crianças pequenas. Atenção: manter as vias aéreas livres. Não há dados de eficácia / segurança de Rivotril® em menores de 18 anos com distúrbio do pânico. Uso em idosos Os efeitos dos benzodiazepínicos parecem ser maiores em pacientes idosos do que em pacientes mais jovens, mesmo em concentrações plasmáticas similares. Principais interações medicamentosas Informe seu médico se esti ver tomando outros medica mentos, incluindo as substâncias a seguir, pois elas podem interagir com Rivotril®: – Depressores do sistema nervoso central e álcool; – Medicamentos que agem no"", ""3 Este medicamento não deve ser utilizado por mulheres grávidas sem orientação médica ou do cirurgião- dentista. Rivotril® só deve ser administrado a gestantes se houver indicação absoluta e se os benefícios potenciais superarem os riscos para o feto. Rivotril® pode prejudicar seu bebê. Informe seu médico se estiver grávida ou se está tentando engravidar. O uso de altas dos es no último trimestre da gestação ou no trabalho de pa rto pode causar irregularidades no batimen to cardíaco do f eto e baixa tempera tura corpórea, f alta de tônus musc ular, depressão respiratória e dificuldade de sucção no bebê. Tanto a gestação quanto a suspensão de Rivotril® podem exacerbar a epilepsia. Informe seu médico se estiver amamentando. Se você realmente precisar tomar Rivotril®, a amamentação deve ser descontinuada. Uso em crianças Avaliar o risco / benefício do uso de Rivotril® a longo prazo em pacientes pediátr icos com distúrbios epilépticos. Rivotril® pode aumentar a salivação e as secreções"", ""3. QUANDO NÃO DEVO USAR ESTE MEDICAMENTO? Rivotril® é contraindicado a pacientes com hipersensibilidade conhecida a clonazepam ou a qualquer dos excipientes do medicamento, em pacientes com insuficiência respiratória grave ou comprometimento do fígado grave, pois os benzodiazepínicos podem lev ar à ocorrência de comprome timento do sistema nervoso, secundário ao problema no fígado. Rivotril® comprimidos e Rivotril® gotas são contraindicados para o tratamento de transtornos do pânico em pacientes com histórico médico de apneia do sono. Rivotril® é contraindicado a pacientes com glaucoma agudo de ângulo fechado. Rivotril® pode ser usado por pacientes com glaucoma de ângulo aberto, desde que estejam recebendo terapia apropriada."", ""3. QUANDO NÃO DEVO USAR ESTE MEDICAMENTO? Rivotril® é contraindicado a pacientes com hipersensibilidade conhecida a clonazepam ou a qualquer dos excipientes do medicamento, em pacientes com insuficiência respiratória grave ou comprometimento do fígado grave, pois os benzodiazepínicos podem lev ar à ocorrência de comprome timento do sistema nervoso, secundário ao problema no fígado. Rivotril® comprimidos e Rivotril® gotas são contraindicados para o tratamento de transtornos do pânico em pacientes com histórico médico de apneia do sono. Rivotril® é contraindicado a pacientes com glaucoma agudo de ângulo fechado. Rivotril® pode ser usado por pacientes com glaucoma de ângulo aberto, desde que estejam recebendo terapia apropriada."", ""ce ntral, essa combinação pode aumentar os efeitos de Rivotril®, com potencial sedação grave que pode resultar em coma ou morte, depressão cardiovascular e/ou respiratória. Caso ocorram reações paradoxais  durante o tratamento, fale com seu médico, pois o uso do medicamento deve ser descontinuado. Pode ocorrer amnésia anterógrada (perda da habilidade de criar novas memórias e absorver novas informações), com o uso de benzodiazepínicos em doses terapêuticas. Rivotril® pode precipitar o estado de mal epiléptico (crises epilépticas em sequência rápida). Fale com seu médico antes de aumentar a dose ou interromper abruptamente esta medicação. Abuso e dependência do medicamento O uso de benzodiazepínicos pode lev ar ao desenvolvime nto de dependê ncia física e psic ológica. O risco de dependência aumenta com a dose, tratamentos prolongados e em pacientes com história de abuso de álcool ou drogas. Em caso de dependência, especialmente com doses elevadas, a descontinuação brusca do tratamento"", ""4. O QUE DEVO SABER ANTES DE USAR ESTE MEDICAMENTO? Antes de tomar Rivotril®, informe seu médico se você tem ou teve: 1) outros problemas de saúde, como doenças nos rins ou fígado (por exemplo: cirrose hepática), distúrbio neuromuscular ou respiratório, porfiria (doença em que ocorre deficiência de enzimas específicas na via da biossíntese do heme); 2) sinais ou sintomas de depressão e/ou tentativa de suicídio; 3) intolerância à galactose (açúcar) ou deficiência de lactase (enzima que quebra a lactose); 4) ataxia cerebelar ou espinhal (descoordenação dos movimentos por problema do cerebelo ou medula); 5) uso regular ou intoxicação aguda por álcool ou drogas. Pode ocorrer perda de efeito durante o tratamento com clonazepam. Não tome Rivotril® com álcool e/ou depressores do sistema nervoso ce ntral, essa combinação pode aumentar os efeitos de Rivotril®, com potencial sedação grave que pode resultar em coma ou morte, depressão cardiovascular e/ou respiratória. Caso ocorram reações paradoxais  durante o tratamento, fale com seu médico, pois o uso do medicamento deve ser descontinuado. Pode ocorrer amnésia anterógrada (perda da habilidade de criar novas memórias e absorver novas informações), com o uso de benzodiazepínicos em doses terapêuticas. Rivotril® pode precipitar o estado de mal epiléptico (crises epilépticas em sequência rápida). Fale com seu médico antes de aumentar a dose ou interromper abruptamente esta medicação. Abuso e dependência do medicamento O uso de benzodiazepínicos pode lev ar ao desenvolvime nto de dependê ncia física e psic ológica. O risco de dependência"", ""ser evitada. O tratamento (mesmo de curta duração) deve ser interrompido pela redução gradativa da dose diária. Efeitos sobre a capacidade de dirigir e operar máquinas Clonazepam pode lentificar as reações, efeito agravado com o uso de álcool. Durante o tratamento, o paciente não deve dirigir veíc ulos ou operar máquinas, pois sua habilidade e atenção podem estar prejudicadas. Até o momento, não há informações de que Rivotril® cause doping. Em caso de dúvidas, consulte o seu médico. Gravidez e amamentação"", ""e ao contato físico, sensações anormais, formigamentos, alucinações. O risco dos sintomas de abstinência é maior após descontinuação súbita do tratamento, portanto a retirada brusca do medicamento deve ser evitada. O tratamento (mesmo de curta duração) deve ser interrompido pela redução gradativa da dose diária. Efeitos sobre a capacidade de dirigir e operar máquinas Clonazepam pode lentificar as reações, efeito agravado com o uso de álcool. Durante o tratamento, o paciente não deve dirigir veíc ulos ou operar máquinas, pois sua habilidade e atenção podem estar prejudicadas. Até o momento, não há informações de que Rivotril® cause doping. Em caso de dúvidas, consulte o seu médico. Gravidez e amamentação"", ""4. O QUE DEVO SABER ANTES DE USAR ESTE MEDICAMENTO? Antes de tomar Rivotril®, informe seu médico se você tem ou teve: 1) outros problemas de saúde, como doenças nos rins ou fígado (por exemplo: cirrose hepática), distúrbio neuromuscular ou respiratório, porfiria (doença em que ocorre deficiência de enzimas específicas na via da biossíntese do heme); 2) sinais ou sintomas de depressão e/ou tentativa de suicídio; 3) intolerância à galactose (açúcar) ou deficiência de lactase (enzima que quebra a lactose); 4) ataxia cerebelar ou espinhal (descoordenação dos movimentos por problema do cerebelo ou medula); 5) uso regular ou intoxicação aguda por álcool ou drogas. Pode ocorrer perda de efeito durante o tratamento com clonazepam. Não tome Rivotril® com álcool e/ou depressores do sistema nervoso ce ntral, essa combinação pode aumentar os efeitos de Rivotril®, com potencial sedação grave que pode resultar em coma ou morte, depressão cardiovascular e/ou respiratória. Caso ocorram reações"", ""10 e 16 anos de idade: Dose inicial: 1 a 1,5 mg/dia, dividido em 2 a 3 doses. A dose pode ser aumentada, a critério médico, até atingir a dose de manutenção individual, usualmente de 3 a 6 mg/dia. Sempre que possível, dividir a dose diária em 3 doses iguais. Caso não seja possível, a maior dose deve ser tomada antes de deitar. Transtornos de ansiedade  Distúrbio do pânico: Adultos: - Dose inicial: 0,5 mg/dia, dividida em 2 doses. Pode-se aumentar a dose a critério médico. - Dose de manutenção: critério médico, de acordo com sua resposta. A dose tomada ao deitar reduz a inconveniência da sonolência e pode ser desejável no in ício do tratamento. A retirada deve ser gradual, até que o medicamento seja totalmente suspenso.  Como ansiolítico em geral: 0,25 mg a 4,0 mg/dia. Dose recomendada: 0,5 a 1,5 mg/dia (dividida em 3x/dia).  Fobia social: 0,25 mg/dia até 6,0 mg/dia (2,0 mg, 3x/dia). Dose recomendada: 1,0 a 2,5 mg/dia. Transtornos do humor  Transtorno afetivo bipolar (tratamento da""]",1.765,2.531
TYLENOL,Crianças menores de 12 anos podem usar TYLENOL®?,"Não. Este medicamento é contraindicado para menores de 12 anos e, portanto, não deve ser administrado a essa faixa etária.","QUANDO NÃO DEVO USAR ESTE MEDICAMENTO?

COMO DEVO USAR ESTE MEDICAMENTO?",ollama:medgemma:4b,"Na bula consultada de TYLENOL, não constam informações sobre essa pergunta.

---
*Esta resposta se baseia apenas nos trechos da bula recuperados e não substitui orientação médica ou farmacêutica.*","Na bula consultada de TYLENOL, não constam informações sobre essa pergunta.","O QUE DEVO SABER ANTES DE USAR ESTE MEDICAMENTO?, QUANDO NÃO DEVO USAR ESTE MEDICAMENTO?, COMO DEVO USAR ESTE MEDICAMENTO?",,"[""3. QUANDO NÃO DEVO USAR ESTE MEDICAMENTO? Você não deve usar TYLENOL® se possuir alergia ao paracetamol ou a qualquer componente de sua fórmula. Este medicamento é contraindicado para menores de 12 anos."", ""3. QUANDO NÃO DEVO USAR ESTE MEDICAMENTO? Você não deve usar TYLENOL® se possuir alergia ao paracetamol ou a qualquer componente de sua fórmula. Este medicamento é contraindicado para menores de 12 anos."", ""6. COMO DEVO USAR ESTE MEDICAMENTO? Uso oral. Você deve tomar os comprimidos com líquido. O paracetamol pode ser administrado independentemente das refeições. Adultos e crianças acima de 12 anos: TYLENOL® 500 mg: 1 a 2 comprimidos, 3 a 4 vezes ao dia. TYLENOL® 750 mg: 1 comprimido, 3 a 5 vezes ao dia. A dose diária máxima recomendada de paracetamol é de 4000 mg ( 8 comprimidos de TYLENOL® 500 mg ou 5 comprimidos de TYLENOL® 750 mg) administrada em doses fracionadas, não excedendo 1000 mg/dose ( 2 comprimidos de TYLENOL ® 500 mg ou 1 comprimido de TYLENOL® 750 mg), em intervalos de 4 a 6 horas, em um período de 24 horas. Duração do tratamento: depende do desaparecimento dos sintomas. Este medicamento não pode ser partido, aberto ou mastigado. Siga corretamente o modo de usar. Em caso de dúvidas sobre este medicamento, procure orientação do farmacêutico. Não desaparecendo os sintomas, procure orientação médica ou de seu cirurgião-dentista."", ""6. COMO DEVO USAR ESTE MEDICAMENTO? Uso oral. Você deve tomar os comprimidos com líquido. O paracetamol pode ser administrado independentemente das refeições. Adultos e crianças acima de 12 anos: TYLENOL® 500 mg: 1 a 2 comprimidos, 3 a 4 vezes ao dia. TYLENOL® 750 mg: 1 comprimido, 3 a 5 vezes ao dia. A dose diária máxima recomendada de paracetamol é de 4000 mg ( 8 comprimidos de TYLENOL® 500 mg ou 5 comprimidos de TYLENOL® 750 mg) administrada em doses fracionadas, não excedendo 1000 mg/dose ( 2 comprimidos de TYLENOL ® 500 mg ou 1 comprimido de TYLENOL® 750 mg), em intervalos de 4 a 6 horas, em um período de 24 horas. Duração do tratamento: depende do desaparecimento dos sintomas. Este medicamento não pode ser partido, aberto ou mastigado. Siga corretamente o modo de usar. Em caso de dúvidas sobre este medicamento, procure orientação do farmacêutico. Não desaparecendo os sintomas, procure orientação médica ou de seu cirurgião-dentista."", ""TYLENOL® - Paciente Você não deve tomar mais do que a dose recomendada (superdose) para provocar maior alívio, pois pode causar sérios problemas de saúde. Você deve consultar seu médico se a dor ou febre continuarem ou piorarem, ou se surgirem novos sintomas, pois estes sintomas podem ser sinais de doenças graves. Uso com álcool: consumidores de doses abusivas de álcool devem consultar seu médico para saber se podem tomar TYLENOL® ou qualquer outro analgésico. Gravidez e Amamentação Se você estiver grávida ou amamentando, consulte o seu médico antes de usar este medicamento. Este medicamento não deve ser utilizado por mulheres grávidas sem orientação médica ou do cirurgião-dentista. Uso em pacientes com problemas no fígado: Consulte seu médico antes de usar o medicamento. Uso em idosos: Até o momento não são conhecidas restrições específicas ao uso de TYLENOL® por pacientes idosos. Não existe necessidade de ajuste de dose neste grupo etário. Muito raramente, foram relatadas reações cutâneas graves em pacientes que administraram paracetamol. Os sintomas podem incluir: vermelhidão na pele, bolhas e erupções cutâneas. Se ocorrerem reações cutâneas ou piora de problemas de pele já existentes, interrompa o uso do medicamento e procure ajuda médica imediatamente. Não use outro produto que contenha paracetamol. O paracetamol nas doses terapêuticas não foi associado à irritação gástrica. Se você tem pressão alta, não use este produto por mais tempo do que o indicado no rótulo, a menos que indicado por um médico. A absorção de TYLENOL® é mais rápida se você estiver em jejum. Os"", ""Até o momento não são conhecidas restrições específicas ao uso de TYLENOL® por pacientes idosos. Não existe necessidade de ajuste de dose neste grupo etário. Muito raramente, foram relatadas reações cutâneas graves em pacientes que administraram paracetamol. Os sintomas podem incluir: vermelhidão na pele, bolhas e erupções cutâneas. Se ocorrerem reações cutâneas ou piora de problemas de pele já existentes, interrompa o uso do medicamento e procure ajuda médica imediatamente. Não use outro produto que contenha paracetamol. O paracetamol nas doses terapêuticas não foi associado à irritação gástrica. Se você tem pressão alta, não use este produto por mais tempo do que o indicado no rótulo, a menos que indicado por um médico. A absorção de TYLENOL® é mais rápida se você estiver em jejum. Os alimentos podem afetar a velocidade da absorção, mas não a quantidade absorvida do medicamento. A interferência do paracetamol na metabolização de outros medicamentos e a influência destes medicamentos"", ""TYLENOL® - Paciente Você não deve tomar mais do que a dose recomendada (superdose) para provocar maior alívio, pois pode causar sérios problemas de saúde. Você deve consultar seu médico se a dor ou febre continuarem ou piorarem, ou se surgirem novos sintomas, pois estes sintomas podem ser sinais de doenças graves. Uso com álcool: consumidores de doses abusivas de álcool devem consultar seu médico para saber se podem tomar TYLENOL® ou qualquer outro analgésico. Gravidez e Amamentação Se você estiver grávida ou amamentando, consulte o seu médico antes de usar este medicamento. Este medicamento não deve ser utilizado por mulheres grávidas sem orientação médica ou do cirurgião-dentista. Uso em pacientes com problemas no fígado: Consulte seu médico antes de usar o medicamento. Uso em idosos: Até o momento não são conhecidas restrições específicas ao uso de TYLENOL® por pacientes idosos. Não existe necessidade de ajuste de dose neste grupo etário. Muito raramente, foram relatadas reações"", ""que contenha paracetamol. O paracetamol nas doses terapêuticas não foi associado à irritação gástrica. Se você tem pressão alta, não use este produto por mais tempo do que o indicado no rótulo, a menos que indicado por um médico. A absorção de TYLENOL® é mais rápida se você estiver em jejum. Os alimentos podem afetar a velocidade da absorção, mas não a quantidade absorvida do medicamento. A interferência do paracetamol na metabolização de outros medicamentos e a influência destes medicamentos na ação e na toxicidade do paracetamol, em geral, não são relevantes. Consulte seu médico antes de utilizar este medicamento se você está tomando flucloxacilina (penicilina - um antibiótico), varfarina (anticoagulante) ou outros derivados cumarínicos. Informe ao seu médico ou cirurgião-dentista se você está fazendo uso de algum outro medicamento."", ""4. O QUE DEVO SABER ANTES DE USAR ESTE MEDICAMENTO?"", ""4. O QUE DEVO SABER ANTES DE USAR ESTE MEDICAMENTO?"", ""podem afetar a velocidade da absorção, mas não a quantidade absorvida do medicamento. A interferência do paracetamol na metabolização de outros medicamentos e a influência destes medicamentos na ação e na toxicidade do paracetamol, em geral, não são relevantes. Consulte seu médico antes de utilizar este medicamento se você está tomando flucloxacilina (penicilina - um antibiótico), varfarina (anticoagulante) ou outros derivados cumarínicos. Informe ao seu médico ou cirurgião-dentista se você está fazendo uso de algum outro medicamento.""]",1.78,2.236
TYLENOL,Qual é a dose diária máxima recomendada de TYLENOL® e por que não se deve ultrapassar esse limite?,"A dose diária máxima é de 4.000 mg de paracetamol (até 8 comprimidos de 500 mg ou 5 de 750 mg), administrada em doses fracionadas, não excedendo 1.000 mg a cada 4–6 horas. Ultrapassar esse limite pode causar danos ao fígado devido ao risco de superdose hepatotóxica.","COMO DEVO USAR ESTE MEDICAMENTO?

O QUE FAZER SE ALGUÉM USAR UMA QUANTIDADE MAIOR DO QUE A
INDICADA DESTE MEDICAMENTO?",ollama:medgemma:4b,"A dose diária máxima recomendada de TYLENOL® é de 4000 mg (8 comprimidos de TYLENOL® 500 mg ou 5 comprimidos de TYLENOL® 750 mg) administrada em doses fracionadas, não excedendo 1000 mg/dose (2 comprimidos de TYLENOL® 500 mg ou 1 comprimido de TYLENOL® 750 mg), em intervalos de 4 a 6 horas, em um período de 24 horas. Não se deve ultrapassar esse limite porque a superdose de paracetamol pode causar sérios problemas de saúde, incluindo danos ao fígado e, em casos graves, até a morte.

---
*Esta resposta se baseia apenas nos trechos da bula recuperados e não substitui orientação médica ou farmacêutica.*","A dose diária máxima recomendada de TYLENOL® é de 4000 mg (8 comprimidos de TYLENOL® 500 mg ou 5 comprimidos de TYLENOL® 750 mg) administrada em doses fracionadas, não excedendo 1000 mg/dose (2 comprimidos de TYLENOL® 500 mg ou 1 comprimido de TYLENOL® 750 mg), em intervalos de 4 a 6 horas, em um período de 24 horas. Não se deve ultrapassar esse limite porque a superdose de paracetamol pode causar sérios problemas de saúde, incluindo danos ao fígado e, em casos graves, até a morte.","O QUE DEVO SABER ANTES DE USAR ESTE MEDICAMENTO?, COMO DEVO USAR ESTE MEDICAMENTO?, QUAIS OS MALES QUE ESTE MEDICAMENTO PODE ME CAUSAR?",,"[""TYLENOL® - Paciente Você não deve tomar mais do que a dose recomendada (superdose) para provocar maior alívio, pois pode causar sérios problemas de saúde. Você deve consultar seu médico se a dor ou febre continuarem ou piorarem, ou se surgirem novos sintomas, pois estes sintomas podem ser sinais de doenças graves. Uso com álcool: consumidores de doses abusivas de álcool devem consultar seu médico para saber se podem tomar TYLENOL® ou qualquer outro analgésico. Gravidez e Amamentação Se você estiver grávida ou amamentando, consulte o seu médico antes de usar este medicamento. Este medicamento não deve ser utilizado por mulheres grávidas sem orientação médica ou do cirurgião-dentista. Uso em pacientes com problemas no fígado: Consulte seu médico antes de usar o medicamento. Uso em idosos: Até o momento não são conhecidas restrições específicas ao uso de TYLENOL® por pacientes idosos. Não existe necessidade de ajuste de dose neste grupo etário. Muito raramente, foram relatadas reações cutâneas graves em pacientes que administraram paracetamol. Os sintomas podem incluir: vermelhidão na pele, bolhas e erupções cutâneas. Se ocorrerem reações cutâneas ou piora de problemas de pele já existentes, interrompa o uso do medicamento e procure ajuda médica imediatamente. Não use outro produto que contenha paracetamol. O paracetamol nas doses terapêuticas não foi associado à irritação gástrica. Se você tem pressão alta, não use este produto por mais tempo do que o indicado no rótulo, a menos que indicado por um médico. A absorção de TYLENOL® é mais rápida se você estiver em jejum. Os"", ""TYLENOL® - Paciente Você não deve tomar mais do que a dose recomendada (superdose) para provocar maior alívio, pois pode causar sérios problemas de saúde. Você deve consultar seu médico se a dor ou febre continuarem ou piorarem, ou se surgirem novos sintomas, pois estes sintomas podem ser sinais de doenças graves. Uso com álcool: consumidores de doses abusivas de álcool devem consultar seu médico para saber se podem tomar TYLENOL® ou qualquer outro analgésico. Gravidez e Amamentação Se você estiver grávida ou amamentando, consulte o seu médico antes de usar este medicamento. Este medicamento não deve ser utilizado por mulheres grávidas sem orientação médica ou do cirurgião-dentista. Uso em pacientes com problemas no fígado: Consulte seu médico antes de usar o medicamento. Uso em idosos: Até o momento não são conhecidas restrições específicas ao uso de TYLENOL® por pacientes idosos. Não existe necessidade de ajuste de dose neste grupo etário. Muito raramente, foram relatadas reações"", ""6. COMO DEVO USAR ESTE MEDICAMENTO? Uso oral. Você deve tomar os comprimidos com líquido. O paracetamol pode ser administrado independentemente das refeições. Adultos e crianças acima de 12 anos: TYLENOL® 500 mg: 1 a 2 comprimidos, 3 a 4 vezes ao dia. TYLENOL® 750 mg: 1 comprimido, 3 a 5 vezes ao dia. A dose diária máxima recomendada de paracetamol é de 4000 mg ( 8 comprimidos de TYLENOL® 500 mg ou 5 comprimidos de TYLENOL® 750 mg) administrada em doses fracionadas, não excedendo 1000 mg/dose ( 2 comprimidos de TYLENOL ® 500 mg ou 1 comprimido de TYLENOL® 750 mg), em intervalos de 4 a 6 horas, em um período de 24 horas. Duração do tratamento: depende do desaparecimento dos sintomas. Este medicamento não pode ser partido, aberto ou mastigado. Siga corretamente o modo de usar. Em caso de dúvidas sobre este medicamento, procure orientação do farmacêutico. Não desaparecendo os sintomas, procure orientação médica ou de seu cirurgião-dentista."", ""6. COMO DEVO USAR ESTE MEDICAMENTO? Uso oral. Você deve tomar os comprimidos com líquido. O paracetamol pode ser administrado independentemente das refeições. Adultos e crianças acima de 12 anos: TYLENOL® 500 mg: 1 a 2 comprimidos, 3 a 4 vezes ao dia. TYLENOL® 750 mg: 1 comprimido, 3 a 5 vezes ao dia. A dose diária máxima recomendada de paracetamol é de 4000 mg ( 8 comprimidos de TYLENOL® 500 mg ou 5 comprimidos de TYLENOL® 750 mg) administrada em doses fracionadas, não excedendo 1000 mg/dose ( 2 comprimidos de TYLENOL ® 500 mg ou 1 comprimido de TYLENOL® 750 mg), em intervalos de 4 a 6 horas, em um período de 24 horas. Duração do tratamento: depende do desaparecimento dos sintomas. Este medicamento não pode ser partido, aberto ou mastigado. Siga corretamente o modo de usar. Em caso de dúvidas sobre este medicamento, procure orientação do farmacêutico. Não desaparecendo os sintomas, procure orientação médica ou de seu cirurgião-dentista."", ""Até o momento não são conhecidas restrições específicas ao uso de TYLENOL® por pacientes idosos. Não existe necessidade de ajuste de dose neste grupo etário. Muito raramente, foram relatadas reações cutâneas graves em pacientes que administraram paracetamol. Os sintomas podem incluir: vermelhidão na pele, bolhas e erupções cutâneas. Se ocorrerem reações cutâneas ou piora de problemas de pele já existentes, interrompa o uso do medicamento e procure ajuda médica imediatamente. Não use outro produto que contenha paracetamol. O paracetamol nas doses terapêuticas não foi associado à irritação gástrica. Se você tem pressão alta, não use este produto por mais tempo do que o indicado no rótulo, a menos que indicado por um médico. A absorção de TYLENOL® é mais rápida se você estiver em jejum. Os alimentos podem afetar a velocidade da absorção, mas não a quantidade absorvida do medicamento. A interferência do paracetamol na metabolização de outros medicamentos e a influência destes medicamentos"", ""que contenha paracetamol. O paracetamol nas doses terapêuticas não foi associado à irritação gástrica. Se você tem pressão alta, não use este produto por mais tempo do que o indicado no rótulo, a menos que indicado por um médico. A absorção de TYLENOL® é mais rápida se você estiver em jejum. Os alimentos podem afetar a velocidade da absorção, mas não a quantidade absorvida do medicamento. A interferência do paracetamol na metabolização de outros medicamentos e a influência destes medicamentos na ação e na toxicidade do paracetamol, em geral, não são relevantes. Consulte seu médico antes de utilizar este medicamento se você está tomando flucloxacilina (penicilina - um antibiótico), varfarina (anticoagulante) ou outros derivados cumarínicos. Informe ao seu médico ou cirurgião-dentista se você está fazendo uso de algum outro medicamento."", ""8. QUAIS OS MALES QUE ESTE MEDICAMENTO PODE ME CAUSAR? Este medicamento pode causar algumas reações desagradáveis inesperadas. Caso você tenha uma reação alérgica, deve parar de tomar o medicamento. \n TYLENOL® - Paciente Reação muito rara (ocorre em menos de 0,01% dos pacientes que utilizam este medicamento): urticária, coceira e vermelhidão no corpo, reações alérgicas a este medicamento, aumento das transaminases e erupção fixa medicamentosa. Informe ao seu médico, cirurgião -dentista ou farmacêutico o aparecimento de reações indesejáveis pelo uso do medicamento. Informe também à empresa através do seu serviço de atendimento."", ""8. QUAIS OS MALES QUE ESTE MEDICAMENTO PODE ME CAUSAR? Este medicamento pode causar algumas reações desagradáveis inesperadas. Caso você tenha uma reação alérgica, deve parar de tomar o medicamento. \n TYLENOL® - Paciente Reação muito rara (ocorre em menos de 0,01% dos pacientes que utilizam este medicamento): urticária, coceira e vermelhidão no corpo, reações alérgicas a este medicamento, aumento das transaminases e erupção fixa medicamentosa. Informe ao seu médico, cirurgião -dentista ou farmacêutico o aparecimento de reações indesejáveis pelo uso do medicamento. Informe também à empresa através do seu serviço de atendimento."", ""4. O QUE DEVO SABER ANTES DE USAR ESTE MEDICAMENTO?"", ""4. O QUE DEVO SABER ANTES DE USAR ESTE MEDICAMENTO?"", ""podem afetar a velocidade da absorção, mas não a quantidade absorvida do medicamento. A interferência do paracetamol na metabolização de outros medicamentos e a influência destes medicamentos na ação e na toxicidade do paracetamol, em geral, não são relevantes. Consulte seu médico antes de utilizar este medicamento se você está tomando flucloxacilina (penicilina - um antibiótico), varfarina (anticoagulante) ou outros derivados cumarínicos. Informe ao seu médico ou cirurgião-dentista se você está fazendo uso de algum outro medicamento.""]",1.993,6.025
TYLENOL,Como a ingestão de alimentos influencia a absorção e o início de ação de TYLENOL®?,"Tomado em jejum, o paracetamol é absorvido mais rapidamente, embora a quantidade total absorvida não seja alterada pelos alimentos. Independentemente de alimentar-se, o efeito começa entre 15 e 30 minutos após a administração.","O QUE DEVO SABER ANTES DE USAR ESTE MEDICAMENTO?

COMO ESTE MEDICAMENTO FUNCIONA?",ollama:medgemma:4b,"A absorção de TYLENOL® é mais rápida se você estiver em jejum. Os alimentos podem afetar a velocidade da absorção, mas não a quantidade absorvida do medicamento.

---
*Esta resposta se baseia apenas nos trechos da bula recuperados e não substitui orientação médica ou farmacêutica.*","A absorção de TYLENOL® é mais rápida se você estiver em jejum. Os alimentos podem afetar a velocidade da absorção, mas não a quantidade absorvida do medicamento.","O QUE DEVO SABER ANTES DE USAR ESTE MEDICAMENTO?, COMO ESTE MEDICAMENTO FUNCIONA?, COMO DEVO USAR ESTE MEDICAMENTO?",,"[""que contenha paracetamol. O paracetamol nas doses terapêuticas não foi associado à irritação gástrica. Se você tem pressão alta, não use este produto por mais tempo do que o indicado no rótulo, a menos que indicado por um médico. A absorção de TYLENOL® é mais rápida se você estiver em jejum. Os alimentos podem afetar a velocidade da absorção, mas não a quantidade absorvida do medicamento. A interferência do paracetamol na metabolização de outros medicamentos e a influência destes medicamentos na ação e na toxicidade do paracetamol, em geral, não são relevantes. Consulte seu médico antes de utilizar este medicamento se você está tomando flucloxacilina (penicilina - um antibiótico), varfarina (anticoagulante) ou outros derivados cumarínicos. Informe ao seu médico ou cirurgião-dentista se você está fazendo uso de algum outro medicamento."", ""Até o momento não são conhecidas restrições específicas ao uso de TYLENOL® por pacientes idosos. Não existe necessidade de ajuste de dose neste grupo etário. Muito raramente, foram relatadas reações cutâneas graves em pacientes que administraram paracetamol. Os sintomas podem incluir: vermelhidão na pele, bolhas e erupções cutâneas. Se ocorrerem reações cutâneas ou piora de problemas de pele já existentes, interrompa o uso do medicamento e procure ajuda médica imediatamente. Não use outro produto que contenha paracetamol. O paracetamol nas doses terapêuticas não foi associado à irritação gástrica. Se você tem pressão alta, não use este produto por mais tempo do que o indicado no rótulo, a menos que indicado por um médico. A absorção de TYLENOL® é mais rápida se você estiver em jejum. Os alimentos podem afetar a velocidade da absorção, mas não a quantidade absorvida do medicamento. A interferência do paracetamol na metabolização de outros medicamentos e a influência destes medicamentos"", ""2. COMO ESTE MEDICAMENTO FUNCIONA? TYLENOL® reduz a febre atuando no centro regulador da temperatura no Sistema Nervoso Central (SNC) e diminui a sensibilidade a dor. Seu efeito tem início 15 a 30 minutos após a administração oral e permanece por um período de 4 a 6 horas."", ""2. COMO ESTE MEDICAMENTO FUNCIONA? TYLENOL® reduz a febre atuando no centro regulador da temperatura no Sistema Nervoso Central (SNC) e diminui a sensibilidade a dor. Seu efeito tem início 15 a 30 minutos após a administração oral e permanece por um período de 4 a 6 horas."", ""6. COMO DEVO USAR ESTE MEDICAMENTO? Uso oral. Você deve tomar os comprimidos com líquido. O paracetamol pode ser administrado independentemente das refeições. Adultos e crianças acima de 12 anos: TYLENOL® 500 mg: 1 a 2 comprimidos, 3 a 4 vezes ao dia. TYLENOL® 750 mg: 1 comprimido, 3 a 5 vezes ao dia. A dose diária máxima recomendada de paracetamol é de 4000 mg ( 8 comprimidos de TYLENOL® 500 mg ou 5 comprimidos de TYLENOL® 750 mg) administrada em doses fracionadas, não excedendo 1000 mg/dose ( 2 comprimidos de TYLENOL ® 500 mg ou 1 comprimido de TYLENOL® 750 mg), em intervalos de 4 a 6 horas, em um período de 24 horas. Duração do tratamento: depende do desaparecimento dos sintomas. Este medicamento não pode ser partido, aberto ou mastigado. Siga corretamente o modo de usar. Em caso de dúvidas sobre este medicamento, procure orientação do farmacêutico. Não desaparecendo os sintomas, procure orientação médica ou de seu cirurgião-dentista."", ""6. COMO DEVO USAR ESTE MEDICAMENTO? Uso oral. Você deve tomar os comprimidos com líquido. O paracetamol pode ser administrado independentemente das refeições. Adultos e crianças acima de 12 anos: TYLENOL® 500 mg: 1 a 2 comprimidos, 3 a 4 vezes ao dia. TYLENOL® 750 mg: 1 comprimido, 3 a 5 vezes ao dia. A dose diária máxima recomendada de paracetamol é de 4000 mg ( 8 comprimidos de TYLENOL® 500 mg ou 5 comprimidos de TYLENOL® 750 mg) administrada em doses fracionadas, não excedendo 1000 mg/dose ( 2 comprimidos de TYLENOL ® 500 mg ou 1 comprimido de TYLENOL® 750 mg), em intervalos de 4 a 6 horas, em um período de 24 horas. Duração do tratamento: depende do desaparecimento dos sintomas. Este medicamento não pode ser partido, aberto ou mastigado. Siga corretamente o modo de usar. Em caso de dúvidas sobre este medicamento, procure orientação do farmacêutico. Não desaparecendo os sintomas, procure orientação médica ou de seu cirurgião-dentista."", ""TYLENOL® - Paciente Você não deve tomar mais do que a dose recomendada (superdose) para provocar maior alívio, pois pode causar sérios problemas de saúde. Você deve consultar seu médico se a dor ou febre continuarem ou piorarem, ou se surgirem novos sintomas, pois estes sintomas podem ser sinais de doenças graves. Uso com álcool: consumidores de doses abusivas de álcool devem consultar seu médico para saber se podem tomar TYLENOL® ou qualquer outro analgésico. Gravidez e Amamentação Se você estiver grávida ou amamentando, consulte o seu médico antes de usar este medicamento. Este medicamento não deve ser utilizado por mulheres grávidas sem orientação médica ou do cirurgião-dentista. Uso em pacientes com problemas no fígado: Consulte seu médico antes de usar o medicamento. Uso em idosos: Até o momento não são conhecidas restrições específicas ao uso de TYLENOL® por pacientes idosos. Não existe necessidade de ajuste de dose neste grupo etário. Muito raramente, foram relatadas reações cutâneas graves em pacientes que administraram paracetamol. Os sintomas podem incluir: vermelhidão na pele, bolhas e erupções cutâneas. Se ocorrerem reações cutâneas ou piora de problemas de pele já existentes, interrompa o uso do medicamento e procure ajuda médica imediatamente. Não use outro produto que contenha paracetamol. O paracetamol nas doses terapêuticas não foi associado à irritação gástrica. Se você tem pressão alta, não use este produto por mais tempo do que o indicado no rótulo, a menos que indicado por um médico. A absorção de TYLENOL® é mais rápida se você estiver em jejum. Os"", ""TYLENOL® - Paciente Você não deve tomar mais do que a dose recomendada (superdose) para provocar maior alívio, pois pode causar sérios problemas de saúde. Você deve consultar seu médico se a dor ou febre continuarem ou piorarem, ou se surgirem novos sintomas, pois estes sintomas podem ser sinais de doenças graves. Uso com álcool: consumidores de doses abusivas de álcool devem consultar seu médico para saber se podem tomar TYLENOL® ou qualquer outro analgésico. Gravidez e Amamentação Se você estiver grávida ou amamentando, consulte o seu médico antes de usar este medicamento. Este medicamento não deve ser utilizado por mulheres grávidas sem orientação médica ou do cirurgião-dentista. Uso em pacientes com problemas no fígado: Consulte seu médico antes de usar o medicamento. Uso em idosos: Até o momento não são conhecidas restrições específicas ao uso de TYLENOL® por pacientes idosos. Não existe necessidade de ajuste de dose neste grupo etário. Muito raramente, foram relatadas reações"", ""podem afetar a velocidade da absorção, mas não a quantidade absorvida do medicamento. A interferência do paracetamol na metabolização de outros medicamentos e a influência destes medicamentos na ação e na toxicidade do paracetamol, em geral, não são relevantes. Consulte seu médico antes de utilizar este medicamento se você está tomando flucloxacilina (penicilina - um antibiótico), varfarina (anticoagulante) ou outros derivados cumarínicos. Informe ao seu médico ou cirurgião-dentista se você está fazendo uso de algum outro medicamento."", ""4. O QUE DEVO SABER ANTES DE USAR ESTE MEDICAMENTO?"", ""4. O QUE DEVO SABER ANTES DE USAR ESTE MEDICAMENTO?""]",1.714,2.718
TYLENOL,"Se eu esquecer de tomar uma dose de TYLENOL®, como devo proceder sem comprometer o tratamento?","Tome a dose esquecida assim que lembrar, se ainda houver necessidade, e ajuste o horário das doses seguintes, respeitando o intervalo mínimo de 4 horas entre elas. Não dobre a dose para compensar.","COMO DEVO USAR ESTE MEDICAMENTO?

O QUE DEVO FAZER QUANDO EU ME ESQUECER DE USAR ESTE
MEDICAMENTO?",ollama:medgemma:4b,"De acordo com a bula do medicamento TYLENOL, consta a seguinte informação: Se você se esquecer de tomar uma dose do medicamento, faça-o assim que se lembrar, no caso de ainda haver necessidade, e então ajuste o horário das próximas tomadas. Não tome a dose dobrada para compensar a dose esquecida. Em caso de dúvidas, procure orientação do farmacêutico ou de seu médico, ou cirurgião - dentista.

---
*Esta resposta se baseia apenas nos trechos da bula recuperados e não substitui orientação médica ou farmacêutica.*","De acordo com a bula do medicamento TYLENOL, consta a seguinte informação: Se você se esquecer de tomar uma dose do medicamento, faça-o assim que se lembrar, no caso de ainda haver necessidade, e então ajuste o horário das próximas tomadas. Não tome a dose dobrada para compensar a dose esquecida. Em caso de dúvidas, procure orientação do farmacêutico ou de seu médico, ou cirurgião - dentista.","O QUE DEVO SABER ANTES DE USAR ESTE MEDICAMENTO?, O QUE DEVO FAZER QUANDO EU ME ESQUECER DE USAR ESTE MEDICAMENTO?",,"[""7. O QUE DEVO FAZER QUANDO EU ME ESQUECER DE USAR ESTE MEDICAMENTO? Se você se esquecer de tomar uma dose do medicamento, faça-o assim que se lembrar, no caso de ainda haver necessidade, e então ajuste o horário das próximas tomadas. Não tome a dose dobrada para compensar a dose esquecida. Em caso de dúvidas, procure orientação do farmacêutico ou de seu médico, ou cirurgião - dentista."", ""7. O QUE DEVO FAZER QUANDO EU ME ESQUECER DE USAR ESTE MEDICAMENTO? Se você se esquecer de tomar uma dose do medicamento, faça-o assim que se lembrar, no caso de ainda haver necessidade, e então ajuste o horário das próximas tomadas. Não tome a dose dobrada para compensar a dose esquecida. Em caso de dúvidas, procure orientação do farmacêutico ou de seu médico, ou cirurgião - dentista."", ""TYLENOL® - Paciente Você não deve tomar mais do que a dose recomendada (superdose) para provocar maior alívio, pois pode causar sérios problemas de saúde. Você deve consultar seu médico se a dor ou febre continuarem ou piorarem, ou se surgirem novos sintomas, pois estes sintomas podem ser sinais de doenças graves. Uso com álcool: consumidores de doses abusivas de álcool devem consultar seu médico para saber se podem tomar TYLENOL® ou qualquer outro analgésico. Gravidez e Amamentação Se você estiver grávida ou amamentando, consulte o seu médico antes de usar este medicamento. Este medicamento não deve ser utilizado por mulheres grávidas sem orientação médica ou do cirurgião-dentista. Uso em pacientes com problemas no fígado: Consulte seu médico antes de usar o medicamento. Uso em idosos: Até o momento não são conhecidas restrições específicas ao uso de TYLENOL® por pacientes idosos. Não existe necessidade de ajuste de dose neste grupo etário. Muito raramente, foram relatadas reações cutâneas graves em pacientes que administraram paracetamol. Os sintomas podem incluir: vermelhidão na pele, bolhas e erupções cutâneas. Se ocorrerem reações cutâneas ou piora de problemas de pele já existentes, interrompa o uso do medicamento e procure ajuda médica imediatamente. Não use outro produto que contenha paracetamol. O paracetamol nas doses terapêuticas não foi associado à irritação gástrica. Se você tem pressão alta, não use este produto por mais tempo do que o indicado no rótulo, a menos que indicado por um médico. A absorção de TYLENOL® é mais rápida se você estiver em jejum. Os"", ""TYLENOL® - Paciente Você não deve tomar mais do que a dose recomendada (superdose) para provocar maior alívio, pois pode causar sérios problemas de saúde. Você deve consultar seu médico se a dor ou febre continuarem ou piorarem, ou se surgirem novos sintomas, pois estes sintomas podem ser sinais de doenças graves. Uso com álcool: consumidores de doses abusivas de álcool devem consultar seu médico para saber se podem tomar TYLENOL® ou qualquer outro analgésico. Gravidez e Amamentação Se você estiver grávida ou amamentando, consulte o seu médico antes de usar este medicamento. Este medicamento não deve ser utilizado por mulheres grávidas sem orientação médica ou do cirurgião-dentista. Uso em pacientes com problemas no fígado: Consulte seu médico antes de usar o medicamento. Uso em idosos: Até o momento não são conhecidas restrições específicas ao uso de TYLENOL® por pacientes idosos. Não existe necessidade de ajuste de dose neste grupo etário. Muito raramente, foram relatadas reações"", ""que contenha paracetamol. O paracetamol nas doses terapêuticas não foi associado à irritação gástrica. Se você tem pressão alta, não use este produto por mais tempo do que o indicado no rótulo, a menos que indicado por um médico. A absorção de TYLENOL® é mais rápida se você estiver em jejum. Os alimentos podem afetar a velocidade da absorção, mas não a quantidade absorvida do medicamento. A interferência do paracetamol na metabolização de outros medicamentos e a influência destes medicamentos na ação e na toxicidade do paracetamol, em geral, não são relevantes. Consulte seu médico antes de utilizar este medicamento se você está tomando flucloxacilina (penicilina - um antibiótico), varfarina (anticoagulante) ou outros derivados cumarínicos. Informe ao seu médico ou cirurgião-dentista se você está fazendo uso de algum outro medicamento."", ""Até o momento não são conhecidas restrições específicas ao uso de TYLENOL® por pacientes idosos. Não existe necessidade de ajuste de dose neste grupo etário. Muito raramente, foram relatadas reações cutâneas graves em pacientes que administraram paracetamol. Os sintomas podem incluir: vermelhidão na pele, bolhas e erupções cutâneas. Se ocorrerem reações cutâneas ou piora de problemas de pele já existentes, interrompa o uso do medicamento e procure ajuda médica imediatamente. Não use outro produto que contenha paracetamol. O paracetamol nas doses terapêuticas não foi associado à irritação gástrica. Se você tem pressão alta, não use este produto por mais tempo do que o indicado no rótulo, a menos que indicado por um médico. A absorção de TYLENOL® é mais rápida se você estiver em jejum. Os alimentos podem afetar a velocidade da absorção, mas não a quantidade absorvida do medicamento. A interferência do paracetamol na metabolização de outros medicamentos e a influência destes medicamentos"", ""4. O QUE DEVO SABER ANTES DE USAR ESTE MEDICAMENTO?"", ""4. O QUE DEVO SABER ANTES DE USAR ESTE MEDICAMENTO?"", ""podem afetar a velocidade da absorção, mas não a quantidade absorvida do medicamento. A interferência do paracetamol na metabolização de outros medicamentos e a influência destes medicamentos na ação e na toxicidade do paracetamol, em geral, não são relevantes. Consulte seu médico antes de utilizar este medicamento se você está tomando flucloxacilina (penicilina - um antibiótico), varfarina (anticoagulante) ou outros derivados cumarínicos. Informe ao seu médico ou cirurgião-dentista se você está fazendo uso de algum outro medicamento.""]",1.685,3.753
TYLENOL,Quais cuidados especiais devem ser observados em pacientes com problemas no fígado antes de usar TYLENOL® e por quê?,"Pacientes com hepatopatias devem consultar um médico antes de usar, pois o paracetamol em doses excessivas ou uso impróprio pode causar danos ao fígado.","O QUE DEVO SABER ANTES DE USAR ESTE MEDICAMENTO?

O QUE FAZER SE ALGUÉM USAR UMA QUANTIDADE MAIOR DO QUE A
INDICADA DESTE MEDICAMENTO?",ollama:medgemma:4b,"Na bula consultada de TYLENOL, não constam informações sobre essa pergunta.

---
*Esta resposta se baseia apenas nos trechos da bula recuperados e não substitui orientação médica ou farmacêutica.*","Na bula consultada de TYLENOL, não constam informações sobre essa pergunta.","O QUE DEVO SABER ANTES DE USAR ESTE MEDICAMENTO?, O QUE DEVO SABER ANTES DE USAR ESTE MEDICAMENTO?, QUAIS OS MALES QUE ESTE MEDICAMENTO PODE ME CAUSAR?",,"[""TYLENOL® - Paciente Você não deve tomar mais do que a dose recomendada (superdose) para provocar maior alívio, pois pode causar sérios problemas de saúde. Você deve consultar seu médico se a dor ou febre continuarem ou piorarem, ou se surgirem novos sintomas, pois estes sintomas podem ser sinais de doenças graves. Uso com álcool: consumidores de doses abusivas de álcool devem consultar seu médico para saber se podem tomar TYLENOL® ou qualquer outro analgésico. Gravidez e Amamentação Se você estiver grávida ou amamentando, consulte o seu médico antes de usar este medicamento. Este medicamento não deve ser utilizado por mulheres grávidas sem orientação médica ou do cirurgião-dentista. Uso em pacientes com problemas no fígado: Consulte seu médico antes de usar o medicamento. Uso em idosos: Até o momento não são conhecidas restrições específicas ao uso de TYLENOL® por pacientes idosos. Não existe necessidade de ajuste de dose neste grupo etário. Muito raramente, foram relatadas reações cutâneas graves em pacientes que administraram paracetamol. Os sintomas podem incluir: vermelhidão na pele, bolhas e erupções cutâneas. Se ocorrerem reações cutâneas ou piora de problemas de pele já existentes, interrompa o uso do medicamento e procure ajuda médica imediatamente. Não use outro produto que contenha paracetamol. O paracetamol nas doses terapêuticas não foi associado à irritação gástrica. Se você tem pressão alta, não use este produto por mais tempo do que o indicado no rótulo, a menos que indicado por um médico. A absorção de TYLENOL® é mais rápida se você estiver em jejum. Os"", ""TYLENOL® - Paciente Você não deve tomar mais do que a dose recomendada (superdose) para provocar maior alívio, pois pode causar sérios problemas de saúde. Você deve consultar seu médico se a dor ou febre continuarem ou piorarem, ou se surgirem novos sintomas, pois estes sintomas podem ser sinais de doenças graves. Uso com álcool: consumidores de doses abusivas de álcool devem consultar seu médico para saber se podem tomar TYLENOL® ou qualquer outro analgésico. Gravidez e Amamentação Se você estiver grávida ou amamentando, consulte o seu médico antes de usar este medicamento. Este medicamento não deve ser utilizado por mulheres grávidas sem orientação médica ou do cirurgião-dentista. Uso em pacientes com problemas no fígado: Consulte seu médico antes de usar o medicamento. Uso em idosos: Até o momento não são conhecidas restrições específicas ao uso de TYLENOL® por pacientes idosos. Não existe necessidade de ajuste de dose neste grupo etário. Muito raramente, foram relatadas reações"", ""que contenha paracetamol. O paracetamol nas doses terapêuticas não foi associado à irritação gástrica. Se você tem pressão alta, não use este produto por mais tempo do que o indicado no rótulo, a menos que indicado por um médico. A absorção de TYLENOL® é mais rápida se você estiver em jejum. Os alimentos podem afetar a velocidade da absorção, mas não a quantidade absorvida do medicamento. A interferência do paracetamol na metabolização de outros medicamentos e a influência destes medicamentos na ação e na toxicidade do paracetamol, em geral, não são relevantes. Consulte seu médico antes de utilizar este medicamento se você está tomando flucloxacilina (penicilina - um antibiótico), varfarina (anticoagulante) ou outros derivados cumarínicos. Informe ao seu médico ou cirurgião-dentista se você está fazendo uso de algum outro medicamento."", ""Até o momento não são conhecidas restrições específicas ao uso de TYLENOL® por pacientes idosos. Não existe necessidade de ajuste de dose neste grupo etário. Muito raramente, foram relatadas reações cutâneas graves em pacientes que administraram paracetamol. Os sintomas podem incluir: vermelhidão na pele, bolhas e erupções cutâneas. Se ocorrerem reações cutâneas ou piora de problemas de pele já existentes, interrompa o uso do medicamento e procure ajuda médica imediatamente. Não use outro produto que contenha paracetamol. O paracetamol nas doses terapêuticas não foi associado à irritação gástrica. Se você tem pressão alta, não use este produto por mais tempo do que o indicado no rótulo, a menos que indicado por um médico. A absorção de TYLENOL® é mais rápida se você estiver em jejum. Os alimentos podem afetar a velocidade da absorção, mas não a quantidade absorvida do medicamento. A interferência do paracetamol na metabolização de outros medicamentos e a influência destes medicamentos"", ""8. QUAIS OS MALES QUE ESTE MEDICAMENTO PODE ME CAUSAR? Este medicamento pode causar algumas reações desagradáveis inesperadas. Caso você tenha uma reação alérgica, deve parar de tomar o medicamento. \n TYLENOL® - Paciente Reação muito rara (ocorre em menos de 0,01% dos pacientes que utilizam este medicamento): urticária, coceira e vermelhidão no corpo, reações alérgicas a este medicamento, aumento das transaminases e erupção fixa medicamentosa. Informe ao seu médico, cirurgião -dentista ou farmacêutico o aparecimento de reações indesejáveis pelo uso do medicamento. Informe também à empresa através do seu serviço de atendimento."", ""8. QUAIS OS MALES QUE ESTE MEDICAMENTO PODE ME CAUSAR? Este medicamento pode causar algumas reações desagradáveis inesperadas. Caso você tenha uma reação alérgica, deve parar de tomar o medicamento. \n TYLENOL® - Paciente Reação muito rara (ocorre em menos de 0,01% dos pacientes que utilizam este medicamento): urticária, coceira e vermelhidão no corpo, reações alérgicas a este medicamento, aumento das transaminases e erupção fixa medicamentosa. Informe ao seu médico, cirurgião -dentista ou farmacêutico o aparecimento de reações indesejáveis pelo uso do medicamento. Informe também à empresa através do seu serviço de atendimento."", ""4. O QUE DEVO SABER ANTES DE USAR ESTE MEDICAMENTO?"", ""4. O QUE DEVO SABER ANTES DE USAR ESTE MEDICAMENTO?"", ""podem afetar a velocidade da absorção, mas não a quantidade absorvida do medicamento. A interferência do paracetamol na metabolização de outros medicamentos e a influência destes medicamentos na ação e na toxicidade do paracetamol, em geral, não são relevantes. Consulte seu médico antes de utilizar este medicamento se você está tomando flucloxacilina (penicilina - um antibiótico), varfarina (anticoagulante) ou outros derivados cumarínicos. Informe ao seu médico ou cirurgião-dentista se você está fazendo uso de algum outro medicamento.""]",2.135,1.924
