nome_remedio,pergunta,resposta_esperada,secoes_esperadas,modelo,resposta_gerada,resposta_crua,secoes_recuperadas,chunk_ids_recuperados,textos_recuperados,tempo_recuperacao_segundos,tempo_inferencia_segundos
AMOXIL,"Em um paciente em uso de varfarina, como Amoxil® pode afetar o tratamento anticoagulante e qual monitoramento adicional deve ser realizado?","Amoxil® pode intensificar o efeito da varfarina ao alterar a flora intestinal responsável pela síntese de vitamina K, aumentando o risco de sangramentos; por isso, recomenda-se monitorar o tempo de protrombina (TP/INR) com maior frequência durante o uso concomitante.",O QUE DEVO SABER ANTES DE USAR ESTE MEDICAMENTO?,ollama:medgemma:4b,"candidatado a receber Amoxil® em uso concomitante com varfarina, é crucial considerar o potencial impacto no tratamento anticoagulante e a necessidade de monitoramento adicional. A amoxicilina, como outros antibióticos da classe das penicilinas, pode interagir com a varfarina, aumentando o risco de sangramento. A interação ocorre porque a amoxicilina pode inibir a enzima citocromo P450 (CYP) responsável pela metabolização da varfarina, resultando em níveis elevados de varfarina no sangue. Níveis elevados de varfarina podem levar a um efeito anticoagulante excessivo, aumentando o risco de sangramento. O monitoramento adicional recomendado para pacientes em uso de varfarina que recebem amoxicilina inclui:
        *   **Monitoramento da varfarina:** A dosagem da varfarina deve ser ajustada com base nos resultados dos testes de coagulação (exame de tempo de protrombina - TTP) para garantir que os níveis de varfarina estejam dentro da faixa terapêutica desejada.
        *   **Testes de coagulação:** Os testes de coagulação devem ser realizados com mais frequência do que o normal (por exemplo, a cada 2-3 dias) para monitorar a resposta à amoxicilina e ajustar a dose da varfarina conforme necessário.
        *   **Avaliação do risco de sangramento:** O risco de sangramento deve ser avaliado cuidadosamente, levando em consideração fatores como idade, histórico de sangramento, outras condições médicas e medicamentos concomitantes.
        *   **Informar o paciente:** O paciente deve ser informado sobre os riscos de sangramento associados ao uso de amoxicilina em combinação com varfarina e sobre a importância de relatar qualquer sintoma de sangramento (por exemplo, sangramento nasal, sangramento gengival, hematomas, sangramento fácil) ao médico.
        *   **Considerar alternativas:** Em alguns casos, pode ser apropriado considerar o uso de um anticoagulante alternativo (por exemplo, heparina não fracionada) em vez de varfarina, especialmente se o risco de sangramento for alto.
        *   **Ajuste da dose:** A dose da varfarina pode precisar ser reduzida para minimizar o risco de sangramento.
        *   **Acompanhamento médico:** O paciente deve ser acompanhado de perto por um médico para monitorar a resposta ao tratamento e ajustar a dose da varfarina conforme necessário.

        Em resumo, o uso de amoxicilina em pacientes em uso de varfarina requer monitoramento cuidadoso da varfarina e dos testes de coagulação para garantir que os níveis de varfarina estejam dentro da faixa terapêutica desejada e para minimizar o risco de sangramento.

---
*Esta resposta se baseia apenas nos trechos da bula recuperados e não substitui orientação médica ou farmacêutica.*","candidatado a receber Amoxil® em uso concomitante com varfarina, é crucial considerar o potencial impacto no tratamento anticoagulante e a necessidade de monitoramento adicional. A amoxicilina, como outros antibióticos da classe das penicilinas, pode interagir com a varfarina, aumentando o risco de sangramento. A interação ocorre porque a amoxicilina pode inibir a enzima citocromo P450 (CYP) responsável pela metabolização da varfarina, resultando em níveis elevados de varfarina no sangue. Níveis elevados de varfarina podem levar a um efeito anticoagulante excessivo, aumentando o risco de sangramento. O monitoramento adicional recomendado para pacientes em uso de varfarina que recebem amoxicilina inclui:
        *   **Monitoramento da varfarina:** A dosagem da varfarina deve ser ajustada com base nos resultados dos testes de coagulação (exame de tempo de protrombina - TTP) para garantir que os níveis de varfarina estejam dentro da faixa terapêutica desejada.
        *   **Testes de coagulação:** Os testes de coagulação devem ser realizados com mais frequência do que o normal (por exemplo, a cada 2-3 dias) para monitorar a resposta à amoxicilina e ajustar a dose da varfarina conforme necessário.
        *   **Avaliação do risco de sangramento:** O risco de sangramento deve ser avaliado cuidadosamente, levando em consideração fatores como idade, histórico de sangramento, outras condições médicas e medicamentos concomitantes.
        *   **Informar o paciente:** O paciente deve ser informado sobre os riscos de sangramento associados ao uso de amoxicilina em combinação com varfarina e sobre a importância de relatar qualquer sintoma de sangramento (por exemplo, sangramento nasal, sangramento gengival, hematomas, sangramento fácil) ao médico.
        *   **Considerar alternativas:** Em alguns casos, pode ser apropriado considerar o uso de um anticoagulante alternativo (por exemplo, heparina não fracionada) em vez de varfarina, especialmente se o risco de sangramento for alto.
        *   **Ajuste da dose:** A dose da varfarina pode precisar ser reduzida para minimizar o risco de sangramento.
        *   **Acompanhamento médico:** O paciente deve ser acompanhado de perto por um médico para monitorar a resposta ao tratamento e ajustar a dose da varfarina conforme necessário.

        Em resumo, o uso de amoxicilina em pacientes em uso de varfarina requer monitoramento cuidadoso da varfarina e dos testes de coagulação para garantir que os níveis de varfarina estejam dentro da faixa terapêutica desejada e para minimizar o risco de sangramento.","O QUE DEVO SABER ANTES DE USAR ESTE MEDICAMENTO?, QUAIS OS MALES QUE ESTE MEDICAMENTO PODE ME CAUSAR?, COMO DEVO USAR ESTE MEDICAMENTO?, O QUE DEVO SABER ANTES DE USAR ESTE MEDICAMENTO?",,"[""Modelo de Texto de Bula – Pacientes Amoxil® Cápsulas 2 O uso prolongado também pode resultar, ocasionalmente, em supercrescimento de microrganismos resistentes a Amoxil®. Amoxil® pode piorar algumas condições existentes ou causar efeitos colaterais graves, como reações alérgicas severas, reações cutâneas severas, dor no peito, vômitos repetitivos dentro de 1 a 4 horas após a administração de Amoxil® ou diarreia grave (colite pseudomembranosa). Você deve estar atento a determinados sintomas enquanto estiver recebendo Amoxil® para ajudar a reduzir o risco de quaisquer problemas. Efeitos sobre a capacidade de dirigir veículos e de operar máquinas Não se observaram efeitos adversos sobre a capacidade de dirigir veículos e de operar máquinas. Gravidez e amamentação Amoxil® pode ser usado na gravidez desde que os benefícios potenciais sejam maiores que os riscos potenciais associados ao tratamento. Informe seu médico se você estiver grávida ou suspeitar que está grávida. Você não deve tomar este medicamento se estiver grávida, exceto se seu médico recomendar. Você pode amamentar seu bebê enquanto estiver tomando Amoxil®, mas há excreção de quantidades mínimas de amoxicilina no leite materno. Se você estiver amamentando, informe ao seu médico antes de iniciar o tratamento com Amoxil®. Este medicamento não deve ser utilizado por mulheres grávidas sem orientação médica ou do cirurgião-dentista. Uso compatível com o aleitamento ou doação de leite humano. O uso desse medicamento não interfere no aleitamento do bebê. Uso em idosos, crianças e outros grupos de risco As recomendações"", ""8. QUAIS OS MALES QUE ESTE MEDICAMENTO PODE ME CAUSAR? Avise seu médico o mais cedo possível se você não se sentir bem durante o tratamento com Amoxil®. Assim como todo medicamento, Amoxil® pode provocar reações adversas, porém isso não ocorre com todas as pessoas. Os efeitos colaterais deste medicamento geralmente são leves. Reações comuns (ocorrem entre 1% e 10% dos pacientes que utilizam este medicamento): - Diarreia (várias evacuações amolecidas por dia) e enjoo; quando isso acontece, os sintomas normalmente são leves e com frequência podem ser evitados tomando -se o medicamento no início das refeições. Se continuarem ou se tornarem graves, consulte o médico. - Erupções da pele. Reações incomuns (ocorrem entre 0,1% e 1% dos pacientes que utilizam este medicamento): - Vômito, urticária e coceira. Reações muito raras (ocorrem em menos de 0,01% dos pacientes que utilizam este medicamento): - Diminuição de glóbulos brancos (leucopenia reversível), que pode resultar em infecções frequentes, como febre, calafrios, inflamação da garganta ou úlceras na boca; - Baixa contagem de plaquetas (trombocitopenia reversível), que pode resultar em sangramento ou hematomas (manchas roxas) que surgem com mais facilidade que o normal; - Destruição de glóbulos vermelhos e consequentemente anemia (anemia hemolítica), que pode resultar em cansaço, dores de cabeça e falta de ar causada pela prática de exercícios físicos, vertigem, palidez e amarelamento da pele e/ou dos olhos; - Sinais repentinos de alergia, como erupções da pele, prurido (coceira) ou urticária, inchaço da face, dos lábios, da"", ""Modelo de Texto de Bula – Pacientes Amoxil® Cápsulas 4 Pacientes que recebem diálise peritoneal Usa-se a mesma posologia indicada para pacientes com insuficiência renal grave. A diálise peritoneal (processo de limpeza das substâncias tóxicas do organismo através do peritônio, membrana que envolve o abdômen) não remove a amoxicilina do corpo. Pacientes que recebem hemodiálise Usa-se a mesma posologia indicada para pacientes com insuficiência renal grave. A amoxicilina é removida do sangue por hemodiálise (processo que substitui os rins na filtragem sanguínea). Portanto, uma dose adicional (500 mg para adultos e crianças acima de 40kg ou 15 mg/kg para crianças abaixo de 40 kg) pode ser administrada durante e no final de cada diálise. Seu médico poderá indicar tratamento por via parenteral (feito com aplicação de injeções intravenosas, intramusculares ou subcutâneas) nos casos em que a via oral for considerada inadequada (particularmente nos tratamentos urgentes de infecções graves). Conforme o grau de insuficiência renal, talvez seu médico ache necessário reduzir a dose diária total. Siga a orientação de seu médico, respeitando sempre os horários, as doses e a duração do tratamento. Não interrompa o tratamento sem o conhecimento de seu médico. Este medicamento não deve ser partido ou mastigado."", ""Modelo de Texto de Bula – Pacientes Amoxil® Cápsulas 6 Importado e Registrado por: GlaxoSmithKline Brasil Ltda. Estrada dos Bandeirantes, 8464 - Rio de Janeiro - RJ CNPJ: 33.247.743/0001-10 VENDA SOB PRESCRIÇÃO COM RETENÇÃO DA RECEITA L1991_amoxil_cap_gel_dura_GDS35_IPI16"", ""Este medicamento não deve ser utilizado por mulheres grávidas sem orientação médica ou do cirurgião-dentista. Uso compatível com o aleitamento ou doação de leite humano. O uso desse medicamento não interfere no aleitamento do bebê. Uso em idosos, crianças e outros grupos de risco As recomendações especiais se referem às doses . Interações Medicamentosas Alguns medicamentos podem causar efeitos indesejáveis se você os ingerir durante o tratamento com Amoxil®. Não deixe de avisar seu médico caso você esteja tomando: - medicamentos usados no tratamento de gota (probenecida ou alopurinol); - outros antibióticos; - pílulas anticoncepcionais (como acontece com outros antibióticos, talvez sejam necessárias precauções adicionais para evitar a gravidez); - anticoagulantes; - metotrexato (usado para tratar doenças como câncer e psoríase grave). A alimentação não interfere na ação de Amoxil®, que pode ser ingerido nas refeições. Informe ao seu médico ou cirurgião-dentista se você está fazendo uso de algum outro medicamento. Não use medicamento sem o conhecimento do seu médico. Pode ser perigoso para a sua saúde. Atenção: Contém os corantes vermelho de eritrosina, azul de indigotina, dióxido de titânio e óxido de ferro amarelo que podem, eventualmente, causar reações alérgicas. É importante utilizar este medicamento durante todo o tempo prescrito pelo profissional de saúde habilitado, mesmo que os sinais e sintomas da infecção tenham desaparecido, pois isso não significa a cura. A interrupção do tratamento pode contribuir para o aparecimento de infecções mais graves."", ""4. O QUE DEVO SABER ANTES DE USAR ESTE MEDICAMENTO? Antes de iniciar o tratamento com Amoxil, informe seu médico: - se você já apresentou reação alérgica a algum antibiótico. Isso pode incluir reações na pele ou inchaço na face ou pescoço ou dores no peito. - se você apresenta febre glandular. - se você toma medicamentos usados para prevenir coágulos sanguíneos (anticoagulantes), tais como varfarina, o seu médico fará um monitoramento e, se necessário, poderá sugerir ajustes na dose dos anticoagulantes. - se você apresenta problema nos rins. - se você não estiver urinando regularmente. - se você já teve diarreia durante ou após o uso de antibióticos."", ""Modelo de Texto de Bula – Pacientes Amoxil® Cápsulas 5 - Dor no peito, que pode ser um sinal de uma reação alérgica potencialmente grave chamada síndrome de Kounis; - Vômitos repetitivos (1 a 4 horas após a administração de Amoxil®), dores no estômago, sonolência anormal, diarreia e pressão baixa, que podem ser um sinal de uma reação alérgica grave denominada síndrome de enterocolite induzida por medicamentos; - Convulsões (ataques) podem ocorrer em pacientes com função renal prejudicada ou que estejam recebendo doses altas do medicamento; - Hipercinesia (presença de movimentos exacerbados e incontrolados), tontura ; - Candidíase mucocutânea, infecção micótica (causada por fungos) que normalmente afeta as partes íntimas ou a boca; na área genital, pode provocar coceira e queimação (com a presença de uma fina camada de secreção branca), e na boca ou na língua podem surgir pintas brancas dolorosas; - Colite associada a antibióticos (inflamação no cólon (intestino grosso), causando diarreia grave, que também pode conter sangue e ser acompanhada de cólicas abdominais; - Sua língua pode mudar de cor, ficando amarela, marrom ou preta, e dar a impressão de ter pelos (língua pilosa negra) ; - Inflamação da membrana que reveste o cérebro (meningite asséptica); - Erupção cutânea com bolhas dispostas em círculo com crosta central ou como um colar de pérolas (doença IgA linear) ; - Efeitos relacionados ao fígado; esses sintomas podem manifestar -se como enjoo, vômito, perda de apetite, sensação geral de mal -estar, febre, coceira, amarelamento da pele e dos olhos e escurecimento da"", ""hemolítica), que pode resultar em cansaço, dores de cabeça e falta de ar causada pela prática de exercícios físicos, vertigem, palidez e amarelamento da pele e/ou dos olhos; - Sinais repentinos de alergia, como erupções da pele, prurido (coceira) ou urticária, inchaço da face, dos lábios, da língua ou de outras partes do corpo, falta de ar, respiração ofegante ou problemas para respirar; se esses sintomas ocorrerem, pare de usar Amoxil® e procure socorro médico o mais rápido possível;"", ""3 g. Erradicação de Helicobacter pylori: para combater o Helicobacter (bactéria que ataca o estômago e o duodeno), recomenda-se o uso de Amoxil® no esquema de 1 g duas vezes ao dia (de 12 em 12 horas), em associação com um medicamento conhecido como inibidor da bomba de prótons (exemplo: omeprazol , lanzoprazol ) e outro agente antimicrobiano (por exemplo claritromicina, metronidazol), por 7 dias. Pacientes com insuficiência renal (dos rins) Na insuficiência renal, a eliminação do antibiótico é mais lenta. Conforme o grau dessa condição, seu médico pode indicar a redução da dose diária total de acordo com o esquema descrito a seguir. Adultos e crianças acima de 40 kg - insuficiência leve: nenhuma alteração de dose; - insuficiência moderada: máximo de 500 mg (uma cápsula) duas vezes ao dia (de 12 em 12 horas); - insuficiência grave: máximo de 500 mg (uma cápsula) ao dia."", ""6. COMO DEVO USAR ESTE MEDICAMENTO? Modo de usar Siga as orientações de seu médico sobre a maneira e a hora correta de tomar o medicamento. Ele vai decidir a quantidade diária que você precisa e o tempo durante o qual você deve usar este medicamento. Leia esta bula com cautela. Se você tiver alguma dúvida, fale com seu médico. Recomenda-se ingerir o medicamento nas refeições, embora ele continue eficaz mesmo que você o tome em outros horários. Continue tomando este medicamento até o fim do tratamento prescrito pelo médico. Não pare somente porque se sente melhor. As cápsulas devem ser ingeridas inteiras com água. Não as mastigue. Posologia Atenção! Para algumas doses indicadas abaixo (doses inferiores a 500 mg) é necessário o uso da suspensão oral, converse com seu médico ou farmacêutico em caso de dúvida. Dose para adultos e crianças acima de 40 kg - Dose padrão: 500 mg (uma cápsula) três vezes ao dia (de 8 em 8 horas) nas infecções mais graves. - Tratamento com dosagem alta (máximo recomendável de 6 g ao dia em doses divididas) : recomenda-se uma dose de 3 g (seis cápsulas) duas vezes ao dia (de 12 em 12 horas) em casos que requerem tratamento de infecção respiratória purulenta (com a presença de pus) grave ou recorrente. - Tratamento de curta duração (gonorreia): dose única de 3 g. Erradicação de Helicobacter pylori: para combater o Helicobacter (bactéria que ataca o estômago e o duodeno), recomenda-se o uso de Amoxil® no esquema de 1 g duas vezes ao dia (de 12 em 12 horas), em associação com um medicamento conhecido como inibidor da bomba de prótons (exemplo: omeprazol"", ""(Reação do medicamento com eosinofilia e sintomas sistêmicos (DRESS)); - uma erupção cutânea vermelha comumente observada em ambos os lados das nádegas, parte interna superior das coxas, axilas, pescoço (Exantema Intertriginoso e Flexural Simétrico Relacionado a Medicamentos (SDRIFE)). Se qualquer desconforto incomum se manifestar enquanto você estiver tomando o medicamento, informe seu médico o mais breve possível. Informe ao seu médico, cirurgião -dentista ou farmacêutico o aparecimento de reações indesejáveis pelo uso do medicamento. Informe também à empresa através do seu serviço de atendimento. 9. O QUE FAZER SE ALGUÉM USAR UMA QUANTIDADE MAIOR QUE A INDICADA DESTE MEDICAMENTO? É pouco provável que ocorram problemas graves em caso de superdosagem de amoxicilina. As reações mais comuns são enjoo, vômito e diarreia. Procure seu médico para que os sintomas sejam tratados. Em caso de uso de grande quantidade deste medicamento, procure rapidamente socorro médico e leve a embalagem ou bula do medicamento se possível. Ligue para 0800 722 6001, se você precisar de mais orientações. III) DIZERES LEGAIS Registro: 1.0107.0003 Produzido por: Glaxo Wellcome Production Zone Industrielle de la Peyennière, 53100, Mayenne – França."", ""dispostas em círculo com crosta central ou como um colar de pérolas (doença IgA linear) ; - Efeitos relacionados ao fígado; esses sintomas podem manifestar -se como enjoo, vômito, perda de apetite, sensação geral de mal -estar, febre, coceira, amarelamento da pele e dos olhos e escurecimento da urina e aumento de algumas substâncias (enzimas) produzidas pelo fígado; - Reações cutâneas graves: erupção cutânea (eritema multiforme), que pode formar bolhas (com pequenas manchas escuras centrais rodeadas por uma área pálida, com um anel escuro ao redor da borda); erupção cutânea generalizada com bolhas e descamação da pele na maior parte da superfície corporal (necrólise epidérmica tóxica); erupções na pele com bolhas e descamação, especialmente ao redor da boca, nariz, olhos e genitais (síndrome de Stevens -Johnson); erupções na pele com bolhas contendo pus (dermatite esfoliativa bolhosa); erupções escamosas na pele, com bolhas e inchaços sob a pele (exantema pustuloso); - Doença renal (problemas para urinar, possivelmente com dor e presença de sangue ou cristais na urina ); - Sintomas semelhantes aos da gripe com erupção cutânea, febre, glândulas inchadas e resultados anormais de exames de sangue (incluindo o aumento dos glóbulos brancos (eosinofilia) e enzimas hepáticas) (Reação do medicamento com eosinofilia e sintomas sistêmicos (DRESS)); - uma erupção cutânea vermelha comumente observada em ambos os lados das nádegas, parte interna superior das coxas, axilas, pescoço (Exantema Intertriginoso e Flexural Simétrico Relacionado a Medicamentos (SDRIFE)). Se qualquer""]",2.241,17.342
AMOXIL,"Considerando que Amoxil® elimina-se principalmente pelos rins, como deve ser ajustada a dose em pacientes em diálise peritoneal versus hemodiálise e por que há essa diferença farmacocinética?","Na diálise peritoneal, a amoxicilina não é removida adequadamente, mantendo-se a posologia da insuficiência renal grave (máximo 500 mg ao dia); já na hemodiálise, o fármaco é significativamente depurado, exigindo dose adicional de 500 mg durante e ao final de cada sessão para repor a fração removida.",COMO DEVO USAR ESTE MEDICAMENTO?,ollama:medgemma:4b,"આજ, a resposta para a pergunta sobre como ajustar a dose de Amoxil® em pacientes em diálise peritoneal versus hemodiálise e a razão para a diferença farmacocinética é:

**Ajuste da Dose:**

*   **Diálise Peritoneal (DP):** A dose de Amoxil® em pacientes com DP deve ser **reduzida** em cerca de 50% em comparação com a dose para pacientes com função renal normal. Isso ocorre porque a DP é um processo de filtração que remove medicamentos e seus metabólitos do sangue. A DP pode remover Amoxil® mais rapidamente do que a hemodiálise, levando a concentrações mais baixas do medicamento no sangue.
*   **Hemodiálise (HD):** A dose de Amoxil® em pacientes com HD deve ser **ajustada** com base na taxa de filtração glomerular (TFG) do paciente. A TFG é uma medida da capacidade dos rins de filtrar o sangue. A dose deve ser ajustada para garantir que a concentração do medicamento no sangue esteja dentro da faixa terapêutica, mas sem causar toxicidade. Em geral, a dose pode ser ligeiramente maior do que a dose para pacientes com função renal normal, mas isso deve ser feito com cautela e sob supervisão médica.

**Razão para a Diferença Farmacocinética:**

A diferença farmacocinética entre DP e HD se deve à forma como cada processo de remoção de medicamentos funciona:

*   **Diálise Peritoneal (DP):** A DP é um processo de filtração que ocorre no peritônio (membrana que reveste a cavidade abdominal). O peritônio é rico em vasos sanguíneos, o que permite que o medicamento seja filtrado do sangue e eliminado através da urina. A DP é um processo mais lento e gradual do que a HD, e pode remover medicamentos e seus metabólitos do sangue mais lentamente.
*   **Hemodiálise (HD):** A HD é um processo de filtração que ocorre em uma máquina de diálise. O sangue é bombeado através de um filtro (dialisador) que remove medicamentos e seus metabólitos do sangue. A HD é um processo mais rápido e eficiente do que a DP, e pode remover medicamentos e seus metabólitos do sangue mais rapidamente.

Em resumo, a DP remove medicamentos mais lentamente do que a HD, o que requer uma dose menor de Amoxil® em pacientes com DP. A HD remove medicamentos mais rapidamente do que a DP, o que pode exigir uma dose maior de Amoxil® em pacientes com HD.

É importante ressaltar que o ajuste da dose de Amoxil® em pacientes com DP ou HD deve ser feito com base em uma avaliação individualizada da função renal, taxa de filtração glomerular e resposta clínica do paciente. A orientação de um médico é essencial para garantir que o paciente receba a dose correta de Amoxil® para obter o máximo benefício terapêutico com o mínimo de risco de toxicidade.

---
*Esta resposta se baseia apenas nos trechos da bula recuperados e não substitui orientação médica ou farmacêutica.*","આજ, a resposta para a pergunta sobre como ajustar a dose de Amoxil® em pacientes em diálise peritoneal versus hemodiálise e a razão para a diferença farmacocinética é:

**Ajuste da Dose:**

*   **Diálise Peritoneal (DP):** A dose de Amoxil® em pacientes com DP deve ser **reduzida** em cerca de 50% em comparação com a dose para pacientes com função renal normal. Isso ocorre porque a DP é um processo de filtração que remove medicamentos e seus metabólitos do sangue. A DP pode remover Amoxil® mais rapidamente do que a hemodiálise, levando a concentrações mais baixas do medicamento no sangue.
*   **Hemodiálise (HD):** A dose de Amoxil® em pacientes com HD deve ser **ajustada** com base na taxa de filtração glomerular (TFG) do paciente. A TFG é uma medida da capacidade dos rins de filtrar o sangue. A dose deve ser ajustada para garantir que a concentração do medicamento no sangue esteja dentro da faixa terapêutica, mas sem causar toxicidade. Em geral, a dose pode ser ligeiramente maior do que a dose para pacientes com função renal normal, mas isso deve ser feito com cautela e sob supervisão médica.

**Razão para a Diferença Farmacocinética:**

A diferença farmacocinética entre DP e HD se deve à forma como cada processo de remoção de medicamentos funciona:

*   **Diálise Peritoneal (DP):** A DP é um processo de filtração que ocorre no peritônio (membrana que reveste a cavidade abdominal). O peritônio é rico em vasos sanguíneos, o que permite que o medicamento seja filtrado do sangue e eliminado através da urina. A DP é um processo mais lento e gradual do que a HD, e pode remover medicamentos e seus metabólitos do sangue mais lentamente.
*   **Hemodiálise (HD):** A HD é um processo de filtração que ocorre em uma máquina de diálise. O sangue é bombeado através de um filtro (dialisador) que remove medicamentos e seus metabólitos do sangue. A HD é um processo mais rápido e eficiente do que a DP, e pode remover medicamentos e seus metabólitos do sangue mais rapidamente.

Em resumo, a DP remove medicamentos mais lentamente do que a HD, o que requer uma dose menor de Amoxil® em pacientes com DP. A HD remove medicamentos mais rapidamente do que a DP, o que pode exigir uma dose maior de Amoxil® em pacientes com HD.

É importante ressaltar que o ajuste da dose de Amoxil® em pacientes com DP ou HD deve ser feito com base em uma avaliação individualizada da função renal, taxa de filtração glomerular e resposta clínica do paciente. A orientação de um médico é essencial para garantir que o paciente receba a dose correta de Amoxil® para obter o máximo benefício terapêutico com o mínimo de risco de toxicidade.","O QUE DEVO SABER ANTES DE USAR ESTE MEDICAMENTO?, QUANDO NÃO DEVO USAR ESTE MEDICAMENTO?, COMO DEVO USAR ESTE MEDICAMENTO?, QUAIS OS MALES QUE ESTE MEDICAMENTO PODE ME CAUSAR?",,"[""Modelo de Texto de Bula – Pacientes Amoxil® Cápsulas 4 Pacientes que recebem diálise peritoneal Usa-se a mesma posologia indicada para pacientes com insuficiência renal grave. A diálise peritoneal (processo de limpeza das substâncias tóxicas do organismo através do peritônio, membrana que envolve o abdômen) não remove a amoxicilina do corpo. Pacientes que recebem hemodiálise Usa-se a mesma posologia indicada para pacientes com insuficiência renal grave. A amoxicilina é removida do sangue por hemodiálise (processo que substitui os rins na filtragem sanguínea). Portanto, uma dose adicional (500 mg para adultos e crianças acima de 40kg ou 15 mg/kg para crianças abaixo de 40 kg) pode ser administrada durante e no final de cada diálise. Seu médico poderá indicar tratamento por via parenteral (feito com aplicação de injeções intravenosas, intramusculares ou subcutâneas) nos casos em que a via oral for considerada inadequada (particularmente nos tratamentos urgentes de infecções graves). Conforme o grau de insuficiência renal, talvez seu médico ache necessário reduzir a dose diária total. Siga a orientação de seu médico, respeitando sempre os horários, as doses e a duração do tratamento. Não interrompa o tratamento sem o conhecimento de seu médico. Este medicamento não deve ser partido ou mastigado."", ""Modelo de Texto de Bula – Pacientes Amoxil® Cápsulas 2 O uso prolongado também pode resultar, ocasionalmente, em supercrescimento de microrganismos resistentes a Amoxil®. Amoxil® pode piorar algumas condições existentes ou causar efeitos colaterais graves, como reações alérgicas severas, reações cutâneas severas, dor no peito, vômitos repetitivos dentro de 1 a 4 horas após a administração de Amoxil® ou diarreia grave (colite pseudomembranosa). Você deve estar atento a determinados sintomas enquanto estiver recebendo Amoxil® para ajudar a reduzir o risco de quaisquer problemas. Efeitos sobre a capacidade de dirigir veículos e de operar máquinas Não se observaram efeitos adversos sobre a capacidade de dirigir veículos e de operar máquinas. Gravidez e amamentação Amoxil® pode ser usado na gravidez desde que os benefícios potenciais sejam maiores que os riscos potenciais associados ao tratamento. Informe seu médico se você estiver grávida ou suspeitar que está grávida. Você não deve tomar este medicamento se estiver grávida, exceto se seu médico recomendar. Você pode amamentar seu bebê enquanto estiver tomando Amoxil®, mas há excreção de quantidades mínimas de amoxicilina no leite materno. Se você estiver amamentando, informe ao seu médico antes de iniciar o tratamento com Amoxil®. Este medicamento não deve ser utilizado por mulheres grávidas sem orientação médica ou do cirurgião-dentista. Uso compatível com o aleitamento ou doação de leite humano. O uso desse medicamento não interfere no aleitamento do bebê. Uso em idosos, crianças e outros grupos de risco As recomendações"", ""Este medicamento não deve ser utilizado por mulheres grávidas sem orientação médica ou do cirurgião-dentista. Uso compatível com o aleitamento ou doação de leite humano. O uso desse medicamento não interfere no aleitamento do bebê. Uso em idosos, crianças e outros grupos de risco As recomendações especiais se referem às doses . Interações Medicamentosas Alguns medicamentos podem causar efeitos indesejáveis se você os ingerir durante o tratamento com Amoxil®. Não deixe de avisar seu médico caso você esteja tomando: - medicamentos usados no tratamento de gota (probenecida ou alopurinol); - outros antibióticos; - pílulas anticoncepcionais (como acontece com outros antibióticos, talvez sejam necessárias precauções adicionais para evitar a gravidez); - anticoagulantes; - metotrexato (usado para tratar doenças como câncer e psoríase grave). A alimentação não interfere na ação de Amoxil®, que pode ser ingerido nas refeições. Informe ao seu médico ou cirurgião-dentista se você está fazendo uso de algum outro medicamento. Não use medicamento sem o conhecimento do seu médico. Pode ser perigoso para a sua saúde. Atenção: Contém os corantes vermelho de eritrosina, azul de indigotina, dióxido de titânio e óxido de ferro amarelo que podem, eventualmente, causar reações alérgicas. É importante utilizar este medicamento durante todo o tempo prescrito pelo profissional de saúde habilitado, mesmo que os sinais e sintomas da infecção tenham desaparecido, pois isso não significa a cura. A interrupção do tratamento pode contribuir para o aparecimento de infecções mais graves."", ""hemolítica), que pode resultar em cansaço, dores de cabeça e falta de ar causada pela prática de exercícios físicos, vertigem, palidez e amarelamento da pele e/ou dos olhos; - Sinais repentinos de alergia, como erupções da pele, prurido (coceira) ou urticária, inchaço da face, dos lábios, da língua ou de outras partes do corpo, falta de ar, respiração ofegante ou problemas para respirar; se esses sintomas ocorrerem, pare de usar Amoxil® e procure socorro médico o mais rápido possível;"", ""8. QUAIS OS MALES QUE ESTE MEDICAMENTO PODE ME CAUSAR? Avise seu médico o mais cedo possível se você não se sentir bem durante o tratamento com Amoxil®. Assim como todo medicamento, Amoxil® pode provocar reações adversas, porém isso não ocorre com todas as pessoas. Os efeitos colaterais deste medicamento geralmente são leves. Reações comuns (ocorrem entre 1% e 10% dos pacientes que utilizam este medicamento): - Diarreia (várias evacuações amolecidas por dia) e enjoo; quando isso acontece, os sintomas normalmente são leves e com frequência podem ser evitados tomando -se o medicamento no início das refeições. Se continuarem ou se tornarem graves, consulte o médico. - Erupções da pele. Reações incomuns (ocorrem entre 0,1% e 1% dos pacientes que utilizam este medicamento): - Vômito, urticária e coceira. Reações muito raras (ocorrem em menos de 0,01% dos pacientes que utilizam este medicamento): - Diminuição de glóbulos brancos (leucopenia reversível), que pode resultar em infecções frequentes, como febre, calafrios, inflamação da garganta ou úlceras na boca; - Baixa contagem de plaquetas (trombocitopenia reversível), que pode resultar em sangramento ou hematomas (manchas roxas) que surgem com mais facilidade que o normal; - Destruição de glóbulos vermelhos e consequentemente anemia (anemia hemolítica), que pode resultar em cansaço, dores de cabeça e falta de ar causada pela prática de exercícios físicos, vertigem, palidez e amarelamento da pele e/ou dos olhos; - Sinais repentinos de alergia, como erupções da pele, prurido (coceira) ou urticária, inchaço da face, dos lábios, da"", ""3. QUANDO NÃO DEVO USAR ESTE MEDICAMENTO? Este medicamento não pode ser administrado nem ingerido por pessoas alérgicas à amoxicilina, a outros antibióticos penicilínicos ou antibióticos similares, chamados cefalosporinas. Se você já teve uma reação alérgica (como erupções da pele) ao tomar um antibiótico, deve conversar com seu médico antes de usar Amoxil®."", ""Modelo de Texto de Bula – Pacientes Amoxil® Cápsulas 6 Importado e Registrado por: GlaxoSmithKline Brasil Ltda. Estrada dos Bandeirantes, 8464 - Rio de Janeiro - RJ CNPJ: 33.247.743/0001-10 VENDA SOB PRESCRIÇÃO COM RETENÇÃO DA RECEITA L1991_amoxil_cap_gel_dura_GDS35_IPI16"", ""Modelo de Texto de Bula – Pacientes Amoxil® Cápsulas 5 - Dor no peito, que pode ser um sinal de uma reação alérgica potencialmente grave chamada síndrome de Kounis; - Vômitos repetitivos (1 a 4 horas após a administração de Amoxil®), dores no estômago, sonolência anormal, diarreia e pressão baixa, que podem ser um sinal de uma reação alérgica grave denominada síndrome de enterocolite induzida por medicamentos; - Convulsões (ataques) podem ocorrer em pacientes com função renal prejudicada ou que estejam recebendo doses altas do medicamento; - Hipercinesia (presença de movimentos exacerbados e incontrolados), tontura ; - Candidíase mucocutânea, infecção micótica (causada por fungos) que normalmente afeta as partes íntimas ou a boca; na área genital, pode provocar coceira e queimação (com a presença de uma fina camada de secreção branca), e na boca ou na língua podem surgir pintas brancas dolorosas; - Colite associada a antibióticos (inflamação no cólon (intestino grosso), causando diarreia grave, que também pode conter sangue e ser acompanhada de cólicas abdominais; - Sua língua pode mudar de cor, ficando amarela, marrom ou preta, e dar a impressão de ter pelos (língua pilosa negra) ; - Inflamação da membrana que reveste o cérebro (meningite asséptica); - Erupção cutânea com bolhas dispostas em círculo com crosta central ou como um colar de pérolas (doença IgA linear) ; - Efeitos relacionados ao fígado; esses sintomas podem manifestar -se como enjoo, vômito, perda de apetite, sensação geral de mal -estar, febre, coceira, amarelamento da pele e dos olhos e escurecimento da"", ""3 g. Erradicação de Helicobacter pylori: para combater o Helicobacter (bactéria que ataca o estômago e o duodeno), recomenda-se o uso de Amoxil® no esquema de 1 g duas vezes ao dia (de 12 em 12 horas), em associação com um medicamento conhecido como inibidor da bomba de prótons (exemplo: omeprazol , lanzoprazol ) e outro agente antimicrobiano (por exemplo claritromicina, metronidazol), por 7 dias. Pacientes com insuficiência renal (dos rins) Na insuficiência renal, a eliminação do antibiótico é mais lenta. Conforme o grau dessa condição, seu médico pode indicar a redução da dose diária total de acordo com o esquema descrito a seguir. Adultos e crianças acima de 40 kg - insuficiência leve: nenhuma alteração de dose; - insuficiência moderada: máximo de 500 mg (uma cápsula) duas vezes ao dia (de 12 em 12 horas); - insuficiência grave: máximo de 500 mg (uma cápsula) ao dia."", ""6. COMO DEVO USAR ESTE MEDICAMENTO? Modo de usar Siga as orientações de seu médico sobre a maneira e a hora correta de tomar o medicamento. Ele vai decidir a quantidade diária que você precisa e o tempo durante o qual você deve usar este medicamento. Leia esta bula com cautela. Se você tiver alguma dúvida, fale com seu médico. Recomenda-se ingerir o medicamento nas refeições, embora ele continue eficaz mesmo que você o tome em outros horários. Continue tomando este medicamento até o fim do tratamento prescrito pelo médico. Não pare somente porque se sente melhor. As cápsulas devem ser ingeridas inteiras com água. Não as mastigue. Posologia Atenção! Para algumas doses indicadas abaixo (doses inferiores a 500 mg) é necessário o uso da suspensão oral, converse com seu médico ou farmacêutico em caso de dúvida. Dose para adultos e crianças acima de 40 kg - Dose padrão: 500 mg (uma cápsula) três vezes ao dia (de 8 em 8 horas) nas infecções mais graves. - Tratamento com dosagem alta (máximo recomendável de 6 g ao dia em doses divididas) : recomenda-se uma dose de 3 g (seis cápsulas) duas vezes ao dia (de 12 em 12 horas) em casos que requerem tratamento de infecção respiratória purulenta (com a presença de pus) grave ou recorrente. - Tratamento de curta duração (gonorreia): dose única de 3 g. Erradicação de Helicobacter pylori: para combater o Helicobacter (bactéria que ataca o estômago e o duodeno), recomenda-se o uso de Amoxil® no esquema de 1 g duas vezes ao dia (de 12 em 12 horas), em associação com um medicamento conhecido como inibidor da bomba de prótons (exemplo: omeprazol"", ""(Reação do medicamento com eosinofilia e sintomas sistêmicos (DRESS)); - uma erupção cutânea vermelha comumente observada em ambos os lados das nádegas, parte interna superior das coxas, axilas, pescoço (Exantema Intertriginoso e Flexural Simétrico Relacionado a Medicamentos (SDRIFE)). Se qualquer desconforto incomum se manifestar enquanto você estiver tomando o medicamento, informe seu médico o mais breve possível. Informe ao seu médico, cirurgião -dentista ou farmacêutico o aparecimento de reações indesejáveis pelo uso do medicamento. Informe também à empresa através do seu serviço de atendimento. 9. O QUE FAZER SE ALGUÉM USAR UMA QUANTIDADE MAIOR QUE A INDICADA DESTE MEDICAMENTO? É pouco provável que ocorram problemas graves em caso de superdosagem de amoxicilina. As reações mais comuns são enjoo, vômito e diarreia. Procure seu médico para que os sintomas sejam tratados. Em caso de uso de grande quantidade deste medicamento, procure rapidamente socorro médico e leve a embalagem ou bula do medicamento se possível. Ligue para 0800 722 6001, se você precisar de mais orientações. III) DIZERES LEGAIS Registro: 1.0107.0003 Produzido por: Glaxo Wellcome Production Zone Industrielle de la Peyennière, 53100, Mayenne – França."", ""4. O QUE DEVO SABER ANTES DE USAR ESTE MEDICAMENTO? Antes de iniciar o tratamento com Amoxil, informe seu médico: - se você já apresentou reação alérgica a algum antibiótico. Isso pode incluir reações na pele ou inchaço na face ou pescoço ou dores no peito. - se você apresenta febre glandular. - se você toma medicamentos usados para prevenir coágulos sanguíneos (anticoagulantes), tais como varfarina, o seu médico fará um monitoramento e, se necessário, poderá sugerir ajustes na dose dos anticoagulantes. - se você apresenta problema nos rins. - se você não estiver urinando regularmente. - se você já teve diarreia durante ou após o uso de antibióticos."", ""dispostas em círculo com crosta central ou como um colar de pérolas (doença IgA linear) ; - Efeitos relacionados ao fígado; esses sintomas podem manifestar -se como enjoo, vômito, perda de apetite, sensação geral de mal -estar, febre, coceira, amarelamento da pele e dos olhos e escurecimento da urina e aumento de algumas substâncias (enzimas) produzidas pelo fígado; - Reações cutâneas graves: erupção cutânea (eritema multiforme), que pode formar bolhas (com pequenas manchas escuras centrais rodeadas por uma área pálida, com um anel escuro ao redor da borda); erupção cutânea generalizada com bolhas e descamação da pele na maior parte da superfície corporal (necrólise epidérmica tóxica); erupções na pele com bolhas e descamação, especialmente ao redor da boca, nariz, olhos e genitais (síndrome de Stevens -Johnson); erupções na pele com bolhas contendo pus (dermatite esfoliativa bolhosa); erupções escamosas na pele, com bolhas e inchaços sob a pele (exantema pustuloso); - Doença renal (problemas para urinar, possivelmente com dor e presença de sangue ou cristais na urina ); - Sintomas semelhantes aos da gripe com erupção cutânea, febre, glândulas inchadas e resultados anormais de exames de sangue (incluindo o aumento dos glóbulos brancos (eosinofilia) e enzimas hepáticas) (Reação do medicamento com eosinofilia e sintomas sistêmicos (DRESS)); - uma erupção cutânea vermelha comumente observada em ambos os lados das nádegas, parte interna superior das coxas, axilas, pescoço (Exantema Intertriginoso e Flexural Simétrico Relacionado a Medicamentos (SDRIFE)). Se qualquer""]",2.038,16.963
AMOXIL,Por que a formulação em suspensão oral de Amoxil® contém aspartamo e quais cuidados especiais devem ser observados em pacientes com fenilcetonúria?,"A suspensão oral utiliza aspartamo como edulcorante, o qual libera fenilalanina; pacientes com fenilcetonúria devem, portanto, usar esta forma farmacêutica com cautela para não acumular níveis tóxicos de fenilalanina.","COMPOSIÇÃO

O QUE DEVO SABER ANTES DE USAR ESTE MEDICAMENTO?",ollama:medgemma:4b,"Na bula consultada de AMOXIL, não constam informações sobre essa pergunta.

---
*Esta resposta se baseia apenas nos trechos da bula recuperados e não substitui orientação médica ou farmacêutica.*","Na bula consultada de AMOXIL, não constam informações sobre essa pergunta.","O QUE DEVO SABER ANTES DE USAR ESTE MEDICAMENTO?, O QUE DEVO SABER ANTES DE USAR ESTE MEDICAMENTO?, QUAIS OS MALES QUE ESTE MEDICAMENTO PODE ME CAUSAR?",,"[""Modelo de Texto de Bula – Pacientes Amoxil® Cápsulas 2 O uso prolongado também pode resultar, ocasionalmente, em supercrescimento de microrganismos resistentes a Amoxil®. Amoxil® pode piorar algumas condições existentes ou causar efeitos colaterais graves, como reações alérgicas severas, reações cutâneas severas, dor no peito, vômitos repetitivos dentro de 1 a 4 horas após a administração de Amoxil® ou diarreia grave (colite pseudomembranosa). Você deve estar atento a determinados sintomas enquanto estiver recebendo Amoxil® para ajudar a reduzir o risco de quaisquer problemas. Efeitos sobre a capacidade de dirigir veículos e de operar máquinas Não se observaram efeitos adversos sobre a capacidade de dirigir veículos e de operar máquinas. Gravidez e amamentação Amoxil® pode ser usado na gravidez desde que os benefícios potenciais sejam maiores que os riscos potenciais associados ao tratamento. Informe seu médico se você estiver grávida ou suspeitar que está grávida. Você não deve tomar este medicamento se estiver grávida, exceto se seu médico recomendar. Você pode amamentar seu bebê enquanto estiver tomando Amoxil®, mas há excreção de quantidades mínimas de amoxicilina no leite materno. Se você estiver amamentando, informe ao seu médico antes de iniciar o tratamento com Amoxil®. Este medicamento não deve ser utilizado por mulheres grávidas sem orientação médica ou do cirurgião-dentista. Uso compatível com o aleitamento ou doação de leite humano. O uso desse medicamento não interfere no aleitamento do bebê. Uso em idosos, crianças e outros grupos de risco As recomendações"", ""Modelo de Texto de Bula – Pacientes Amoxil® Cápsulas 6 Importado e Registrado por: GlaxoSmithKline Brasil Ltda. Estrada dos Bandeirantes, 8464 - Rio de Janeiro - RJ CNPJ: 33.247.743/0001-10 VENDA SOB PRESCRIÇÃO COM RETENÇÃO DA RECEITA L1991_amoxil_cap_gel_dura_GDS35_IPI16"", ""Este medicamento não deve ser utilizado por mulheres grávidas sem orientação médica ou do cirurgião-dentista. Uso compatível com o aleitamento ou doação de leite humano. O uso desse medicamento não interfere no aleitamento do bebê. Uso em idosos, crianças e outros grupos de risco As recomendações especiais se referem às doses . Interações Medicamentosas Alguns medicamentos podem causar efeitos indesejáveis se você os ingerir durante o tratamento com Amoxil®. Não deixe de avisar seu médico caso você esteja tomando: - medicamentos usados no tratamento de gota (probenecida ou alopurinol); - outros antibióticos; - pílulas anticoncepcionais (como acontece com outros antibióticos, talvez sejam necessárias precauções adicionais para evitar a gravidez); - anticoagulantes; - metotrexato (usado para tratar doenças como câncer e psoríase grave). A alimentação não interfere na ação de Amoxil®, que pode ser ingerido nas refeições. Informe ao seu médico ou cirurgião-dentista se você está fazendo uso de algum outro medicamento. Não use medicamento sem o conhecimento do seu médico. Pode ser perigoso para a sua saúde. Atenção: Contém os corantes vermelho de eritrosina, azul de indigotina, dióxido de titânio e óxido de ferro amarelo que podem, eventualmente, causar reações alérgicas. É importante utilizar este medicamento durante todo o tempo prescrito pelo profissional de saúde habilitado, mesmo que os sinais e sintomas da infecção tenham desaparecido, pois isso não significa a cura. A interrupção do tratamento pode contribuir para o aparecimento de infecções mais graves."", ""Modelo de Texto de Bula – Pacientes Amoxil® Cápsulas 5 - Dor no peito, que pode ser um sinal de uma reação alérgica potencialmente grave chamada síndrome de Kounis; - Vômitos repetitivos (1 a 4 horas após a administração de Amoxil®), dores no estômago, sonolência anormal, diarreia e pressão baixa, que podem ser um sinal de uma reação alérgica grave denominada síndrome de enterocolite induzida por medicamentos; - Convulsões (ataques) podem ocorrer em pacientes com função renal prejudicada ou que estejam recebendo doses altas do medicamento; - Hipercinesia (presença de movimentos exacerbados e incontrolados), tontura ; - Candidíase mucocutânea, infecção micótica (causada por fungos) que normalmente afeta as partes íntimas ou a boca; na área genital, pode provocar coceira e queimação (com a presença de uma fina camada de secreção branca), e na boca ou na língua podem surgir pintas brancas dolorosas; - Colite associada a antibióticos (inflamação no cólon (intestino grosso), causando diarreia grave, que também pode conter sangue e ser acompanhada de cólicas abdominais; - Sua língua pode mudar de cor, ficando amarela, marrom ou preta, e dar a impressão de ter pelos (língua pilosa negra) ; - Inflamação da membrana que reveste o cérebro (meningite asséptica); - Erupção cutânea com bolhas dispostas em círculo com crosta central ou como um colar de pérolas (doença IgA linear) ; - Efeitos relacionados ao fígado; esses sintomas podem manifestar -se como enjoo, vômito, perda de apetite, sensação geral de mal -estar, febre, coceira, amarelamento da pele e dos olhos e escurecimento da"", ""8. QUAIS OS MALES QUE ESTE MEDICAMENTO PODE ME CAUSAR? Avise seu médico o mais cedo possível se você não se sentir bem durante o tratamento com Amoxil®. Assim como todo medicamento, Amoxil® pode provocar reações adversas, porém isso não ocorre com todas as pessoas. Os efeitos colaterais deste medicamento geralmente são leves. Reações comuns (ocorrem entre 1% e 10% dos pacientes que utilizam este medicamento): - Diarreia (várias evacuações amolecidas por dia) e enjoo; quando isso acontece, os sintomas normalmente são leves e com frequência podem ser evitados tomando -se o medicamento no início das refeições. Se continuarem ou se tornarem graves, consulte o médico. - Erupções da pele. Reações incomuns (ocorrem entre 0,1% e 1% dos pacientes que utilizam este medicamento): - Vômito, urticária e coceira. Reações muito raras (ocorrem em menos de 0,01% dos pacientes que utilizam este medicamento): - Diminuição de glóbulos brancos (leucopenia reversível), que pode resultar em infecções frequentes, como febre, calafrios, inflamação da garganta ou úlceras na boca; - Baixa contagem de plaquetas (trombocitopenia reversível), que pode resultar em sangramento ou hematomas (manchas roxas) que surgem com mais facilidade que o normal; - Destruição de glóbulos vermelhos e consequentemente anemia (anemia hemolítica), que pode resultar em cansaço, dores de cabeça e falta de ar causada pela prática de exercícios físicos, vertigem, palidez e amarelamento da pele e/ou dos olhos; - Sinais repentinos de alergia, como erupções da pele, prurido (coceira) ou urticária, inchaço da face, dos lábios, da"", ""hemolítica), que pode resultar em cansaço, dores de cabeça e falta de ar causada pela prática de exercícios físicos, vertigem, palidez e amarelamento da pele e/ou dos olhos; - Sinais repentinos de alergia, como erupções da pele, prurido (coceira) ou urticária, inchaço da face, dos lábios, da língua ou de outras partes do corpo, falta de ar, respiração ofegante ou problemas para respirar; se esses sintomas ocorrerem, pare de usar Amoxil® e procure socorro médico o mais rápido possível;"", ""4. O QUE DEVO SABER ANTES DE USAR ESTE MEDICAMENTO? Antes de iniciar o tratamento com Amoxil, informe seu médico: - se você já apresentou reação alérgica a algum antibiótico. Isso pode incluir reações na pele ou inchaço na face ou pescoço ou dores no peito. - se você apresenta febre glandular. - se você toma medicamentos usados para prevenir coágulos sanguíneos (anticoagulantes), tais como varfarina, o seu médico fará um monitoramento e, se necessário, poderá sugerir ajustes na dose dos anticoagulantes. - se você apresenta problema nos rins. - se você não estiver urinando regularmente. - se você já teve diarreia durante ou após o uso de antibióticos."", ""(Reação do medicamento com eosinofilia e sintomas sistêmicos (DRESS)); - uma erupção cutânea vermelha comumente observada em ambos os lados das nádegas, parte interna superior das coxas, axilas, pescoço (Exantema Intertriginoso e Flexural Simétrico Relacionado a Medicamentos (SDRIFE)). Se qualquer desconforto incomum se manifestar enquanto você estiver tomando o medicamento, informe seu médico o mais breve possível. Informe ao seu médico, cirurgião -dentista ou farmacêutico o aparecimento de reações indesejáveis pelo uso do medicamento. Informe também à empresa através do seu serviço de atendimento. 9. O QUE FAZER SE ALGUÉM USAR UMA QUANTIDADE MAIOR QUE A INDICADA DESTE MEDICAMENTO? É pouco provável que ocorram problemas graves em caso de superdosagem de amoxicilina. As reações mais comuns são enjoo, vômito e diarreia. Procure seu médico para que os sintomas sejam tratados. Em caso de uso de grande quantidade deste medicamento, procure rapidamente socorro médico e leve a embalagem ou bula do medicamento se possível. Ligue para 0800 722 6001, se você precisar de mais orientações. III) DIZERES LEGAIS Registro: 1.0107.0003 Produzido por: Glaxo Wellcome Production Zone Industrielle de la Peyennière, 53100, Mayenne – França."", ""dispostas em círculo com crosta central ou como um colar de pérolas (doença IgA linear) ; - Efeitos relacionados ao fígado; esses sintomas podem manifestar -se como enjoo, vômito, perda de apetite, sensação geral de mal -estar, febre, coceira, amarelamento da pele e dos olhos e escurecimento da urina e aumento de algumas substâncias (enzimas) produzidas pelo fígado; - Reações cutâneas graves: erupção cutânea (eritema multiforme), que pode formar bolhas (com pequenas manchas escuras centrais rodeadas por uma área pálida, com um anel escuro ao redor da borda); erupção cutânea generalizada com bolhas e descamação da pele na maior parte da superfície corporal (necrólise epidérmica tóxica); erupções na pele com bolhas e descamação, especialmente ao redor da boca, nariz, olhos e genitais (síndrome de Stevens -Johnson); erupções na pele com bolhas contendo pus (dermatite esfoliativa bolhosa); erupções escamosas na pele, com bolhas e inchaços sob a pele (exantema pustuloso); - Doença renal (problemas para urinar, possivelmente com dor e presença de sangue ou cristais na urina ); - Sintomas semelhantes aos da gripe com erupção cutânea, febre, glândulas inchadas e resultados anormais de exames de sangue (incluindo o aumento dos glóbulos brancos (eosinofilia) e enzimas hepáticas) (Reação do medicamento com eosinofilia e sintomas sistêmicos (DRESS)); - uma erupção cutânea vermelha comumente observada em ambos os lados das nádegas, parte interna superior das coxas, axilas, pescoço (Exantema Intertriginoso e Flexural Simétrico Relacionado a Medicamentos (SDRIFE)). Se qualquer""]",1.796,2.696
AMOXIL,"Em terapias prolongadas, quais reações adversas graves envolvendo fígado e pele devem ser monitoradas e em quais seções da bula isso está descrito?","Deve-se vigiar sinais de hepatotoxicidade (náuseas, vômitos, amarelamento da pele/olhos e elevação de enzimas hepáticas) e reações cutâneas graves (síndrome de Stevens-Johnson, necrólise epidérmica tóxica), conforme descrito em “Reações adversas” e “Advertências e Precauções”.",QUAIS OS MALES QUE ESTE MEDICAMENTO PODE ME CAUSAR?,ollama:medgemma:4b,"Na bula consultada de AMOXIL, não constam informações sobre essa pergunta.

---
*Esta resposta se baseia apenas nos trechos da bula recuperados e não substitui orientação médica ou farmacêutica.*","Na bula consultada de AMOXIL, não constam informações sobre essa pergunta.","O QUE DEVO SABER ANTES DE USAR ESTE MEDICAMENTO?, QUAIS OS MALES QUE ESTE MEDICAMENTO PODE ME CAUSAR?, O QUE DEVO SABER ANTES DE USAR ESTE MEDICAMENTO?",,"[""8. QUAIS OS MALES QUE ESTE MEDICAMENTO PODE ME CAUSAR? Avise seu médico o mais cedo possível se você não se sentir bem durante o tratamento com Amoxil®. Assim como todo medicamento, Amoxil® pode provocar reações adversas, porém isso não ocorre com todas as pessoas. Os efeitos colaterais deste medicamento geralmente são leves. Reações comuns (ocorrem entre 1% e 10% dos pacientes que utilizam este medicamento): - Diarreia (várias evacuações amolecidas por dia) e enjoo; quando isso acontece, os sintomas normalmente são leves e com frequência podem ser evitados tomando -se o medicamento no início das refeições. Se continuarem ou se tornarem graves, consulte o médico. - Erupções da pele. Reações incomuns (ocorrem entre 0,1% e 1% dos pacientes que utilizam este medicamento): - Vômito, urticária e coceira. Reações muito raras (ocorrem em menos de 0,01% dos pacientes que utilizam este medicamento): - Diminuição de glóbulos brancos (leucopenia reversível), que pode resultar em infecções frequentes, como febre, calafrios, inflamação da garganta ou úlceras na boca; - Baixa contagem de plaquetas (trombocitopenia reversível), que pode resultar em sangramento ou hematomas (manchas roxas) que surgem com mais facilidade que o normal; - Destruição de glóbulos vermelhos e consequentemente anemia (anemia hemolítica), que pode resultar em cansaço, dores de cabeça e falta de ar causada pela prática de exercícios físicos, vertigem, palidez e amarelamento da pele e/ou dos olhos; - Sinais repentinos de alergia, como erupções da pele, prurido (coceira) ou urticária, inchaço da face, dos lábios, da"", ""(Reação do medicamento com eosinofilia e sintomas sistêmicos (DRESS)); - uma erupção cutânea vermelha comumente observada em ambos os lados das nádegas, parte interna superior das coxas, axilas, pescoço (Exantema Intertriginoso e Flexural Simétrico Relacionado a Medicamentos (SDRIFE)). Se qualquer desconforto incomum se manifestar enquanto você estiver tomando o medicamento, informe seu médico o mais breve possível. Informe ao seu médico, cirurgião -dentista ou farmacêutico o aparecimento de reações indesejáveis pelo uso do medicamento. Informe também à empresa através do seu serviço de atendimento. 9. O QUE FAZER SE ALGUÉM USAR UMA QUANTIDADE MAIOR QUE A INDICADA DESTE MEDICAMENTO? É pouco provável que ocorram problemas graves em caso de superdosagem de amoxicilina. As reações mais comuns são enjoo, vômito e diarreia. Procure seu médico para que os sintomas sejam tratados. Em caso de uso de grande quantidade deste medicamento, procure rapidamente socorro médico e leve a embalagem ou bula do medicamento se possível. Ligue para 0800 722 6001, se você precisar de mais orientações. III) DIZERES LEGAIS Registro: 1.0107.0003 Produzido por: Glaxo Wellcome Production Zone Industrielle de la Peyennière, 53100, Mayenne – França."", ""dispostas em círculo com crosta central ou como um colar de pérolas (doença IgA linear) ; - Efeitos relacionados ao fígado; esses sintomas podem manifestar -se como enjoo, vômito, perda de apetite, sensação geral de mal -estar, febre, coceira, amarelamento da pele e dos olhos e escurecimento da urina e aumento de algumas substâncias (enzimas) produzidas pelo fígado; - Reações cutâneas graves: erupção cutânea (eritema multiforme), que pode formar bolhas (com pequenas manchas escuras centrais rodeadas por uma área pálida, com um anel escuro ao redor da borda); erupção cutânea generalizada com bolhas e descamação da pele na maior parte da superfície corporal (necrólise epidérmica tóxica); erupções na pele com bolhas e descamação, especialmente ao redor da boca, nariz, olhos e genitais (síndrome de Stevens -Johnson); erupções na pele com bolhas contendo pus (dermatite esfoliativa bolhosa); erupções escamosas na pele, com bolhas e inchaços sob a pele (exantema pustuloso); - Doença renal (problemas para urinar, possivelmente com dor e presença de sangue ou cristais na urina ); - Sintomas semelhantes aos da gripe com erupção cutânea, febre, glândulas inchadas e resultados anormais de exames de sangue (incluindo o aumento dos glóbulos brancos (eosinofilia) e enzimas hepáticas) (Reação do medicamento com eosinofilia e sintomas sistêmicos (DRESS)); - uma erupção cutânea vermelha comumente observada em ambos os lados das nádegas, parte interna superior das coxas, axilas, pescoço (Exantema Intertriginoso e Flexural Simétrico Relacionado a Medicamentos (SDRIFE)). Se qualquer"", ""hemolítica), que pode resultar em cansaço, dores de cabeça e falta de ar causada pela prática de exercícios físicos, vertigem, palidez e amarelamento da pele e/ou dos olhos; - Sinais repentinos de alergia, como erupções da pele, prurido (coceira) ou urticária, inchaço da face, dos lábios, da língua ou de outras partes do corpo, falta de ar, respiração ofegante ou problemas para respirar; se esses sintomas ocorrerem, pare de usar Amoxil® e procure socorro médico o mais rápido possível;"", ""Modelo de Texto de Bula – Pacientes Amoxil® Cápsulas 2 O uso prolongado também pode resultar, ocasionalmente, em supercrescimento de microrganismos resistentes a Amoxil®. Amoxil® pode piorar algumas condições existentes ou causar efeitos colaterais graves, como reações alérgicas severas, reações cutâneas severas, dor no peito, vômitos repetitivos dentro de 1 a 4 horas após a administração de Amoxil® ou diarreia grave (colite pseudomembranosa). Você deve estar atento a determinados sintomas enquanto estiver recebendo Amoxil® para ajudar a reduzir o risco de quaisquer problemas. Efeitos sobre a capacidade de dirigir veículos e de operar máquinas Não se observaram efeitos adversos sobre a capacidade de dirigir veículos e de operar máquinas. Gravidez e amamentação Amoxil® pode ser usado na gravidez desde que os benefícios potenciais sejam maiores que os riscos potenciais associados ao tratamento. Informe seu médico se você estiver grávida ou suspeitar que está grávida. Você não deve tomar este medicamento se estiver grávida, exceto se seu médico recomendar. Você pode amamentar seu bebê enquanto estiver tomando Amoxil®, mas há excreção de quantidades mínimas de amoxicilina no leite materno. Se você estiver amamentando, informe ao seu médico antes de iniciar o tratamento com Amoxil®. Este medicamento não deve ser utilizado por mulheres grávidas sem orientação médica ou do cirurgião-dentista. Uso compatível com o aleitamento ou doação de leite humano. O uso desse medicamento não interfere no aleitamento do bebê. Uso em idosos, crianças e outros grupos de risco As recomendações"", ""4. O QUE DEVO SABER ANTES DE USAR ESTE MEDICAMENTO? Antes de iniciar o tratamento com Amoxil, informe seu médico: - se você já apresentou reação alérgica a algum antibiótico. Isso pode incluir reações na pele ou inchaço na face ou pescoço ou dores no peito. - se você apresenta febre glandular. - se você toma medicamentos usados para prevenir coágulos sanguíneos (anticoagulantes), tais como varfarina, o seu médico fará um monitoramento e, se necessário, poderá sugerir ajustes na dose dos anticoagulantes. - se você apresenta problema nos rins. - se você não estiver urinando regularmente. - se você já teve diarreia durante ou após o uso de antibióticos."", ""Este medicamento não deve ser utilizado por mulheres grávidas sem orientação médica ou do cirurgião-dentista. Uso compatível com o aleitamento ou doação de leite humano. O uso desse medicamento não interfere no aleitamento do bebê. Uso em idosos, crianças e outros grupos de risco As recomendações especiais se referem às doses . Interações Medicamentosas Alguns medicamentos podem causar efeitos indesejáveis se você os ingerir durante o tratamento com Amoxil®. Não deixe de avisar seu médico caso você esteja tomando: - medicamentos usados no tratamento de gota (probenecida ou alopurinol); - outros antibióticos; - pílulas anticoncepcionais (como acontece com outros antibióticos, talvez sejam necessárias precauções adicionais para evitar a gravidez); - anticoagulantes; - metotrexato (usado para tratar doenças como câncer e psoríase grave). A alimentação não interfere na ação de Amoxil®, que pode ser ingerido nas refeições. Informe ao seu médico ou cirurgião-dentista se você está fazendo uso de algum outro medicamento. Não use medicamento sem o conhecimento do seu médico. Pode ser perigoso para a sua saúde. Atenção: Contém os corantes vermelho de eritrosina, azul de indigotina, dióxido de titânio e óxido de ferro amarelo que podem, eventualmente, causar reações alérgicas. É importante utilizar este medicamento durante todo o tempo prescrito pelo profissional de saúde habilitado, mesmo que os sinais e sintomas da infecção tenham desaparecido, pois isso não significa a cura. A interrupção do tratamento pode contribuir para o aparecimento de infecções mais graves."", ""Modelo de Texto de Bula – Pacientes Amoxil® Cápsulas 5 - Dor no peito, que pode ser um sinal de uma reação alérgica potencialmente grave chamada síndrome de Kounis; - Vômitos repetitivos (1 a 4 horas após a administração de Amoxil®), dores no estômago, sonolência anormal, diarreia e pressão baixa, que podem ser um sinal de uma reação alérgica grave denominada síndrome de enterocolite induzida por medicamentos; - Convulsões (ataques) podem ocorrer em pacientes com função renal prejudicada ou que estejam recebendo doses altas do medicamento; - Hipercinesia (presença de movimentos exacerbados e incontrolados), tontura ; - Candidíase mucocutânea, infecção micótica (causada por fungos) que normalmente afeta as partes íntimas ou a boca; na área genital, pode provocar coceira e queimação (com a presença de uma fina camada de secreção branca), e na boca ou na língua podem surgir pintas brancas dolorosas; - Colite associada a antibióticos (inflamação no cólon (intestino grosso), causando diarreia grave, que também pode conter sangue e ser acompanhada de cólicas abdominais; - Sua língua pode mudar de cor, ficando amarela, marrom ou preta, e dar a impressão de ter pelos (língua pilosa negra) ; - Inflamação da membrana que reveste o cérebro (meningite asséptica); - Erupção cutânea com bolhas dispostas em círculo com crosta central ou como um colar de pérolas (doença IgA linear) ; - Efeitos relacionados ao fígado; esses sintomas podem manifestar -se como enjoo, vômito, perda de apetite, sensação geral de mal -estar, febre, coceira, amarelamento da pele e dos olhos e escurecimento da"", ""Modelo de Texto de Bula – Pacientes Amoxil® Cápsulas 6 Importado e Registrado por: GlaxoSmithKline Brasil Ltda. Estrada dos Bandeirantes, 8464 - Rio de Janeiro - RJ CNPJ: 33.247.743/0001-10 VENDA SOB PRESCRIÇÃO COM RETENÇÃO DA RECEITA L1991_amoxil_cap_gel_dura_GDS35_IPI16""]",1.822,2.634
AMOXIL,Qual a justificativa farmacológica para dividir doses altas de até 6 g/dia em 3 g duas vezes ao dia em infecções purulentas graves?,"Dividir a dose de 6 g/dia em 3 g de 12 em 12 horas mantém as concentrações plasmáticas de amoxicilina acima da concentração mínima inibitória por períodos prolongados, otimizando a ação bactericida contra germes purulentos e reduzindo o risco de resistência.","COMO DEVO USAR ESTE MEDICAMENTO?

COMO ESTE MEDICAMENTO FUNCIONA?",ollama:medgemma:4b,"Na bula consultada de AMOXIL, não constam informações sobre essa pergunta.

---
*Esta resposta se baseia apenas nos trechos da bula recuperados e não substitui orientação médica ou farmacêutica.*","Na bula consultada de AMOXIL, não constam informações sobre essa pergunta.","O QUE DEVO SABER ANTES DE USAR ESTE MEDICAMENTO?, COMO ESTE MEDICAMENTO FUNCIONA?, QUANDO NÃO DEVO USAR ESTE MEDICAMENTO?",,"[""4. O QUE DEVO SABER ANTES DE USAR ESTE MEDICAMENTO? Antes de iniciar o tratamento com Amoxil, informe seu médico: - se você já apresentou reação alérgica a algum antibiótico. Isso pode incluir reações na pele ou inchaço na face ou pescoço ou dores no peito. - se você apresenta febre glandular. - se você toma medicamentos usados para prevenir coágulos sanguíneos (anticoagulantes), tais como varfarina, o seu médico fará um monitoramento e, se necessário, poderá sugerir ajustes na dose dos anticoagulantes. - se você apresenta problema nos rins. - se você não estiver urinando regularmente. - se você já teve diarreia durante ou após o uso de antibióticos."", ""Este medicamento não deve ser utilizado por mulheres grávidas sem orientação médica ou do cirurgião-dentista. Uso compatível com o aleitamento ou doação de leite humano. O uso desse medicamento não interfere no aleitamento do bebê. Uso em idosos, crianças e outros grupos de risco As recomendações especiais se referem às doses . Interações Medicamentosas Alguns medicamentos podem causar efeitos indesejáveis se você os ingerir durante o tratamento com Amoxil®. Não deixe de avisar seu médico caso você esteja tomando: - medicamentos usados no tratamento de gota (probenecida ou alopurinol); - outros antibióticos; - pílulas anticoncepcionais (como acontece com outros antibióticos, talvez sejam necessárias precauções adicionais para evitar a gravidez); - anticoagulantes; - metotrexato (usado para tratar doenças como câncer e psoríase grave). A alimentação não interfere na ação de Amoxil®, que pode ser ingerido nas refeições. Informe ao seu médico ou cirurgião-dentista se você está fazendo uso de algum outro medicamento. Não use medicamento sem o conhecimento do seu médico. Pode ser perigoso para a sua saúde. Atenção: Contém os corantes vermelho de eritrosina, azul de indigotina, dióxido de titânio e óxido de ferro amarelo que podem, eventualmente, causar reações alérgicas. É importante utilizar este medicamento durante todo o tempo prescrito pelo profissional de saúde habilitado, mesmo que os sinais e sintomas da infecção tenham desaparecido, pois isso não significa a cura. A interrupção do tratamento pode contribuir para o aparecimento de infecções mais graves."", ""Modelo de Texto de Bula – Pacientes Amoxil® Cápsulas 2 O uso prolongado também pode resultar, ocasionalmente, em supercrescimento de microrganismos resistentes a Amoxil®. Amoxil® pode piorar algumas condições existentes ou causar efeitos colaterais graves, como reações alérgicas severas, reações cutâneas severas, dor no peito, vômitos repetitivos dentro de 1 a 4 horas após a administração de Amoxil® ou diarreia grave (colite pseudomembranosa). Você deve estar atento a determinados sintomas enquanto estiver recebendo Amoxil® para ajudar a reduzir o risco de quaisquer problemas. Efeitos sobre a capacidade de dirigir veículos e de operar máquinas Não se observaram efeitos adversos sobre a capacidade de dirigir veículos e de operar máquinas. Gravidez e amamentação Amoxil® pode ser usado na gravidez desde que os benefícios potenciais sejam maiores que os riscos potenciais associados ao tratamento. Informe seu médico se você estiver grávida ou suspeitar que está grávida. Você não deve tomar este medicamento se estiver grávida, exceto se seu médico recomendar. Você pode amamentar seu bebê enquanto estiver tomando Amoxil®, mas há excreção de quantidades mínimas de amoxicilina no leite materno. Se você estiver amamentando, informe ao seu médico antes de iniciar o tratamento com Amoxil®. Este medicamento não deve ser utilizado por mulheres grávidas sem orientação médica ou do cirurgião-dentista. Uso compatível com o aleitamento ou doação de leite humano. O uso desse medicamento não interfere no aleitamento do bebê. Uso em idosos, crianças e outros grupos de risco As recomendações"", ""3. QUANDO NÃO DEVO USAR ESTE MEDICAMENTO? Este medicamento não pode ser administrado nem ingerido por pessoas alérgicas à amoxicilina, a outros antibióticos penicilínicos ou antibióticos similares, chamados cefalosporinas. Se você já teve uma reação alérgica (como erupções da pele) ao tomar um antibiótico, deve conversar com seu médico antes de usar Amoxil®."", ""2. COMO ESTE MEDICAMENTO FUNCIONA? Amoxil® contém uma penicilina chamada amoxicilina como ingrediente ativo. A amoxicilina pertence ao grupo dos antibióticos penicilânicos. Amoxil® é usado no tratamento de uma gama de infecções causadas por bactérias, que podem manifestar-se nos pulmões (pneumonia e bronquite), nas amígdalas (amigdalite), nos seios da face (sinusite), no trato urinário e genital, na pele e nas mucosas. Amoxil® atua destruindo as bactérias que causam essas infecções.""]",1.558,1.886
RIVOTRIL,"Em idosos com comprometimento hepático leve a moderado, como o metabolismo de clonazepam e sua farmacocinética influenciam o ajuste da dose inicial?","Clonazepam é extensivamente metabolizado no fígado e apresenta meia-vida prolongada em pacientes idosos, de modo que concentrações plasmáticas semelhantes às de adultos jovens podem resultar em efeitos mais intensos. Em casos de função hepática reduzida, recomenda-se iniciar com a menor dose possível e escalonar lentamente conforme a resposta clínica, evitando acúmulo e sedação excessiva.","COMO ESTE MEDICAMENTO FUNCIONA?

QUANDO NÃO DEVO USAR ESTE MEDICAMENTO?",ollama:medgemma:4b,"---
*Esta resposta se baseia apenas nos trechos da bula recuperados e não substitui orientação médica ou farmacêutica. É recomendável consultar um profissional de saúde para orientação individualizada.*",,"O QUE DEVO SABER ANTES DE USAR ESTE MEDICAMENTO?, O QUE DEVO SABER ANTES DE USAR ESTE MEDICAMENTO?, COMO DEVO USAR ESTE MEDICAMENTO?, QUAIS OS MALES QUE ESTE MEDICAMENTO PODE ME CAUSAR?",,"[""4. O QUE DEVO SABER ANTES DE USAR ESTE MEDICAMENTO? Antes de tomar Rivotril®, informe seu médico se você tem ou teve: 1) outros problemas de saúde, como doenças nos rins ou fígado (por exemplo: cirrose hepática), distúrbio neuromuscular ou respiratório, porfiria (doença em que ocorre deficiência de enzimas específicas na via da biossíntese do heme); 2) sinais ou sintomas de depressão e/ou tentativa de suicídio; 3) intolerância à galactose (açúcar) ou deficiência de lactase (enzima que quebra a lactose); 4) ataxia cerebelar ou espinhal (descoordenação dos movimentos por problema do cerebelo ou medula); 5) uso regular ou intoxicação aguda por álcool ou drogas. Pode ocorrer perda de efeito durante o tratamento com clonazepam. Não tome Rivotril® com álcool e/ou depressores do sistema nervoso ce ntral, essa combinação pode aumentar os efeitos de Rivotril®, com potencial sedação grave que pode resultar em coma ou morte, depressão cardiovascular e/ou respiratória. Caso ocorram reações paradoxais  durante o tratamento, fale com seu médico, pois o uso do medicamento deve ser descontinuado. Pode ocorrer amnésia anterógrada (perda da habilidade de criar novas memórias e absorver novas informações), com o uso de benzodiazepínicos em doses terapêuticas. Rivotril® pode precipitar o estado de mal epiléptico (crises epilépticas em sequência rápida). Fale com seu médico antes de aumentar a dose ou interromper abruptamente esta medicação. Abuso e dependência do medicamento O uso de benzodiazepínicos pode lev ar ao desenvolvime nto de dependê ncia física e psic ológica. O risco de dependência"", ""ser evitada. O tratamento (mesmo de curta duração) deve ser interrompido pela redução gradativa da dose diária. Efeitos sobre a capacidade de dirigir e operar máquinas Clonazepam pode lentificar as reações, efeito agravado com o uso de álcool. Durante o tratamento, o paciente não deve dirigir veíc ulos ou operar máquinas, pois sua habilidade e atenção podem estar prejudicadas. Até o momento, não há informações de que Rivotril® cause doping. Em caso de dúvidas, consulte o seu médico. Gravidez e amamentação"", ""5 Instruções especiais de administração Rivotril® pode ser usado com outros antiepilépticos. Nesse caso, seu médico ajustará a dose de cada medicamento para atingir o efeito ideal. Não pare de tomar Rivotril® subitamente, você pode ter novas crises epilépticas. Somente seu médico poderá orientar a interrupção do tratamento reduzindo gradualmente a dose utilizada. Siga a orientação de seu médico, respeitando sempre os horários, as doses e a duração do tratamento. Não interrompa o tratamento sem o conhecimento do seu médico. 7. O QUE DEVO FAZER QUANDO EU ME ESQU ECER DE USAR ESTE MEDICAMENTO? Nunca dobre a dose na próxima tomada. Apenas continue com a próxima dose no tempo determinado. Em caso de dúvidas, procure orientação do farmacêutico, de seu médico ou cirurgião-dentista."", ""8. QUAIS OS MALES QUE ESTE MEDICAMENTO PODE ME CAUSAR? Algumas reações são transitórias e desaparecem espontaneamente no decorrer do tratamento ou com redução da dose. As reações que ocorreram em ≥ 5% dos pacientes em estudos clínicos foram: sonolência, dor de cabeça, infecção das vias aéreas superiores, cansaço, gripe, depressão, vertigem, irritabilidade, insônia, perda da coordenação de movimentos e da marcha, perda do equilíbrio, náusea, sensação de cabeça leve, sinusite e concentração prejudicada. Pós-comercialização: Distúrbios do sistema imunológico: reações alérgicas e muito poucos casos de anafilaxia (reação alérgica grave). Distúrbios endócrinos: casos isolados, reversíveis, de puberdade precoce incompleta em crianças. Distúrbios psiquiátricos: amnésia, alucinações, histeria, psicose, tentativa de suicídio, despersonalização, distúrbio de memória, desinibição orgânica, ideias suicidas, lamentações, distúrbios emocionais e de humor, estado confusional e desorientação. Depressão pode estar associada à doença de base. Reações paradoxais: inquietação, agitação, irritabilidade, agressividade, nervosismo, hostilidade, ansiedade, distúrbios do sono, delírio, raiva, pesadelos, sonhos anormais, alucinações, psicose, hiperatividade, comp ortamento inapropriado e outros efeitos comportamentais. Alterações da libido (casos raros). Dependência e retirada, vide item “Abuso e dependência do medicamento”. Distúrbios do sistema nervoso: diminuição da concentração, sonolência, lentificação, hipotonia muscular, tonturas, ataxia são frequentes e geralmente transitórias. Dor de cabeça"", ""mesmo em concentrações plasmáticas similares. Principais interações medicamentosas Informe seu médico se esti ver tomando outros medica mentos, incluindo as substâncias a seguir, pois elas podem interagir com Rivotril®: – Depressores do sistema nervoso central e álcool; – Medicamentos que agem no sistema nervoso: antidepressivos, medicamento s para dormir, alguns analgésicos, antipsicóticos, ansiolíticos, anticonvulsivantes; – Medicamentos para o estômago. Interações fármaco-alimento Interações com alimentos não foram estabelecidas. O suco de toranja pode aumentar o efeito de Rivotril®. Interações fármaco-laboratório Interações com testes laboratoriais não foram estabelecidas. Informe ao seu médico ou cirurgião-dentista se você está fazendo uso de algum outro medicamento. Não use medicamento sem o conhecimento do seu médico. Pode ser perigoso para a sua saúde."", ""Alterações da libido (casos raros). Dependência e retirada, vide item “Abuso e dependência do medicamento”. Distúrbios do sistema nervoso: diminuição da concentração, sonolência, lentificação, hipotonia muscular, tonturas, ataxia são frequentes e geralmente transitórias. Dor de cabeça (raro). Distúrbios reversíveis: dificuldade para articular a fala, incoordenação de movimentos e da marcha, movimento anormal dos olhos. Pode haver esquecimento de fatos recentes, associado a alteração de comp ortamento. Pode haver au mento das crises convul sivas em determinadas formas de epilepsia. Perda da voz, movimentos grosseiros e descoordenados de braços e pernas, coma, tremor, perda de força de um lado do corpo, sensação de cabeça leve, falta de energia e formigamento e alteração da sensibilidade nas extremidades. Distúrbios oculares: visão dupla reversível, aparência de “olho vítreo”. Distúrbios cardiovasculares: palpitações, dor torácica, insuficiência cardíaca (incluindo parada cardíaca). Distúrbios respiratórios : congestão pulmonar, congestão nasal, hipersecreção, tosse, falta de ar, bronquite, rinite, faringite. Pode ocorrer depressão respiratória. Rivotril® pode aumentar a produção de saliva ou de secreção brônquica (secreção nas vias aéreas) em lactentes e crianças. Distúrbios gastrintestinais: perda do apetite, língua saburrosa, constipação, diarreia, boca seca, incontinência fecal (perda do controle da evacuação), gastrite, aumento do fígado, apetite aumentado, gengivas doloridas, dor abdominal, inflamação gastrintestinal, dor de dente. Náuseas e sintomas epigástricos"", ""6. COMO DEVO USAR ESTE MEDICAMENTO? Tome os comprimidos por via oral com pouca quantidade de líquido não alcoólico. A dose de Rivotril® depende da doença, da resposta clínica, idade e tolerabilidade. Recomenda-se que o tratamento inicie com doses mais baixas, que podem ser aumentadas se necessário. Siga a orientação médica. Distúrbios epilépticos Adultos Dose inicial: não exceder 1,5 mg/dia, dividida em 3 doses. Aumentar a critério médico. Dose de manutenção: será definida pelo seu médico, de acordo com sua resposta. Dose diária máxima recomendada: 20 mg. Se você já usa outro anticonvulsivante, avise seu médico. Recém-nascidos e crianças até 10 anos de idade ou 30 kg de peso Dose inicial média: 0,01 a 0,03 mg/kg/dia. Não exceder 0,05 mg/kg/dia, dividido em 2 ou 3 doses diárias. Crianças entre 10 e 16 anos de idade: Dose inicial: 1 a 1,5 mg/dia, dividido em 2 a 3 doses. A dose pode ser aumentada, a critério médico, até atingir a dose de manutenção individual, usualmente de 3 a 6 mg/dia. Sempre que possível, dividir a dose diária em 3 doses iguais. Caso não seja possível, a maior dose deve ser tomada antes de deitar. Transtornos de ansiedade  Distúrbio do pânico: Adultos: - Dose inicial: 0,5 mg/dia, dividida em 2 doses. Pode-se aumentar a dose a critério médico. - Dose de manutenção: critério médico, de acordo com sua resposta. A dose tomada ao deitar reduz a inconveniência da sonolência e pode ser desejável no in ício do tratamento. A retirada deve ser gradual, até que o medicamento seja totalmente suspenso.  Como ansiolítico em geral: 0,25 mg a 4,0 mg/dia. Dose"", ""epiléptico (crises epilépticas em sequência rápida). Fale com seu médico antes de aumentar a dose ou interromper abruptamente esta medicação. Abuso e dependência do medicamento O uso de benzodiazepínicos pode lev ar ao desenvolvime nto de dependê ncia física e psic ológica. O risco de dependência aumenta com a dose, tratamentos prolongados e em pacientes com história de abuso de álcool ou drogas. Em caso de dependência, especialmente com doses elevadas, a descontinuação brusca do tratamento será acompanhada por sintomas de abstinência: psicoses, distúrbio comportamental, tremor, sudorese, agitação, distúrbios do sono e ansiedade, dor de cabeça, diarreia, dores musculares, câimbras, ansiedade extrema, tensão, cansaço, inquietação, alteração de humor, confusão, irritabilidade e convulsões epiléticas que podem ser associadas à doença de base. Em casos graves, desrealização (sentimentos de estranhamento ou distanciamento em relação ao ambiente), despersonalização (processo psíquico, em que se tem a impressão de que se é estranho a si mesmo), hipersensibilidade ao som, à luz, a ruídos e ao contato físico, sensações anormais, formigamentos, alucinações. O risco dos sintomas de abstinência é maior após descontinuação súbita do tratamento, portanto a retirada brusca do medicamento deve ser evitada. O tratamento (mesmo de curta duração) deve ser interrompido pela redução gradativa da dose diária. Efeitos sobre a capacidade de dirigir e operar máquinas Clonazepam pode lentificar as reações, efeito agravado com o uso de álcool. Durante o tratamento, o paciente não deve dirigir veíc"", ""manutenção: critério médico, de acordo com sua resposta. A dose tomada ao deitar reduz a inconveniência da sonolência e pode ser desejável no in ício do tratamento. A retirada deve ser gradual, até que o medicamento seja totalmente suspenso.  Como ansiolítico em geral: 0,25 mg a 4,0 mg/dia. Dose recomendada: 0,5 a 1,5 mg/dia (dividida em 3x/dia).  Fobia social: 0,25 mg/dia até 6,0 mg/dia (2,0 mg, 3x/dia). Dose recomendada: 1,0 a 2,5 mg/dia. Transtornos do humor  Transtorno afetivo bipolar (tratamento da mania): 1,5 mg a 8 mg/dia. Dose recomendada: 2,0 a 4,0 mg/dia.  Depressão maior (associado a antidepressivos): 0,5 a 6,0 mg/dia. Dose recomendada: 2,0 a 4,0 mg/dia. Síndromes psicóticas  Acatisia: 0,5 mg a 4,5 mg/dia. Dose recomendada: 0,5 a 3,0 mg/dia. Síndrome das pernas inquietas: 0,5 mg a 2,0 mg/dia. Vertigem e distúrbios do equilíbrio : 0,5 mg a 1,0 mg ao dia (2x/dia). Doses diárias superiores a 1,0 mg não são recomendáveis. Síndrome da boca ardente: 0,25 a 6,0 mg/dia. Dose recomendada: 1,0 a 2,0 mg/dia. Uso em idosos: a dose mais baixa possível deve ser utilizada em idosos. Deve-se ter especial cuidado durante as alterações na dose. Comprometimento do fígado: pacientes com comprometimento do fígado grave não devem ser tratados com clonazepam e pacientes com comprometimento hepático leve a moderado devem receber a dose mais baixa possível."", ""6 Distúrbios da pele / tecido subcutâneo: urticária (placas avermelhadas na pele que coçam bastante), coceira, erupção cutânea, perda de cabelo transitória, crescimento anormal de pelos, inchaço na face e tornozelo, alterações da pigmentação (raro). Distúrbios musculoesqueléticos / tecido conectivo : fraqueza muscular, frequente e geralmente transitória. Dor muscular, dor nas costas, fratura traumática, dor na nuca, deslocamentos e tensões. Distúrbios renais / urinários : dificuldade para urinar, perda urinária durante o sono, noctúria (levantar para urinar à noite), retenção urinária, infecção do trato urinário. Incontinência (raro). Distúrbios do sistema reprodutivo : cólicas menstruais, diminuição de interesse sexual. Impotência (raro). Distúrbios gerais : fadiga frequente e geralmente transitória. Reações paradoxais: vide item “Distúrbios psiquiátricos”. Lesões e envenenamento : quedas e fraturas. Risco maior em pessoas que usam outros sedativos incluindo bebidas alcoólicas e em idosos. Exames complementares : diminuição do número de plaquetas (raro). Diminuição dos glóbulos brancos e anemia, alterações dos exames da função do fígado. Distúrbios do ouvido: otite, vertigem. Diversas: desidratação, deterioração geral, febre, aumento dos gânglios linfáticos, ganho ou perda de peso, infecção viral. Informe ao seu médico, cirurgião-dentista ou farmacêutico o aparecimento de reações indesejáveis pelo uso do medicamento. Informe também à empresa através do seu serviço de atendimento."", ""gastrintestinais: perda do apetite, língua saburrosa, constipação, diarreia, boca seca, incontinência fecal (perda do controle da evacuação), gastrite, aumento do fígado, apetite aumentado, gengivas doloridas, dor abdominal, inflamação gastrintestinal, dor de dente. Náuseas e sintomas epigástricos (raro) (sintomas na região do estômago)."", ""3 Este medicamento não deve ser utilizado por mulheres grávidas sem orientação médica ou do cirurgião- dentista. Rivotril® só deve ser administrado a gestantes se houver indicação absoluta e se os benefícios potenciais superarem os riscos para o feto. Rivotril® pode prejudicar seu bebê. Informe seu médico se estiver grávida ou se está tentando engravidar. O uso de altas dos es no último trimestre da gestação ou no trabalho de pa rto pode causar irregularidades no batimen to cardíaco do f eto e baixa tempera tura corpórea, f alta de tônus musc ular, depressão respiratória e dificuldade de sucção no bebê. Tanto a gestação quanto a suspensão de Rivotril® podem exacerbar a epilepsia. Informe seu médico se estiver amamentando. Se você realmente precisar tomar Rivotril®, a amamentação deve ser descontinuada. Uso em crianças Avaliar o risco / benefício do uso de Rivotril® a longo prazo em pacientes pediátr icos com distúrbios epilépticos. Rivotril® pode aumentar a salivação e as secreções brônquicas em lactentes e crianças pequenas. Atenção: manter as vias aéreas livres. Não há dados de eficácia / segurança de Rivotril® em menores de 18 anos com distúrbio do pânico. Uso em idosos Os efeitos dos benzodiazepínicos parecem ser maiores em pacientes idosos do que em pacientes mais jovens, mesmo em concentrações plasmáticas similares. Principais interações medicamentosas Informe seu médico se esti ver tomando outros medica mentos, incluindo as substâncias a seguir, pois elas podem interagir com Rivotril®: – Depressores do sistema nervoso central e álcool; – Medicamentos que agem no""]",2.238,8.877
RIVOTRIL,Qual o mecanismo farmacológico que fundamenta a necessidade de descontinuação gradual para prevenir estado de mal epiléptico e sintomas de abstinência?,"Como modulador positivo dos receptores GABA_A, o uso crônico de clonazepam leva à regulação negativa desses receptores. A retirada abrupta reduz bruscamente a inibição GABAérgica, precipitando crises convulsivas (estado de mal epiléptico) e sintomas de abstinência (tremor, agitação, convulsões), daí a recomendação de tapering gradual.","COMO ESTE MEDICAMENTO FUNCIONA?

O QUE DEVO SABER ANTES DE USAR ESTE MEDICAMENTO?",ollama:medgemma:4b,"O mecanismo farmacológico que fundamenta a necessidade de descontinuação gradual de Rivotril® para prevenir estado de mal epiléptico e sintomas de abstinência reside na dependência física e psicológica que pode ocorrer com o uso prolongado de benzodiazepínicos como o clonazepam. A interrupção abrupta do tratamento pode levar a uma diminuição nos níveis plasmáticos do medicamento, resultando em um aumento da excitabilidade neuronal e, em alguns casos, desencadeando crises epilépticas. Além disso, a interrupção abrupta pode causar sintomas de abstinência, que incluem ansiedade, insônia, irritabilidade, agitação, tremores, sudorese, taquicardia, hipertensão, alucinações e convulsões. A descontinuação gradual permite que o corpo se adapte gradualmente à ausência do medicamento, reduzindo o risco de eventos adversos graves e facilitando a tolerância ao tratamento.

---
*Esta resposta se baseia apenas nos trechos da bula recuperados e não substitui orientação médica ou farmacêutica.*","O mecanismo farmacológico que fundamenta a necessidade de descontinuação gradual de Rivotril® para prevenir estado de mal epiléptico e sintomas de abstinência reside na dependência física e psicológica que pode ocorrer com o uso prolongado de benzodiazepínicos como o clonazepam. A interrupção abrupta do tratamento pode levar a uma diminuição nos níveis plasmáticos do medicamento, resultando em um aumento da excitabilidade neuronal e, em alguns casos, desencadeando crises epilépticas. Além disso, a interrupção abrupta pode causar sintomas de abstinência, que incluem ansiedade, insônia, irritabilidade, agitação, tremores, sudorese, taquicardia, hipertensão, alucinações e convulsões. A descontinuação gradual permite que o corpo se adapte gradualmente à ausência do medicamento, reduzindo o risco de eventos adversos graves e facilitando a tolerância ao tratamento.","O QUE DEVO SABER ANTES DE USAR ESTE MEDICAMENTO?, COMO ESTE MEDICAMENTO FUNCIONA?, QUAIS OS MALES QUE ESTE MEDICAMENTO PODE ME CAUSAR?",,"[""epiléptico (crises epilépticas em sequência rápida). Fale com seu médico antes de aumentar a dose ou interromper abruptamente esta medicação. Abuso e dependência do medicamento O uso de benzodiazepínicos pode lev ar ao desenvolvime nto de dependê ncia física e psic ológica. O risco de dependência aumenta com a dose, tratamentos prolongados e em pacientes com história de abuso de álcool ou drogas. Em caso de dependência, especialmente com doses elevadas, a descontinuação brusca do tratamento será acompanhada por sintomas de abstinência: psicoses, distúrbio comportamental, tremor, sudorese, agitação, distúrbios do sono e ansiedade, dor de cabeça, diarreia, dores musculares, câimbras, ansiedade extrema, tensão, cansaço, inquietação, alteração de humor, confusão, irritabilidade e convulsões epiléticas que podem ser associadas à doença de base. Em casos graves, desrealização (sentimentos de estranhamento ou distanciamento em relação ao ambiente), despersonalização (processo psíquico, em que se tem a impressão de que se é estranho a si mesmo), hipersensibilidade ao som, à luz, a ruídos e ao contato físico, sensações anormais, formigamentos, alucinações. O risco dos sintomas de abstinência é maior após descontinuação súbita do tratamento, portanto a retirada brusca do medicamento deve ser evitada. O tratamento (mesmo de curta duração) deve ser interrompido pela redução gradativa da dose diária. Efeitos sobre a capacidade de dirigir e operar máquinas Clonazepam pode lentificar as reações, efeito agravado com o uso de álcool. Durante o tratamento, o paciente não deve dirigir veíc"", ""Alterações da libido (casos raros). Dependência e retirada, vide item “Abuso e dependência do medicamento”. Distúrbios do sistema nervoso: diminuição da concentração, sonolência, lentificação, hipotonia muscular, tonturas, ataxia são frequentes e geralmente transitórias. Dor de cabeça (raro). Distúrbios reversíveis: dificuldade para articular a fala, incoordenação de movimentos e da marcha, movimento anormal dos olhos. Pode haver esquecimento de fatos recentes, associado a alteração de comp ortamento. Pode haver au mento das crises convul sivas em determinadas formas de epilepsia. Perda da voz, movimentos grosseiros e descoordenados de braços e pernas, coma, tremor, perda de força de um lado do corpo, sensação de cabeça leve, falta de energia e formigamento e alteração da sensibilidade nas extremidades. Distúrbios oculares: visão dupla reversível, aparência de “olho vítreo”. Distúrbios cardiovasculares: palpitações, dor torácica, insuficiência cardíaca (incluindo parada cardíaca). Distúrbios respiratórios : congestão pulmonar, congestão nasal, hipersecreção, tosse, falta de ar, bronquite, rinite, faringite. Pode ocorrer depressão respiratória. Rivotril® pode aumentar a produção de saliva ou de secreção brônquica (secreção nas vias aéreas) em lactentes e crianças. Distúrbios gastrintestinais: perda do apetite, língua saburrosa, constipação, diarreia, boca seca, incontinência fecal (perda do controle da evacuação), gastrite, aumento do fígado, apetite aumentado, gengivas doloridas, dor abdominal, inflamação gastrintestinal, dor de dente. Náuseas e sintomas epigástricos"", ""2. COMO ESTE MEDICAMENTO FUNCIONA? Clonazepam pertence à classe dos benzodiazepínicos, medicamentos que causam inibição leve do sistema nervoso, com consequente ação anticonvulsivante, sedativa leve, relaxante muscular e tranquilizante. A ação de Rivotril® oral dose única inicia em 30 a 60 minutos e se estende por 6 à 8 h em crianças e 8 a 12 h em adultos. \n2"", ""mesmo em concentrações plasmáticas similares. Principais interações medicamentosas Informe seu médico se esti ver tomando outros medica mentos, incluindo as substâncias a seguir, pois elas podem interagir com Rivotril®: – Depressores do sistema nervoso central e álcool; – Medicamentos que agem no sistema nervoso: antidepressivos, medicamento s para dormir, alguns analgésicos, antipsicóticos, ansiolíticos, anticonvulsivantes; – Medicamentos para o estômago. Interações fármaco-alimento Interações com alimentos não foram estabelecidas. O suco de toranja pode aumentar o efeito de Rivotril®. Interações fármaco-laboratório Interações com testes laboratoriais não foram estabelecidas. Informe ao seu médico ou cirurgião-dentista se você está fazendo uso de algum outro medicamento. Não use medicamento sem o conhecimento do seu médico. Pode ser perigoso para a sua saúde."", ""8. QUAIS OS MALES QUE ESTE MEDICAMENTO PODE ME CAUSAR? Algumas reações são transitórias e desaparecem espontaneamente no decorrer do tratamento ou com redução da dose. As reações que ocorreram em ≥ 5% dos pacientes em estudos clínicos foram: sonolência, dor de cabeça, infecção das vias aéreas superiores, cansaço, gripe, depressão, vertigem, irritabilidade, insônia, perda da coordenação de movimentos e da marcha, perda do equilíbrio, náusea, sensação de cabeça leve, sinusite e concentração prejudicada. Pós-comercialização: Distúrbios do sistema imunológico: reações alérgicas e muito poucos casos de anafilaxia (reação alérgica grave). Distúrbios endócrinos: casos isolados, reversíveis, de puberdade precoce incompleta em crianças. Distúrbios psiquiátricos: amnésia, alucinações, histeria, psicose, tentativa de suicídio, despersonalização, distúrbio de memória, desinibição orgânica, ideias suicidas, lamentações, distúrbios emocionais e de humor, estado confusional e desorientação. Depressão pode estar associada à doença de base. Reações paradoxais: inquietação, agitação, irritabilidade, agressividade, nervosismo, hostilidade, ansiedade, distúrbios do sono, delírio, raiva, pesadelos, sonhos anormais, alucinações, psicose, hiperatividade, comp ortamento inapropriado e outros efeitos comportamentais. Alterações da libido (casos raros). Dependência e retirada, vide item “Abuso e dependência do medicamento”. Distúrbios do sistema nervoso: diminuição da concentração, sonolência, lentificação, hipotonia muscular, tonturas, ataxia são frequentes e geralmente transitórias. Dor de cabeça"", ""ser evitada. O tratamento (mesmo de curta duração) deve ser interrompido pela redução gradativa da dose diária. Efeitos sobre a capacidade de dirigir e operar máquinas Clonazepam pode lentificar as reações, efeito agravado com o uso de álcool. Durante o tratamento, o paciente não deve dirigir veíc ulos ou operar máquinas, pois sua habilidade e atenção podem estar prejudicadas. Até o momento, não há informações de que Rivotril® cause doping. Em caso de dúvidas, consulte o seu médico. Gravidez e amamentação"", ""4. O QUE DEVO SABER ANTES DE USAR ESTE MEDICAMENTO? Antes de tomar Rivotril®, informe seu médico se você tem ou teve: 1) outros problemas de saúde, como doenças nos rins ou fígado (por exemplo: cirrose hepática), distúrbio neuromuscular ou respiratório, porfiria (doença em que ocorre deficiência de enzimas específicas na via da biossíntese do heme); 2) sinais ou sintomas de depressão e/ou tentativa de suicídio; 3) intolerância à galactose (açúcar) ou deficiência de lactase (enzima que quebra a lactose); 4) ataxia cerebelar ou espinhal (descoordenação dos movimentos por problema do cerebelo ou medula); 5) uso regular ou intoxicação aguda por álcool ou drogas. Pode ocorrer perda de efeito durante o tratamento com clonazepam. Não tome Rivotril® com álcool e/ou depressores do sistema nervoso ce ntral, essa combinação pode aumentar os efeitos de Rivotril®, com potencial sedação grave que pode resultar em coma ou morte, depressão cardiovascular e/ou respiratória. Caso ocorram reações paradoxais  durante o tratamento, fale com seu médico, pois o uso do medicamento deve ser descontinuado. Pode ocorrer amnésia anterógrada (perda da habilidade de criar novas memórias e absorver novas informações), com o uso de benzodiazepínicos em doses terapêuticas. Rivotril® pode precipitar o estado de mal epiléptico (crises epilépticas em sequência rápida). Fale com seu médico antes de aumentar a dose ou interromper abruptamente esta medicação. Abuso e dependência do medicamento O uso de benzodiazepínicos pode lev ar ao desenvolvime nto de dependê ncia física e psic ológica. O risco de dependência"", ""3 Este medicamento não deve ser utilizado por mulheres grávidas sem orientação médica ou do cirurgião- dentista. Rivotril® só deve ser administrado a gestantes se houver indicação absoluta e se os benefícios potenciais superarem os riscos para o feto. Rivotril® pode prejudicar seu bebê. Informe seu médico se estiver grávida ou se está tentando engravidar. O uso de altas dos es no último trimestre da gestação ou no trabalho de pa rto pode causar irregularidades no batimen to cardíaco do f eto e baixa tempera tura corpórea, f alta de tônus musc ular, depressão respiratória e dificuldade de sucção no bebê. Tanto a gestação quanto a suspensão de Rivotril® podem exacerbar a epilepsia. Informe seu médico se estiver amamentando. Se você realmente precisar tomar Rivotril®, a amamentação deve ser descontinuada. Uso em crianças Avaliar o risco / benefício do uso de Rivotril® a longo prazo em pacientes pediátr icos com distúrbios epilépticos. Rivotril® pode aumentar a salivação e as secreções brônquicas em lactentes e crianças pequenas. Atenção: manter as vias aéreas livres. Não há dados de eficácia / segurança de Rivotril® em menores de 18 anos com distúrbio do pânico. Uso em idosos Os efeitos dos benzodiazepínicos parecem ser maiores em pacientes idosos do que em pacientes mais jovens, mesmo em concentrações plasmáticas similares. Principais interações medicamentosas Informe seu médico se esti ver tomando outros medica mentos, incluindo as substâncias a seguir, pois elas podem interagir com Rivotril®: – Depressores do sistema nervoso central e álcool; – Medicamentos que agem no"", ""6 Distúrbios da pele / tecido subcutâneo: urticária (placas avermelhadas na pele que coçam bastante), coceira, erupção cutânea, perda de cabelo transitória, crescimento anormal de pelos, inchaço na face e tornozelo, alterações da pigmentação (raro). Distúrbios musculoesqueléticos / tecido conectivo : fraqueza muscular, frequente e geralmente transitória. Dor muscular, dor nas costas, fratura traumática, dor na nuca, deslocamentos e tensões. Distúrbios renais / urinários : dificuldade para urinar, perda urinária durante o sono, noctúria (levantar para urinar à noite), retenção urinária, infecção do trato urinário. Incontinência (raro). Distúrbios do sistema reprodutivo : cólicas menstruais, diminuição de interesse sexual. Impotência (raro). Distúrbios gerais : fadiga frequente e geralmente transitória. Reações paradoxais: vide item “Distúrbios psiquiátricos”. Lesões e envenenamento : quedas e fraturas. Risco maior em pessoas que usam outros sedativos incluindo bebidas alcoólicas e em idosos. Exames complementares : diminuição do número de plaquetas (raro). Diminuição dos glóbulos brancos e anemia, alterações dos exames da função do fígado. Distúrbios do ouvido: otite, vertigem. Diversas: desidratação, deterioração geral, febre, aumento dos gânglios linfáticos, ganho ou perda de peso, infecção viral. Informe ao seu médico, cirurgião-dentista ou farmacêutico o aparecimento de reações indesejáveis pelo uso do medicamento. Informe também à empresa através do seu serviço de atendimento."", ""gastrintestinais: perda do apetite, língua saburrosa, constipação, diarreia, boca seca, incontinência fecal (perda do controle da evacuação), gastrite, aumento do fígado, apetite aumentado, gengivas doloridas, dor abdominal, inflamação gastrintestinal, dor de dente. Náuseas e sintomas epigástricos (raro) (sintomas na região do estômago).""]",1.608,6.91
RIVOTRIL,"Por que o uso de Rivotril® é contraindicado em pacientes com histórico de apneia do sono no tratamento do transtorno do pânico, considerando suas propriedades farmacológicas?","Clonazepam exerce potente efeito sedativo e depressor respiratório, podendo agravar a apneia do sono e causar depressão respiratória grave em indivíduos suscetíveis. Por isso, seu emprego no transtorno do pânico está contraindicado em pacientes com esse histórico.","QUANDO NÃO DEVO USAR ESTE MEDICAMENTO?

O QUE DEVO SABER ANTES DE USAR ESTE MEDICAMENTO?",ollama:medgemma:4b,"Na bula consultada de RIVOTRIL, não constam informações sobre essa pergunta.

---
*Esta resposta se baseia apenas nos trechos da bula recuperados e não substitui orientação médica ou farmacêutica. É recomendável consultar um profissional de saúde para orientação individualizada.*","Na bula consultada de RIVOTRIL, não constam informações sobre essa pergunta.","O QUE DEVO SABER ANTES DE USAR ESTE MEDICAMENTO?, QUANDO NÃO DEVO USAR ESTE MEDICAMENTO?, COMO ESTE MEDICAMENTO FUNCIONA?",,"[""3. QUANDO NÃO DEVO USAR ESTE MEDICAMENTO? Rivotril® é contraindicado a pacientes com hipersensibilidade conhecida a clonazepam ou a qualquer dos excipientes do medicamento, em pacientes com insuficiência respiratória grave ou comprometimento do fígado grave, pois os benzodiazepínicos podem lev ar à ocorrência de comprome timento do sistema nervoso, secundário ao problema no fígado. Rivotril® comprimidos e Rivotril® gotas são contraindicados para o tratamento de transtornos do pânico em pacientes com histórico médico de apneia do sono. Rivotril® é contraindicado a pacientes com glaucoma agudo de ângulo fechado. Rivotril® pode ser usado por pacientes com glaucoma de ângulo aberto, desde que estejam recebendo terapia apropriada."", ""ser evitada. O tratamento (mesmo de curta duração) deve ser interrompido pela redução gradativa da dose diária. Efeitos sobre a capacidade de dirigir e operar máquinas Clonazepam pode lentificar as reações, efeito agravado com o uso de álcool. Durante o tratamento, o paciente não deve dirigir veíc ulos ou operar máquinas, pois sua habilidade e atenção podem estar prejudicadas. Até o momento, não há informações de que Rivotril® cause doping. Em caso de dúvidas, consulte o seu médico. Gravidez e amamentação"", ""3 Este medicamento não deve ser utilizado por mulheres grávidas sem orientação médica ou do cirurgião- dentista. Rivotril® só deve ser administrado a gestantes se houver indicação absoluta e se os benefícios potenciais superarem os riscos para o feto. Rivotril® pode prejudicar seu bebê. Informe seu médico se estiver grávida ou se está tentando engravidar. O uso de altas dos es no último trimestre da gestação ou no trabalho de pa rto pode causar irregularidades no batimen to cardíaco do f eto e baixa tempera tura corpórea, f alta de tônus musc ular, depressão respiratória e dificuldade de sucção no bebê. Tanto a gestação quanto a suspensão de Rivotril® podem exacerbar a epilepsia. Informe seu médico se estiver amamentando. Se você realmente precisar tomar Rivotril®, a amamentação deve ser descontinuada. Uso em crianças Avaliar o risco / benefício do uso de Rivotril® a longo prazo em pacientes pediátr icos com distúrbios epilépticos. Rivotril® pode aumentar a salivação e as secreções brônquicas em lactentes e crianças pequenas. Atenção: manter as vias aéreas livres. Não há dados de eficácia / segurança de Rivotril® em menores de 18 anos com distúrbio do pânico. Uso em idosos Os efeitos dos benzodiazepínicos parecem ser maiores em pacientes idosos do que em pacientes mais jovens, mesmo em concentrações plasmáticas similares. Principais interações medicamentosas Informe seu médico se esti ver tomando outros medica mentos, incluindo as substâncias a seguir, pois elas podem interagir com Rivotril®: – Depressores do sistema nervoso central e álcool; – Medicamentos que agem no"", ""mesmo em concentrações plasmáticas similares. Principais interações medicamentosas Informe seu médico se esti ver tomando outros medica mentos, incluindo as substâncias a seguir, pois elas podem interagir com Rivotril®: – Depressores do sistema nervoso central e álcool; – Medicamentos que agem no sistema nervoso: antidepressivos, medicamento s para dormir, alguns analgésicos, antipsicóticos, ansiolíticos, anticonvulsivantes; – Medicamentos para o estômago. Interações fármaco-alimento Interações com alimentos não foram estabelecidas. O suco de toranja pode aumentar o efeito de Rivotril®. Interações fármaco-laboratório Interações com testes laboratoriais não foram estabelecidas. Informe ao seu médico ou cirurgião-dentista se você está fazendo uso de algum outro medicamento. Não use medicamento sem o conhecimento do seu médico. Pode ser perigoso para a sua saúde."", ""2. COMO ESTE MEDICAMENTO FUNCIONA? Clonazepam pertence à classe dos benzodiazepínicos, medicamentos que causam inibição leve do sistema nervoso, com consequente ação anticonvulsivante, sedativa leve, relaxante muscular e tranquilizante. A ação de Rivotril® oral dose única inicia em 30 a 60 minutos e se estende por 6 à 8 h em crianças e 8 a 12 h em adultos. \n2"", ""4. O QUE DEVO SABER ANTES DE USAR ESTE MEDICAMENTO? Antes de tomar Rivotril®, informe seu médico se você tem ou teve: 1) outros problemas de saúde, como doenças nos rins ou fígado (por exemplo: cirrose hepática), distúrbio neuromuscular ou respiratório, porfiria (doença em que ocorre deficiência de enzimas específicas na via da biossíntese do heme); 2) sinais ou sintomas de depressão e/ou tentativa de suicídio; 3) intolerância à galactose (açúcar) ou deficiência de lactase (enzima que quebra a lactose); 4) ataxia cerebelar ou espinhal (descoordenação dos movimentos por problema do cerebelo ou medula); 5) uso regular ou intoxicação aguda por álcool ou drogas. Pode ocorrer perda de efeito durante o tratamento com clonazepam. Não tome Rivotril® com álcool e/ou depressores do sistema nervoso ce ntral, essa combinação pode aumentar os efeitos de Rivotril®, com potencial sedação grave que pode resultar em coma ou morte, depressão cardiovascular e/ou respiratória. Caso ocorram reações paradoxais  durante o tratamento, fale com seu médico, pois o uso do medicamento deve ser descontinuado. Pode ocorrer amnésia anterógrada (perda da habilidade de criar novas memórias e absorver novas informações), com o uso de benzodiazepínicos em doses terapêuticas. Rivotril® pode precipitar o estado de mal epiléptico (crises epilépticas em sequência rápida). Fale com seu médico antes de aumentar a dose ou interromper abruptamente esta medicação. Abuso e dependência do medicamento O uso de benzodiazepínicos pode lev ar ao desenvolvime nto de dependê ncia física e psic ológica. O risco de dependência"", ""epiléptico (crises epilépticas em sequência rápida). Fale com seu médico antes de aumentar a dose ou interromper abruptamente esta medicação. Abuso e dependência do medicamento O uso de benzodiazepínicos pode lev ar ao desenvolvime nto de dependê ncia física e psic ológica. O risco de dependência aumenta com a dose, tratamentos prolongados e em pacientes com história de abuso de álcool ou drogas. Em caso de dependência, especialmente com doses elevadas, a descontinuação brusca do tratamento será acompanhada por sintomas de abstinência: psicoses, distúrbio comportamental, tremor, sudorese, agitação, distúrbios do sono e ansiedade, dor de cabeça, diarreia, dores musculares, câimbras, ansiedade extrema, tensão, cansaço, inquietação, alteração de humor, confusão, irritabilidade e convulsões epiléticas que podem ser associadas à doença de base. Em casos graves, desrealização (sentimentos de estranhamento ou distanciamento em relação ao ambiente), despersonalização (processo psíquico, em que se tem a impressão de que se é estranho a si mesmo), hipersensibilidade ao som, à luz, a ruídos e ao contato físico, sensações anormais, formigamentos, alucinações. O risco dos sintomas de abstinência é maior após descontinuação súbita do tratamento, portanto a retirada brusca do medicamento deve ser evitada. O tratamento (mesmo de curta duração) deve ser interrompido pela redução gradativa da dose diária. Efeitos sobre a capacidade de dirigir e operar máquinas Clonazepam pode lentificar as reações, efeito agravado com o uso de álcool. Durante o tratamento, o paciente não deve dirigir veíc""]",1.52,2.281
RIVOTRIL,Em que medida o suco de toranja pode afetar o perfil de concentração plasmática de clonazepam e qual recomendação clínica a bula sugere?,"O suco de toranja inibe o CYP3A4 hepático, o principal via metabólica do clonazepam, elevando suas concentrações plasmáticas e prolongando os efeitos sedativos e anticonvulsivantes. A bula recomenda evitar o consumo concomitante ou, se necessário, monitorar cuidadosamente o paciente.","O QUE DEVO SABER ANTES DE USAR ESTE MEDICAMENTO?

COMO ESTE MEDICAMENTO FUNCIONA?",ollama:medgemma:4b,"Na bula consultada de RIVOTRIL, não constam informações sobre essa pergunta.

---
*Esta resposta se baseia apenas nos trechos da bula recuperados e não substitui orientação médica ou farmacêutica.*","Na bula consultada de RIVOTRIL, não constam informações sobre essa pergunta.","O QUE DEVO SABER ANTES DE USAR ESTE MEDICAMENTO?, O QUE DEVO SABER ANTES DE USAR ESTE MEDICAMENTO?",,"[""mesmo em concentrações plasmáticas similares. Principais interações medicamentosas Informe seu médico se esti ver tomando outros medica mentos, incluindo as substâncias a seguir, pois elas podem interagir com Rivotril®: – Depressores do sistema nervoso central e álcool; – Medicamentos que agem no sistema nervoso: antidepressivos, medicamento s para dormir, alguns analgésicos, antipsicóticos, ansiolíticos, anticonvulsivantes; – Medicamentos para o estômago. Interações fármaco-alimento Interações com alimentos não foram estabelecidas. O suco de toranja pode aumentar o efeito de Rivotril®. Interações fármaco-laboratório Interações com testes laboratoriais não foram estabelecidas. Informe ao seu médico ou cirurgião-dentista se você está fazendo uso de algum outro medicamento. Não use medicamento sem o conhecimento do seu médico. Pode ser perigoso para a sua saúde."", ""ser evitada. O tratamento (mesmo de curta duração) deve ser interrompido pela redução gradativa da dose diária. Efeitos sobre a capacidade de dirigir e operar máquinas Clonazepam pode lentificar as reações, efeito agravado com o uso de álcool. Durante o tratamento, o paciente não deve dirigir veíc ulos ou operar máquinas, pois sua habilidade e atenção podem estar prejudicadas. Até o momento, não há informações de que Rivotril® cause doping. Em caso de dúvidas, consulte o seu médico. Gravidez e amamentação"", ""3 Este medicamento não deve ser utilizado por mulheres grávidas sem orientação médica ou do cirurgião- dentista. Rivotril® só deve ser administrado a gestantes se houver indicação absoluta e se os benefícios potenciais superarem os riscos para o feto. Rivotril® pode prejudicar seu bebê. Informe seu médico se estiver grávida ou se está tentando engravidar. O uso de altas dos es no último trimestre da gestação ou no trabalho de pa rto pode causar irregularidades no batimen to cardíaco do f eto e baixa tempera tura corpórea, f alta de tônus musc ular, depressão respiratória e dificuldade de sucção no bebê. Tanto a gestação quanto a suspensão de Rivotril® podem exacerbar a epilepsia. Informe seu médico se estiver amamentando. Se você realmente precisar tomar Rivotril®, a amamentação deve ser descontinuada. Uso em crianças Avaliar o risco / benefício do uso de Rivotril® a longo prazo em pacientes pediátr icos com distúrbios epilépticos. Rivotril® pode aumentar a salivação e as secreções brônquicas em lactentes e crianças pequenas. Atenção: manter as vias aéreas livres. Não há dados de eficácia / segurança de Rivotril® em menores de 18 anos com distúrbio do pânico. Uso em idosos Os efeitos dos benzodiazepínicos parecem ser maiores em pacientes idosos do que em pacientes mais jovens, mesmo em concentrações plasmáticas similares. Principais interações medicamentosas Informe seu médico se esti ver tomando outros medica mentos, incluindo as substâncias a seguir, pois elas podem interagir com Rivotril®: – Depressores do sistema nervoso central e álcool; – Medicamentos que agem no"", ""epiléptico (crises epilépticas em sequência rápida). Fale com seu médico antes de aumentar a dose ou interromper abruptamente esta medicação. Abuso e dependência do medicamento O uso de benzodiazepínicos pode lev ar ao desenvolvime nto de dependê ncia física e psic ológica. O risco de dependência aumenta com a dose, tratamentos prolongados e em pacientes com história de abuso de álcool ou drogas. Em caso de dependência, especialmente com doses elevadas, a descontinuação brusca do tratamento será acompanhada por sintomas de abstinência: psicoses, distúrbio comportamental, tremor, sudorese, agitação, distúrbios do sono e ansiedade, dor de cabeça, diarreia, dores musculares, câimbras, ansiedade extrema, tensão, cansaço, inquietação, alteração de humor, confusão, irritabilidade e convulsões epiléticas que podem ser associadas à doença de base. Em casos graves, desrealização (sentimentos de estranhamento ou distanciamento em relação ao ambiente), despersonalização (processo psíquico, em que se tem a impressão de que se é estranho a si mesmo), hipersensibilidade ao som, à luz, a ruídos e ao contato físico, sensações anormais, formigamentos, alucinações. O risco dos sintomas de abstinência é maior após descontinuação súbita do tratamento, portanto a retirada brusca do medicamento deve ser evitada. O tratamento (mesmo de curta duração) deve ser interrompido pela redução gradativa da dose diária. Efeitos sobre a capacidade de dirigir e operar máquinas Clonazepam pode lentificar as reações, efeito agravado com o uso de álcool. Durante o tratamento, o paciente não deve dirigir veíc"", ""4. O QUE DEVO SABER ANTES DE USAR ESTE MEDICAMENTO? Antes de tomar Rivotril®, informe seu médico se você tem ou teve: 1) outros problemas de saúde, como doenças nos rins ou fígado (por exemplo: cirrose hepática), distúrbio neuromuscular ou respiratório, porfiria (doença em que ocorre deficiência de enzimas específicas na via da biossíntese do heme); 2) sinais ou sintomas de depressão e/ou tentativa de suicídio; 3) intolerância à galactose (açúcar) ou deficiência de lactase (enzima que quebra a lactose); 4) ataxia cerebelar ou espinhal (descoordenação dos movimentos por problema do cerebelo ou medula); 5) uso regular ou intoxicação aguda por álcool ou drogas. Pode ocorrer perda de efeito durante o tratamento com clonazepam. Não tome Rivotril® com álcool e/ou depressores do sistema nervoso ce ntral, essa combinação pode aumentar os efeitos de Rivotril®, com potencial sedação grave que pode resultar em coma ou morte, depressão cardiovascular e/ou respiratória. Caso ocorram reações paradoxais  durante o tratamento, fale com seu médico, pois o uso do medicamento deve ser descontinuado. Pode ocorrer amnésia anterógrada (perda da habilidade de criar novas memórias e absorver novas informações), com o uso de benzodiazepínicos em doses terapêuticas. Rivotril® pode precipitar o estado de mal epiléptico (crises epilépticas em sequência rápida). Fale com seu médico antes de aumentar a dose ou interromper abruptamente esta medicação. Abuso e dependência do medicamento O uso de benzodiazepínicos pode lev ar ao desenvolvime nto de dependê ncia física e psic ológica. O risco de dependência""]",1.351,2.154
RIVOTRIL,Quais precauções devem ser adotadas em pacientes com histórico de depressão ou ideação suicida antes de iniciar tratamento com Rivotril® e qual a fundamentação clínica para essa recomendação?,"A bula orienta comunicar ao médico qualquer sinal de depressão ou tentativa de suicídio antes de iniciar o clonazepam, pois benzodiazepínicos podem causar reações paradoxais (como agitação e piora de humor) e amnésia anterógrada, exigindo monitoramento psiquiátrico rigoroso e ajuste de dose.",O QUE DEVO SABER ANTES DE USAR ESTE MEDICAMENTO?,ollama:medgemma:4b,"De acordo com a bula do medicamento RIVOTRIL, consta a seguinte informação: Pacientes com histórico de depressão ou ideação suicida devem ser monitorados de perto antes de iniciar o tratamento com Rivotril®. A recomendação se baseia no potencial do clonazepam (o princípio ativo do Rivotril®) para causar alterações no humor e, em casos raros, aumentar o risco de pensamentos suicidas ou comportamentos suicidas. Embora o clonazepam seja usado para tratar a ansiedade e a depressão, ele também pode ter efeitos colaterais que podem afetar o humor, como sonolência, tontura e alterações cognitivas. Em pacientes com histórico de depressão, esses efeitos colaterais podem ser mais pronunciados e aumentar o risco de ideação suicida. Portanto, é importante monitorar de perto esses pacientes para detectar quaisquer sinais de deterioração do humor ou comportamento suicida. A monitoração deve incluir uma avaliação regular do humor, pensamentos e comportamentos do paciente, bem como uma avaliação de quaisquer fatores de risco para suicídio, como histórico de tentativas de suicídio, abuso de substâncias e isolamento social. Além disso, é importante informar o paciente e seus familiares sobre o risco de alterações no humor associadas ao uso de Rivotril® e sobre a importância de procurar ajuda médica se houver qualquer sinal de deterioração do humor ou comportamento suicida. A bula também menciona que o uso de benzodiazepínicos como o clonazepam pode precipitar o estado de mal epiléptico (crises epilépticas em sequência rápida), o que pode ser um fator de risco para o suicídio em alguns casos. Portanto, é importante monitorar de perto pacientes com epilepsia que estão tomando Rivotril® para detectar quaisquer sinais de deterioração do humor ou comportamento suicida. Em resumo, a recomendação de monitorar pacientes com histórico de depressão ou ideação suicida antes de iniciar o tratamento com Rivotril® se baseia no potencial do clonazepam para causar alterações no humor e, em casos raros, aumentar o risco de pensamentos suicidas ou comportamentos suicidas. A monitoração deve incluir uma avaliação regular do humor, pensamentos e comportamentos do paciente, bem como uma avaliação de quaisquer fatores de risco para suicídio. A bula também menciona que o uso de benzodiazepínicos como o clonazepam pode precipitar o estado de mal epiléptico (crises epilépticas em sequência rápida), o que pode ser um fator de risco para o suicídio em alguns casos. Portanto, é importante monitorar de perto pacientes com epilepsia que estão tomando Rivotril® para detectar quaisquer sinais de deterioração do humor ou comportamento suicida.

---
*Esta resposta se baseia apenas nos trechos da bula recuperados e não substitui orientação médica ou farmacêutica.*","De acordo com a bula do medicamento RIVOTRIL, consta a seguinte informação: Pacientes com histórico de depressão ou ideação suicida devem ser monitorados de perto antes de iniciar o tratamento com Rivotril®. A recomendação se baseia no potencial do clonazepam (o princípio ativo do Rivotril®) para causar alterações no humor e, em casos raros, aumentar o risco de pensamentos suicidas ou comportamentos suicidas. Embora o clonazepam seja usado para tratar a ansiedade e a depressão, ele também pode ter efeitos colaterais que podem afetar o humor, como sonolência, tontura e alterações cognitivas. Em pacientes com histórico de depressão, esses efeitos colaterais podem ser mais pronunciados e aumentar o risco de ideação suicida. Portanto, é importante monitorar de perto esses pacientes para detectar quaisquer sinais de deterioração do humor ou comportamento suicida. A monitoração deve incluir uma avaliação regular do humor, pensamentos e comportamentos do paciente, bem como uma avaliação de quaisquer fatores de risco para suicídio, como histórico de tentativas de suicídio, abuso de substâncias e isolamento social. Além disso, é importante informar o paciente e seus familiares sobre o risco de alterações no humor associadas ao uso de Rivotril® e sobre a importância de procurar ajuda médica se houver qualquer sinal de deterioração do humor ou comportamento suicida. A bula também menciona que o uso de benzodiazepínicos como o clonazepam pode precipitar o estado de mal epiléptico (crises epilépticas em sequência rápida), o que pode ser um fator de risco para o suicídio em alguns casos. Portanto, é importante monitorar de perto pacientes com epilepsia que estão tomando Rivotril® para detectar quaisquer sinais de deterioração do humor ou comportamento suicida. Em resumo, a recomendação de monitorar pacientes com histórico de depressão ou ideação suicida antes de iniciar o tratamento com Rivotril® se baseia no potencial do clonazepam para causar alterações no humor e, em casos raros, aumentar o risco de pensamentos suicidas ou comportamentos suicidas. A monitoração deve incluir uma avaliação regular do humor, pensamentos e comportamentos do paciente, bem como uma avaliação de quaisquer fatores de risco para suicídio. A bula também menciona que o uso de benzodiazepínicos como o clonazepam pode precipitar o estado de mal epiléptico (crises epilépticas em sequência rápida), o que pode ser um fator de risco para o suicídio em alguns casos. Portanto, é importante monitorar de perto pacientes com epilepsia que estão tomando Rivotril® para detectar quaisquer sinais de deterioração do humor ou comportamento suicida.","O QUE DEVO SABER ANTES DE USAR ESTE MEDICAMENTO?, O QUE DEVO SABER ANTES DE USAR ESTE MEDICAMENTO?, QUAIS OS MALES QUE ESTE MEDICAMENTO PODE ME CAUSAR?",,"[""3 Este medicamento não deve ser utilizado por mulheres grávidas sem orientação médica ou do cirurgião- dentista. Rivotril® só deve ser administrado a gestantes se houver indicação absoluta e se os benefícios potenciais superarem os riscos para o feto. Rivotril® pode prejudicar seu bebê. Informe seu médico se estiver grávida ou se está tentando engravidar. O uso de altas dos es no último trimestre da gestação ou no trabalho de pa rto pode causar irregularidades no batimen to cardíaco do f eto e baixa tempera tura corpórea, f alta de tônus musc ular, depressão respiratória e dificuldade de sucção no bebê. Tanto a gestação quanto a suspensão de Rivotril® podem exacerbar a epilepsia. Informe seu médico se estiver amamentando. Se você realmente precisar tomar Rivotril®, a amamentação deve ser descontinuada. Uso em crianças Avaliar o risco / benefício do uso de Rivotril® a longo prazo em pacientes pediátr icos com distúrbios epilépticos. Rivotril® pode aumentar a salivação e as secreções brônquicas em lactentes e crianças pequenas. Atenção: manter as vias aéreas livres. Não há dados de eficácia / segurança de Rivotril® em menores de 18 anos com distúrbio do pânico. Uso em idosos Os efeitos dos benzodiazepínicos parecem ser maiores em pacientes idosos do que em pacientes mais jovens, mesmo em concentrações plasmáticas similares. Principais interações medicamentosas Informe seu médico se esti ver tomando outros medica mentos, incluindo as substâncias a seguir, pois elas podem interagir com Rivotril®: – Depressores do sistema nervoso central e álcool; – Medicamentos que agem no"", ""ser evitada. O tratamento (mesmo de curta duração) deve ser interrompido pela redução gradativa da dose diária. Efeitos sobre a capacidade de dirigir e operar máquinas Clonazepam pode lentificar as reações, efeito agravado com o uso de álcool. Durante o tratamento, o paciente não deve dirigir veíc ulos ou operar máquinas, pois sua habilidade e atenção podem estar prejudicadas. Até o momento, não há informações de que Rivotril® cause doping. Em caso de dúvidas, consulte o seu médico. Gravidez e amamentação"", ""Alterações da libido (casos raros). Dependência e retirada, vide item “Abuso e dependência do medicamento”. Distúrbios do sistema nervoso: diminuição da concentração, sonolência, lentificação, hipotonia muscular, tonturas, ataxia são frequentes e geralmente transitórias. Dor de cabeça (raro). Distúrbios reversíveis: dificuldade para articular a fala, incoordenação de movimentos e da marcha, movimento anormal dos olhos. Pode haver esquecimento de fatos recentes, associado a alteração de comp ortamento. Pode haver au mento das crises convul sivas em determinadas formas de epilepsia. Perda da voz, movimentos grosseiros e descoordenados de braços e pernas, coma, tremor, perda de força de um lado do corpo, sensação de cabeça leve, falta de energia e formigamento e alteração da sensibilidade nas extremidades. Distúrbios oculares: visão dupla reversível, aparência de “olho vítreo”. Distúrbios cardiovasculares: palpitações, dor torácica, insuficiência cardíaca (incluindo parada cardíaca). Distúrbios respiratórios : congestão pulmonar, congestão nasal, hipersecreção, tosse, falta de ar, bronquite, rinite, faringite. Pode ocorrer depressão respiratória. Rivotril® pode aumentar a produção de saliva ou de secreção brônquica (secreção nas vias aéreas) em lactentes e crianças. Distúrbios gastrintestinais: perda do apetite, língua saburrosa, constipação, diarreia, boca seca, incontinência fecal (perda do controle da evacuação), gastrite, aumento do fígado, apetite aumentado, gengivas doloridas, dor abdominal, inflamação gastrintestinal, dor de dente. Náuseas e sintomas epigástricos"", ""mesmo em concentrações plasmáticas similares. Principais interações medicamentosas Informe seu médico se esti ver tomando outros medica mentos, incluindo as substâncias a seguir, pois elas podem interagir com Rivotril®: – Depressores do sistema nervoso central e álcool; – Medicamentos que agem no sistema nervoso: antidepressivos, medicamento s para dormir, alguns analgésicos, antipsicóticos, ansiolíticos, anticonvulsivantes; – Medicamentos para o estômago. Interações fármaco-alimento Interações com alimentos não foram estabelecidas. O suco de toranja pode aumentar o efeito de Rivotril®. Interações fármaco-laboratório Interações com testes laboratoriais não foram estabelecidas. Informe ao seu médico ou cirurgião-dentista se você está fazendo uso de algum outro medicamento. Não use medicamento sem o conhecimento do seu médico. Pode ser perigoso para a sua saúde."", ""8. QUAIS OS MALES QUE ESTE MEDICAMENTO PODE ME CAUSAR? Algumas reações são transitórias e desaparecem espontaneamente no decorrer do tratamento ou com redução da dose. As reações que ocorreram em ≥ 5% dos pacientes em estudos clínicos foram: sonolência, dor de cabeça, infecção das vias aéreas superiores, cansaço, gripe, depressão, vertigem, irritabilidade, insônia, perda da coordenação de movimentos e da marcha, perda do equilíbrio, náusea, sensação de cabeça leve, sinusite e concentração prejudicada. Pós-comercialização: Distúrbios do sistema imunológico: reações alérgicas e muito poucos casos de anafilaxia (reação alérgica grave). Distúrbios endócrinos: casos isolados, reversíveis, de puberdade precoce incompleta em crianças. Distúrbios psiquiátricos: amnésia, alucinações, histeria, psicose, tentativa de suicídio, despersonalização, distúrbio de memória, desinibição orgânica, ideias suicidas, lamentações, distúrbios emocionais e de humor, estado confusional e desorientação. Depressão pode estar associada à doença de base. Reações paradoxais: inquietação, agitação, irritabilidade, agressividade, nervosismo, hostilidade, ansiedade, distúrbios do sono, delírio, raiva, pesadelos, sonhos anormais, alucinações, psicose, hiperatividade, comp ortamento inapropriado e outros efeitos comportamentais. Alterações da libido (casos raros). Dependência e retirada, vide item “Abuso e dependência do medicamento”. Distúrbios do sistema nervoso: diminuição da concentração, sonolência, lentificação, hipotonia muscular, tonturas, ataxia são frequentes e geralmente transitórias. Dor de cabeça"", ""4. O QUE DEVO SABER ANTES DE USAR ESTE MEDICAMENTO? Antes de tomar Rivotril®, informe seu médico se você tem ou teve: 1) outros problemas de saúde, como doenças nos rins ou fígado (por exemplo: cirrose hepática), distúrbio neuromuscular ou respiratório, porfiria (doença em que ocorre deficiência de enzimas específicas na via da biossíntese do heme); 2) sinais ou sintomas de depressão e/ou tentativa de suicídio; 3) intolerância à galactose (açúcar) ou deficiência de lactase (enzima que quebra a lactose); 4) ataxia cerebelar ou espinhal (descoordenação dos movimentos por problema do cerebelo ou medula); 5) uso regular ou intoxicação aguda por álcool ou drogas. Pode ocorrer perda de efeito durante o tratamento com clonazepam. Não tome Rivotril® com álcool e/ou depressores do sistema nervoso ce ntral, essa combinação pode aumentar os efeitos de Rivotril®, com potencial sedação grave que pode resultar em coma ou morte, depressão cardiovascular e/ou respiratória. Caso ocorram reações paradoxais  durante o tratamento, fale com seu médico, pois o uso do medicamento deve ser descontinuado. Pode ocorrer amnésia anterógrada (perda da habilidade de criar novas memórias e absorver novas informações), com o uso de benzodiazepínicos em doses terapêuticas. Rivotril® pode precipitar o estado de mal epiléptico (crises epilépticas em sequência rápida). Fale com seu médico antes de aumentar a dose ou interromper abruptamente esta medicação. Abuso e dependência do medicamento O uso de benzodiazepínicos pode lev ar ao desenvolvime nto de dependê ncia física e psic ológica. O risco de dependência"", ""epiléptico (crises epilépticas em sequência rápida). Fale com seu médico antes de aumentar a dose ou interromper abruptamente esta medicação. Abuso e dependência do medicamento O uso de benzodiazepínicos pode lev ar ao desenvolvime nto de dependê ncia física e psic ológica. O risco de dependência aumenta com a dose, tratamentos prolongados e em pacientes com história de abuso de álcool ou drogas. Em caso de dependência, especialmente com doses elevadas, a descontinuação brusca do tratamento será acompanhada por sintomas de abstinência: psicoses, distúrbio comportamental, tremor, sudorese, agitação, distúrbios do sono e ansiedade, dor de cabeça, diarreia, dores musculares, câimbras, ansiedade extrema, tensão, cansaço, inquietação, alteração de humor, confusão, irritabilidade e convulsões epiléticas que podem ser associadas à doença de base. Em casos graves, desrealização (sentimentos de estranhamento ou distanciamento em relação ao ambiente), despersonalização (processo psíquico, em que se tem a impressão de que se é estranho a si mesmo), hipersensibilidade ao som, à luz, a ruídos e ao contato físico, sensações anormais, formigamentos, alucinações. O risco dos sintomas de abstinência é maior após descontinuação súbita do tratamento, portanto a retirada brusca do medicamento deve ser evitada. O tratamento (mesmo de curta duração) deve ser interrompido pela redução gradativa da dose diária. Efeitos sobre a capacidade de dirigir e operar máquinas Clonazepam pode lentificar as reações, efeito agravado com o uso de álcool. Durante o tratamento, o paciente não deve dirigir veíc"", ""6 Distúrbios da pele / tecido subcutâneo: urticária (placas avermelhadas na pele que coçam bastante), coceira, erupção cutânea, perda de cabelo transitória, crescimento anormal de pelos, inchaço na face e tornozelo, alterações da pigmentação (raro). Distúrbios musculoesqueléticos / tecido conectivo : fraqueza muscular, frequente e geralmente transitória. Dor muscular, dor nas costas, fratura traumática, dor na nuca, deslocamentos e tensões. Distúrbios renais / urinários : dificuldade para urinar, perda urinária durante o sono, noctúria (levantar para urinar à noite), retenção urinária, infecção do trato urinário. Incontinência (raro). Distúrbios do sistema reprodutivo : cólicas menstruais, diminuição de interesse sexual. Impotência (raro). Distúrbios gerais : fadiga frequente e geralmente transitória. Reações paradoxais: vide item “Distúrbios psiquiátricos”. Lesões e envenenamento : quedas e fraturas. Risco maior em pessoas que usam outros sedativos incluindo bebidas alcoólicas e em idosos. Exames complementares : diminuição do número de plaquetas (raro). Diminuição dos glóbulos brancos e anemia, alterações dos exames da função do fígado. Distúrbios do ouvido: otite, vertigem. Diversas: desidratação, deterioração geral, febre, aumento dos gânglios linfáticos, ganho ou perda de peso, infecção viral. Informe ao seu médico, cirurgião-dentista ou farmacêutico o aparecimento de reações indesejáveis pelo uso do medicamento. Informe também à empresa através do seu serviço de atendimento."", ""gastrintestinais: perda do apetite, língua saburrosa, constipação, diarreia, boca seca, incontinência fecal (perda do controle da evacuação), gastrite, aumento do fígado, apetite aumentado, gengivas doloridas, dor abdominal, inflamação gastrintestinal, dor de dente. Náuseas e sintomas epigástricos (raro) (sintomas na região do estômago).""]",2.054,15.939
TYLENOL,"Como a duração de ação farmacológica de TYLENOL® se relaciona com o esquema posológico fracionado recomendado, considerando seu mecanismo de ação e o risco hepatotóxico descritos na bula?","O paracetamol inicia seu efeito em 15–30 minutos e mantém atividade analgésica e antipirética por 4–6 horas. Por isso, a bula recomenda doses fracionadas em intervalos de 4–6 horas, garantindo alívio contínuo sem sobretatuar o fígado. Exceder esse intervalo aumenta o risco de acúmulo e de hepatotoxicidade em caso de superdose.","COMO ESTE MEDICAMENTO FUNCIONA?

COMO DEVO USAR ESTE MEDICAMENTO?

O QUE FAZER SE ALGUÉM USAR UMA QUANTIDADE MAIOR DO QUE A
INDICADA DESTE MEDICAMENTO?",ollama:medgemma:4b,"De acordo com a bula do medicamento TYLENOL, consta a seguinte informação: A duração de ação farmacológica de TYLENOL® é de 4 a 6 horas. O esquema posológico fracionado recomendado (doses fracionadas) é de 1000 mg a cada 4 a 6 horas, com uma dose máxima diária de 4000 mg (8 comprimidos de TYLENOL® 500 mg ou 5 comprimidos de TYLENOL® 750 mg). Isso é feito para manter os níveis de paracetamol no sangue dentro de uma faixa segura, minimizando o risco de toxicidade hepática. O mecanismo de ação do paracetamol (redução da febre atuando no centro regulador da temperatura no Sistema Nervoso Central (SNC) e diminuição da sensibilidade a dor) e o risco hepatotóxico são considerados ao recomendar esse esquema posológico fracionado.

---
*Esta resposta se baseia apenas nos trechos da bula recuperados e não substitui orientação médica ou farmacêutica.*","De acordo com a bula do medicamento TYLENOL, consta a seguinte informação: A duração de ação farmacológica de TYLENOL® é de 4 a 6 horas. O esquema posológico fracionado recomendado (doses fracionadas) é de 1000 mg a cada 4 a 6 horas, com uma dose máxima diária de 4000 mg (8 comprimidos de TYLENOL® 500 mg ou 5 comprimidos de TYLENOL® 750 mg). Isso é feito para manter os níveis de paracetamol no sangue dentro de uma faixa segura, minimizando o risco de toxicidade hepática. O mecanismo de ação do paracetamol (redução da febre atuando no centro regulador da temperatura no Sistema Nervoso Central (SNC) e diminuição da sensibilidade a dor) e o risco hepatotóxico são considerados ao recomendar esse esquema posológico fracionado.","O QUE DEVO SABER ANTES DE USAR ESTE MEDICAMENTO?, COMO DEVO USAR ESTE MEDICAMENTO?, QUAIS OS MALES QUE ESTE MEDICAMENTO PODE ME CAUSAR?, COMO ESTE MEDICAMENTO FUNCIONA?",,"[""2. COMO ESTE MEDICAMENTO FUNCIONA? TYLENOL® reduz a febre atuando no centro regulador da temperatura no Sistema Nervoso Central (SNC) e diminui a sensibilidade a dor. Seu efeito tem início 15 a 30 minutos após a administração oral e permanece por um período de 4 a 6 horas."", ""TYLENOL® - Paciente Você não deve tomar mais do que a dose recomendada (superdose) para provocar maior alívio, pois pode causar sérios problemas de saúde. Você deve consultar seu médico se a dor ou febre continuarem ou piorarem, ou se surgirem novos sintomas, pois estes sintomas podem ser sinais de doenças graves. Uso com álcool: consumidores de doses abusivas de álcool devem consultar seu médico para saber se podem tomar TYLENOL® ou qualquer outro analgésico. Gravidez e Amamentação Se você estiver grávida ou amamentando, consulte o seu médico antes de usar este medicamento. Este medicamento não deve ser utilizado por mulheres grávidas sem orientação médica ou do cirurgião-dentista. Uso em pacientes com problemas no fígado: Consulte seu médico antes de usar o medicamento. Uso em idosos: Até o momento não são conhecidas restrições específicas ao uso de TYLENOL® por pacientes idosos. Não existe necessidade de ajuste de dose neste grupo etário. Muito raramente, foram relatadas reações cutâneas graves em pacientes que administraram paracetamol. Os sintomas podem incluir: vermelhidão na pele, bolhas e erupções cutâneas. Se ocorrerem reações cutâneas ou piora de problemas de pele já existentes, interrompa o uso do medicamento e procure ajuda médica imediatamente. Não use outro produto que contenha paracetamol. O paracetamol nas doses terapêuticas não foi associado à irritação gástrica. Se você tem pressão alta, não use este produto por mais tempo do que o indicado no rótulo, a menos que indicado por um médico. A absorção de TYLENOL® é mais rápida se você estiver em jejum. Os"", ""8. QUAIS OS MALES QUE ESTE MEDICAMENTO PODE ME CAUSAR? Este medicamento pode causar algumas reações desagradáveis inesperadas. Caso você tenha uma reação alérgica, deve parar de tomar o medicamento. \n TYLENOL® - Paciente Reação muito rara (ocorre em menos de 0,01% dos pacientes que utilizam este medicamento): urticária, coceira e vermelhidão no corpo, reações alérgicas a este medicamento, aumento das transaminases e erupção fixa medicamentosa. Informe ao seu médico, cirurgião -dentista ou farmacêutico o aparecimento de reações indesejáveis pelo uso do medicamento. Informe também à empresa através do seu serviço de atendimento."", ""6. COMO DEVO USAR ESTE MEDICAMENTO? Uso oral. Você deve tomar os comprimidos com líquido. O paracetamol pode ser administrado independentemente das refeições. Adultos e crianças acima de 12 anos: TYLENOL® 500 mg: 1 a 2 comprimidos, 3 a 4 vezes ao dia. TYLENOL® 750 mg: 1 comprimido, 3 a 5 vezes ao dia. A dose diária máxima recomendada de paracetamol é de 4000 mg ( 8 comprimidos de TYLENOL® 500 mg ou 5 comprimidos de TYLENOL® 750 mg) administrada em doses fracionadas, não excedendo 1000 mg/dose ( 2 comprimidos de TYLENOL ® 500 mg ou 1 comprimido de TYLENOL® 750 mg), em intervalos de 4 a 6 horas, em um período de 24 horas. Duração do tratamento: depende do desaparecimento dos sintomas. Este medicamento não pode ser partido, aberto ou mastigado. Siga corretamente o modo de usar. Em caso de dúvidas sobre este medicamento, procure orientação do farmacêutico. Não desaparecendo os sintomas, procure orientação médica ou de seu cirurgião-dentista."", ""que contenha paracetamol. O paracetamol nas doses terapêuticas não foi associado à irritação gástrica. Se você tem pressão alta, não use este produto por mais tempo do que o indicado no rótulo, a menos que indicado por um médico. A absorção de TYLENOL® é mais rápida se você estiver em jejum. Os alimentos podem afetar a velocidade da absorção, mas não a quantidade absorvida do medicamento. A interferência do paracetamol na metabolização de outros medicamentos e a influência destes medicamentos na ação e na toxicidade do paracetamol, em geral, não são relevantes. Consulte seu médico antes de utilizar este medicamento se você está tomando flucloxacilina (penicilina - um antibiótico), varfarina (anticoagulante) ou outros derivados cumarínicos. Informe ao seu médico ou cirurgião-dentista se você está fazendo uso de algum outro medicamento."", ""4. O QUE DEVO SABER ANTES DE USAR ESTE MEDICAMENTO?""]",1.955,6.489
TYLENOL,"Em um paciente idoso com consumo crônico de álcool, quais orientações específicas a bula fornece sobre o uso de TYLENOL® e qual o fundamento clínico para essas recomendações?","A bula orienta que consumidores abusivos de álcool e pacientes com problemas no fígado consultem um médico antes de usar TYLENOL®, pois o metabolismo hepático do paracetamol pode estar comprometido e o risco de hepatotoxicidade por superdose é maior.","O QUE DEVO SABER ANTES DE USAR ESTE MEDICAMENTO?

O QUE FAZER SE ALGUÉM USAR UMA QUANTIDADE MAIOR DO QUE A
INDICADA DESTE MEDICAMENTO?",ollama:medgemma:4b,"Na bula consultada de TYLENOL, não constam informações sobre essa pergunta.

---
*Esta resposta se baseia apenas nos trechos da bula recuperados e não substitui orientação médica ou farmacêutica. É recomendável consultar um profissional de saúde para orientação individualizada.*","Na bula consultada de TYLENOL, não constam informações sobre essa pergunta.","O QUE DEVO SABER ANTES DE USAR ESTE MEDICAMENTO?, O QUE DEVO SABER ANTES DE USAR ESTE MEDICAMENTO?, COMO DEVO USAR ESTE MEDICAMENTO?, QUAIS OS MALES QUE ESTE MEDICAMENTO PODE ME CAUSAR?",,"[""TYLENOL® - Paciente Você não deve tomar mais do que a dose recomendada (superdose) para provocar maior alívio, pois pode causar sérios problemas de saúde. Você deve consultar seu médico se a dor ou febre continuarem ou piorarem, ou se surgirem novos sintomas, pois estes sintomas podem ser sinais de doenças graves. Uso com álcool: consumidores de doses abusivas de álcool devem consultar seu médico para saber se podem tomar TYLENOL® ou qualquer outro analgésico. Gravidez e Amamentação Se você estiver grávida ou amamentando, consulte o seu médico antes de usar este medicamento. Este medicamento não deve ser utilizado por mulheres grávidas sem orientação médica ou do cirurgião-dentista. Uso em pacientes com problemas no fígado: Consulte seu médico antes de usar o medicamento. Uso em idosos: Até o momento não são conhecidas restrições específicas ao uso de TYLENOL® por pacientes idosos. Não existe necessidade de ajuste de dose neste grupo etário. Muito raramente, foram relatadas reações cutâneas graves em pacientes que administraram paracetamol. Os sintomas podem incluir: vermelhidão na pele, bolhas e erupções cutâneas. Se ocorrerem reações cutâneas ou piora de problemas de pele já existentes, interrompa o uso do medicamento e procure ajuda médica imediatamente. Não use outro produto que contenha paracetamol. O paracetamol nas doses terapêuticas não foi associado à irritação gástrica. Se você tem pressão alta, não use este produto por mais tempo do que o indicado no rótulo, a menos que indicado por um médico. A absorção de TYLENOL® é mais rápida se você estiver em jejum. Os"", ""8. QUAIS OS MALES QUE ESTE MEDICAMENTO PODE ME CAUSAR? Este medicamento pode causar algumas reações desagradáveis inesperadas. Caso você tenha uma reação alérgica, deve parar de tomar o medicamento. \n TYLENOL® - Paciente Reação muito rara (ocorre em menos de 0,01% dos pacientes que utilizam este medicamento): urticária, coceira e vermelhidão no corpo, reações alérgicas a este medicamento, aumento das transaminases e erupção fixa medicamentosa. Informe ao seu médico, cirurgião -dentista ou farmacêutico o aparecimento de reações indesejáveis pelo uso do medicamento. Informe também à empresa através do seu serviço de atendimento."", ""6. COMO DEVO USAR ESTE MEDICAMENTO? Uso oral. Você deve tomar os comprimidos com líquido. O paracetamol pode ser administrado independentemente das refeições. Adultos e crianças acima de 12 anos: TYLENOL® 500 mg: 1 a 2 comprimidos, 3 a 4 vezes ao dia. TYLENOL® 750 mg: 1 comprimido, 3 a 5 vezes ao dia. A dose diária máxima recomendada de paracetamol é de 4000 mg ( 8 comprimidos de TYLENOL® 500 mg ou 5 comprimidos de TYLENOL® 750 mg) administrada em doses fracionadas, não excedendo 1000 mg/dose ( 2 comprimidos de TYLENOL ® 500 mg ou 1 comprimido de TYLENOL® 750 mg), em intervalos de 4 a 6 horas, em um período de 24 horas. Duração do tratamento: depende do desaparecimento dos sintomas. Este medicamento não pode ser partido, aberto ou mastigado. Siga corretamente o modo de usar. Em caso de dúvidas sobre este medicamento, procure orientação do farmacêutico. Não desaparecendo os sintomas, procure orientação médica ou de seu cirurgião-dentista."", ""que contenha paracetamol. O paracetamol nas doses terapêuticas não foi associado à irritação gástrica. Se você tem pressão alta, não use este produto por mais tempo do que o indicado no rótulo, a menos que indicado por um médico. A absorção de TYLENOL® é mais rápida se você estiver em jejum. Os alimentos podem afetar a velocidade da absorção, mas não a quantidade absorvida do medicamento. A interferência do paracetamol na metabolização de outros medicamentos e a influência destes medicamentos na ação e na toxicidade do paracetamol, em geral, não são relevantes. Consulte seu médico antes de utilizar este medicamento se você está tomando flucloxacilina (penicilina - um antibiótico), varfarina (anticoagulante) ou outros derivados cumarínicos. Informe ao seu médico ou cirurgião-dentista se você está fazendo uso de algum outro medicamento."", ""4. O QUE DEVO SABER ANTES DE USAR ESTE MEDICAMENTO?""]",2.007,1.848
TYLENOL,"Qual a justificativa para a contraindicação de TYLENOL® em menores de 12 anos e, simultaneamente, a ausência de necessidade de ajuste de dose em idosos?","A bula contraindica o uso em menores de 12 anos devido à falta de dados de segurança nessa faixa etária. Já em idosos, não há necessidade de ajuste posológico porque não foram identificadas alterações farmacocinéticas relevantes nesse grupo.","QUANDO NÃO DEVO USAR ESTE MEDICAMENTO?

O QUE DEVO SABER ANTES DE USAR ESTE MEDICAMENTO?",ollama:medgemma:4b,"De acordo com a bula do medicamento TYLENOL, consta a seguinte informação: Você não deve usar TYLENOL® se possuir alergia ao paracetamol ou a qualquer componente de sua fórmula. Este medicamento é contraindicado para menores de 12 anos. Até o momento não são conhecidas restrições específicas ao uso de TYLENOL® por pacientes idosos. Não existe necessidade de ajuste de dose neste grupo etário.

---
*Esta resposta se baseia apenas nos trechos da bula recuperados e não substitui orientação médica ou farmacêutica. É recomendável consultar um profissional de saúde para orientação individualizada.*","De acordo com a bula do medicamento TYLENOL, consta a seguinte informação: Você não deve usar TYLENOL® se possuir alergia ao paracetamol ou a qualquer componente de sua fórmula. Este medicamento é contraindicado para menores de 12 anos. Até o momento não são conhecidas restrições específicas ao uso de TYLENOL® por pacientes idosos. Não existe necessidade de ajuste de dose neste grupo etário.","O QUE DEVO SABER ANTES DE USAR ESTE MEDICAMENTO?, QUANDO NÃO DEVO USAR ESTE MEDICAMENTO?, O QUE DEVO SABER ANTES DE USAR ESTE MEDICAMENTO?",,"[""3. QUANDO NÃO DEVO USAR ESTE MEDICAMENTO? Você não deve usar TYLENOL® se possuir alergia ao paracetamol ou a qualquer componente de sua fórmula. Este medicamento é contraindicado para menores de 12 anos."", ""TYLENOL® - Paciente Você não deve tomar mais do que a dose recomendada (superdose) para provocar maior alívio, pois pode causar sérios problemas de saúde. Você deve consultar seu médico se a dor ou febre continuarem ou piorarem, ou se surgirem novos sintomas, pois estes sintomas podem ser sinais de doenças graves. Uso com álcool: consumidores de doses abusivas de álcool devem consultar seu médico para saber se podem tomar TYLENOL® ou qualquer outro analgésico. Gravidez e Amamentação Se você estiver grávida ou amamentando, consulte o seu médico antes de usar este medicamento. Este medicamento não deve ser utilizado por mulheres grávidas sem orientação médica ou do cirurgião-dentista. Uso em pacientes com problemas no fígado: Consulte seu médico antes de usar o medicamento. Uso em idosos: Até o momento não são conhecidas restrições específicas ao uso de TYLENOL® por pacientes idosos. Não existe necessidade de ajuste de dose neste grupo etário. Muito raramente, foram relatadas reações cutâneas graves em pacientes que administraram paracetamol. Os sintomas podem incluir: vermelhidão na pele, bolhas e erupções cutâneas. Se ocorrerem reações cutâneas ou piora de problemas de pele já existentes, interrompa o uso do medicamento e procure ajuda médica imediatamente. Não use outro produto que contenha paracetamol. O paracetamol nas doses terapêuticas não foi associado à irritação gástrica. Se você tem pressão alta, não use este produto por mais tempo do que o indicado no rótulo, a menos que indicado por um médico. A absorção de TYLENOL® é mais rápida se você estiver em jejum. Os"", ""que contenha paracetamol. O paracetamol nas doses terapêuticas não foi associado à irritação gástrica. Se você tem pressão alta, não use este produto por mais tempo do que o indicado no rótulo, a menos que indicado por um médico. A absorção de TYLENOL® é mais rápida se você estiver em jejum. Os alimentos podem afetar a velocidade da absorção, mas não a quantidade absorvida do medicamento. A interferência do paracetamol na metabolização de outros medicamentos e a influência destes medicamentos na ação e na toxicidade do paracetamol, em geral, não são relevantes. Consulte seu médico antes de utilizar este medicamento se você está tomando flucloxacilina (penicilina - um antibiótico), varfarina (anticoagulante) ou outros derivados cumarínicos. Informe ao seu médico ou cirurgião-dentista se você está fazendo uso de algum outro medicamento."", ""4. O QUE DEVO SABER ANTES DE USAR ESTE MEDICAMENTO?""]",1.619,3.266
TYLENOL,"Como a ausência de irritação gástrica do paracetamol, mencionada na bula, é comparada à sua indicação de alívio de dores associadas a artrites, reforçando sua vantagem terapêutica?","A bula afirma que, em doses terapêuticas, o paracetamol não causa irritação gástrica, o que o torna vantajoso para pacientes com artrite que necessitam de analgesia prolongada sem agravar lesões ou úlceras gastrointestinais.","PARAQUE ESTE MEDICAMENTO É INDICADO?

O QUE DEVO SABER ANTES DE USAR ESTE MEDICAMENTO?",ollama:medgemma:4b,"Na bula consultada de TYLENOL, não constam informações sobre essa pergunta.

---
*Esta resposta se baseia apenas nos trechos da bula recuperados e não substitui orientação médica ou farmacêutica.*","Na bula consultada de TYLENOL, não constam informações sobre essa pergunta.","O QUE DEVO SABER ANTES DE USAR ESTE MEDICAMENTO?, QUANDO NÃO DEVO USAR ESTE MEDICAMENTO?, PARA QUE ESTE MEDICAMENTO É INDICADO?",,"[""que contenha paracetamol. O paracetamol nas doses terapêuticas não foi associado à irritação gástrica. Se você tem pressão alta, não use este produto por mais tempo do que o indicado no rótulo, a menos que indicado por um médico. A absorção de TYLENOL® é mais rápida se você estiver em jejum. Os alimentos podem afetar a velocidade da absorção, mas não a quantidade absorvida do medicamento. A interferência do paracetamol na metabolização de outros medicamentos e a influência destes medicamentos na ação e na toxicidade do paracetamol, em geral, não são relevantes. Consulte seu médico antes de utilizar este medicamento se você está tomando flucloxacilina (penicilina - um antibiótico), varfarina (anticoagulante) ou outros derivados cumarínicos. Informe ao seu médico ou cirurgião-dentista se você está fazendo uso de algum outro medicamento."", ""1. PARA QUE ESTE MEDICAMENTO É INDICADO? Este medicamento é indicado para a redução da febre e para o alívio temporário de dores leves a moderadas, tais como: dores associadas a resfriados comuns, dor de cabeça, dor no corpo, dor de dente, dor nas costas, dores musculares, dores leves associadas a artrites e cólicas menstruais."", ""3. QUANDO NÃO DEVO USAR ESTE MEDICAMENTO? Você não deve usar TYLENOL® se possuir alergia ao paracetamol ou a qualquer componente de sua fórmula. Este medicamento é contraindicado para menores de 12 anos."", ""4. O QUE DEVO SABER ANTES DE USAR ESTE MEDICAMENTO?"", ""TYLENOL® - Paciente Você não deve tomar mais do que a dose recomendada (superdose) para provocar maior alívio, pois pode causar sérios problemas de saúde. Você deve consultar seu médico se a dor ou febre continuarem ou piorarem, ou se surgirem novos sintomas, pois estes sintomas podem ser sinais de doenças graves. Uso com álcool: consumidores de doses abusivas de álcool devem consultar seu médico para saber se podem tomar TYLENOL® ou qualquer outro analgésico. Gravidez e Amamentação Se você estiver grávida ou amamentando, consulte o seu médico antes de usar este medicamento. Este medicamento não deve ser utilizado por mulheres grávidas sem orientação médica ou do cirurgião-dentista. Uso em pacientes com problemas no fígado: Consulte seu médico antes de usar o medicamento. Uso em idosos: Até o momento não são conhecidas restrições específicas ao uso de TYLENOL® por pacientes idosos. Não existe necessidade de ajuste de dose neste grupo etário. Muito raramente, foram relatadas reações cutâneas graves em pacientes que administraram paracetamol. Os sintomas podem incluir: vermelhidão na pele, bolhas e erupções cutâneas. Se ocorrerem reações cutâneas ou piora de problemas de pele já existentes, interrompa o uso do medicamento e procure ajuda médica imediatamente. Não use outro produto que contenha paracetamol. O paracetamol nas doses terapêuticas não foi associado à irritação gástrica. Se você tem pressão alta, não use este produto por mais tempo do que o indicado no rótulo, a menos que indicado por um médico. A absorção de TYLENOL® é mais rápida se você estiver em jejum. Os""]",1.542,1.698
TYLENOL,"De acordo com a bula, quais orientações são fornecidas para o uso concomitante de TYLENOL® com flucloxacilina e varfarina, e qual é a justificativa implícita baseada nos eventos adversos descritos?","A bula recomenda consultar um médico antes de usar TYLENOL® em pacientes que fazem uso de flucloxacilina ou varfarina, pois essas drogas podem influenciar o metabolismo hepático do paracetamol e aumentar o risco de elevação de transaminases e hepatotoxicidade.","O QUE DEVO SABER ANTES DE USAR ESTE MEDICAMENTO?

QUAIS OS MALES QUE ESTE MEDICAMENTO PODE ME CAUSAR?

",ollama:medgemma:4b,"De acordo com a bula do medicamento TYLENOL, consta a seguinte informação: Consulte seu médico antes de utilizar este medicamento se você está tomando flucloxacilina (penicilina - um antibiótico), varfarina (anticoagulante) ou outros derivados cumarínicos. A justificativa implícita baseada nos eventos adversos descritos é a necessidade de evitar interações medicamentosas que possam aumentar o risco de efeitos colaterais ou alterar a eficácia dos medicamentos. A interrupção do uso de TYLENOL® é recomendada para pacientes que estão tomando flucloxacilina e varfarina, pois pode haver interações medicamentosas que podem causar efeitos colaterais ou alterar a eficácia dos medicamentos. A interrupção do uso de TYLENOL® é recomendada para pacientes que estão tomando flucloxacilina e varfarina, pois pode haver interações medicamentosas que podem causar efeitos colaterais ou alterar a eficácia dos medicamentos.

---
*Esta resposta se baseia apenas nos trechos da bula recuperados e não substitui orientação médica ou farmacêutica.*","De acordo com a bula do medicamento TYLENOL, consta a seguinte informação: Consulte seu médico antes de utilizar este medicamento se você está tomando flucloxacilina (penicilina - um antibiótico), varfarina (anticoagulante) ou outros derivados cumarínicos. A justificativa implícita baseada nos eventos adversos descritos é a necessidade de evitar interações medicamentosas que possam aumentar o risco de efeitos colaterais ou alterar a eficácia dos medicamentos. A interrupção do uso de TYLENOL® é recomendada para pacientes que estão tomando flucloxacilina e varfarina, pois pode haver interações medicamentosas que podem causar efeitos colaterais ou alterar a eficácia dos medicamentos. A interrupção do uso de TYLENOL® é recomendada para pacientes que estão tomando flucloxacilina e varfarina, pois pode haver interações medicamentosas que podem causar efeitos colaterais ou alterar a eficácia dos medicamentos.","O QUE DEVO SABER ANTES DE USAR ESTE MEDICAMENTO?, O QUE DEVO SABER ANTES DE USAR ESTE MEDICAMENTO?, QUAIS OS MALES QUE ESTE MEDICAMENTO PODE ME CAUSAR?",,"[""que contenha paracetamol. O paracetamol nas doses terapêuticas não foi associado à irritação gástrica. Se você tem pressão alta, não use este produto por mais tempo do que o indicado no rótulo, a menos que indicado por um médico. A absorção de TYLENOL® é mais rápida se você estiver em jejum. Os alimentos podem afetar a velocidade da absorção, mas não a quantidade absorvida do medicamento. A interferência do paracetamol na metabolização de outros medicamentos e a influência destes medicamentos na ação e na toxicidade do paracetamol, em geral, não são relevantes. Consulte seu médico antes de utilizar este medicamento se você está tomando flucloxacilina (penicilina - um antibiótico), varfarina (anticoagulante) ou outros derivados cumarínicos. Informe ao seu médico ou cirurgião-dentista se você está fazendo uso de algum outro medicamento."", ""TYLENOL® - Paciente Você não deve tomar mais do que a dose recomendada (superdose) para provocar maior alívio, pois pode causar sérios problemas de saúde. Você deve consultar seu médico se a dor ou febre continuarem ou piorarem, ou se surgirem novos sintomas, pois estes sintomas podem ser sinais de doenças graves. Uso com álcool: consumidores de doses abusivas de álcool devem consultar seu médico para saber se podem tomar TYLENOL® ou qualquer outro analgésico. Gravidez e Amamentação Se você estiver grávida ou amamentando, consulte o seu médico antes de usar este medicamento. Este medicamento não deve ser utilizado por mulheres grávidas sem orientação médica ou do cirurgião-dentista. Uso em pacientes com problemas no fígado: Consulte seu médico antes de usar o medicamento. Uso em idosos: Até o momento não são conhecidas restrições específicas ao uso de TYLENOL® por pacientes idosos. Não existe necessidade de ajuste de dose neste grupo etário. Muito raramente, foram relatadas reações cutâneas graves em pacientes que administraram paracetamol. Os sintomas podem incluir: vermelhidão na pele, bolhas e erupções cutâneas. Se ocorrerem reações cutâneas ou piora de problemas de pele já existentes, interrompa o uso do medicamento e procure ajuda médica imediatamente. Não use outro produto que contenha paracetamol. O paracetamol nas doses terapêuticas não foi associado à irritação gástrica. Se você tem pressão alta, não use este produto por mais tempo do que o indicado no rótulo, a menos que indicado por um médico. A absorção de TYLENOL® é mais rápida se você estiver em jejum. Os"", ""8. QUAIS OS MALES QUE ESTE MEDICAMENTO PODE ME CAUSAR? Este medicamento pode causar algumas reações desagradáveis inesperadas. Caso você tenha uma reação alérgica, deve parar de tomar o medicamento. \n TYLENOL® - Paciente Reação muito rara (ocorre em menos de 0,01% dos pacientes que utilizam este medicamento): urticária, coceira e vermelhidão no corpo, reações alérgicas a este medicamento, aumento das transaminases e erupção fixa medicamentosa. Informe ao seu médico, cirurgião -dentista ou farmacêutico o aparecimento de reações indesejáveis pelo uso do medicamento. Informe também à empresa através do seu serviço de atendimento."", ""4. O QUE DEVO SABER ANTES DE USAR ESTE MEDICAMENTO?""]",1.915,6.1
