pipeline,modelo,nome_remedio,pergunta,dificuldade,resposta_esperada,secoes_esperadas,resposta_gerada,resposta_crua,secoes_recuperadas,chunk_ids_recuperados,textos_recuperados,tempo_recuperacao_segundos,tempo_inferencia_segundos
naive_rag,ollama:medgemma:4b,AMOXIL,Para que serve o Amoxil?,facil,Amoxil é um antibiótico indicado para o tratamento de infecções bacterianas causadas por germes sensíveis à ação da amoxicilina.,PARA QUE ESTE MEDICAMENTO É INDICADO?,"De acordo com a bula do medicamento AMOXIL, consta a seguinte informação: Para que serve o Amoxil? Amoxil®, um antibiótico eficaz contra grande variedade de bactérias, é indicado para tratamento de infecções bacterianas causadas por germes sensíveis à ação da amoxicilina. Entretanto, seu médico pode receitar este medicamento para outro uso. Se desejar mais informações, pergunte ao seu médico.

---
*Esta resposta se baseia apenas nos trechos da bula recuperados e não substitui orientação médica ou farmacêutica.*","De acordo com a bula do medicamento AMOXIL, consta a seguinte informação: Para que serve o Amoxil? Amoxil®, um antibiótico eficaz contra grande variedade de bactérias, é indicado para tratamento de infecções bacterianas causadas por germes sensíveis à ação da amoxicilina. Entretanto, seu médico pode receitar este medicamento para outro uso. Se desejar mais informações, pergunte ao seu médico.",TODAS (Naive),,"[""PARA QUE ESTE MEDICAMENTO É INDICADO?   \nAmoxil®, um antibiótico eficaz contra grande variedade de bactérias, é indicado para tratamento de infecções \nbacterianas causadas por germes sensíveis à ação da amoxicilina. Entretanto, seu médico pode receitar este medicamento \npara outro uso. Se desejar mais informações, pergunte ao seu médico.  \n \n2."", ""PARA QUE ESTE MEDICAMENTO É INDICADO?  \nAmoxil®, antibiótico eficaz contra grande variedade de bactérias, é indicado para tratamento de infecções bacterianas \ncausadas por germes sensíveis à ação da amoxicilina. Entretanto, seu médico pode receitar este medicamento para outro \nuso. Se desejar mais informações, pergunte ao seu médico.  \n \n2."", ""1. PARA QUE ESTE MEDICAMENTO É INDICADO?** \n\n**Amoxil[®]** , antibiótico eficaz contra grande variedade de bactérias, é indicado para tratamento de infecções bacterianas causadas por germes sensíveis à ação da amoxicilina. Entretanto, seu médico pode receitar este medicamento para outro uso. Se desejar mais informações, pergunte ao seu médico. \n\n## **"", ""1. PARA QUE ESTE MEDICAMENTO É INDICADO?** \n\n**Amoxil[®]** , antibiótico eficaz contra grande variedade de bactérias, é indicado para tratamento de infecções bacterianas causadas por germes sensíveis à ação da amoxicilina. Entretanto, seu médico pode receitar este medicamento para outro uso. Se desejar mais informações, pergunte ao seu médico. \n\n## **"", ""COMO ESTE MEDICAMENTO FUNCIONA?  \nAmoxil® contém uma penicilina chamada amoxicilina como ingrediente ativo. A amoxicilina pertence ao grupo dos \nantibióticos penicilânicos. Amoxil® é usado no tratamento de uma gama de infecções causadas por bactérias, que podem \nmanifestar-se nos pulmões (pneumonia e bronquite), nas amígdalas (amigdalite), nos seios da face (sinusite), no trato \nurinário e genital, na pele e nas mucosas. Amoxil® atua destruindo as bactérias que causam essas infecções.  \n \n3."", ""COMO ESTE MEDICAMENTO FUNCIONA?  \nAmoxil® contém uma penicilina chamada amoxicilina como ingrediente ativo. A amoxicilina pertence ao grupo dos \nantibióticos penicilânicos. Amoxil® é usado no tratamento de uma gama de infecções causadas por bactérias, que podem \nmanifestar-se nos pulmões (pneumonia e bronquite), nas amígdalas (amigdalite), nos seios da face (sinusite), no trato \nurinário e genital, na pele e nas mucosas. Amoxil® atua destruindo as bactérias que causam essas infecções.  \n \n3."", ""  \n \nModelo de Texto de Bula – Pacientes \nAmoxil® Cápsulas \n \n2 \n \nO uso prolongado também pode resultar, ocasionalmente, em supercrescimento de microrganismos resistentes a \nAmoxil®. \n \nAmoxil® pode piorar algumas condições existentes ou causar efeitos colaterais graves, como reações alérgicas severas, \nreações cutâneas severas, dor no peito, vômitos repetitivos dentro de 1 a 4 horas após a administração de Amoxil® ou \ndiarreia grave (colite pseudomembranosa). Você deve estar atento a determinados sintomas enquanto estiver recebendo \nAmoxil® para ajudar a reduzir o risco de quaisquer problemas. \n \nEfeitos sobre a capacidade de dirigir veículos e de operar máquinas  \nNão se observaram efeitos adversos sobre a capacidade de dirigir veículos e de operar máquinas.  \n \nGravidez e amamentação  \nAmoxil® pode ser usado na gravidez desde que os benefícios potenciais sejam maiores que os riscos potenciais \nassociados ao tratamento. Informe seu médico se você estiver grávida ou suspeitar que está grávida. Você não deve \ntomar este medicamento se estiver grávida, exceto se seu médico recomendar.  \nVocê pode amamentar seu bebê enquanto estiver tomando Amoxil®, mas há excreção de quantidades mínimas de \namoxicilina no leite materno. Se você estiver amamentando, informe ao seu médico antes de iniciar o tratamento com \nAmoxil®.  \n \nEste medicamento não deve ser utilizado por mulheres grávidas sem orientação médica ou do cirurgião-dentista.  \n \nUso compatível com o aleitamento ou doação de leite humano. O uso desse medicamento não interfere no \naleitamento do bebê. \n \nUso em idosos, crianças e outros grupos de risco  \nAs recomendações especiais se referem às doses (ver Posologia, em Como Devo Usar Este Medicamento?).  \n \nInterações Medicamentosas  \nAlguns medicamentos podem causar efeitos indesejáveis se você os ingerir durante o tratamento com Amoxil®. Não \ndeixe de avisar seu médico caso você esteja tomando:  \n- medicamentos usados no tratamento de gota (probenecida ou alopurinol);  \n- outros antibióticos;  \n- pílulas anticoncepcionais (como acontece com outros antibióticos, talvez sejam necessárias precauções adicionais para \nevitar a gravidez);  \n- anticoagulantes; \n- metotrexato (usado para tratar doenças como câncer e psoríase grave).   \nA alimentação não interfere na ação de Amoxil®, que pode ser ingerido nas refeições.  \n \nInforme ao seu médico ou cirurgião-dentista se você está fazendo uso de algum outro medicamento.  \nNão use medicamento sem o conhecimento do seu médico. Pode ser perigoso para a sua saúde.   \n \nAtenção: Contém os corantes vermelho de eritrosina, azul de indigotina, dióxido de titânio  e óxido de ferro \namarelo que podem, eventualmente, causar reações alérgicas. \n \nÉ importante utilizar este medicamento durante todo o tempo prescrito pelo profissional de saúde habilitado, \nmesmo que os sinais e sintomas da infecção tenham desaparecido, pois isso não significa a cura. A interrupção do \ntratamento pode contribuir para o aparecimento de infecções mais graves.   \n \n5. "", ""2. COMO ESTE MEDICAMENTO FUNCIONA?** \n\n**Amoxil[®]** contém uma penicilina chamada amoxicilina como ingrediente ativo. A amoxicilina pertence ao grupo dos antibióticos penicilânicos. **Amoxil[®]** é usado no tratamento de uma gama de infecções causadas por bactérias, que podem manifestar-se nos pulmões (pneumonia e bronquite), nas amígdalas (amigdalite), nos seios da face (sinusite), no trato urinário e genital, na pele e nas mucosas. **Amoxil[®]** atua destruindo as bactérias que causam essas infecções. \n\n## **"", ""2. COMO ESTE MEDICAMENTO FUNCIONA?** \n\n**Amoxil[®]** contém uma penicilina chamada amoxicilina como ingrediente ativo. A amoxicilina pertence ao grupo dos antibióticos penicilânicos. **Amoxil[®]** é usado no tratamento de uma gama de infecções causadas por bactérias, que podem manifestar-se nos pulmões (pneumonia e bronquite), nas amígdalas (amigdalite), nos seios da face (sinusite), no trato urinário e genital, na pele e nas mucosas. **Amoxil[®]** atua destruindo as bactérias que causam essas infecções. \n\n## **"", ""QUANDO NÃO DEVO USAR ESTE MEDICAMENTO?  \nEste medicamento não pode ser administrado nem ingerido por pessoas  alérgicas à amoxicilina, a outros antibióticos \npenicilínicos ou antibióticos similares, chamados cefalosporinas. Se você já teve uma reação alérgica (como erupções da \npele) ao tomar um antibiótico, deve conversar com seu médico antes de usar Amoxil®.  \n \n4."", ""QUAIS OS MALES QUE ESTE MEDICAMENTO PODE ME CAUSAR?   \nAvise seu médico o mais cedo possível se você não se sentir bem durante o tratamento com Amoxil®.  \nAssim como todo medicamento, Amoxil® pode provocar reações adversas, porém isso não ocorre com todas as pessoas. \nOs efeitos colaterais deste medicamento geralmente são leves.  \n \nReações comuns (ocorrem entre 1% e 10% dos pacientes que utilizam este medicamento) : \n- Diarreia (várias evacuações amolecidas por dia) e enjoo; quando isso acontece, os sintomas normalmente são leves e \ncom frequência podem ser evitados tomando -se o medicamento no início das refeições. Se continuarem ou se tornarem \ngraves, consulte o médico; \n- Erupções da pele.  \n \nReações incomuns (ocorrem entre 0,1% e 1% dos pacientes que utilizam este medicamento) : \n- Vômito, urticária e coceira.  \n \nReações muito raras (ocorrem em menos de 0,01% dos pacientes que utilizam este medicamento) :  \n- Diminuição de glóbulos brancos (leucopenia reversível), que pode resultar em infecções frequentes, como febre, \ncalafrios, inflamação da garganta ou úlceras na boca;  \n- Baixa contagem de plaquetas (trombocitopenia reversível), que pode resultar em sangramento ou hematomas (manchas \nroxas que surgem com mais facilidade que o normal); \n- Destruição de glóbulos vermelhos e consequentemente anemia (anemia hemolítica), que pode resultar em cansaço, \ndores de cabeça e falta de ar causada pela prática de exercícios físicos, vertigem, palidez e amarelamento da pele e/ou \ndos olhos;  \n- Sinais repentinos de alergia, tais como erupções da pele, prurido (coceira) ou urticária, inchaço da face, dos lábios, da \nlíngua ou de outras partes do corpo, falta de ar, respiração ofegante ou problemas para respirar; se esses sintomas \nocorrerem, pare de usar o medicamento e procure socorro médico o mais rápido possível ;  \n- Dor no peito, que pode ser um sinal de uma reação alérgica potencialmente grave chamada síndrome de Kounis;  \n- Vômitos repetitivos (1 a 4 horas após a administração de Amoxil®), dores no estômago, sonolência anormal, diarreia e \npressão baixa, que podem ser um sinal de uma reação alérgica grave denominada síndrome de enterocolite induzida por \nmedicamentos; \n- Convulsões podem ocorrer em pacientes com função renal prejudicada ou que estejam recebendo doses altas do \nmedicamento;  \n- Hipercinesia (presença de movimentos exacerbados e incontroláveis), tontura ;  \n- Candidíase mucocutânea, infecção micótica (causada por fungos) que normalmente afeta as partes íntimas ou a boca; \nna área genital, pode provocar coceira e queimação (com a presença de uma fina camada de secreção branca), e na boca \nou na língua podem surgir pintas brancas dolorosas;  \n- Colite associada a antibióticos (inflamação no cólon (intestino grosso), causando diarreia grave, que também pode \nconter sangue e ser acompanhada de cólicas abdominais; \n- Sua língua pode mudar de cor, ficando amarela, marrom ou preta, e dar a impressão de ter pelos (língua pilosa negra );  \n- Houve relatos de descoloração superficial dos dentes em crianças. Uma boa higiene oral ajuda a prevenir esse efeito \nporque o produto pode, em geral, ser removido com a escovação (apenas Amoxil® em suspensão oral); \n- Inflamação da membrana que reveste o cérebro (meningite asséptica); \n- Erupção cutânea com bolhas dispostas em círculo com crosta central ou como um colar de pérolas (doença IgA linear) ; "", ""QUAIS OS MALES QUE ESTE MEDICAMENTO PODE ME CAUSAR?   \nAvise seu médico o mais cedo possível se você não se sentir bem durante o tratamento com Amoxil®.  \nAssim como todo medicamento, Amoxil® pode provocar reações adversas, porém isso não ocorre com todas as pessoas. \nOs efeitos colaterais deste medicamento geralmente são leves.  \n \nReações comuns (ocorrem entre 1% e 10% dos pacientes que utilizam este medicamento):  \n- Diarreia (várias evacuações amolecidas por dia) e enjoo; quando isso acontece, os sintomas normalmente são leves e \ncom frequência podem ser evitados tomando -se o medicamento no início das refeições. Se continuarem ou se tornarem \ngraves, consulte o médico.  \n- Erupções da pele.  \n \nReações incomuns (ocorrem entre 0,1% e 1% dos pacientes que utilizam este medicamento):  \n- Vômito, urticária e coceira.  \n \nReações muito raras (ocorrem em menos de 0,01% dos pacientes que utilizam este medicamento):  \n- Diminuição de glóbulos brancos (leucopenia reversível), que pode resultar em infecções frequentes, como febre, \ncalafrios, inflamação da garganta ou úlceras na boca;  \n- Baixa contagem de plaquetas (trombocitopenia reversível), que pode resultar em sangramento ou hematomas (manchas \nroxas) que surgem com mais facilidade que o normal;  \n- Destruição de glóbulos vermelhos e consequentemente anemia (anemia hemolítica), que pode resultar em cansaço, \ndores de cabeça e falta de ar causada pela prática de exercícios físicos, vertigem, palidez e amarelamento da pele e/ou \ndos olhos;  \n- Sinais repentinos de alergia, como erupções da pele, prurido (coceira) ou urticária, inchaço da face, dos lábios, da \nlíngua ou de outras partes do corpo, falta de ar, respiração ofegante ou problemas para respirar; se esses sintomas \nocorrerem, pare de usar Amoxil® e procure socorro médico o mais rápido possível;  "", ""Modelo de Texto de Bula – Pacientes \nAmoxil® Pó para suspensão oral \n \n1 \n \nLEIA ESTA BULA ATENTAMENTE ANTES DE INICIAR O TRATAMENTO.  \n \nI)"", ""Modelo de Texto de Bula – Pacientes \nAmoxil® Pó para suspensão oral \n \n5 \n \nSiga a orientação de seu médico, respeitando sempre os horários, as doses e a duração do tratamento.  \nNão interrompa o tratamento sem o conhecimento de seu médico.  \n \n7."", ""QUANDO NÃO DEVO USAR ESTE MEDICAMENTO?  \nEste medicamento não pode ser usado por pessoas alérgicas à amoxicilina, a outros antibióticos penicilínicos ou \nantibióticos similares, chamados cefalosporinas. Se você já teve uma reação alérgica (como erupções da pele) ao tomar \num antibiótico, deve conversar com seu médico antes de usar Amoxil®.  \n \n4. O QUE DEVO SABER ANTES DE USAR ESTE MEDICAMENTO?  \nAmoxil suspensão cont ém aspartamo, que é fonte de fenilalanina e deve ser usado com cautela em pacientes com \nfenilcetonúria. Informe seu médico caso você tenha uma doença chamada fenilcetonúria. \nAntes de iniciar o tratamento com Amoxil, informe seu médico: \n- se você já apresentou reação alérgica a algum antibiótico. Isso pode incluir reações na pele ou inchaço na face ou \npescoço ou dores no peito.""]",0.12,12.07
naive_rag,ollama:medgemma:4b,AMOXIL,Quando não devo usar Amoxil?,facil,"Amoxil não deve ser usado por pessoas alérgicas à amoxicilina, a outros antibióticos penicilínicos ou a antibióticos similares chamados cefalosporinas. Se o paciente já teve reação alérgica, como erupções na pele, ao tomar antibiótico, deve conversar com o médico antes de usar Amoxil.",QUANDO NÃO DEVO USAR ESTE MEDICAMENTO?,"De acordo com a bula do medicamento AMOXIL, consta a seguinte informação: ""Este medicamento não pode ser administrado nem ingerido por pessoas alérgicas à amoxicilina, a outros antibióticos penicilínicos ou antibióticos similares, chamados cefalosporinas. Se você já teve uma reação alérgica (como erupções da pele) ao tomar um antibiótico, deve conversar com seu médico antes de usar Amoxil®.""

---
*Esta resposta se baseia apenas nos trechos da bula recuperados e não substitui orientação médica ou farmacêutica.*","De acordo com a bula do medicamento AMOXIL, consta a seguinte informação: ""Este medicamento não pode ser administrado nem ingerido por pessoas alérgicas à amoxicilina, a outros antibióticos penicilínicos ou antibióticos similares, chamados cefalosporinas. Se você já teve uma reação alérgica (como erupções da pele) ao tomar um antibiótico, deve conversar com seu médico antes de usar Amoxil®.""",TODAS (Naive),,"[""QUANDO NÃO DEVO USAR ESTE MEDICAMENTO?  \nEste medicamento não pode ser administrado nem ingerido por pessoas  alérgicas à amoxicilina, a outros antibióticos \npenicilínicos ou antibióticos similares, chamados cefalosporinas. Se você já teve uma reação alérgica (como erupções da \npele) ao tomar um antibiótico, deve conversar com seu médico antes de usar Amoxil®.  \n \n4."", ""3. QUANDO NÃO DEVO USAR ESTE MEDICAMENTO?** \n\nEste medicamento não pode ser administrado nem ingerido por pessoas alérgicas à amoxicilina, a outros antibióticos penicilínicos ou antibióticos similares, chamados cefalosporinas. Se você já teve uma reação alérgica (como erupções da pele) ao tomar um antibiótico, deve conversar com seu médico antes de usar **Amoxil[®] .** \n\n## **4. O QUE DEVO SABER ANTES DE USAR ESTE MEDICAMENTO** ? \n\nAntes de iniciar o tratamento com **Amoxil**[] , informe seu médico: \n\n- se você já apresentou reação alérgica a algum antibiótico. Isso pode incluir reações na pele ou inchaço na face ou pescoço ou dores no peito. \n\n- se você apresenta febre glandular. \n\n- se você toma medicamentos usados para prevenir coágulos sanguíneos (anticoagulantes), tais como varfarina, o seu médico fará um monitoramento e, se necessário, poderá sugerir ajustes na dose dos anticoagulantes. \n\n- se você apresenta problema nos rins. \n\n- se você não estiver urinando regularmente. \n\n- se você já teve diarreia durante ou após o uso de antibióticos. \n\n1 \n\n**==> picture [87 x 28] intentionally omitted <==**\n\n## Modelo de Texto de Bula – Pacientes Amoxil[®] Cápsulas \n\nO uso prolongado também pode resultar, ocasionalmente, em supercrescimento de microrganismos resistentes a **Amoxil[®]** ."", ""3. QUANDO NÃO DEVO USAR ESTE MEDICAMENTO?** \n\nEste medicamento não pode ser administrado nem ingerido por pessoas alérgicas à amoxicilina, a outros antibióticos penicilínicos ou antibióticos similares, chamados cefalosporinas. Se você já teve uma reação alérgica (como erupções da pele) ao tomar um antibiótico, deve conversar com seu médico antes de usar **Amoxil[®] .** \n\n## **4. O QUE DEVO SABER ANTES DE USAR ESTE MEDICAMENTO** ? \n\nAntes de iniciar o tratamento com **Amoxil**[] , informe seu médico: \n\n- se você já apresentou reação alérgica a algum antibiótico. Isso pode incluir reações na pele ou inchaço na face ou pescoço ou dores no peito. \n\n- se você apresenta febre glandular. \n\n- se você toma medicamentos usados para prevenir coágulos sanguíneos (anticoagulantes), tais como varfarina, o seu médico fará um monitoramento e, se necessário, poderá sugerir ajustes na dose dos anticoagulantes. \n\n- se você apresenta problema nos rins. \n\n- se você não estiver urinando regularmente. \n\n- se você já teve diarreia durante ou após o uso de antibióticos. \n\n1 \n\n**==> picture [87 x 28] intentionally omitted <==**\n\n## Modelo de Texto de Bula – Pacientes Amoxil[®] Cápsulas \n\nO uso prolongado também pode resultar, ocasionalmente, em supercrescimento de microrganismos resistentes a **Amoxil[®]** ."", ""  \n \nModelo de Texto de Bula – Pacientes \nAmoxil® Cápsulas \n \n2 \n \nO uso prolongado também pode resultar, ocasionalmente, em supercrescimento de microrganismos resistentes a \nAmoxil®. \n \nAmoxil® pode piorar algumas condições existentes ou causar efeitos colaterais graves, como reações alérgicas severas, \nreações cutâneas severas, dor no peito, vômitos repetitivos dentro de 1 a 4 horas após a administração de Amoxil® ou \ndiarreia grave (colite pseudomembranosa). Você deve estar atento a determinados sintomas enquanto estiver recebendo \nAmoxil® para ajudar a reduzir o risco de quaisquer problemas. \n \nEfeitos sobre a capacidade de dirigir veículos e de operar máquinas  \nNão se observaram efeitos adversos sobre a capacidade de dirigir veículos e de operar máquinas.  \n \nGravidez e amamentação  \nAmoxil® pode ser usado na gravidez desde que os benefícios potenciais sejam maiores que os riscos potenciais \nassociados ao tratamento. Informe seu médico se você estiver grávida ou suspeitar que está grávida. Você não deve \ntomar este medicamento se estiver grávida, exceto se seu médico recomendar.  \nVocê pode amamentar seu bebê enquanto estiver tomando Amoxil®, mas há excreção de quantidades mínimas de \namoxicilina no leite materno. Se você estiver amamentando, informe ao seu médico antes de iniciar o tratamento com \nAmoxil®.  \n \nEste medicamento não deve ser utilizado por mulheres grávidas sem orientação médica ou do cirurgião-dentista.  \n \nUso compatível com o aleitamento ou doação de leite humano. O uso desse medicamento não interfere no \naleitamento do bebê. \n \nUso em idosos, crianças e outros grupos de risco  \nAs recomendações especiais se referem às doses (ver Posologia, em Como Devo Usar Este Medicamento?).  \n \nInterações Medicamentosas  \nAlguns medicamentos podem causar efeitos indesejáveis se você os ingerir durante o tratamento com Amoxil®. Não \ndeixe de avisar seu médico caso você esteja tomando:  \n- medicamentos usados no tratamento de gota (probenecida ou alopurinol);  \n- outros antibióticos;  \n- pílulas anticoncepcionais (como acontece com outros antibióticos, talvez sejam necessárias precauções adicionais para \nevitar a gravidez);  \n- anticoagulantes; \n- metotrexato (usado para tratar doenças como câncer e psoríase grave).   \nA alimentação não interfere na ação de Amoxil®, que pode ser ingerido nas refeições.  \n \nInforme ao seu médico ou cirurgião-dentista se você está fazendo uso de algum outro medicamento.  \nNão use medicamento sem o conhecimento do seu médico. Pode ser perigoso para a sua saúde.   \n \nAtenção: Contém os corantes vermelho de eritrosina, azul de indigotina, dióxido de titânio  e óxido de ferro \namarelo que podem, eventualmente, causar reações alérgicas. \n \nÉ importante utilizar este medicamento durante todo o tempo prescrito pelo profissional de saúde habilitado, \nmesmo que os sinais e sintomas da infecção tenham desaparecido, pois isso não significa a cura. A interrupção do \ntratamento pode contribuir para o aparecimento de infecções mais graves.   \n \n5. "", ""QUANDO NÃO DEVO USAR ESTE MEDICAMENTO?  \nEste medicamento não pode ser usado por pessoas alérgicas à amoxicilina, a outros antibióticos penicilínicos ou \nantibióticos similares, chamados cefalosporinas. Se você já teve uma reação alérgica (como erupções da pele) ao tomar \num antibiótico, deve conversar com seu médico antes de usar Amoxil®.  \n \n4. O QUE DEVO SABER ANTES DE USAR ESTE MEDICAMENTO?  \nAmoxil suspensão cont ém aspartamo, que é fonte de fenilalanina e deve ser usado com cautela em pacientes com \nfenilcetonúria. Informe seu médico caso você tenha uma doença chamada fenilcetonúria. \nAntes de iniciar o tratamento com Amoxil, informe seu médico: \n- se você já apresentou reação alérgica a algum antibiótico. Isso pode incluir reações na pele ou inchaço na face ou \npescoço ou dores no peito."", ""1 \n\n**==> picture [87 x 28] intentionally omitted <==**\n\n## Modelo de Texto de Bula – Pacientes Amoxil[®] Cápsulas \n\nO uso prolongado também pode resultar, ocasionalmente, em supercrescimento de microrganismos resistentes a **Amoxil[®]** . \n\n**Amoxil[®]** pode piorar algumas condições existentes ou causar efeitos colaterais graves, como reações alérgicas severas, reações cutâneas severas, dor no peito, vômitos repetitivos dentro de 1 a 4 horas após a administração de **Amoxil[®]** ou diarreia grave (colite pseudomembranosa). Você deve estar atento a determinados sintomas enquanto estiver recebendo **Amoxil[®]** para ajudar a reduzir o risco de quaisquer problemas. \n\n## **Efeitos sobre a capacidade de dirigir veículos e de operar máquinas** \n\nNão se observaram efeitos adversos sobre a capacidade de dirigir veículos e de operar máquinas. \n\n## **Gravidez e amamentação** \n\n**Amoxil[®]** pode ser usado na gravidez desde que os benefícios potenciais sejam maiores que os riscos potenciais associados ao tratamento. Informe seu médico se você estiver grávida ou suspeitar que está grávida. Você não deve tomar este medicamento se estiver grávida, exceto se seu médico recomendar. \n\nVocê pode amamentar seu bebê enquanto estiver tomando **Amoxil[®]** , mas há excreção de quantidades mínimas de amoxicilina no leite materno. Se você estiver amamentando, informe ao seu médico antes de iniciar o tratamento com **Amoxil[®]** . \n\n## **Este medicamento não deve ser utilizado por mulheres grávidas sem orientação médica ou do cirurgião-dentista.**"", ""1 \n\n**==> picture [87 x 28] intentionally omitted <==**\n\n## Modelo de Texto de Bula – Pacientes Amoxil[®] Cápsulas \n\nO uso prolongado também pode resultar, ocasionalmente, em supercrescimento de microrganismos resistentes a **Amoxil[®]** . \n\n**Amoxil[®]** pode piorar algumas condições existentes ou causar efeitos colaterais graves, como reações alérgicas severas, reações cutâneas severas, dor no peito, vômitos repetitivos dentro de 1 a 4 horas após a administração de **Amoxil[®]** ou diarreia grave (colite pseudomembranosa). Você deve estar atento a determinados sintomas enquanto estiver recebendo **Amoxil[®]** para ajudar a reduzir o risco de quaisquer problemas. \n\n## **Efeitos sobre a capacidade de dirigir veículos e de operar máquinas** \n\nNão se observaram efeitos adversos sobre a capacidade de dirigir veículos e de operar máquinas. \n\n## **Gravidez e amamentação** \n\n**Amoxil[®]** pode ser usado na gravidez desde que os benefícios potenciais sejam maiores que os riscos potenciais associados ao tratamento. Informe seu médico se você estiver grávida ou suspeitar que está grávida. Você não deve tomar este medicamento se estiver grávida, exceto se seu médico recomendar. \n\nVocê pode amamentar seu bebê enquanto estiver tomando **Amoxil[®]** , mas há excreção de quantidades mínimas de amoxicilina no leite materno. Se você estiver amamentando, informe ao seu médico antes de iniciar o tratamento com **Amoxil[®]** . \n\n## **Este medicamento não deve ser utilizado por mulheres grávidas sem orientação médica ou do cirurgião-dentista.**"", ""7. O QUE DEVO FAZER QUANDO EU ME ESQUECER DE USAR ESTE MEDICAMENTO?** \n\nSe você esquecer uma dose, tome-a assim que se lembrar, mas continue com o horário normal das demais. Só não tome duas doses com intervalo igual ou menor que 1 hora. \n\n**Em caso de dúvidas, procure orientação do farmacêutico ou de seu médico, ou cirurgião-dentista.** \n\n## **"", ""7. O QUE DEVO FAZER QUANDO EU ME ESQUECER DE USAR ESTE MEDICAMENTO?** \n\nSe você esquecer uma dose, tome-a assim que se lembrar, mas continue com o horário normal das demais. Só não tome duas doses com intervalo igual ou menor que 1 hora. \n\n**Em caso de dúvidas, procure orientação do farmacêutico ou de seu médico, ou cirurgião-dentista.** \n\n## **"", ""COMO ESTE MEDICAMENTO FUNCIONA?  \nAmoxil® contém uma penicilina chamada amoxicilina como ingrediente ativo. A amoxicilina pertence ao grupo dos \nantibióticos penicilânicos. Amoxil® é usado no tratamento de uma gama de infecções causadas por bactérias, que podem \nmanifestar-se nos pulmões (pneumonia e bronquite), nas amígdalas (amigdalite), nos seios da face (sinusite), no trato \nurinário e genital, na pele e nas mucosas. Amoxil® atua destruindo as bactérias que causam essas infecções.  \n \n3."", ""COMO ESTE MEDICAMENTO FUNCIONA?  \nAmoxil® contém uma penicilina chamada amoxicilina como ingrediente ativo. A amoxicilina pertence ao grupo dos \nantibióticos penicilânicos. Amoxil® é usado no tratamento de uma gama de infecções causadas por bactérias, que podem \nmanifestar-se nos pulmões (pneumonia e bronquite), nas amígdalas (amigdalite), nos seios da face (sinusite), no trato \nurinário e genital, na pele e nas mucosas. Amoxil® atua destruindo as bactérias que causam essas infecções.  \n \n3."", ""1. PARA QUE ESTE MEDICAMENTO É INDICADO?** \n\n**Amoxil[®]** , antibiótico eficaz contra grande variedade de bactérias, é indicado para tratamento de infecções bacterianas causadas por germes sensíveis à ação da amoxicilina. Entretanto, seu médico pode receitar este medicamento para outro uso. Se desejar mais informações, pergunte ao seu médico. \n\n## **"", ""1. PARA QUE ESTE MEDICAMENTO É INDICADO?** \n\n**Amoxil[®]** , antibiótico eficaz contra grande variedade de bactérias, é indicado para tratamento de infecções bacterianas causadas por germes sensíveis à ação da amoxicilina. Entretanto, seu médico pode receitar este medicamento para outro uso. Se desejar mais informações, pergunte ao seu médico. \n\n## **"", ""Modelo de Texto de Bula – Pacientes \nAmoxil® Pó para suspensão oral \n \n1 \n \nLEIA ESTA BULA ATENTAMENTE ANTES DE INICIAR O TRATAMENTO.  \n \nI)"", ""6. COMO DEVO USAR ESTE MEDICAMENTO?** \n\n## **Modo de usar** \n\nSiga as orientações de seu médico sobre a maneira e a hora correta de tomar o medicamento. Ele vai decidir a quantidade diária que você precisa e o tempo durante o qual você deve usar este medicamento. Leia esta bula com cautela. Se você tiver alguma dúvida, fale com seu médico. \n\nRecomenda-se ingerir o medicamento nas refeições, embora ele continue eficaz mesmo que você o tome em outros horários. \n\nContinue tomando este medicamento até o fim do tratamento prescrito pelo médico. Não pare somente porque se sente melhor. \n\n**As cápsulas devem ser ingeridas inteiras com água. Não as mastigue.** \n\n## **Posologia** \n\nAtenção! Para algumas doses indicadas abaixo (doses inferiores a 500 mg) é necessário o uso da suspensão oral, converse com seu médico ou farmacêutico em caso de dúvida. \n\n## **Dose para adultos e crianças acima de 40 kg** \n\n- Dose padrão: 500 mg (uma cápsula) três vezes ao dia (de 8 em 8 horas) nas infecções mais graves. \n\n- Tratamento com dosagem alta (máximo recomendável de 6 g ao dia em doses divididas): recomenda-se uma dose de 3 g (seis cápsulas) duas vezes ao dia (de 12 em 12 horas) em casos que requerem tratamento de infecção respiratória purulenta (com a presença de pus) grave ou recorrente. \n\n## **- Tratamento de curta duração (gonorreia): dose única de 3 g.**""]",0.026,5.67
naive_rag,ollama:medgemma:4b,AMOXIL,"Na apresentação cápsulas, qual é a dose padrão de Amoxil para adultos e crianças acima de 40 kg?",facil,"Na apresentação cápsulas, para adultos e crianças acima de 40 kg, a dose padrão é 500 mg, equivalente a uma cápsula, três vezes ao dia, de 8 em 8 horas, nas infecções mais graves.",COMO DEVO USAR ESTE MEDICAMENTO?,"De acordo com a bula do medicamento AMOXIL, consta a seguinte informação: ""Dose padrão: 250 mg três vezes ao dia (de 8 em 8 horas), podendo ser aumentada para 500 mg três vezes ao dia (de 8 em 8 horas) nas infecções mais graves.""

---
*Esta resposta se baseia apenas nos trechos da bula recuperados e não substitui orientação médica ou farmacêutica.*","De acordo com a bula do medicamento AMOXIL, consta a seguinte informação: ""Dose padrão: 250 mg três vezes ao dia (de 8 em 8 horas), podendo ser aumentada para 500 mg três vezes ao dia (de 8 em 8 horas) nas infecções mais graves.""",TODAS (Naive),,"[""Modelo de Texto de Bula – Pacientes \nAmoxil® Cápsulas \n \n3 \n \nManter fora do alcance de crianças \nConservar as cápsulas na embalagem original, protegido da umidade e em temperatura ambiente (entre 15 oC e 30oC).  \n \nNúmero de lote e datas de fabricação e validade: vide embalagem.  \nNão use medicamento com o prazo de validade vencido. Guarde-o em sua embalagem original.  \n \nAspecto físico/características organolépticas  \nCápsulas de 500  mg de duas cores (corpo amarelo opaco e tampa vermelho opaco) impressa com GS JVL e contendo \num pó branco a quase branco. \n \nAntes de usar, observe o aspecto do medicamento. Caso ele esteja no prazo de validade e você observe alguma \nmudança no aspecto, consulte o farmacêutico para saber se poderá utilizá -lo.  \nTodo medicamento deve ser mantido fora do alcance das crianças.  \n \n6."", ""Modelo de Texto de Bula – Pacientes \nAmoxil® Cápsulas \n \n1 \n \nLEIA ESTA BULA ATENTAMENTE ANTES DE INICIAR O TRATAMENTO.  \n \nI)"", ""Modelo de Texto de Bula – Pacientes \nAmoxil® Cápsulas \n \n6 \n \nImportado e Registrado por: GlaxoSmithKline Brasil Ltda.  \nEstrada dos Bandeirantes, 8464 - Rio de Janeiro - RJ  \nCNPJ: 33.247.743/0001-10  \n \nVENDA SOB PRESCRIÇÃO COM RETENÇÃO DA RECEITA  \n \nL1991_amoxil_cap_gel_dura_GDS35_IPI16"", ""  \n \nModelo de Texto de Bula – Pacientes \nAmoxil® Cápsulas \n \n4 \n \n \nPacientes que recebem diálise peritoneal  \nUsa-se a mesma posologia indicada para pacientes com insuficiência renal grave. A diálise peritoneal (processo de \nlimpeza das substâncias tóxicas do organismo através do peritônio, membrana que envolve o abdômen) não remove a \namoxicilina do corpo.  \n \nPacientes que recebem hemodiálise  \nUsa-se a mesma posologia indicada para pacientes com insuficiência renal grave.  \nA amoxicilina é removida do sangue por hemodiálise (processo que substitui os rins na filtragem sanguínea). Portanto, \numa dose adicional (500 mg para adultos  e crianças acima de 40kg ou 15 mg/kg para crianças abaixo de 40 kg) pode ser \nadministrada durante e no final de cada diálise.  \nSeu médico poderá indicar tratamento por via parenteral (feito com aplicação de injeções intravenosas, intramusculares \nou subcutâneas) nos casos em que a via oral for considerada inadequada (particularmente nos tratamentos urgentes de \ninfecções graves).  \nConforme o grau de insuficiência renal, talvez seu médico ache necessário reduzir a dose diária total.  \n \nSiga a orientação de seu médico, respeitando sempre os horários, as doses e a duração do tratamento.   \nNão interrompa o tratamento sem o conhecimento de seu médico.  \nEste medicamento não deve ser partido ou mastigado.  \n \n7. "", ""5. ONDE, COMO E POR QUANTO TEMPO POSSO GUARDAR ESTE MEDICAMENTO? Cuidados de armazenamento** \n\n2 \n\n**==> picture [87 x 28] intentionally omitted <==**\n\n## Modelo de Texto de Bula – Pacientes Amoxil[®] Cápsulas \n\n## **Manter fora do alcance de crianças** \n\nConservar as cápsulas na embalagem original, protegido da umidade e em temperatura ambiente (entre 15[o] C e 30[o] C). \n\n## **Número de lote e datas de fabricação e validade: vide embalagem. Não use medicamento com o prazo de validade vencido. Guarde-o em sua embalagem original.** \n\n## **Aspecto físico/características organolépticas** \n\nCápsulas de 500 mg de duas cores (corpo amarelo opaco e tampa vermelho opaco) impressa com GS JVL e contendo um pó branco a quase branco. \n\n**Antes de usar, observe o aspecto do medicamento. Caso ele esteja no prazo de validade e você observe alguma mudança no aspecto, consulte o farmacêutico para saber se poderá utilizá-lo. Todo medicamento deve ser mantido fora do alcance das crianças.** \n\n## **"", ""5. ONDE, COMO E POR QUANTO TEMPO POSSO GUARDAR ESTE MEDICAMENTO? Cuidados de armazenamento** \n\n2 \n\n**==> picture [87 x 28] intentionally omitted <==**\n\n## Modelo de Texto de Bula – Pacientes Amoxil[®] Cápsulas \n\n## **Manter fora do alcance de crianças** \n\nConservar as cápsulas na embalagem original, protegido da umidade e em temperatura ambiente (entre 15[o] C e 30[o] C). \n\n## **Número de lote e datas de fabricação e validade: vide embalagem. Não use medicamento com o prazo de validade vencido. Guarde-o em sua embalagem original.** \n\n## **Aspecto físico/características organolépticas** \n\nCápsulas de 500 mg de duas cores (corpo amarelo opaco e tampa vermelho opaco) impressa com GS JVL e contendo um pó branco a quase branco. \n\n**Antes de usar, observe o aspecto do medicamento. Caso ele esteja no prazo de validade e você observe alguma mudança no aspecto, consulte o farmacêutico para saber se poderá utilizá-lo. Todo medicamento deve ser mantido fora do alcance das crianças.** \n\n## **"", ""  \n \nModelo de Texto de Bula – Pacientes \nAmoxil® Cápsulas \n \n2 \n \nO uso prolongado também pode resultar, ocasionalmente, em supercrescimento de microrganismos resistentes a \nAmoxil®. \n \nAmoxil® pode piorar algumas condições existentes ou causar efeitos colaterais graves, como reações alérgicas severas, \nreações cutâneas severas, dor no peito, vômitos repetitivos dentro de 1 a 4 horas após a administração de Amoxil® ou \ndiarreia grave (colite pseudomembranosa). Você deve estar atento a determinados sintomas enquanto estiver recebendo \nAmoxil® para ajudar a reduzir o risco de quaisquer problemas. \n \nEfeitos sobre a capacidade de dirigir veículos e de operar máquinas  \nNão se observaram efeitos adversos sobre a capacidade de dirigir veículos e de operar máquinas.  \n \nGravidez e amamentação  \nAmoxil® pode ser usado na gravidez desde que os benefícios potenciais sejam maiores que os riscos potenciais \nassociados ao tratamento. Informe seu médico se você estiver grávida ou suspeitar que está grávida. Você não deve \ntomar este medicamento se estiver grávida, exceto se seu médico recomendar.  \nVocê pode amamentar seu bebê enquanto estiver tomando Amoxil®, mas há excreção de quantidades mínimas de \namoxicilina no leite materno. Se você estiver amamentando, informe ao seu médico antes de iniciar o tratamento com \nAmoxil®.  \n \nEste medicamento não deve ser utilizado por mulheres grávidas sem orientação médica ou do cirurgião-dentista.  \n \nUso compatível com o aleitamento ou doação de leite humano. O uso desse medicamento não interfere no \naleitamento do bebê. \n \nUso em idosos, crianças e outros grupos de risco  \nAs recomendações especiais se referem às doses (ver Posologia, em Como Devo Usar Este Medicamento?).  \n \nInterações Medicamentosas  \nAlguns medicamentos podem causar efeitos indesejáveis se você os ingerir durante o tratamento com Amoxil®. Não \ndeixe de avisar seu médico caso você esteja tomando:  \n- medicamentos usados no tratamento de gota (probenecida ou alopurinol);  \n- outros antibióticos;  \n- pílulas anticoncepcionais (como acontece com outros antibióticos, talvez sejam necessárias precauções adicionais para \nevitar a gravidez);  \n- anticoagulantes; \n- metotrexato (usado para tratar doenças como câncer e psoríase grave).   \nA alimentação não interfere na ação de Amoxil®, que pode ser ingerido nas refeições.  \n \nInforme ao seu médico ou cirurgião-dentista se você está fazendo uso de algum outro medicamento.  \nNão use medicamento sem o conhecimento do seu médico. Pode ser perigoso para a sua saúde.   \n \nAtenção: Contém os corantes vermelho de eritrosina, azul de indigotina, dióxido de titânio  e óxido de ferro \namarelo que podem, eventualmente, causar reações alérgicas. \n \nÉ importante utilizar este medicamento durante todo o tempo prescrito pelo profissional de saúde habilitado, \nmesmo que os sinais e sintomas da infecção tenham desaparecido, pois isso não significa a cura. A interrupção do \ntratamento pode contribuir para o aparecimento de infecções mais graves.   \n \n5. "", ""IDENTIFICAÇÃO DO MEDICAMENTO  \nAmoxil  \namoxicilina  \n \nAPRESENTAÇÕES  \nCápsulas de 500 mg em embalagem com 15, 21 ou 30 unidades.  \n \nUSO ORAL  \nUSO ADULTO E PEDIÁTRICO (ACIMA DE 40 KG) \n \nCOMPOSIÇÃO \nCada cápsula contém:  \namoxicilina ................................................................................................................................................................ 500 mg  \n(equivalentes a 575 mg de amoxicilina tri-hidratada)  \nExcipiente1 q.s.p. .................................................................................................................................................... 1 cápsula \n \n1Excipiente: estearato de magnésio.  \n \nComposição da cápsula: gelatina, vermelho de eritrosina, azul de indigotina, dióxido de titânio, óxido de ferro amarelo .  \n \nII) INFORMAÇÕES AO PACIENTE  \n \n1."", ""IDENTIFICAÇÃO DO MEDICAMENTO** \n\n**Amoxil**[] \n\namoxicilina \n\n## **APRESENTAÇÕES** \n\nCápsulas de 500 mg em embalagem com 15, 21 ou 30 unidades. \n\n## **USO ORAL** \n\n## **USO ADULTO E PEDIÁTRICO (ACIMA DE 40 KG)** \n\n## **COMPOSIÇÃO** \n\nCada cápsula contém: amoxicilina ................................................................................................................................................................ 500 mg (equivalentes a 575 mg de amoxicilina tri-hidratada) Excipiente[1] q.s.p. .................................................................................................................................................... 1 cápsula \n\n- 1Excipiente: estearato de magnésio. \n\nComposição da cápsula: gelatina, vermelho de eritrosina, azul de indigotina, dióxido de titânio, óxido de ferro amarelo. \n\n## **II) INFORMAÇÕES AO PACIENTE** \n\n## **"", ""IDENTIFICAÇÃO DO MEDICAMENTO** \n\n**Amoxil**[] \n\namoxicilina \n\n## **APRESENTAÇÕES** \n\nCápsulas de 500 mg em embalagem com 15, 21 ou 30 unidades. \n\n## **USO ORAL** \n\n## **USO ADULTO E PEDIÁTRICO (ACIMA DE 40 KG)** \n\n## **COMPOSIÇÃO** \n\nCada cápsula contém: amoxicilina ................................................................................................................................................................ 500 mg (equivalentes a 575 mg de amoxicilina tri-hidratada) Excipiente[1] q.s.p. .................................................................................................................................................... 1 cápsula \n\n- 1Excipiente: estearato de magnésio. \n\nComposição da cápsula: gelatina, vermelho de eritrosina, azul de indigotina, dióxido de titânio, óxido de ferro amarelo. \n\n## **II) INFORMAÇÕES AO PACIENTE** \n\n## **"", ""- Destruição de glóbulos vermelhos e consequentemente anemia (anemia hemolítica), que pode resultar em cansaço, dores de cabeça e falta de ar causada pela prática de exercícios físicos, vertigem, palidez e amarelamento da pele e/ou dos olhos; \n\n- Sinais repentinos de alergia, como erupções da pele, prurido (coceira) ou urticária, inchaço da face, dos lábios, da língua ou de outras partes do corpo, falta de ar, respiração ofegante ou problemas para respirar; se esses sintomas ocorrerem, pare de usar **Amoxil[®]** e procure socorro médico o mais rápido possível; \n\n4 \n\n**==> picture [87 x 28] intentionally omitted <==**\n\n## Modelo de Texto de Bula – Pacientes Amoxil[®] Cápsulas \n\n- Dor no peito, que pode ser um sinal de uma reação alérgica potencialmente grave chamada síndrome de Kounis; \n\n- Vômitos repetitivos (1 a 4 horas após a administração de **Amoxil[®]** ), dores no estômago, sonolência anormal, diarreia e pressão baixa, que podem ser um sinal de uma reação alérgica grave denominada síndrome de enterocolite induzida por medicamentos; \n\n- Convulsões (ataques) podem ocorrer em pacientes com função renal prejudicada ou que estejam recebendo doses altas do medicamento; \n\n- Hipercinesia (presença de movimentos exacerbados e incontrolados), tontura; \n\n- Candidíase mucocutânea, infecção micótica (causada por fungos) que normalmente afeta as partes íntimas ou a boca; na área genital, pode provocar coceira e queimação (com a presença de uma fina camada de secreção branca), e na boca ou na língua podem surgir pintas brancas dolorosas;"", ""- Destruição de glóbulos vermelhos e consequentemente anemia (anemia hemolítica), que pode resultar em cansaço, dores de cabeça e falta de ar causada pela prática de exercícios físicos, vertigem, palidez e amarelamento da pele e/ou dos olhos; \n\n- Sinais repentinos de alergia, como erupções da pele, prurido (coceira) ou urticária, inchaço da face, dos lábios, da língua ou de outras partes do corpo, falta de ar, respiração ofegante ou problemas para respirar; se esses sintomas ocorrerem, pare de usar **Amoxil[®]** e procure socorro médico o mais rápido possível; \n\n4 \n\n**==> picture [87 x 28] intentionally omitted <==**\n\n## Modelo de Texto de Bula – Pacientes Amoxil[®] Cápsulas \n\n- Dor no peito, que pode ser um sinal de uma reação alérgica potencialmente grave chamada síndrome de Kounis; \n\n- Vômitos repetitivos (1 a 4 horas após a administração de **Amoxil[®]** ), dores no estômago, sonolência anormal, diarreia e pressão baixa, que podem ser um sinal de uma reação alérgica grave denominada síndrome de enterocolite induzida por medicamentos; \n\n- Convulsões (ataques) podem ocorrer em pacientes com função renal prejudicada ou que estejam recebendo doses altas do medicamento; \n\n- Hipercinesia (presença de movimentos exacerbados e incontrolados), tontura; \n\n- Candidíase mucocutânea, infecção micótica (causada por fungos) que normalmente afeta as partes íntimas ou a boca; na área genital, pode provocar coceira e queimação (com a presença de uma fina camada de secreção branca), e na boca ou na língua podem surgir pintas brancas dolorosas;"", ""  \n \nModelo de Texto de Bula – Pacientes \nAmoxil® Pó para suspensão oral \n \n4 \n \nPosologia  \n \nDose para adultos e crianças acima de 40 kg  \nDose padrão: 250 mg três vezes ao dia (de 8 em 8 horas), podendo ser aumentada para 500 mg três vezes ao dia (de 8 em \n8 horas) nas infecções mais graves.  \n \nTratamento com dosagem alta (máximo recomendável de 6 g ao dia em doses divididas)   \nRecomenda-se uma dose de 3g duas vezes ao dia (de 12 em 12 horas) nos casos que requerem tratamento de infecção \nrespiratória purulenta (com a presença de pus) grave ou recorrente.  \n \nTratamento de curta duração  \nGonorreia: dose única de 3 g. \n \nErradicação de Helicobacter pylori em úlcera péptica (no duodeno ou no estômago)  \nPara combater o Helicobacter (bactéria que ataca o estômago e o duodeno), recomenda -se o uso de Amoxil® no \nesquema de 750 mg a 1 g duas vezes ao dia, em associação com um inibidor da bomba de prótons (exemplo: omeprazol , \nlanzoprazol) e outro agente antimicrobiano (por exemplo claritromicina, metronidazol), por 7 dias.  \n \nDose para crianças abaixo de 40 kg  \nDose padrão para crianças: 20 a 50 mg/kg/dia em doses divididas (de 8 em 8 horas), até um máximo de 150 mg/kg/dia \nem doses divididas. \n \nPacientes com insuficiência renal (dos rins)  \nNa insuficiência renal, a eliminação do antibiótico é mais lenta. Conforme o grau dessa condição, seu médico pode \nindicar a redução da dose diária total de acordo com o esquema descrito a seguir.  \n \nAdultos e crianças acima de 40 kg  \n- insuficiência leve: nenhuma alteração de dose;  \n- insuficiência moderada: máximo de 500 mg duas vezes ao dia (de 12 em 12 horas);  \n- insuficiência grave: máximo de 500 mg uma vez ao dia.  \n \nCrianças abaixo de 40 kg  \n- insuficiência leve: nenhuma alteração de dose;  \n- insuficiência moderada: 15 mg/kg duas vezes ao dia (de 12/12 horas); (no máximo de 500mg duas vezes ao dia);  \n- insuficiência grave: 15 mg/kg uma vez ao dia. (no máximo de 500mg). \n \nPacientes que recebem diálise peritoneal  \nUsa-se a mesma posologia indicada para pacientes com insuficiência renal grave. A diálise peritoneal (processo de \nlimpeza das substâncias tóxicas do organismo através do peritônio, membrana que envolve o abdômen) não remove a \namoxicilina do corpo.  \n \nPacientes que recebem hemodiálise  \nUsa-se a mesma posologia indicada para pacientes com insuficiência renal grave.  \nA amoxicilina é removida do sangue por hemodiálise (processo que substitui os rins na filtragem sanguínea). Portanto, \numa dose adicional (500 mg para adultos  e crianças acima de 40kg ou 15 mg/kg para crianças abaixo de 40 kg) pode ser \nadministrada durante e no final de cada diálise.  \nSeu médico poderá indicar tratamento por via parenteral (feito com aplicação de injeções intravenosas, intramusculares \nou subcutâneas) nos casos em que a via oral for considerada inadequada (particularmente nos tratamentos urgentes de \ninfecções graves).  \nConforme o grau de insuficiência renal, talvez seu médico ache necessário reduzir a dose diária total.  \n "", ""Amoxil \nGlaxoSmithKline Brasil Ltda. \nCápsula Gelatinosa Dura \n500 mg"", ""Modelo de Texto de Bula – Pacientes \nAmoxil® Pó para suspensão oral \n \n1 \n \nLEIA ESTA BULA ATENTAMENTE ANTES DE INICIAR O TRATAMENTO.  \n \nI)""]",0.023,5.003
naive_rag,ollama:medgemma:4b,AMOXIL,Amoxil pode causar diarreia?,facil,"Sim. Diarreia é uma reação comum, ocorrendo entre 1% e 10% dos pacientes que utilizam Amoxil.",QUAIS OS MALES QUE ESTE MEDICAMENTO PODE ME CAUSAR?,"De acordo com a bula do medicamento AMOXIL, consta a seguinte informação: ""Amoxil® pode piorar algumas condições existentes ou causar efeitos colaterais graves, como reações alérgicas severas, reações cutâneas severas, dor no peito, vômitos repetitivos dentro de 1 a 4 horas após a administração de Amoxil® ou diarreia grave (colite pseudomembranosa).""

---
*Esta resposta se baseia apenas nos trechos da bula recuperados e não substitui orientação médica ou farmacêutica.*","De acordo com a bula do medicamento AMOXIL, consta a seguinte informação: ""Amoxil® pode piorar algumas condições existentes ou causar efeitos colaterais graves, como reações alérgicas severas, reações cutâneas severas, dor no peito, vômitos repetitivos dentro de 1 a 4 horas após a administração de Amoxil® ou diarreia grave (colite pseudomembranosa).""",TODAS (Naive),,"[""  \n \nModelo de Texto de Bula – Pacientes \nAmoxil® Cápsulas \n \n2 \n \nO uso prolongado também pode resultar, ocasionalmente, em supercrescimento de microrganismos resistentes a \nAmoxil®. \n \nAmoxil® pode piorar algumas condições existentes ou causar efeitos colaterais graves, como reações alérgicas severas, \nreações cutâneas severas, dor no peito, vômitos repetitivos dentro de 1 a 4 horas após a administração de Amoxil® ou \ndiarreia grave (colite pseudomembranosa). Você deve estar atento a determinados sintomas enquanto estiver recebendo \nAmoxil® para ajudar a reduzir o risco de quaisquer problemas. \n \nEfeitos sobre a capacidade de dirigir veículos e de operar máquinas  \nNão se observaram efeitos adversos sobre a capacidade de dirigir veículos e de operar máquinas.  \n \nGravidez e amamentação  \nAmoxil® pode ser usado na gravidez desde que os benefícios potenciais sejam maiores que os riscos potenciais \nassociados ao tratamento. Informe seu médico se você estiver grávida ou suspeitar que está grávida. Você não deve \ntomar este medicamento se estiver grávida, exceto se seu médico recomendar.  \nVocê pode amamentar seu bebê enquanto estiver tomando Amoxil®, mas há excreção de quantidades mínimas de \namoxicilina no leite materno. Se você estiver amamentando, informe ao seu médico antes de iniciar o tratamento com \nAmoxil®.  \n \nEste medicamento não deve ser utilizado por mulheres grávidas sem orientação médica ou do cirurgião-dentista.  \n \nUso compatível com o aleitamento ou doação de leite humano. O uso desse medicamento não interfere no \naleitamento do bebê. \n \nUso em idosos, crianças e outros grupos de risco  \nAs recomendações especiais se referem às doses (ver Posologia, em Como Devo Usar Este Medicamento?).  \n \nInterações Medicamentosas  \nAlguns medicamentos podem causar efeitos indesejáveis se você os ingerir durante o tratamento com Amoxil®. Não \ndeixe de avisar seu médico caso você esteja tomando:  \n- medicamentos usados no tratamento de gota (probenecida ou alopurinol);  \n- outros antibióticos;  \n- pílulas anticoncepcionais (como acontece com outros antibióticos, talvez sejam necessárias precauções adicionais para \nevitar a gravidez);  \n- anticoagulantes; \n- metotrexato (usado para tratar doenças como câncer e psoríase grave).   \nA alimentação não interfere na ação de Amoxil®, que pode ser ingerido nas refeições.  \n \nInforme ao seu médico ou cirurgião-dentista se você está fazendo uso de algum outro medicamento.  \nNão use medicamento sem o conhecimento do seu médico. Pode ser perigoso para a sua saúde.   \n \nAtenção: Contém os corantes vermelho de eritrosina, azul de indigotina, dióxido de titânio  e óxido de ferro \namarelo que podem, eventualmente, causar reações alérgicas. \n \nÉ importante utilizar este medicamento durante todo o tempo prescrito pelo profissional de saúde habilitado, \nmesmo que os sinais e sintomas da infecção tenham desaparecido, pois isso não significa a cura. A interrupção do \ntratamento pode contribuir para o aparecimento de infecções mais graves.   \n \n5. "", ""  \n \nModelo de Texto de Bula – Pacientes \nAmoxil® Pó para suspensão oral \n \n2 \n \n- se você apresenta febre glandular. \n- se você toma medicamentos usados para prevenir coágulos sanguíneos (anticoagulantes), tais como varfarina,  o seu \nmédico fará um monitoramento e, se necessário, poderá sugerir ajustes na dose dos anticoagulantes. \n- se você apresenta problema nos rins. \n- se você não estiver urinando regularmente. \n- se você já teve diarreia durante ou após o uso de antibióticos. \n \nO uso prolongado também pode resultar, ocasionalmente, em supercrescimento de microrganismos resistentes a \nAmoxil®. \n \nAmoxil® pode piorar algumas condições existentes ou causar efeitos colaterais graves, como reações alérgicas severas, \nreações cutâneas severas, dor no peito, vômitos repetitivos dentro de 1 a 4 horas após a administração de Amoxil® ou \ndiarreia grave (colite pseudomembranosa). Você deve estar atento a determinados sintomas enquanto estiver recebendo \nAmoxil® para ajudar a reduzir o risco de quaisquer problemas. \n \nEfeitos sobre a capacidade de dirigir veículos e de operar máquinas  \nNão se observaram efeitos adversos sobre a capacidade de dirigir veículos e de operar máquinas.  \n \nGravidez e amamentação  \nAmoxil® pode ser usado na gravidez desde que os benefícios potenciais sejam maiores que os riscos potenciais \nassociados ao tratamento. Informe seu médico se você estiver grávida ou suspeitar que está grávida. Você não deve \ntomar este medicamento se estiver grávida, exceto se seu médico recomendar.  \nVocê pode amamentar seu bebê enquanto estiver tomando Amoxil®, mas há excreção de quantidades mínimas de \namoxicilina no leite materno. Se você estiver amamentando, informe ao seu médico antes de iniciar o tratamento com \nAmoxil®. \n \nEste medicamento não deve ser utilizado por mulheres grávidas sem orientação médica ou do cirurgião-dentista.  \n \nUso compatível com o aleitamento ou doação de leite humano. O uso desse medicamento não interfere no \naleitamento do bebê. \n \nAtenção: Contém fenilalanina. \n \nEste produto contém benzoato de sódio, que pode causar reações alérgicas, como asma, especialmente em pessoas \nalérgicas ao ácido acetilsalicílico. \n \nUso em idosos, crianças e outros grupos de risco  \nAs recomendações especiais se referem às dosagens (ver Posologia, em Como Devo Usar Este Medicamento?).  \nNão há contraindicação relativa a faixas etárias.  \n \nInterações medicamentosas  \nAlguns medicamentos podem causar efeitos indesejáveis se você os ingerir durante o tratamento com Amoxil®. Não \ndeixe de avisar seu médico caso você esteja tomando:  \n- medicamentos usados no tratamento de gota (probenecida ou alopurinol);  \n- outros antibióticos;  \n- pílulas anticoncepcionais (como acontece com outros antibióticos, talvez sejam necessárias precauções adicionais para \nevitar a gravidez);  \n- anticoagulantes; \n- metotrexato (usado para tratar doenças como câncer e psoríase grave). \nA alimentação não interfere na ação de Amoxil®, que pode ser ingerido nas refeições.  \n "", ""1 \n\n**==> picture [87 x 28] intentionally omitted <==**\n\n## Modelo de Texto de Bula – Pacientes Amoxil[®] Cápsulas \n\nO uso prolongado também pode resultar, ocasionalmente, em supercrescimento de microrganismos resistentes a **Amoxil[®]** . \n\n**Amoxil[®]** pode piorar algumas condições existentes ou causar efeitos colaterais graves, como reações alérgicas severas, reações cutâneas severas, dor no peito, vômitos repetitivos dentro de 1 a 4 horas após a administração de **Amoxil[®]** ou diarreia grave (colite pseudomembranosa). Você deve estar atento a determinados sintomas enquanto estiver recebendo **Amoxil[®]** para ajudar a reduzir o risco de quaisquer problemas. \n\n## **Efeitos sobre a capacidade de dirigir veículos e de operar máquinas** \n\nNão se observaram efeitos adversos sobre a capacidade de dirigir veículos e de operar máquinas. \n\n## **Gravidez e amamentação** \n\n**Amoxil[®]** pode ser usado na gravidez desde que os benefícios potenciais sejam maiores que os riscos potenciais associados ao tratamento. Informe seu médico se você estiver grávida ou suspeitar que está grávida. Você não deve tomar este medicamento se estiver grávida, exceto se seu médico recomendar. \n\nVocê pode amamentar seu bebê enquanto estiver tomando **Amoxil[®]** , mas há excreção de quantidades mínimas de amoxicilina no leite materno. Se você estiver amamentando, informe ao seu médico antes de iniciar o tratamento com **Amoxil[®]** . \n\n## **Este medicamento não deve ser utilizado por mulheres grávidas sem orientação médica ou do cirurgião-dentista.**"", ""1 \n\n**==> picture [87 x 28] intentionally omitted <==**\n\n## Modelo de Texto de Bula – Pacientes Amoxil[®] Cápsulas \n\nO uso prolongado também pode resultar, ocasionalmente, em supercrescimento de microrganismos resistentes a **Amoxil[®]** . \n\n**Amoxil[®]** pode piorar algumas condições existentes ou causar efeitos colaterais graves, como reações alérgicas severas, reações cutâneas severas, dor no peito, vômitos repetitivos dentro de 1 a 4 horas após a administração de **Amoxil[®]** ou diarreia grave (colite pseudomembranosa). Você deve estar atento a determinados sintomas enquanto estiver recebendo **Amoxil[®]** para ajudar a reduzir o risco de quaisquer problemas. \n\n## **Efeitos sobre a capacidade de dirigir veículos e de operar máquinas** \n\nNão se observaram efeitos adversos sobre a capacidade de dirigir veículos e de operar máquinas. \n\n## **Gravidez e amamentação** \n\n**Amoxil[®]** pode ser usado na gravidez desde que os benefícios potenciais sejam maiores que os riscos potenciais associados ao tratamento. Informe seu médico se você estiver grávida ou suspeitar que está grávida. Você não deve tomar este medicamento se estiver grávida, exceto se seu médico recomendar. \n\nVocê pode amamentar seu bebê enquanto estiver tomando **Amoxil[®]** , mas há excreção de quantidades mínimas de amoxicilina no leite materno. Se você estiver amamentando, informe ao seu médico antes de iniciar o tratamento com **Amoxil[®]** . \n\n## **Este medicamento não deve ser utilizado por mulheres grávidas sem orientação médica ou do cirurgião-dentista.**"", ""Modelo de Texto de Bula – Pacientes \nAmoxil® Pó para suspensão oral \n \n1 \n \nLEIA ESTA BULA ATENTAMENTE ANTES DE INICIAR O TRATAMENTO.  \n \nI)"", ""QUAIS OS MALES QUE ESTE MEDICAMENTO PODE ME CAUSAR?   \nAvise seu médico o mais cedo possível se você não se sentir bem durante o tratamento com Amoxil®.  \nAssim como todo medicamento, Amoxil® pode provocar reações adversas, porém isso não ocorre com todas as pessoas. \nOs efeitos colaterais deste medicamento geralmente são leves.  \n \nReações comuns (ocorrem entre 1% e 10% dos pacientes que utilizam este medicamento):  \n- Diarreia (várias evacuações amolecidas por dia) e enjoo; quando isso acontece, os sintomas normalmente são leves e \ncom frequência podem ser evitados tomando -se o medicamento no início das refeições. Se continuarem ou se tornarem \ngraves, consulte o médico.  \n- Erupções da pele.  \n \nReações incomuns (ocorrem entre 0,1% e 1% dos pacientes que utilizam este medicamento):  \n- Vômito, urticária e coceira.  \n \nReações muito raras (ocorrem em menos de 0,01% dos pacientes que utilizam este medicamento):  \n- Diminuição de glóbulos brancos (leucopenia reversível), que pode resultar em infecções frequentes, como febre, \ncalafrios, inflamação da garganta ou úlceras na boca;  \n- Baixa contagem de plaquetas (trombocitopenia reversível), que pode resultar em sangramento ou hematomas (manchas \nroxas) que surgem com mais facilidade que o normal;  \n- Destruição de glóbulos vermelhos e consequentemente anemia (anemia hemolítica), que pode resultar em cansaço, \ndores de cabeça e falta de ar causada pela prática de exercícios físicos, vertigem, palidez e amarelamento da pele e/ou \ndos olhos;  \n- Sinais repentinos de alergia, como erupções da pele, prurido (coceira) ou urticária, inchaço da face, dos lábios, da \nlíngua ou de outras partes do corpo, falta de ar, respiração ofegante ou problemas para respirar; se esses sintomas \nocorrerem, pare de usar Amoxil® e procure socorro médico o mais rápido possível;  "", ""QUAIS OS MALES QUE ESTE MEDICAMENTO PODE ME CAUSAR?   \nAvise seu médico o mais cedo possível se você não se sentir bem durante o tratamento com Amoxil®.  \nAssim como todo medicamento, Amoxil® pode provocar reações adversas, porém isso não ocorre com todas as pessoas. \nOs efeitos colaterais deste medicamento geralmente são leves.  \n \nReações comuns (ocorrem entre 1% e 10% dos pacientes que utilizam este medicamento) : \n- Diarreia (várias evacuações amolecidas por dia) e enjoo; quando isso acontece, os sintomas normalmente são leves e \ncom frequência podem ser evitados tomando -se o medicamento no início das refeições. Se continuarem ou se tornarem \ngraves, consulte o médico; \n- Erupções da pele.  \n \nReações incomuns (ocorrem entre 0,1% e 1% dos pacientes que utilizam este medicamento) : \n- Vômito, urticária e coceira.  \n \nReações muito raras (ocorrem em menos de 0,01% dos pacientes que utilizam este medicamento) :  \n- Diminuição de glóbulos brancos (leucopenia reversível), que pode resultar em infecções frequentes, como febre, \ncalafrios, inflamação da garganta ou úlceras na boca;  \n- Baixa contagem de plaquetas (trombocitopenia reversível), que pode resultar em sangramento ou hematomas (manchas \nroxas que surgem com mais facilidade que o normal); \n- Destruição de glóbulos vermelhos e consequentemente anemia (anemia hemolítica), que pode resultar em cansaço, \ndores de cabeça e falta de ar causada pela prática de exercícios físicos, vertigem, palidez e amarelamento da pele e/ou \ndos olhos;  \n- Sinais repentinos de alergia, tais como erupções da pele, prurido (coceira) ou urticária, inchaço da face, dos lábios, da \nlíngua ou de outras partes do corpo, falta de ar, respiração ofegante ou problemas para respirar; se esses sintomas \nocorrerem, pare de usar o medicamento e procure socorro médico o mais rápido possível ;  \n- Dor no peito, que pode ser um sinal de uma reação alérgica potencialmente grave chamada síndrome de Kounis;  \n- Vômitos repetitivos (1 a 4 horas após a administração de Amoxil®), dores no estômago, sonolência anormal, diarreia e \npressão baixa, que podem ser um sinal de uma reação alérgica grave denominada síndrome de enterocolite induzida por \nmedicamentos; \n- Convulsões podem ocorrer em pacientes com função renal prejudicada ou que estejam recebendo doses altas do \nmedicamento;  \n- Hipercinesia (presença de movimentos exacerbados e incontroláveis), tontura ;  \n- Candidíase mucocutânea, infecção micótica (causada por fungos) que normalmente afeta as partes íntimas ou a boca; \nna área genital, pode provocar coceira e queimação (com a presença de uma fina camada de secreção branca), e na boca \nou na língua podem surgir pintas brancas dolorosas;  \n- Colite associada a antibióticos (inflamação no cólon (intestino grosso), causando diarreia grave, que também pode \nconter sangue e ser acompanhada de cólicas abdominais; \n- Sua língua pode mudar de cor, ficando amarela, marrom ou preta, e dar a impressão de ter pelos (língua pilosa negra );  \n- Houve relatos de descoloração superficial dos dentes em crianças. Uma boa higiene oral ajuda a prevenir esse efeito \nporque o produto pode, em geral, ser removido com a escovação (apenas Amoxil® em suspensão oral); \n- Inflamação da membrana que reveste o cérebro (meningite asséptica); \n- Erupção cutânea com bolhas dispostas em círculo com crosta central ou como um colar de pérolas (doença IgA linear) ; "", ""1. PARA QUE ESTE MEDICAMENTO É INDICADO?** \n\n**Amoxil[®]** , antibiótico eficaz contra grande variedade de bactérias, é indicado para tratamento de infecções bacterianas causadas por germes sensíveis à ação da amoxicilina. Entretanto, seu médico pode receitar este medicamento para outro uso. Se desejar mais informações, pergunte ao seu médico. \n\n## **"", ""1. PARA QUE ESTE MEDICAMENTO É INDICADO?** \n\n**Amoxil[®]** , antibiótico eficaz contra grande variedade de bactérias, é indicado para tratamento de infecções bacterianas causadas por germes sensíveis à ação da amoxicilina. Entretanto, seu médico pode receitar este medicamento para outro uso. Se desejar mais informações, pergunte ao seu médico. \n\n## **"", ""2. COMO ESTE MEDICAMENTO FUNCIONA?** \n\n**Amoxil[®]** contém uma penicilina chamada amoxicilina como ingrediente ativo. A amoxicilina pertence ao grupo dos antibióticos penicilânicos. **Amoxil[®]** é usado no tratamento de uma gama de infecções causadas por bactérias, que podem manifestar-se nos pulmões (pneumonia e bronquite), nas amígdalas (amigdalite), nos seios da face (sinusite), no trato urinário e genital, na pele e nas mucosas. **Amoxil[®]** atua destruindo as bactérias que causam essas infecções. \n\n## **"", ""2. COMO ESTE MEDICAMENTO FUNCIONA?** \n\n**Amoxil[®]** contém uma penicilina chamada amoxicilina como ingrediente ativo. A amoxicilina pertence ao grupo dos antibióticos penicilânicos. **Amoxil[®]** é usado no tratamento de uma gama de infecções causadas por bactérias, que podem manifestar-se nos pulmões (pneumonia e bronquite), nas amígdalas (amigdalite), nos seios da face (sinusite), no trato urinário e genital, na pele e nas mucosas. **Amoxil[®]** atua destruindo as bactérias que causam essas infecções. \n\n## **"", ""IDENTIFICAÇÃO DO MEDICAMENTO** \n\n**Amoxil**[] \n\namoxicilina \n\n## **APRESENTAÇÕES** \n\nCápsulas de 500 mg em embalagem com 15, 21 ou 30 unidades. \n\n## **USO ORAL** \n\n## **USO ADULTO E PEDIÁTRICO (ACIMA DE 40 KG)** \n\n## **COMPOSIÇÃO** \n\nCada cápsula contém: amoxicilina ................................................................................................................................................................ 500 mg (equivalentes a 575 mg de amoxicilina tri-hidratada) Excipiente[1] q.s.p. .................................................................................................................................................... 1 cápsula \n\n- 1Excipiente: estearato de magnésio. \n\nComposição da cápsula: gelatina, vermelho de eritrosina, azul de indigotina, dióxido de titânio, óxido de ferro amarelo. \n\n## **II) INFORMAÇÕES AO PACIENTE** \n\n## **"", ""IDENTIFICAÇÃO DO MEDICAMENTO** \n\n**Amoxil**[] \n\namoxicilina \n\n## **APRESENTAÇÕES** \n\nCápsulas de 500 mg em embalagem com 15, 21 ou 30 unidades. \n\n## **USO ORAL** \n\n## **USO ADULTO E PEDIÁTRICO (ACIMA DE 40 KG)** \n\n## **COMPOSIÇÃO** \n\nCada cápsula contém: amoxicilina ................................................................................................................................................................ 500 mg (equivalentes a 575 mg de amoxicilina tri-hidratada) Excipiente[1] q.s.p. .................................................................................................................................................... 1 cápsula \n\n- 1Excipiente: estearato de magnésio. \n\nComposição da cápsula: gelatina, vermelho de eritrosina, azul de indigotina, dióxido de titânio, óxido de ferro amarelo. \n\n## **II) INFORMAÇÕES AO PACIENTE** \n\n## **"", ""COMO ESTE MEDICAMENTO FUNCIONA?  \nAmoxil® contém uma penicilina chamada amoxicilina como ingrediente ativo. A amoxicilina pertence ao grupo dos \nantibióticos penicilânicos. Amoxil® é usado no tratamento de uma gama de infecções causadas por bactérias, que podem \nmanifestar-se nos pulmões (pneumonia e bronquite), nas amígdalas (amigdalite), nos seios da face (sinusite), no trato \nurinário e genital, na pele e nas mucosas. Amoxil® atua destruindo as bactérias que causam essas infecções.  \n \n3."", ""COMO ESTE MEDICAMENTO FUNCIONA?  \nAmoxil® contém uma penicilina chamada amoxicilina como ingrediente ativo. A amoxicilina pertence ao grupo dos \nantibióticos penicilânicos. Amoxil® é usado no tratamento de uma gama de infecções causadas por bactérias, que podem \nmanifestar-se nos pulmões (pneumonia e bronquite), nas amígdalas (amigdalite), nos seios da face (sinusite), no trato \nurinário e genital, na pele e nas mucosas. Amoxil® atua destruindo as bactérias que causam essas infecções.  \n \n3.""]",0.025,5.519
naive_rag,ollama:medgemma:4b,AMOXIL,Como devo guardar as cápsulas de Amoxil?,facil,"As cápsulas de Amoxil devem ser conservadas na embalagem original, protegidas da umidade e em temperatura ambiente, entre 15 °C e 30 °C. Todo medicamento deve ser mantido fora do alcance das crianças.","ONDE, COMO E POR QUANTO TEMPO POSSO GUARDAR ESTE MEDICAMENTO?","De acordo com a bula do medicamento AMOXIL, consta a seguinte informação: ""Conservar as cápsulas na embalagem original, protegido da umidade e em temperatura ambiente (entre 15[o] C e 30[o] C).""

---
*Esta resposta se baseia apenas nos trechos da bula recuperados e não substitui orientação médica ou farmacêutica.*","De acordo com a bula do medicamento AMOXIL, consta a seguinte informação: ""Conservar as cápsulas na embalagem original, protegido da umidade e em temperatura ambiente (entre 15[o] C e 30[o] C).""",TODAS (Naive),,"[""  \n \nModelo de Texto de Bula – Pacientes \nAmoxil® Cápsulas \n \n2 \n \nO uso prolongado também pode resultar, ocasionalmente, em supercrescimento de microrganismos resistentes a \nAmoxil®. \n \nAmoxil® pode piorar algumas condições existentes ou causar efeitos colaterais graves, como reações alérgicas severas, \nreações cutâneas severas, dor no peito, vômitos repetitivos dentro de 1 a 4 horas após a administração de Amoxil® ou \ndiarreia grave (colite pseudomembranosa). Você deve estar atento a determinados sintomas enquanto estiver recebendo \nAmoxil® para ajudar a reduzir o risco de quaisquer problemas. \n \nEfeitos sobre a capacidade de dirigir veículos e de operar máquinas  \nNão se observaram efeitos adversos sobre a capacidade de dirigir veículos e de operar máquinas.  \n \nGravidez e amamentação  \nAmoxil® pode ser usado na gravidez desde que os benefícios potenciais sejam maiores que os riscos potenciais \nassociados ao tratamento. Informe seu médico se você estiver grávida ou suspeitar que está grávida. Você não deve \ntomar este medicamento se estiver grávida, exceto se seu médico recomendar.  \nVocê pode amamentar seu bebê enquanto estiver tomando Amoxil®, mas há excreção de quantidades mínimas de \namoxicilina no leite materno. Se você estiver amamentando, informe ao seu médico antes de iniciar o tratamento com \nAmoxil®.  \n \nEste medicamento não deve ser utilizado por mulheres grávidas sem orientação médica ou do cirurgião-dentista.  \n \nUso compatível com o aleitamento ou doação de leite humano. O uso desse medicamento não interfere no \naleitamento do bebê. \n \nUso em idosos, crianças e outros grupos de risco  \nAs recomendações especiais se referem às doses (ver Posologia, em Como Devo Usar Este Medicamento?).  \n \nInterações Medicamentosas  \nAlguns medicamentos podem causar efeitos indesejáveis se você os ingerir durante o tratamento com Amoxil®. Não \ndeixe de avisar seu médico caso você esteja tomando:  \n- medicamentos usados no tratamento de gota (probenecida ou alopurinol);  \n- outros antibióticos;  \n- pílulas anticoncepcionais (como acontece com outros antibióticos, talvez sejam necessárias precauções adicionais para \nevitar a gravidez);  \n- anticoagulantes; \n- metotrexato (usado para tratar doenças como câncer e psoríase grave).   \nA alimentação não interfere na ação de Amoxil®, que pode ser ingerido nas refeições.  \n \nInforme ao seu médico ou cirurgião-dentista se você está fazendo uso de algum outro medicamento.  \nNão use medicamento sem o conhecimento do seu médico. Pode ser perigoso para a sua saúde.   \n \nAtenção: Contém os corantes vermelho de eritrosina, azul de indigotina, dióxido de titânio  e óxido de ferro \namarelo que podem, eventualmente, causar reações alérgicas. \n \nÉ importante utilizar este medicamento durante todo o tempo prescrito pelo profissional de saúde habilitado, \nmesmo que os sinais e sintomas da infecção tenham desaparecido, pois isso não significa a cura. A interrupção do \ntratamento pode contribuir para o aparecimento de infecções mais graves.   \n \n5. "", ""5. ONDE, COMO E POR QUANTO TEMPO POSSO GUARDAR ESTE MEDICAMENTO? Cuidados de armazenamento** \n\n2 \n\n**==> picture [87 x 28] intentionally omitted <==**\n\n## Modelo de Texto de Bula – Pacientes Amoxil[®] Cápsulas \n\n## **Manter fora do alcance de crianças** \n\nConservar as cápsulas na embalagem original, protegido da umidade e em temperatura ambiente (entre 15[o] C e 30[o] C). \n\n## **Número de lote e datas de fabricação e validade: vide embalagem. Não use medicamento com o prazo de validade vencido. Guarde-o em sua embalagem original.** \n\n## **Aspecto físico/características organolépticas** \n\nCápsulas de 500 mg de duas cores (corpo amarelo opaco e tampa vermelho opaco) impressa com GS JVL e contendo um pó branco a quase branco. \n\n**Antes de usar, observe o aspecto do medicamento. Caso ele esteja no prazo de validade e você observe alguma mudança no aspecto, consulte o farmacêutico para saber se poderá utilizá-lo. Todo medicamento deve ser mantido fora do alcance das crianças.** \n\n## **"", ""5. ONDE, COMO E POR QUANTO TEMPO POSSO GUARDAR ESTE MEDICAMENTO? Cuidados de armazenamento** \n\n2 \n\n**==> picture [87 x 28] intentionally omitted <==**\n\n## Modelo de Texto de Bula – Pacientes Amoxil[®] Cápsulas \n\n## **Manter fora do alcance de crianças** \n\nConservar as cápsulas na embalagem original, protegido da umidade e em temperatura ambiente (entre 15[o] C e 30[o] C). \n\n## **Número de lote e datas de fabricação e validade: vide embalagem. Não use medicamento com o prazo de validade vencido. Guarde-o em sua embalagem original.** \n\n## **Aspecto físico/características organolépticas** \n\nCápsulas de 500 mg de duas cores (corpo amarelo opaco e tampa vermelho opaco) impressa com GS JVL e contendo um pó branco a quase branco. \n\n**Antes de usar, observe o aspecto do medicamento. Caso ele esteja no prazo de validade e você observe alguma mudança no aspecto, consulte o farmacêutico para saber se poderá utilizá-lo. Todo medicamento deve ser mantido fora do alcance das crianças.** \n\n## **"", ""Modelo de Texto de Bula – Pacientes \nAmoxil® Cápsulas \n \n1 \n \nLEIA ESTA BULA ATENTAMENTE ANTES DE INICIAR O TRATAMENTO.  \n \nI)"", ""1 \n\n**==> picture [87 x 28] intentionally omitted <==**\n\n## Modelo de Texto de Bula – Pacientes Amoxil[®] Cápsulas \n\nO uso prolongado também pode resultar, ocasionalmente, em supercrescimento de microrganismos resistentes a **Amoxil[®]** . \n\n**Amoxil[®]** pode piorar algumas condições existentes ou causar efeitos colaterais graves, como reações alérgicas severas, reações cutâneas severas, dor no peito, vômitos repetitivos dentro de 1 a 4 horas após a administração de **Amoxil[®]** ou diarreia grave (colite pseudomembranosa). Você deve estar atento a determinados sintomas enquanto estiver recebendo **Amoxil[®]** para ajudar a reduzir o risco de quaisquer problemas. \n\n## **Efeitos sobre a capacidade de dirigir veículos e de operar máquinas** \n\nNão se observaram efeitos adversos sobre a capacidade de dirigir veículos e de operar máquinas. \n\n## **Gravidez e amamentação** \n\n**Amoxil[®]** pode ser usado na gravidez desde que os benefícios potenciais sejam maiores que os riscos potenciais associados ao tratamento. Informe seu médico se você estiver grávida ou suspeitar que está grávida. Você não deve tomar este medicamento se estiver grávida, exceto se seu médico recomendar. \n\nVocê pode amamentar seu bebê enquanto estiver tomando **Amoxil[®]** , mas há excreção de quantidades mínimas de amoxicilina no leite materno. Se você estiver amamentando, informe ao seu médico antes de iniciar o tratamento com **Amoxil[®]** . \n\n## **Este medicamento não deve ser utilizado por mulheres grávidas sem orientação médica ou do cirurgião-dentista.**"", ""1 \n\n**==> picture [87 x 28] intentionally omitted <==**\n\n## Modelo de Texto de Bula – Pacientes Amoxil[®] Cápsulas \n\nO uso prolongado também pode resultar, ocasionalmente, em supercrescimento de microrganismos resistentes a **Amoxil[®]** . \n\n**Amoxil[®]** pode piorar algumas condições existentes ou causar efeitos colaterais graves, como reações alérgicas severas, reações cutâneas severas, dor no peito, vômitos repetitivos dentro de 1 a 4 horas após a administração de **Amoxil[®]** ou diarreia grave (colite pseudomembranosa). Você deve estar atento a determinados sintomas enquanto estiver recebendo **Amoxil[®]** para ajudar a reduzir o risco de quaisquer problemas. \n\n## **Efeitos sobre a capacidade de dirigir veículos e de operar máquinas** \n\nNão se observaram efeitos adversos sobre a capacidade de dirigir veículos e de operar máquinas. \n\n## **Gravidez e amamentação** \n\n**Amoxil[®]** pode ser usado na gravidez desde que os benefícios potenciais sejam maiores que os riscos potenciais associados ao tratamento. Informe seu médico se você estiver grávida ou suspeitar que está grávida. Você não deve tomar este medicamento se estiver grávida, exceto se seu médico recomendar. \n\nVocê pode amamentar seu bebê enquanto estiver tomando **Amoxil[®]** , mas há excreção de quantidades mínimas de amoxicilina no leite materno. Se você estiver amamentando, informe ao seu médico antes de iniciar o tratamento com **Amoxil[®]** . \n\n## **Este medicamento não deve ser utilizado por mulheres grávidas sem orientação médica ou do cirurgião-dentista.**"", ""Modelo de Texto de Bula – Pacientes \nAmoxil® Cápsulas \n \n3 \n \nManter fora do alcance de crianças \nConservar as cápsulas na embalagem original, protegido da umidade e em temperatura ambiente (entre 15 oC e 30oC).  \n \nNúmero de lote e datas de fabricação e validade: vide embalagem.  \nNão use medicamento com o prazo de validade vencido. Guarde-o em sua embalagem original.  \n \nAspecto físico/características organolépticas  \nCápsulas de 500  mg de duas cores (corpo amarelo opaco e tampa vermelho opaco) impressa com GS JVL e contendo \num pó branco a quase branco. \n \nAntes de usar, observe o aspecto do medicamento. Caso ele esteja no prazo de validade e você observe alguma \nmudança no aspecto, consulte o farmacêutico para saber se poderá utilizá -lo.  \nTodo medicamento deve ser mantido fora do alcance das crianças.  \n \n6."", ""Modelo de Texto de Bula – Pacientes \nAmoxil® Cápsulas \n \n6 \n \nImportado e Registrado por: GlaxoSmithKline Brasil Ltda.  \nEstrada dos Bandeirantes, 8464 - Rio de Janeiro - RJ  \nCNPJ: 33.247.743/0001-10  \n \nVENDA SOB PRESCRIÇÃO COM RETENÇÃO DA RECEITA  \n \nL1991_amoxil_cap_gel_dura_GDS35_IPI16"", ""QUANDO NÃO DEVO USAR ESTE MEDICAMENTO?  \nEste medicamento não pode ser administrado nem ingerido por pessoas  alérgicas à amoxicilina, a outros antibióticos \npenicilínicos ou antibióticos similares, chamados cefalosporinas. Se você já teve uma reação alérgica (como erupções da \npele) ao tomar um antibiótico, deve conversar com seu médico antes de usar Amoxil®.  \n \n4."", ""Amoxil \nGlaxoSmithKline Brasil Ltda. \nCápsula Gelatinosa Dura \n500 mg"", ""6. COMO DEVO USAR ESTE MEDICAMENTO?** \n\n## **Modo de usar** \n\nSiga as orientações de seu médico sobre a maneira e a hora correta de tomar o medicamento. Ele vai decidir a quantidade diária que você precisa e o tempo durante o qual você deve usar este medicamento. Leia esta bula com cautela. Se você tiver alguma dúvida, fale com seu médico. \n\nRecomenda-se ingerir o medicamento nas refeições, embora ele continue eficaz mesmo que você o tome em outros horários. \n\nContinue tomando este medicamento até o fim do tratamento prescrito pelo médico. Não pare somente porque se sente melhor. \n\n**As cápsulas devem ser ingeridas inteiras com água. Não as mastigue.** \n\n## **Posologia** \n\nAtenção! Para algumas doses indicadas abaixo (doses inferiores a 500 mg) é necessário o uso da suspensão oral, converse com seu médico ou farmacêutico em caso de dúvida. \n\n## **Dose para adultos e crianças acima de 40 kg** \n\n- Dose padrão: 500 mg (uma cápsula) três vezes ao dia (de 8 em 8 horas) nas infecções mais graves. \n\n- Tratamento com dosagem alta (máximo recomendável de 6 g ao dia em doses divididas): recomenda-se uma dose de 3 g (seis cápsulas) duas vezes ao dia (de 12 em 12 horas) em casos que requerem tratamento de infecção respiratória purulenta (com a presença de pus) grave ou recorrente. \n\n## **- Tratamento de curta duração (gonorreia): dose única de 3 g.**"", ""6. COMO DEVO USAR ESTE MEDICAMENTO?** \n\n## **Modo de usar** \n\nSiga as orientações de seu médico sobre a maneira e a hora correta de tomar o medicamento. Ele vai decidir a quantidade diária que você precisa e o tempo durante o qual você deve usar este medicamento. Leia esta bula com cautela. Se você tiver alguma dúvida, fale com seu médico. \n\nRecomenda-se ingerir o medicamento nas refeições, embora ele continue eficaz mesmo que você o tome em outros horários. \n\nContinue tomando este medicamento até o fim do tratamento prescrito pelo médico. Não pare somente porque se sente melhor. \n\n**As cápsulas devem ser ingeridas inteiras com água. Não as mastigue.** \n\n## **Posologia** \n\nAtenção! Para algumas doses indicadas abaixo (doses inferiores a 500 mg) é necessário o uso da suspensão oral, converse com seu médico ou farmacêutico em caso de dúvida. \n\n## **Dose para adultos e crianças acima de 40 kg** \n\n- Dose padrão: 500 mg (uma cápsula) três vezes ao dia (de 8 em 8 horas) nas infecções mais graves. \n\n- Tratamento com dosagem alta (máximo recomendável de 6 g ao dia em doses divididas): recomenda-se uma dose de 3 g (seis cápsulas) duas vezes ao dia (de 12 em 12 horas) em casos que requerem tratamento de infecção respiratória purulenta (com a presença de pus) grave ou recorrente. \n\n## **- Tratamento de curta duração (gonorreia): dose única de 3 g.**"", ""- Destruição de glóbulos vermelhos e consequentemente anemia (anemia hemolítica), que pode resultar em cansaço, dores de cabeça e falta de ar causada pela prática de exercícios físicos, vertigem, palidez e amarelamento da pele e/ou dos olhos; \n\n- Sinais repentinos de alergia, como erupções da pele, prurido (coceira) ou urticária, inchaço da face, dos lábios, da língua ou de outras partes do corpo, falta de ar, respiração ofegante ou problemas para respirar; se esses sintomas ocorrerem, pare de usar **Amoxil[®]** e procure socorro médico o mais rápido possível; \n\n4 \n\n**==> picture [87 x 28] intentionally omitted <==**\n\n## Modelo de Texto de Bula – Pacientes Amoxil[®] Cápsulas \n\n- Dor no peito, que pode ser um sinal de uma reação alérgica potencialmente grave chamada síndrome de Kounis; \n\n- Vômitos repetitivos (1 a 4 horas após a administração de **Amoxil[®]** ), dores no estômago, sonolência anormal, diarreia e pressão baixa, que podem ser um sinal de uma reação alérgica grave denominada síndrome de enterocolite induzida por medicamentos; \n\n- Convulsões (ataques) podem ocorrer em pacientes com função renal prejudicada ou que estejam recebendo doses altas do medicamento; \n\n- Hipercinesia (presença de movimentos exacerbados e incontrolados), tontura; \n\n- Candidíase mucocutânea, infecção micótica (causada por fungos) que normalmente afeta as partes íntimas ou a boca; na área genital, pode provocar coceira e queimação (com a presença de uma fina camada de secreção branca), e na boca ou na língua podem surgir pintas brancas dolorosas;"", ""- Destruição de glóbulos vermelhos e consequentemente anemia (anemia hemolítica), que pode resultar em cansaço, dores de cabeça e falta de ar causada pela prática de exercícios físicos, vertigem, palidez e amarelamento da pele e/ou dos olhos; \n\n- Sinais repentinos de alergia, como erupções da pele, prurido (coceira) ou urticária, inchaço da face, dos lábios, da língua ou de outras partes do corpo, falta de ar, respiração ofegante ou problemas para respirar; se esses sintomas ocorrerem, pare de usar **Amoxil[®]** e procure socorro médico o mais rápido possível; \n\n4 \n\n**==> picture [87 x 28] intentionally omitted <==**\n\n## Modelo de Texto de Bula – Pacientes Amoxil[®] Cápsulas \n\n- Dor no peito, que pode ser um sinal de uma reação alérgica potencialmente grave chamada síndrome de Kounis; \n\n- Vômitos repetitivos (1 a 4 horas após a administração de **Amoxil[®]** ), dores no estômago, sonolência anormal, diarreia e pressão baixa, que podem ser um sinal de uma reação alérgica grave denominada síndrome de enterocolite induzida por medicamentos; \n\n- Convulsões (ataques) podem ocorrer em pacientes com função renal prejudicada ou que estejam recebendo doses altas do medicamento; \n\n- Hipercinesia (presença de movimentos exacerbados e incontrolados), tontura; \n\n- Candidíase mucocutânea, infecção micótica (causada por fungos) que normalmente afeta as partes íntimas ou a boca; na área genital, pode provocar coceira e queimação (com a presença de uma fina camada de secreção branca), e na boca ou na língua podem surgir pintas brancas dolorosas;"", ""3. QUANDO NÃO DEVO USAR ESTE MEDICAMENTO?** \n\nEste medicamento não pode ser administrado nem ingerido por pessoas alérgicas à amoxicilina, a outros antibióticos penicilínicos ou antibióticos similares, chamados cefalosporinas. Se você já teve uma reação alérgica (como erupções da pele) ao tomar um antibiótico, deve conversar com seu médico antes de usar **Amoxil[®] .** \n\n## **4. O QUE DEVO SABER ANTES DE USAR ESTE MEDICAMENTO** ? \n\nAntes de iniciar o tratamento com **Amoxil**[] , informe seu médico: \n\n- se você já apresentou reação alérgica a algum antibiótico. Isso pode incluir reações na pele ou inchaço na face ou pescoço ou dores no peito. \n\n- se você apresenta febre glandular. \n\n- se você toma medicamentos usados para prevenir coágulos sanguíneos (anticoagulantes), tais como varfarina, o seu médico fará um monitoramento e, se necessário, poderá sugerir ajustes na dose dos anticoagulantes. \n\n- se você apresenta problema nos rins. \n\n- se você não estiver urinando regularmente. \n\n- se você já teve diarreia durante ou após o uso de antibióticos. \n\n1 \n\n**==> picture [87 x 28] intentionally omitted <==**\n\n## Modelo de Texto de Bula – Pacientes Amoxil[®] Cápsulas \n\nO uso prolongado também pode resultar, ocasionalmente, em supercrescimento de microrganismos resistentes a **Amoxil[®]** .""]",0.023,4.329
naive_rag,ollama:medgemma:4b,RIVOTRIL,Para que serve o Rivotril?,facil,"Rivotril é indicado para tratar crises epilépticas e espasmos infantis, também chamados síndrome de West. Em adultos, também é indicado para transtornos de ansiedade, transtornos do humor, síndromes psicóticas, síndrome das pernas inquietas, vertigem e distúrbios do equilíbrio e síndrome da boca ardente.",PARA QUE ESTE MEDICAMENTO É INDICADO?,"De acordo com a bula do medicamento RIVOTRIL, consta a seguinte informação: ""Rivotril® é um anticonvulsivante/ansiolítico.""

---
*Esta resposta se baseia apenas nos trechos da bula recuperados e não substitui orientação médica ou farmacêutica.*","De acordo com a bula do medicamento RIVOTRIL, consta a seguinte informação: ""Rivotril® é um anticonvulsivante/ansiolítico.""",TODAS (Naive),,"[""COMO DEVO USAR ESTE MEDICAMENTO?  \nColocar o comprimido subli ngual debaixo da língua para ser dissolvido na saliva e absorvido por pelo menos, 3 \nminutos, sem ser deglutido. \nEste medicamento não deve ser partido ou  mastigado.  \n \nA dose de Rivotril® depende da doença resposta clínica, idade e tolerabilidade. \nRecomenda-se, que o tratament o inicie com doses mais baixas, que podem ser aumentadas se necessário. Siga a \norientação médica."", ""2 \n \n \nRivotril® comprimidos e Rivotril® gotas são contraindicados para o tratamento de transtornos do pânico em \npacientes com histórico médico de apneia do sono. \nRivotril® é contraindicado a pacientes com glaucoma agudo de ângulo fechado. Rivotril® pode ser usado por \npacientes com glaucoma de ângulo aberto, desde que estejam recebendo terapia apropriada. \n \n4. O QUE DEVO SABER ANTES DE USAR ESTE   MEDICAMENTO?  \nAntes de tomar Rivotril®, informe seu médico se você tem ou teve: \n1) outros problemas de saúde: doenças nos rins ou fígado (por exemplo: cirrose hepática), distúrbio neuromuscular \nou respiratório, porfiria (doença em que ocorre deficiência de enzimas específicas na via da biossíntese do heme). \n2) sinais ou sintomas de depressão e/ou tentativa de suicídio; \n3) intolerância à galactose (açúcar) ou deficiência de lactase (enzima que quebra a lactose); \n4) ataxia cerebelar ou espinhal (descoordenação dos movimentos por problema do cerebelo ou medula); \n5) uso regular ou intoxicação aguda por álcool ou drogas. \n \nPode ocorrer perda de efeito durante o tratamento com clonazepam. \nNão tome Rivotril® com álcool e/ou depressores do sistema nervoso central. Essa combinação pode aumentar os efeitos \nde Rivotril®, com potencial sedação grave que pode resultar em coma ou morte, depressão cardiovascular e/ou respiratória. \nCaso ocorram reações paradoxais (vide item “Quais os males que este medicamento pode me causar?”) durante o \ntratamento, fale com seu médico, pois o uso do medicamento deve ser descontinuado. \nPode ocorrer amnésia anterógrada (perda da habilidade de criar novas memórias e absorver novas informações), com o uso \nde benzodiazepínicos em doses terapêuticas. \nRivotril® pode precipitar o estado de mal epiléptico (crises epilépticas em sequência rápida). Fale com seu médico \nantes de aumentar a dose ou interromper abruptamente esta medicação. \n \nAbuso e dependência do medicamento  \nO uso de benzodiazepínicos pode lev ar ao desenvolvime nto de dependê ncia física e psic ológica. O risco de \ndependência aumenta com a dose, tratamentos prolongados e em pacientes com história de abuso de álcool ou drogas. \nEm caso de dependência, especialmente com doses elevadas, a descontinuação brusca do tratamento será \nacompanhada por sintomas de abstinência: psicoses, distúrbio de comportamento, tremor, sudorese, agitação, \ndistúrbios do sono e ansiedade, dor de cabeça, diarreia, dores musculares, câimbras, ansi edade extrem a, tensão, \ncansaço, inquietação, alteração de humor, confusão, irritabilidade e convulsões epiléticas que podem ser associadas \nà doença de base. Em casos graves, desrealização (sentimentos de estranhamento ou distanciamento em relação ao \nambiente), despersonalização (processo psíquico, em que se tem a impressão de que se é estranho  a si mesmo), \nhipersensibilidade ao som, à luz, a ruídos e ao contato físico, sensações anormais, formigamentos, alucinações. O \nrisco dos sintomas de abstinência é maior após descontinuação súbita do tratamento, portanto a retirada brusca do \nmedicamento deve ser evitada. O tratamento (mesmo de curta duração) deve ser interrompido pela redução gradativa \nda dose diária.  \n \nEfeitos sobre a capacidade de dirigir e operar  máquinas \nClonazepam pode lentificar as reações, efeito agravado com o uso de álcool. \nDurante o tratamento, o paciente não deve dirigir veículos ou operar máquinas, pois sua habilidade e atenção \npodem estar prejudicadas. \n \nAté o momento, não há informações de que Rivotril® cause doping. Em caso de dúvidas, consulte o seu médico. \n \nGravidez e amamentação \nEste medicamento não deve ser utilizado por mulheres grávidas sem orientação médica ou do cirurgião- \ndentista. \nRivotril® só deve ser administrado a gestantes se houver indicação absoluta e se os benefícios potenciais \nsuperarem os riscos para o feto. Rivotril® pode prejudicar seu bebê. Informe seu médico se estiver grávida ou se \nestá tentando engravidar. O uso de altas  doses no último trimestre da gestação  ou no trabalho de parto pode causar \nirregularidades no batimento cardíaco do feto e baixa temperatura corpórea, falta de tônus muscular, "", ""7 \n \n \nVENDA SOB PRESCRIÇÃO MÉDICA. O ABUSO DESTE MEDICAMENTO PODE CAUSAR \nDEPENDÊNCIA. \n \n \nEsta bula foi aprovada pela ANVISA em 03/03/2022. \n \n \nBula_VP_Rivotril_V.01"", ""Informe seu médico se estiver amamentando. Se você realmente precisar tomar **Rivotril[®]** , a amamentação deve ser descontinuada. \n\n## **Uso em crianças** \n\nAvaliar o risco / benefício do uso de **Rivotril[® ]** a longo prazo em pacientes pediátricos com distúrbios epilépticos. **Rivotril[® ]** pode aumentar a salivação e as secreções brônquicas em lactentes e crianças pequenas. Atenção:  manter as vias aéreas livres. \n\nNão há dados de eficácia / segurança de **Rivotril[® ]** em menores de 18 anos com distúrbio do pânico. \n\n## **Uso em idosos** \n\nOs efeitos dos benzodiazepínicos parecem ser maiores em pacientes idosos do que em pacientes mais jovens, mesmo em concentrações plasmáticas similares. \n\n## **Principais interações medicamentosas** \n\nInforme seu médico se estiver tomando outros medicamentos, incluindo as substâncias a seguir, pois elas podem interagir com **Rivotril[®]** : \n\n– Depressores do sistema nervoso central e álcool; \n\n– Medicamentos que agem no sistema nervoso: antidepressivos, medicamentos para dormir, alguns analgésicos, antipsicóticos, ansiolíticos, anticonvulsivantes; \n\n– Medicamentos para o estômago. \n\n## **Interações fármaco-alimento** \n\nInterações com alimentos não foram estabelecidas. O suco de toranja pode aumentar o efeito de **Rivotril**[®] . \n\n## **Interações fármaco-laboratório** \n\nInterações com testes laboratoriais não foram estabelecidas. \n\n**Informe ao seu médico ou cirurgião-dentista se você está fazendo uso de algum outro medicamento. Não use medicamento sem o conhecimento do seu médico. Pode ser perigoso para a sua   saúde.**"", ""Informe seu médico se estiver amamentando. Se você realmente precisar tomar **Rivotril[®]** , a amamentação deve ser descontinuada. \n\n## **Uso em crianças** \n\nAvaliar o risco / benefício do uso de **Rivotril[® ]** a longo prazo em pacientes pediátricos com distúrbios epilépticos. **Rivotril[® ]** pode aumentar a salivação e as secreções brônquicas em lactentes e crianças pequenas. Atenção:  manter as vias aéreas livres. \n\nNão há dados de eficácia / segurança de **Rivotril[® ]** em menores de 18 anos com distúrbio do pânico. \n\n## **Uso em idosos** \n\nOs efeitos dos benzodiazepínicos parecem ser maiores em pacientes idosos do que em pacientes mais jovens, mesmo em concentrações plasmáticas similares. \n\n## **Principais interações medicamentosas** \n\nInforme seu médico se estiver tomando outros medicamentos, incluindo as substâncias a seguir, pois elas podem interagir com **Rivotril[®]** : \n\n– Depressores do sistema nervoso central e álcool; \n\n– Medicamentos que agem no sistema nervoso: antidepressivos, medicamentos para dormir, alguns analgésicos, antipsicóticos, ansiolíticos, anticonvulsivantes; \n\n– Medicamentos para o estômago. \n\n## **Interações fármaco-alimento** \n\nInterações com alimentos não foram estabelecidas. O suco de toranja pode aumentar o efeito de **Rivotril**[®] . \n\n## **Interações fármaco-laboratório** \n\nInterações com testes laboratoriais não foram estabelecidas. \n\n**Informe ao seu médico ou cirurgião-dentista se você está fazendo uso de algum outro medicamento. Não use medicamento sem o conhecimento do seu médico. Pode ser perigoso para a sua   saúde.**"", ""4 \n\n**==> picture [109 x 35] intentionally omitted <==**\n\n## **Instruções especiais de administração** \n\n**Rivotril[® ]** pode ser usado com outros antiepilépticos. Nesse caso, seu médico ajustará a dose de cada medicamento para atingir o efeito ideal. \n\nNão pare de tomar **Rivotril[® ]** subitamente, você pode ter novas crises epilépticas. Somente seu médico poderá orientar a interrupção do tratamento reduzindo gradualmente a dose utilizada. \n\n**Siga a orientação de seu médico, respeitando sempre os horários, as doses e a duração do tratamento. Não interrompa o tratamento sem o conhecimento do seu médico.** \n\n**"", ""COMO DEVO USAR ESTE MEDICAMENTO?  \nAdministrar por via oral. Ver figura abaixo. Dissolver as gotas em um pouco de líquido não alcoólico. Nunca \nadministre as gotas diretamente na boca. \nA tampa possui lacre inviolável. Caso o lacre esteja rompido, não receba o frasco ou retorne ao local da compra."", ""3 \n \n \ndepressão respiratória e dificuldade de sucção no bebê. Tanto a gestação quanto a suspensão de Rivotril® podem \nexacerbar a epilepsia. \nInforme seu médico se estiver amamentando. Se você realmente precisar tomar Rivotril®, a amamentação deve ser \ndescontinuada. \n \nUso em crianças \nAvaliar o risco / benefício do uso de Rivotril® a longo prazo em pacientes pediátricos com distúrbios epilépticos. \nRivotril® pode aumentar a salivação e as secreções brônquicas em lactentes e crianças pequenas. Atenção:  manter \nas vias aéreas livres. \nNão há dados de eficácia / segurança de Rivotril® em menores de 18 anos com distúrbio do pânico. \nUso em idosos \nOs efeitos dos benzodiazepínicos parecem ser maiores em pacientes idosos do que em pacientes mais jovens, mesmo \nem concentrações plasmáticas similares, \n \nPrincipais interações medicamentosas  \nInforme seu médico, se esti ver tomando outros medica mentos, incluindo as substâncias  a seguir, pois elas podem \ninteragir com Rivotril®. \n- Depressores do sistema nervoso central e álcool;  \n- Medicamentos que agem no sistema nervoso: antidepressivos, medicamentos para dormir, alguns analgésicos, \nantipsicóticos, ansiolíticos, anticonvulsivantes; \n- Medicamentos para o estômago.  \n \nInterações fármaco-alimento \nInterações com alimentos não foram estabelecidas. O suco de toranja pode aumentar o efeito de Rivotril®. \n \nInterações fármaco-laboratório \nInterações com testes laboratoriais não foram estabelecidas. \n \nInforme ao seu médico ou cirurgião-dentista se você está fazendo uso de algum outro medicamento. Não use \nmedicamento sem o conhecimento do seu médico. Pode ser perigoso para a sua saúde. \n \n5. ONDE, COMO E POR QUANTO TEMPO PO SSO GUARDAR ESTE MEDICAMENTO?   \nRivotril® solução oral deve ser armazenado em temperatura ambiente (entre 15 e 30 ºC) e protegido do calor. \n \nNúmero de lote e datas de fabricação e validade: vide embalagem.  \nNão use medicamento com o prazo de validade vencido. Guarde-o em sua embalagem original.  \n \nAspecto físico \nA solução oral de Rivotril® é um líquido límpido a quase límpido, incolor a levemente amarelado ou amarelo \nesverdeado. \n \nCaracterísticas organolépticas \nA solução oral de Rivotril® apresenta aroma de pêssego. \n \nAntes de usar, observe o aspecto do medicamento. Caso ele esteja no prazo de validade e você observe alguma \nmudança no aspecto, consulte o farmacêu tico para saber se poderá utilizá-lo.  \n \nTodo medicamento deve ser mantid o fora do alcance das crianças. \n \n6. "", ""Rivotril® \n(clonazepam) \n \nComprimidos  0,5 mg  e  2 mg \n \n \nBlanver Farmoquímica e Farmacêutica S.A"", ""2. COMO ESTE MEDICAMENTO FUNCIONA?** Clonazepam pertence à classe dos benzodiazepínicos, medicamentos que causam inibição leve do sistema nervoso, com consequente ação anticonvulsivante, sedativa leve, relaxante muscular e tranquilizante. \n\nA ação de **Rivotril[® ]** oral dose única inicia em 30 a 60 minutos e se estende por 6 à 8 h em crianças e 8 a 12 h em adultos. \n\n1 \n\n**==> picture [109 x 35] intentionally omitted <==**\n\n## **"", ""2. COMO ESTE MEDICAMENTO FUNCIONA?** Clonazepam pertence à classe dos benzodiazepínicos, medicamentos que causam inibição leve do sistema nervoso, com consequente ação anticonvulsivante, sedativa leve, relaxante muscular e tranquilizante. \n\nA ação de **Rivotril[® ]** oral dose única inicia em 30 a 60 minutos e se estende por 6 à 8 h em crianças e 8 a 12 h em adultos. \n\n1 \n\n**==> picture [109 x 35] intentionally omitted <==**\n\n## **"", ""3 \n \n \n \nUso em crianças \nAvaliar o risco / benefício do uso de Rivotril® a longo prazo em pacientes pediátricos com distúrbios epilépticos. \nRivotril®  pode aumentar a salivação e as secreções brônquicas em lactentes e crianças pequenas. Atenção:  manter \nas vias aéreas livres. Não há dados sobre eficácia / segurança de Rivotril® em menores de 18 anos com distúrbio do \npânico. \nUso em idosos \nOs efeitos dos benzodiazepínicos parecem ser maiores em pacientes idosos do que em pacientes mais jovens, mesmo \nem concentrações plasmáticas similares. \n \nPrincipais interações medicamentosas  \nInforme seu médico, se esti ver tomando outros medica mentos, incluindo as substâncias  a seguir, pois elas podem \ninteragir com Rivotril®. \n– Depressores do sistema nervoso central e álcool;  \n– Medicamentos que agem no sistema nervoso: antidepressivos, medicamentos para dormir, alguns analgésicos, \nantipsicóticos, ansiolíticos, anticonvulsivantes. \n– Medicamentos para o estômago.  \n \nInterações fármaco-alimento \nInterações com alimentos não foram estabelecidas. O suco de toranja pode aumentar o efeito de  Rivotril®. \n \nInterações fármaco-laboratório \nInterações com testes laboratoriais não foram estabelecidas. \n \nInforme ao seu médico ou cirurgião-dentista se você está fazendo uso de algum outro medicamento.  \nNão use medicamento sem o conhecimento do seu médico. Pode ser perigoso para a sua  saúde.  \n \n5. ONDE, COMO E POR QUANTO TEMPO POSSO GUARDAR ESTE   MEDICAMENTO?  \nRivotril® comprimidos sublinguais de 0,25 mg devem ser armazenados em temperatura ambiente (entre 15 e 30ºC). \n \nNúmero de lote e datas de fabricação e validade: vide embalagem.  \nNão use medicamento com o prazo de validade vencido. Guarde-o em sua embalagem original.  \n \nAspecto físico \nOs comprimidos sublinguais de 0,25 mg de Rivotril® apresentam formato cilíndrico de cor branca. \n \nCaracterísticas organolépticas \nRivotril® comprimidos sublinguais não apresentam características marcantes que o diferenciem de outros \ncomprimidos. \n \nAntes de usar, observe o aspecto do medicamento. Caso ele esteja no prazo de validade e você observe alguma \nmudança no aspecto, consulte o farmacêu tico para saber se poderá utilizá-lo.  \n \nTodo medicamento deve ser mantid o fora do alcance das crianças. \n \n6. "", ""## **Efeitos sobre a capacidade de dirigir e operar  máquinas** \n\nClonazepam pode lentificar as reações, efeito agravado com o uso de álcool. \n\n**Durante o tratamento, o paciente não deve dirigir veículos ou operar máquinas, pois sua habilidade e atenção podem estar prejudicadas.** \n\nAté o momento, não há informações de que **Rivotril[®  ]** cause _doping_ . Em caso de dúvidas, consulte o seu  médico. \n\n## **Gravidez e amamentação** \n\n2 \n\n**==> picture [109 x 35] intentionally omitted <==**\n\n## **Este medicamento não deve ser utilizado por mulheres grávidas sem orientação médica ou do cirurgiãodentista.** \n\n**Rivotril[® ]** só deve ser administrado a gestantes se houver indicação absoluta e se os benefícios  potenciais \n\nsuperarem os riscos para o feto. **Rivotril[® ]** pode prejudicar seu bebê. Informe seu médico se estiver grávida ou se está tentando engravidar. O uso de altas doses no último trimestre da gestação ou no trabalho de parto pode  causar irregularidades no batimento cardíaco do feto e baixa temperatura corpórea, falta de tônus muscular, depressão respiratória e dificuldade de sucção no bebê. Tanto a gestação quanto a suspensão de **Rivotril**[® ] podem exacerbar a epilepsia. \n\nInforme seu médico se estiver amamentando. Se você realmente precisar tomar **Rivotril[®]** , a amamentação deve ser descontinuada. \n\n## **Uso em crianças**"", ""## **Efeitos sobre a capacidade de dirigir e operar  máquinas** \n\nClonazepam pode lentificar as reações, efeito agravado com o uso de álcool. \n\n**Durante o tratamento, o paciente não deve dirigir veículos ou operar máquinas, pois sua habilidade e atenção podem estar prejudicadas.** \n\nAté o momento, não há informações de que **Rivotril[®  ]** cause _doping_ . Em caso de dúvidas, consulte o seu  médico. \n\n## **Gravidez e amamentação** \n\n2 \n\n**==> picture [109 x 35] intentionally omitted <==**\n\n## **Este medicamento não deve ser utilizado por mulheres grávidas sem orientação médica ou do cirurgiãodentista.** \n\n**Rivotril[® ]** só deve ser administrado a gestantes se houver indicação absoluta e se os benefícios  potenciais \n\nsuperarem os riscos para o feto. **Rivotril[® ]** pode prejudicar seu bebê. Informe seu médico se estiver grávida ou se está tentando engravidar. O uso de altas doses no último trimestre da gestação ou no trabalho de parto pode  causar irregularidades no batimento cardíaco do feto e baixa temperatura corpórea, falta de tônus muscular, depressão respiratória e dificuldade de sucção no bebê. Tanto a gestação quanto a suspensão de **Rivotril**[® ] podem exacerbar a epilepsia. \n\nInforme seu médico se estiver amamentando. Se você realmente precisar tomar **Rivotril[®]** , a amamentação deve ser descontinuada. \n\n## **Uso em crianças**"", ""8 \n \n \n \n \n \n \n \n \n \n \n \n \n \n \n \nRivotril® \n(clonazepam) \n \nComprimidos sublinguais 0,25 mg \n \n \nBlanver Farmoquímica e Farmacêutica S.A""]",0.022,4.349
naive_rag,ollama:medgemma:4b,RIVOTRIL,Como o Rivotril age no organismo?,facil,"O clonazepam pertence à classe dos benzodiazepínicos, medicamentos que causam inibição leve do sistema nervoso, com ação anticonvulsivante, sedativa leve, relaxante muscular e tranquilizante.",COMO ESTE MEDICAMENTO FUNCIONA?,"De acordo com a bula do medicamento RIVOTRIL, consta a seguinte informação: ""Clonazepam pertence à classe dos benzodiazepínicos, medicamentos que causam inibição leve do sistema nervoso, com consequente ação anticonvulsivante, sedativa leve, relaxante muscular e tranquilizante. A ação de Rivotril® oral dose única inicia em 30 a 60 minutos e se estende por 6 à 8 h em crianças e 8 a 12 h em adultos.""

---
*Esta resposta se baseia apenas nos trechos da bula recuperados e não substitui orientação médica ou farmacêutica.*","De acordo com a bula do medicamento RIVOTRIL, consta a seguinte informação: ""Clonazepam pertence à classe dos benzodiazepínicos, medicamentos que causam inibição leve do sistema nervoso, com consequente ação anticonvulsivante, sedativa leve, relaxante muscular e tranquilizante. A ação de Rivotril® oral dose única inicia em 30 a 60 minutos e se estende por 6 à 8 h em crianças e 8 a 12 h em adultos.""",TODAS (Naive),,"[""7 \n \n \nVENDA SOB PRESCRIÇÃO MÉDICA. O ABUSO DESTE MEDICAMENTO PODE CAUSAR \nDEPENDÊNCIA. \n \n \nEsta bula foi aprovada pela ANVISA em 03/03/2022. \n \n \nBula_VP_Rivotril_V.01"", ""COMO DEVO USAR ESTE MEDICAMENTO?  \nAdministrar por via oral. Ver figura abaixo. Dissolver as gotas em um pouco de líquido não alcoólico. Nunca \nadministre as gotas diretamente na boca. \nA tampa possui lacre inviolável. Caso o lacre esteja rompido, não receba o frasco ou retorne ao local da compra."", ""6 \n \n \nDistúrbios do sistema reprodutivo : cólicas menstruais, diminuição de interesse sexual, impotência (raro). \n \nDistúrbios gerais: fadiga, frequente e geralmente transitória. Reações paradoxais: vide “Distúrbios psiquiátricos”. \n \nLesões e envenenamento: quedas e fraturas. Risco maior em pessoas que usam outros sedativos (incluindo bebidas \nalcoólicas) e em idosos. \n \nExames complementares : diminuição do número de plaquetas (raro). Diminuição dos glóbulos brancos e anemia, \nalterações dos exames da função do fígado. \n \nDistúrbios do ouvido: otite, vertigem. \n \nDiversas: desidratação, deterioração geral, febre, aumento dos gânglios linfáticos, ganho ou perda de peso, infecção \nviral. \n \nInforme ao seu médico, cirurgião-dentista ou farmacêutico o aparecimento de reações indesejáveis pelo uso do \nmedicamento. Informe também à empresa através do seu serviço de atendimento.  \n \n9. O QUE FAZER SE ALGUÉM USAR UMA QUAN TIDADE MAIOR DO QUE A INDICADA DESTE \nMEDICAMENTO? \nSintomas \nOs benzodiazepínicos geralmente causam sonolência, ataxia (perda da coordenação dos movimentos), disartria, \nnistagmo, confusão mental, excitação e lentidão de movimento. A superdose de Rivotril® está raramente associada \ncom risco de morte, caso o medicamento tenha sido tomado isoladamente, mas pode levar à arreflexia (ausência de \nreflexos), apneia, hipotensão arterial, depressão cardiorrespiratória e coma. Se ocorrer coma, normalmente tem \nduração de poucas horas; porém, pode ser prolongado e cíclico, particularmente em idosos. A depressão respiratória \npor benzodiazepínicos é mais séria em pacientes com doença respiratória. \nOs benzodiazepínicos aumentam os efeitos de outros depressores do sistema nervoso central, incluindo o álcool. \nConduta \nMonitorar os sinais vitais e instituir medidas de suporte a critério médico. \nAdvertência \nFlumazenil não é indicado a pacientes com epilepsia que foram tratados com benzodiazepínicos. \n \nEm caso de uso de grande quantid ade deste medicamento, procure rapi damente socorro médico e leve a \nembalagem ou bula do medicamento, se possível. Ligue para 0800 722 6001, se você precisar de mais \norientações. \n \nMS-1.1524.0011 \n \nFarmacêutico Responsável: Dr. Adriano Costa Leite – CRF-SP n° 38.716 \n \nRegistrado por: \nBlanver Farmoquímica e Farmacêutica S.A. \nRua Francisco Tramontano, 101 -Sala 507 \nReal Parque – CEP 05686-010 – São Paulo – SP \nCNPJ 53.359.824/0001-19 \n \nFabricado e Embalado por: \nProdutos Roche Químicos e Farmacêuticos S.A. \nEst. dos Bandeirantes, 2020 \nCEP 22775-109 – Rio de Janeiro – RJ \n \nComercializado por: \nBiopas Brasil Produtos Farmacêuticos Ltda \nEstrada da Lagoinha, 501 - Bloco 3 - Lagoa \nCEP: 06730-000 - Vargem Grande Paulista – SP \n \nIndústria Brasileira \n \nServiço Atendimento ao Consumidor – 0800 591 9210  \n \n "", ""5 \n\n**==> picture [109 x 35] intentionally omitted <==**\n\n**Distúrbios da pele / tecido subcutâneo** : urticária (placas avermelhadas na pele que coçam bastante), coceira, erupção cutânea, perda de cabelo transitória, crescimento anormal de pelos, inchaço na face e tornozelo, alterações da pigmentação (raro). \n\n**Distúrbios musculoesqueléticos / tecido conectivo** : fraqueza muscular, frequente e geralmente transitória. Dor muscular, dor nas costas, fratura traumática, dor na nuca, deslocamentos e tensões. \n\n**Distúrbios renais / urinários** : dificuldade para urinar, perda urinária durante o sono, noctúria (levantar para urinar à noite), retenção urinária, infecção do trato urinário. Incontinência (raro). \n\n**Distúrbios do sistema reprodutivo** : cólicas menstruais, diminuição de interesse sexual. Impotência (raro). \n\n**Distúrbios gerais** : fadiga frequente e geralmente transitória. Reações paradoxais: vide item “Distúrbios psiquiátricos”. \n\n**Lesões e envenenamento** : quedas e fraturas. Risco maior em pessoas que usam outros sedativos incluindo bebidas alcoólicas e em idosos. \n\n**Exames complementares** : diminuição do número de plaquetas (raro). Diminuição dos glóbulos brancos e anemia, alterações dos exames da função do fígado. \n\n## **Distúrbios do ouvido** : otite, vertigem. \n\n**Diversas** : desidratação, deterioração geral, febre, aumento dos gânglios linfáticos, ganho ou perda de peso, infecção viral."", ""5 \n\n**==> picture [109 x 35] intentionally omitted <==**\n\n**Distúrbios da pele / tecido subcutâneo** : urticária (placas avermelhadas na pele que coçam bastante), coceira, erupção cutânea, perda de cabelo transitória, crescimento anormal de pelos, inchaço na face e tornozelo, alterações da pigmentação (raro). \n\n**Distúrbios musculoesqueléticos / tecido conectivo** : fraqueza muscular, frequente e geralmente transitória. Dor muscular, dor nas costas, fratura traumática, dor na nuca, deslocamentos e tensões. \n\n**Distúrbios renais / urinários** : dificuldade para urinar, perda urinária durante o sono, noctúria (levantar para urinar à noite), retenção urinária, infecção do trato urinário. Incontinência (raro). \n\n**Distúrbios do sistema reprodutivo** : cólicas menstruais, diminuição de interesse sexual. Impotência (raro). \n\n**Distúrbios gerais** : fadiga frequente e geralmente transitória. Reações paradoxais: vide item “Distúrbios psiquiátricos”. \n\n**Lesões e envenenamento** : quedas e fraturas. Risco maior em pessoas que usam outros sedativos incluindo bebidas alcoólicas e em idosos. \n\n**Exames complementares** : diminuição do número de plaquetas (raro). Diminuição dos glóbulos brancos e anemia, alterações dos exames da função do fígado. \n\n## **Distúrbios do ouvido** : otite, vertigem. \n\n**Diversas** : desidratação, deterioração geral, febre, aumento dos gânglios linfáticos, ganho ou perda de peso, infecção viral."", ""## **Pós-comercialização:** \n\n**Distúrbios do sistema imunológico** : reações alérgicas e muito poucos casos de anafilaxia (reação alérgica grave). \n\n**Distúrbios endócrinos** : casos isolados, reversíveis, de puberdade precoce incompleta em crianças. \n\n**Distúrbios psiquiátricos** : amnésia, alucinações, histeria, psicose, tentativa de suicídio, despersonalização, distúrbio de memória, desinibição orgânica, ideias suicidas, lamentações, distúrbios emocionais e de humor, estado confusional e desorientação. Depressão pode estar associada à doença de base. Reações paradoxais: inquietação, agitação, irritabilidade, agressividade, nervosismo, hostilidade, ansiedade, distúrbios do sono, delírio, raiva, pesadelos, sonhos anormais, alucinações, psicose, hiperatividade, comportamento inapropriado e outros efeitos comportamentais. Alterações da libido (casos raros). Dependência e retirada, vide item “Abuso e dependência do medicamento”."", ""6 \n \n \n \nDistúrbios da pele / tecido subcutâneo: urticária (placas avermelhadas na pele que coçam bastante), coceira, erupção \ncutânea, perda de cabelo transitória, crescimento anormal de pelos, inchaço na face e tornozelo, alterações da \npigmentação (raro). \n \nDistúrbios musculoesqueléticos / tecido conectivo : fraqueza muscular frequente e geralmente transitória. Dor \nmuscular, dor nas costas, fratura traumática, dor na nuca, deslocamentos e tensões. \n \nDistúrbios renais / urinários: dificuldade para urinar, perda urinária durante o sono, noctúria (levantar à noite para \nurinar), retenção urinária, infecção do trato urinário. Incontinência (raro). \n \nDistúrbios do sistema reprodutivo : cólicas menstruais, diminuição de interesse sexual, impotência  (raro). \n \nDistúrbios gerais: fadiga frequente e geralmente transitória. Reações paradoxais: vide “Distúrbios psiquiátricos”. \n \nLesões e envenenamento: quedas e fraturas. Risco maior em pessoas que usam outros sedativos, incluindo bebidas \nalcoólicas e em idosos. \n \nExames complementares : diminuição do número de plaquetas (raro). Diminuição dos glóbulos brancos e anemia, \nalterações dos exames da função do fígado. \n \nDistúrbios do ouvido: otite, vertigem. \n \nDiversas: desidratação, deterioração geral, febre, aumento dos gânglios linfáticos, ganho ou perda de peso, infecção \nviral. \n \nInforme ao seu médico, cirurgião-dentista ou farmacêutico o aparecimento de reações indesejáveis pelo uso do \nmedicamento. Informe também à empresa através do seu serviço de  atendimento.  \n \n9. O QUE FAZER SE ALGUÉM USAR UMA QUANTIDADE MAIOR DO QUE A INDICADADESTE \nMEDICAMENTO? \nSintomas \nOs benzodiazepínicos geralmente causam sonolência, ataxia (perda da coordenação dos movimentos), disartria, \nnistagmo, confusão mental, excitação e lentidão de movimento. A superdose de Rivotril® está raramente associada \ncom risco de morte, caso o medicamento tenha sido tomado isoladamente, mas pode levar à arreflexia (ausência de \nreflexos), apneia, hipotensão arterial, depressão cardiorrespiratória e coma. Se ocorrer coma, normalmente tem \nduração de poucas horas; porém, pode ser prolongado e cíclico, particularmente em idosos. A depressão respiratória \npor benzodiazepínicos é mais séria em pacientes com doença  respiratória. \nOs benzodiazepínicos aumentam os efeitos de outros depressores do sistema nervoso central, incluindo o álcool. \nConduta \nMonitorar sinais vitais e instituir medidas de suporte a critério médico. \nAdvertência \nFlumazenil não é indicado a pacientes com epilepsia que foram tratados com benzodiazepínicos. \n \nEm caso de uso de grande quantid ade deste medicamento, procure rapi damente socorro médico e leve a \nembalagem ou bula do medicamento, se possível. Ligue para 0800 722 6001, se você precisar de mais \norientações. \n \nMS-1.1524.0011 \nFarmacêutico Responsável: Dr. Adriano Costa Leite – CRF-SP n° 38.716 \n \nRegistrado por: \nBlanver Farmoquímica e Farmacêutica S.A. \nRua Francisco Tramontano, 101 -Sala 507 \nReal Parque – CEP 05686-010 – São Paulo – SP \nCNPJ 53.359.824/0001-19 \n \nFabricado e Embalado por: \nProdutos Roche Químicos e Farmacêuticos S.A. \nEst. dos Bandeirantes, 2020 \nCEP 22775-109 – Rio de Janeiro – RJ "", ""6 \n \n \n \nDistúrbios da pele / tecido subcutâneo: urticária (placas avermelhadas na pele que coçam bastante), coceira, erupção \ncutânea, perda de cabelo transitória, crescimento anormal de pelos, inchaço na face e tornozelo, alterações da \npigmentação (raro). \n \nDistúrbios musculoesqueléticos / tecido conectivo : fraqueza muscular, frequente e geralmente transitória. Dor \nmuscular, dor nas costas, fratura traumática, dor na nuca, deslocamentos e tensões. \n \nDistúrbios renais / urinários : dificuldade para urinar, perda urinária durante o sono, noctúria (levantar para urinar \nà noite), retenção urinária, infecção do trato urinário. Incontinência (raro). \n \nDistúrbios do sistema reprodutivo : cólicas menstruais, diminuição de interesse sexual. Impotência (raro). \n \nDistúrbios gerais : fadiga frequente e geralmente transitória. Reações paradoxais: vide item “Distúrbios \npsiquiátricos”. \n \nLesões e envenenamento : quedas e fraturas. Risco maior em pessoas que usam outros sedativos incluindo bebidas \nalcoólicas e em idosos. \n \nExames complementares : diminuição do número de plaquetas (raro). Diminuição dos glóbulos brancos e anemia, \nalterações dos exames da função do fígado. \n \nDistúrbios do ouvido: otite, vertigem. \n \nDiversas: desidratação, deterioração geral, febre, aumento dos gânglios linfáticos, ganho ou perda de peso, infecção \nviral. \n \nInforme ao seu médico, cirurgião-dentista ou farmacêutico o aparecimento de reações indesejáveis pelo uso do \nmedicamento. Informe também à empresa através do seu serviço de atendimento.  \n \n9. O QUE FAZER SE ALGUÉM USAR UMA QUANTIDADE MAIOR DO QUE A INDICADA DESTE \nMEDICAMENTO? \nSintomas \nOs benzodiazepínicos geralmente causam sonolência, ataxia (perda da coordenação dos movimentos), disartria, \nnistagmo, confusão mental, excitação e lentidão de movimento. A superdose de Rivotril® está raramente associada \ncom risco de morte, caso o medicamento tenha sido tomado isoladamente, mas pode levar à arreflexia (ausência de \nreflexos), apneia, hipotensão arterial, depressão cardiorrespiratória e coma. Se ocorrer coma, normalmente tem \nduração de poucas horas; porém, pode ser prolongado e cíclico, particularmente em idosos. A depressão respiratória \npor benzodiazepínicos é mais séria em pacientes com doença respiratória. \nOs benzodiazepínicos aumentam os efeitos de outros depressores do sistema nervoso central, incluindo o álcool. \nConduta \nMonitorar sinais vitais e instituir medidas de suporte a critério médico. \nAdvertência \nFlumazenil não é indicado a pacientes com epilepsia que foram tratados com benzodiazepínicos. \n \nEm caso de uso de grande quantid ade deste medicamento, procure rapidamente socorro médico e leve a \nembalagem ou bula do medicamento, se possível. Ligue para 0800 722 6001, se você precisar de mais \norientações. \n \nMS-1.1524.0011 \nFarmacêutico Responsável: Dr. Adriano Costa Leite – CRF-SP n° 38.716 \n \nRegistrado por: \nBlanver Farmoquímica e Farmacêutica S.A. \nRua Francisco Tramontano, 101 -Sala 507 \nReal Parque – CEP 05686-010 – São Paulo – SP \nCNPJ 53.359.824/0001-19 \n \nFabricado e Embalado por: \nProdutos Roche Químicos e Farmacêuticos S.A. \nEst. dos Bandeirantes, 2020 "", ""7 \n \n \nCEP 22775-109 – Rio de Janeiro – RJ \n \nComercializado por: \nBiopas Brasil Produtos Farmacêuticos Ltda \nEstrada da Lagoinha, 501 - Bloco 3 - Lagoa \nCEP: 06730-000 - Vargem Grande Paulista – SP \n \nIndústria Brasileira \n \nServiço Atendimento ao Consumidor – 0800 591 9210  \n \n \nVENDA SOB PRESCRIÇÃO MÉDICA. O ABUS O DESTE MEDICAMENTO PODE CAUSAR \nDEPENDÊNCIA. \n \n \nEsta bula foi aprovada pela ANVISA em 03/03/2022. \n \n \nBula_VP_Rivotril_V.01"", ""7 \n \n \n \nComercializado por: \nBiopas Brasil Produtos Farmacêuticos Ltda \nEstrada da Lagoinha, 501 - Bloco 3 - Lagoa \nCEP: 06730-000 - Vargem Grande Paulista – SP \n \nIndústria Brasileira \n \nServiço Atendimento ao Consumidor – 0800 591 9210  \n \n \nVENDA SOB PRESCRIÇÃO MÉDICA. O ABUSO DESTE MEDICAMENTO PODE CAUSAR \nDEPENDÊNCIA. \n \n \nEsta bula foi aprovada pela ANVISA em 03/03/2022. \n \n \nBula_VP_Rivotril_V.01"", ""COMO DEVO USAR ESTE MEDICAMENTO?  \nColocar o comprimido subli ngual debaixo da língua para ser dissolvido na saliva e absorvido por pelo menos, 3 \nminutos, sem ser deglutido. \nEste medicamento não deve ser partido ou  mastigado.  \n \nA dose de Rivotril® depende da doença resposta clínica, idade e tolerabilidade. \nRecomenda-se, que o tratament o inicie com doses mais baixas, que podem ser aumentadas se necessário. Siga a \norientação médica."", ""7. O QUE DEVO FAZER QUANDO EU ME ESQUECER DE USAR ESTE MEDICAMENTO?** Nunca dobre a dose na próxima tomada. Apenas continue com a próxima dose no tempo determinado. **Em caso de dúvidas, procure orientação do farmacêutico, de seu médico ou   cirurgião-dentista.** \n\n**"", ""2. COMO ESTE MEDICAMENTO FUNCIONA?** Clonazepam pertence à classe dos benzodiazepínicos, medicamentos que causam inibição leve do sistema nervoso, com consequente ação anticonvulsivante, sedativa leve, relaxante muscular e tranquilizante. \n\nA ação de **Rivotril[® ]** oral dose única inicia em 30 a 60 minutos e se estende por 6 à 8 h em crianças e 8 a 12 h em adultos. \n\n1 \n\n**==> picture [109 x 35] intentionally omitted <==**\n\n## **"", ""2. COMO ESTE MEDICAMENTO FUNCIONA?** Clonazepam pertence à classe dos benzodiazepínicos, medicamentos que causam inibição leve do sistema nervoso, com consequente ação anticonvulsivante, sedativa leve, relaxante muscular e tranquilizante. \n\nA ação de **Rivotril[® ]** oral dose única inicia em 30 a 60 minutos e se estende por 6 à 8 h em crianças e 8 a 12 h em adultos. \n\n1 \n\n**==> picture [109 x 35] intentionally omitted <==**\n\n## **"", ""4) ataxia cerebelar ou espinhal (descoordenação dos movimentos por problema do cerebelo ou medula); \n\n> 5) uso regular ou intoxicação aguda por álcool ou drogas. \n\nPode ocorrer perda de efeito durante o tratamento com clonazepam. \n\nNão tome **Rivotril[® ]** com álcool e/ou depressores do sistema nervoso central, essa combinação pode aumentar os efeitos de **Rivotril[®]** , com potencial sedação grave que pode resultar em coma ou morte, depressão cardiovascular e/ou respiratória. Caso ocorram reações paradoxais ** durante o tratamento, fale com seu médico, pois o uso do medicamento deve ser descontinuado. Pode ocorrer amnésia anterógrada (perda da habilidade de criar novas memórias e absorver novas informações), com o uso de benzodiazepínicos em doses terapêuticas. \n\n**Rivotril[® ]** pode precipitar o estado de mal epiléptico (crises epilépticas em sequência rápida). Fale com seu médico antes de aumentar a dose ou interromper abruptamente esta medicação. \n\n## **Abuso e dependência do medicamento**""]",0.026,5.849
naive_rag,ollama:medgemma:4b,RIVOTRIL,Quem não deve usar o Rivotril?,facil,"Rivotril é contraindicado para pacientes com hipersensibilidade conhecida ao clonazepam ou a qualquer excipiente, insuficiência respiratória grave, comprometimento grave do fígado ou glaucoma agudo de ângulo fechado. Rivotril comprimidos e gotas também são contraindicados para tratamento de transtornos do pânico em pacientes com histórico de apneia do sono.",QUANDO NÃO DEVO USAR ESTE MEDICAMENTO?,"De acordo com a bula do medicamento RIVOTRIL, consta a seguinte informação: ""Rivotril® é contraindicado a pacientes com glaucoma agudo de ângulo fechado. Rivotril® pode ser usado por pacientes com glaucoma de ângulo aberto, desde que estejam recebendo terapia apropriada.""

---
*Esta resposta se baseia apenas nos trechos da bula recuperados e não substitui orientação médica ou farmacêutica.*","De acordo com a bula do medicamento RIVOTRIL, consta a seguinte informação: ""Rivotril® é contraindicado a pacientes com glaucoma agudo de ângulo fechado. Rivotril® pode ser usado por pacientes com glaucoma de ângulo aberto, desde que estejam recebendo terapia apropriada.""",TODAS (Naive),,"[""COMO DEVO USAR ESTE MEDICAMENTO?  \nAdministrar por via oral. Ver figura abaixo. Dissolver as gotas em um pouco de líquido não alcoólico. Nunca \nadministre as gotas diretamente na boca. \nA tampa possui lacre inviolável. Caso o lacre esteja rompido, não receba o frasco ou retorne ao local da compra."", ""COMO DEVO USAR ESTE MEDICAMENTO?  \nColocar o comprimido subli ngual debaixo da língua para ser dissolvido na saliva e absorvido por pelo menos, 3 \nminutos, sem ser deglutido. \nEste medicamento não deve ser partido ou  mastigado.  \n \nA dose de Rivotril® depende da doença resposta clínica, idade e tolerabilidade. \nRecomenda-se, que o tratament o inicie com doses mais baixas, que podem ser aumentadas se necessário. Siga a \norientação médica."", ""2 \n \n \nRivotril® comprimidos e Rivotril® gotas são contraindicados para o tratamento de transtornos do pânico em \npacientes com histórico médico de apneia do sono. \nRivotril® é contraindicado a pacientes com glaucoma agudo de ângulo fechado. Rivotril® pode ser usado por \npacientes com glaucoma de ângulo aberto, desde que estejam recebendo terapia apropriada. \n \n4. O QUE DEVO SABER ANTES DE USAR ESTE   MEDICAMENTO?  \nAntes de tomar Rivotril®, informe seu médico se você tem ou teve: \n1) outros problemas de saúde: doenças nos rins ou fígado (por exemplo: cirrose hepática), distúrbio neuromuscular \nou respiratório, porfiria (doença em que ocorre deficiência de enzimas específicas na via da biossíntese do heme). \n2) sinais ou sintomas de depressão e/ou tentativa de suicídio; \n3) intolerância à galactose (açúcar) ou deficiência de lactase (enzima que quebra a lactose); \n4) ataxia cerebelar ou espinhal (descoordenação dos movimentos por problema do cerebelo ou medula); \n5) uso regular ou intoxicação aguda por álcool ou drogas. \n \nPode ocorrer perda de efeito durante o tratamento com clonazepam. \nNão tome Rivotril® com álcool e/ou depressores do sistema nervoso central. Essa combinação pode aumentar os efeitos \nde Rivotril®, com potencial sedação grave que pode resultar em coma ou morte, depressão cardiovascular e/ou respiratória. \nCaso ocorram reações paradoxais (vide item “Quais os males que este medicamento pode me causar?”) durante o \ntratamento, fale com seu médico, pois o uso do medicamento deve ser descontinuado. \nPode ocorrer amnésia anterógrada (perda da habilidade de criar novas memórias e absorver novas informações), com o uso \nde benzodiazepínicos em doses terapêuticas. \nRivotril® pode precipitar o estado de mal epiléptico (crises epilépticas em sequência rápida). Fale com seu médico \nantes de aumentar a dose ou interromper abruptamente esta medicação. \n \nAbuso e dependência do medicamento  \nO uso de benzodiazepínicos pode lev ar ao desenvolvime nto de dependê ncia física e psic ológica. O risco de \ndependência aumenta com a dose, tratamentos prolongados e em pacientes com história de abuso de álcool ou drogas. \nEm caso de dependência, especialmente com doses elevadas, a descontinuação brusca do tratamento será \nacompanhada por sintomas de abstinência: psicoses, distúrbio de comportamento, tremor, sudorese, agitação, \ndistúrbios do sono e ansiedade, dor de cabeça, diarreia, dores musculares, câimbras, ansi edade extrem a, tensão, \ncansaço, inquietação, alteração de humor, confusão, irritabilidade e convulsões epiléticas que podem ser associadas \nà doença de base. Em casos graves, desrealização (sentimentos de estranhamento ou distanciamento em relação ao \nambiente), despersonalização (processo psíquico, em que se tem a impressão de que se é estranho  a si mesmo), \nhipersensibilidade ao som, à luz, a ruídos e ao contato físico, sensações anormais, formigamentos, alucinações. O \nrisco dos sintomas de abstinência é maior após descontinuação súbita do tratamento, portanto a retirada brusca do \nmedicamento deve ser evitada. O tratamento (mesmo de curta duração) deve ser interrompido pela redução gradativa \nda dose diária.  \n \nEfeitos sobre a capacidade de dirigir e operar  máquinas \nClonazepam pode lentificar as reações, efeito agravado com o uso de álcool. \nDurante o tratamento, o paciente não deve dirigir veículos ou operar máquinas, pois sua habilidade e atenção \npodem estar prejudicadas. \n \nAté o momento, não há informações de que Rivotril® cause doping. Em caso de dúvidas, consulte o seu médico. \n \nGravidez e amamentação \nEste medicamento não deve ser utilizado por mulheres grávidas sem orientação médica ou do cirurgião- \ndentista. \nRivotril® só deve ser administrado a gestantes se houver indicação absoluta e se os benefícios potenciais \nsuperarem os riscos para o feto. Rivotril® pode prejudicar seu bebê. Informe seu médico se estiver grávida ou se \nestá tentando engravidar. O uso de altas  doses no último trimestre da gestação  ou no trabalho de parto pode causar \nirregularidades no batimento cardíaco do feto e baixa temperatura corpórea, falta de tônus muscular, "", ""Informe seu médico se estiver amamentando. Se você realmente precisar tomar **Rivotril[®]** , a amamentação deve ser descontinuada. \n\n## **Uso em crianças** \n\nAvaliar o risco / benefício do uso de **Rivotril[® ]** a longo prazo em pacientes pediátricos com distúrbios epilépticos. **Rivotril[® ]** pode aumentar a salivação e as secreções brônquicas em lactentes e crianças pequenas. Atenção:  manter as vias aéreas livres. \n\nNão há dados de eficácia / segurança de **Rivotril[® ]** em menores de 18 anos com distúrbio do pânico. \n\n## **Uso em idosos** \n\nOs efeitos dos benzodiazepínicos parecem ser maiores em pacientes idosos do que em pacientes mais jovens, mesmo em concentrações plasmáticas similares. \n\n## **Principais interações medicamentosas** \n\nInforme seu médico se estiver tomando outros medicamentos, incluindo as substâncias a seguir, pois elas podem interagir com **Rivotril[®]** : \n\n– Depressores do sistema nervoso central e álcool; \n\n– Medicamentos que agem no sistema nervoso: antidepressivos, medicamentos para dormir, alguns analgésicos, antipsicóticos, ansiolíticos, anticonvulsivantes; \n\n– Medicamentos para o estômago. \n\n## **Interações fármaco-alimento** \n\nInterações com alimentos não foram estabelecidas. O suco de toranja pode aumentar o efeito de **Rivotril**[®] . \n\n## **Interações fármaco-laboratório** \n\nInterações com testes laboratoriais não foram estabelecidas. \n\n**Informe ao seu médico ou cirurgião-dentista se você está fazendo uso de algum outro medicamento. Não use medicamento sem o conhecimento do seu médico. Pode ser perigoso para a sua   saúde.**"", ""Informe seu médico se estiver amamentando. Se você realmente precisar tomar **Rivotril[®]** , a amamentação deve ser descontinuada. \n\n## **Uso em crianças** \n\nAvaliar o risco / benefício do uso de **Rivotril[® ]** a longo prazo em pacientes pediátricos com distúrbios epilépticos. **Rivotril[® ]** pode aumentar a salivação e as secreções brônquicas em lactentes e crianças pequenas. Atenção:  manter as vias aéreas livres. \n\nNão há dados de eficácia / segurança de **Rivotril[® ]** em menores de 18 anos com distúrbio do pânico. \n\n## **Uso em idosos** \n\nOs efeitos dos benzodiazepínicos parecem ser maiores em pacientes idosos do que em pacientes mais jovens, mesmo em concentrações plasmáticas similares. \n\n## **Principais interações medicamentosas** \n\nInforme seu médico se estiver tomando outros medicamentos, incluindo as substâncias a seguir, pois elas podem interagir com **Rivotril[®]** : \n\n– Depressores do sistema nervoso central e álcool; \n\n– Medicamentos que agem no sistema nervoso: antidepressivos, medicamentos para dormir, alguns analgésicos, antipsicóticos, ansiolíticos, anticonvulsivantes; \n\n– Medicamentos para o estômago. \n\n## **Interações fármaco-alimento** \n\nInterações com alimentos não foram estabelecidas. O suco de toranja pode aumentar o efeito de **Rivotril**[®] . \n\n## **Interações fármaco-laboratório** \n\nInterações com testes laboratoriais não foram estabelecidas. \n\n**Informe ao seu médico ou cirurgião-dentista se você está fazendo uso de algum outro medicamento. Não use medicamento sem o conhecimento do seu médico. Pode ser perigoso para a sua   saúde.**"", ""7 \n \n \nVENDA SOB PRESCRIÇÃO MÉDICA. O ABUSO DESTE MEDICAMENTO PODE CAUSAR \nDEPENDÊNCIA. \n \n \nEsta bula foi aprovada pela ANVISA em 03/03/2022. \n \n \nBula_VP_Rivotril_V.01"", ""4) ataxia cerebelar ou espinhal (descoordenação dos movimentos por problema do cerebelo ou medula); \n\n> 5) uso regular ou intoxicação aguda por álcool ou drogas. \n\nPode ocorrer perda de efeito durante o tratamento com clonazepam. \n\nNão tome **Rivotril[® ]** com álcool e/ou depressores do sistema nervoso central, essa combinação pode aumentar os efeitos de **Rivotril[®]** , com potencial sedação grave que pode resultar em coma ou morte, depressão cardiovascular e/ou respiratória. Caso ocorram reações paradoxais ** durante o tratamento, fale com seu médico, pois o uso do medicamento deve ser descontinuado. Pode ocorrer amnésia anterógrada (perda da habilidade de criar novas memórias e absorver novas informações), com o uso de benzodiazepínicos em doses terapêuticas. \n\n**Rivotril[® ]** pode precipitar o estado de mal epiléptico (crises epilépticas em sequência rápida). Fale com seu médico antes de aumentar a dose ou interromper abruptamente esta medicação. \n\n## **Abuso e dependência do medicamento**"", ""## **Efeitos sobre a capacidade de dirigir e operar  máquinas** \n\nClonazepam pode lentificar as reações, efeito agravado com o uso de álcool. \n\n**Durante o tratamento, o paciente não deve dirigir veículos ou operar máquinas, pois sua habilidade e atenção podem estar prejudicadas.** \n\nAté o momento, não há informações de que **Rivotril[®  ]** cause _doping_ . Em caso de dúvidas, consulte o seu  médico. \n\n## **Gravidez e amamentação** \n\n2 \n\n**==> picture [109 x 35] intentionally omitted <==**\n\n## **Este medicamento não deve ser utilizado por mulheres grávidas sem orientação médica ou do cirurgiãodentista.** \n\n**Rivotril[® ]** só deve ser administrado a gestantes se houver indicação absoluta e se os benefícios  potenciais \n\nsuperarem os riscos para o feto. **Rivotril[® ]** pode prejudicar seu bebê. Informe seu médico se estiver grávida ou se está tentando engravidar. O uso de altas doses no último trimestre da gestação ou no trabalho de parto pode  causar irregularidades no batimento cardíaco do feto e baixa temperatura corpórea, falta de tônus muscular, depressão respiratória e dificuldade de sucção no bebê. Tanto a gestação quanto a suspensão de **Rivotril**[® ] podem exacerbar a epilepsia. \n\nInforme seu médico se estiver amamentando. Se você realmente precisar tomar **Rivotril[®]** , a amamentação deve ser descontinuada. \n\n## **Uso em crianças**"", ""## **Efeitos sobre a capacidade de dirigir e operar  máquinas** \n\nClonazepam pode lentificar as reações, efeito agravado com o uso de álcool. \n\n**Durante o tratamento, o paciente não deve dirigir veículos ou operar máquinas, pois sua habilidade e atenção podem estar prejudicadas.** \n\nAté o momento, não há informações de que **Rivotril[®  ]** cause _doping_ . Em caso de dúvidas, consulte o seu  médico. \n\n## **Gravidez e amamentação** \n\n2 \n\n**==> picture [109 x 35] intentionally omitted <==**\n\n## **Este medicamento não deve ser utilizado por mulheres grávidas sem orientação médica ou do cirurgiãodentista.** \n\n**Rivotril[® ]** só deve ser administrado a gestantes se houver indicação absoluta e se os benefícios  potenciais \n\nsuperarem os riscos para o feto. **Rivotril[® ]** pode prejudicar seu bebê. Informe seu médico se estiver grávida ou se está tentando engravidar. O uso de altas doses no último trimestre da gestação ou no trabalho de parto pode  causar irregularidades no batimento cardíaco do feto e baixa temperatura corpórea, falta de tônus muscular, depressão respiratória e dificuldade de sucção no bebê. Tanto a gestação quanto a suspensão de **Rivotril**[® ] podem exacerbar a epilepsia. \n\nInforme seu médico se estiver amamentando. Se você realmente precisar tomar **Rivotril[®]** , a amamentação deve ser descontinuada. \n\n## **Uso em crianças**"", ""4 \n\n**==> picture [109 x 35] intentionally omitted <==**\n\n## **Instruções especiais de administração** \n\n**Rivotril[® ]** pode ser usado com outros antiepilépticos. Nesse caso, seu médico ajustará a dose de cada medicamento para atingir o efeito ideal. \n\nNão pare de tomar **Rivotril[® ]** subitamente, você pode ter novas crises epilépticas. Somente seu médico poderá orientar a interrupção do tratamento reduzindo gradualmente a dose utilizada. \n\n**Siga a orientação de seu médico, respeitando sempre os horários, as doses e a duração do tratamento. Não interrompa o tratamento sem o conhecimento do seu médico.** \n\n**"", ""7. O QUE DEVO FAZER QUANDO EU ME ESQUECER DE USAR ESTE MEDICAMENTO?** Nunca dobre a dose na próxima tomada. Apenas continue com a próxima dose no tempo determinado. **Em caso de dúvidas, procure orientação do farmacêutico, de seu médico ou   cirurgião-dentista.** \n\n**"", ""QUANDO NÃO DEVO USAR ESTE MEDICAMENTO?  \nRivotril® é contraindicado a pacientes com hipersensibilidade conhecida a clonazepam ou a qualquer dos excipientes \ndo medicamento, em pacientes com insuficiência respiratória grave ou comprometimento do fígado grave, pois os \nbenzodiazepínicos podem lev ar à ocorrência de comprome timento do sistema nervoso,  secundário ao problema no \nfígado. \nRivotril® comprimidos e Rivotril® gotas são contraindicados para o tratamento de transtornos do pânico em \npacientes com histórico médico de apneia do sono. \nRivotril® é contraindicado a pacientes com glaucoma agudo de ângulo fechado. Rivotril® pode ser usado por \npacientes com glaucoma de ângulo aberto, desde que estejam recebendo terapia  apropriada. \n \n4. O QUE DEVO SABER ANTES DE USAR ESTE   MEDICAMENTO?  \nAntes de tomar Rivotril®, informe seu médico se você tem ou teve: \n1) outros problemas de saúde, como doenças nos rins ou fígado (por exemplo: cirrose hepática), distúrbio \nneuromuscular ou respiratório, porfiria (doença em que ocorre deficiência de enzimas específicas na via da biossíntese \ndo heme); \n2) sinais ou sintomas de depressão e/ou tentativa de suicídio; \n3) intolerância à galactose (açúcar) ou deficiência de lactase (enzima que quebra a lactose); \n4) ataxia cerebelar ou espinhal (descoordenação dos movimentos por problema do cerebelo ou medula); \n5) uso regular ou intoxicação aguda por álcool ou drogas.  \n \nPode ocorrer perda de efeito durante o tratamento com clonazepam. \nNão tome Rivotril® com álcool e/ou depressores do sistema nervoso ce ntral, essa combinação pode aumentar os efeitos \nde Rivotril®, com potencial sedação grave que pode resultar em coma ou morte, depressão cardiovascular e/ou respiratória. \nCaso ocorram reações paradoxais (vide item “QUAIS OS MALES QUE ESTE MEDICAMENTO PODE ME \nCAUSAR?”) durante o tratamento, fale com seu médico, pois o uso do medicamento deve ser descontinuado. \nPode ocorrer amnésia anterógrada (perda da habilidade de criar novas memórias e absorver novas informações), com o uso \nde benzodiazepínicos em doses terapêuticas. \nRivotril® pode precipitar o estado de mal epiléptico (crises epilépticas em sequência rápida). Fale com seu médico \nantes de aumentar a dose ou interromper abruptamente esta medicação. \n \nAbuso e dependência do medicamento  \nO uso de benzodiazepínicos pode lev ar ao desenvolvime nto de dependê ncia física e psic ológica. O risco de \ndependência aumenta com a dose, tratamentos prolongados e em pacientes com história de abuso de álcool ou drogas. \nEm caso de dependência, especialmente com doses elevadas, a descontinuação brusca do tratamento será \nacompanhada por sintomas de abstinência: psicoses, distúrbio comportamental, tremor, sudorese, agitação, distúrbios \ndo sono e ansiedade, dor de cabeça, diarreia, dores musculares, câimbras, ansiedade extrema, tensão, cansaço, \ninquietação, alteração de humor, confusão, irritabilidade e convulsões epiléticas que podem ser associadas à doença \nde base. Em casos graves, desrealização (sentimentos de estranhamento ou distanciamento em relação ao ambiente), \ndespersonalização (processo psíquico, em que se tem a impressão de que se é estranho a si mesmo), hipersensibilidade \nao som, à luz, a ruídos e ao contato físico, sensações anormais, formigamentos, alucinações. O risco dos sintomas de \nabstinência é maior após descontinuação súbita do tratamento, portanto a retirada brusca do medicamento deve ser \nevitada. O tratamento (mesmo de curta duração) deve ser interrompido pela redução gradativa da dose diária.  \n \nEfeitos sobre a capacidade de dirigir e operar  máquinas \nClonazepam pode lentificar as reações, efeito agravado com o uso de álcool. \nDurante o tratamento, o paciente não deve dirigir veíc ulos ou operar máquinas, pois sua habilidade e atenção \npodem estar prejudicadas. \n \nAté o momento, não há informações de que Rivotril®  cause doping. Em caso de dúvidas, consulte o seu  médico. \n \n \nGravidez e amamentação "", ""5 \n \n \nInstruções especiais de administração  \nRivotril® pode ser usado com outros antiepilépticos. Nesse caso, seu médico ajustará a dose de cada medicamento \npara atingir o efeito ideal. \nNão pare de tomar Rivotril® subitamente, você pode ter novas crises epilépticas. Somente seu médico poderá orientar \na interrupção do tratamento reduzindo gradualmente a dose utilizada. \n \nSiga a orientação de seu médico, respeitando sempre os horários, as doses e a duração do tratamento. Não \ninterrompa o tratamento sem o conhecimento do seu médico.  \n \n7. O QUE DEVO FAZER QUANDO EU ME ESQU ECER DE USAR ESTE MEDICAMENTO? Nunca \ndobre a dose na próxima tomada. Apenas continue com a próxima dose no tempo determinado.    \nEm caso de dúvidas, procure orientação do farmacêutico, de seu médico ou   cirurgião-dentista.  \n \n8. QUAIS OS MALES QUE ESTE MEDICAMENTO PODE ME   CAUSAR?  \nAlgumas reações são transitórias e desaparecem espontaneamente no decorrer do tratamento ou com redução da dose. \nAs reações que ocorreram em ≥ 5% dos pacientes em estudos clínicos foram: sonolência, dor de cabeça, infecção das \nvias aéreas superiores, cansaço, gripe, depressão, vertigem, irritabilidade, insônia, perda da coordenação de \nmovimentos e da marcha, perda do equilíbrio, náusea, sensação de cabeça leve, sinusite e concentração prejudicada. \n \nPós-comercialização: \n \nDistúrbios do sistema imunológico: reações alérgicas e muito poucos casos de anafilaxia (reação alérgica grave). \n \nDistúrbios endócrinos: casos isolados, reversíveis, de puberdade precoce incompleta em crianças. \n \nDistúrbios psiquiátricos: amnésia, alucinações, histeria, psicose, tentativa de suicídio, despersonalização, distúrbio \nde memória, desinibição orgânica, ideias suicidas, lamentações, distúrbios emocionais e de humor, estado confusional \ne desorientação. Depressão pode estar associada à doença de base. Reações paradoxais: inquietação, agitação, \nirritabilidade, agressividade, nervosismo, hostilidade, ansiedade,  distúrbios do sono, delírio, raiva, pesadelos, sonhos \nanormais, alucinações, psicose, hiperatividade, comp ortamento inapropriado e outros efeitos comportamentais. \nAlterações da libido (casos raros). Dependência e retirada, vide item “Abuso e dependência do medicamento”.  \n \nDistúrbios do sistema nervoso: diminuição da concentração, sonolência, lentificação, hipotonia muscular, tonturas, \nataxia são frequentes e geralmente transitórias. Dor de cabeça (raro). Distúrbios reversíveis: dificuldade para articular \na fala, incoordenação de movimentos e da marcha, movimento anormal dos olhos. Pode haver esquecimento de fatos \nrecentes, associado a alteração de comp ortamento. Pode haver au mento das crises convul sivas em determinadas \nformas de epilepsia. Perda da voz, movimentos grosseiros e descoordenados de braços e pernas, coma, tremor, perda \nde força de um lado do corpo, sensação de cabeça leve, falta de energia e formigamento e alteração da sensibilidade \nnas extremidades. \n \nDistúrbios oculares: visão dupla reversível, aparência de “olho vítreo”.  \n \nDistúrbios cardiovasculares: palpitações, dor torácica, insuficiência cardíaca (incluindo parada  cardíaca). \n \nDistúrbios respiratórios : congestão pulmonar, congestão nasal, hipersecreção, tosse, falta de ar, bronquite, rinite, \nfaringite. Pode ocorrer depressão respiratória. Rivotril® pode aumentar a produção de saliva ou de secreção \nbrônquica (secreção nas vias aéreas) em lactentes e crianças. \nDistúrbios gastrintestinais: perda do apetite, língua saburrosa, constipação, diarreia, boca seca, incontinência fecal \n(perda do controle da evacuação), gastrite, aumento do fígado, apetite aumentado, gengivas doloridas, dor abdominal, \ninflamação gastrintestinal, dor de dente. Náuseas e sintomas epigástricos (raro) (sintomas na região do estômago). "", ""5 \n \n \nInstruções especiais de administração  \nRivotril® pode ser usado com outros antiepilépticos. Nesse caso, seu médico ajustará a dose de cada medicamento \npara atingir o efeito ideal. \nNão pare de tomar Rivotril® subitamente, você pode ter novas crises epilépticas. Somente seu médico poderá orientar \na interrupção do tratamento reduzindo gradualmente a dose utilizada. \n \nSiga a orientação de seu médico, respeitando sempre os horários, as doses e a duração do tratamento. Não \ninterrompa o tratamento sem o conhecimento do seu  médico.  \n \n7. O QUE DEVO FAZER QUANDO EU ME ES QUECER DE USAR ESTE MEDICAMENTO?  \nNunca dobre a dose na próxima tomada. Apenas continue com a próxima dose no tempo determinado.   \nEm caso de dúvidas, procure orientação do farmacêutico, de seu médico ou   cirurgião-dentista.  \n \n8. QUAIS OS MALES QUE ESTE MEDICAMENTO PODE ME   CAUSAR?  \nAlgumas reações são transitórias e desaparecem espontaneamente no decorrer do tratamento ou com redução da dose. \nAs reações que ocorreram em ≥ 5% dos pacientes em estudos clínicos foram: sonolência, dor de cabeça, infecção das \nvias aéreas superiores, cansaço, gripe, depressão, vertigem, irritabilidade, insônia, perda da coordenação de \nmovimentos e da marcha, perda do equilíbrio, náusea, sensação de cabeça leve, sinusite e concentração prejudicada. \n \nPós-comercialização: \n \nDistúrbios do sistema imunológico: reações alérgicas e muito poucos casos de anafilaxia (reação alérgica grave). \n \nDistúrbios endócrinos: casos isolados, reversíveis, de puberdade precoce  incompleta. \n \nDistúrbios psiquiátricos: amnésia, alucinações, histeria, psicose, tentativa de suicídio, despersonalização, distúrbio \nde memória, desinibição orgânica, ideias suicidas, lamentações, distúrbios emocionais e de humor, estado confusional \ne desorientação. Depressão pode estar associada à doença de base. Reações paradoxais: inquietação, agitação, \nirritabilidade, agressividade, nervosismo, hostilidade, ansiedade, distúrbios do sono, delírio, raiva, pesadelos, sonhos \nanormais, alucinações, psicose, hiperatividade, comp ortamento inapropriado e outros efeitos comportamentais. \nAlterações da libido (casos raros). Dependência e retirada, vide item “Abuso e dependência do medicamento”.  \n \nDistúrbios do sistema nervoso: diminuição da concentração, sonolência, lentificação, hipotonia muscular, tonturas, \nataxia são frequentes e geralmente transitórias. Dor de cabeça (raro). Distúrbios reversíveis: dificuldade para articular \na fala, incoordenação de movimentos e da marcha, movimento anormal dos olhos. Pode haver esquecimento de fatos \nrecentes, associado à altera ção de comportam ento. Pode haver aume nto das crises convulsi vas em determinadas \nformas de epilepsia. Perda da voz, movimentos grosseiros e descoordenados de braços e pernas, coma, tremor, perda \nde força de um lado do corpo, sensação de cabeça leve, falta de energia e formigamento, alteração da sensibilidade \nnas extremidades. \n \nDistúrbios oculares: visão dupla reversível, aparência de “olho vítreo”. \n \nDistúrbios cardiovasculares: palpitações, dor torácica, insuficiência cardíaca (incluindo parada  cardíaca). \n \nDistúrbios respiratórios : congestão pulmonar, congestão nasal, hipersecreção, tosse, falta de ar, bronquite, rinite, \nfaringite. Pode ocorrer depressão respiratória. Rivotril® pode aumentar a produção de saliva ou secreção brônquica \n(secreção nas vias aéreas) em lactentes e  crianças. \nDistúrbios gastrintestinais: perda do apetite, língua saburrosa, constipação, diarreia, boca seca, incontinência fecal \n(perda do controle da evacuação), gastrite, aumento do fígado, apetite aumentado, gengivas doloridas, dor abdominal, \ninflamação gastrintestinal, dor de dente. Náuseas e sintomas epigástricos (raro) (sintomas na região do estômago). "", ""3 \n \n \ndepressão respiratória e dificuldade de sucção no bebê. Tanto a gestação quanto a suspensão de Rivotril® podem \nexacerbar a epilepsia. \nInforme seu médico se estiver amamentando. Se você realmente precisar tomar Rivotril®, a amamentação deve ser \ndescontinuada. \n \nUso em crianças \nAvaliar o risco / benefício do uso de Rivotril® a longo prazo em pacientes pediátricos com distúrbios epilépticos. \nRivotril® pode aumentar a salivação e as secreções brônquicas em lactentes e crianças pequenas. Atenção:  manter \nas vias aéreas livres. \nNão há dados de eficácia / segurança de Rivotril® em menores de 18 anos com distúrbio do pânico. \nUso em idosos \nOs efeitos dos benzodiazepínicos parecem ser maiores em pacientes idosos do que em pacientes mais jovens, mesmo \nem concentrações plasmáticas similares, \n \nPrincipais interações medicamentosas  \nInforme seu médico, se esti ver tomando outros medica mentos, incluindo as substâncias  a seguir, pois elas podem \ninteragir com Rivotril®. \n- Depressores do sistema nervoso central e álcool;  \n- Medicamentos que agem no sistema nervoso: antidepressivos, medicamentos para dormir, alguns analgésicos, \nantipsicóticos, ansiolíticos, anticonvulsivantes; \n- Medicamentos para o estômago.  \n \nInterações fármaco-alimento \nInterações com alimentos não foram estabelecidas. O suco de toranja pode aumentar o efeito de Rivotril®. \n \nInterações fármaco-laboratório \nInterações com testes laboratoriais não foram estabelecidas. \n \nInforme ao seu médico ou cirurgião-dentista se você está fazendo uso de algum outro medicamento. Não use \nmedicamento sem o conhecimento do seu médico. Pode ser perigoso para a sua saúde. \n \n5. ONDE, COMO E POR QUANTO TEMPO PO SSO GUARDAR ESTE MEDICAMENTO?   \nRivotril® solução oral deve ser armazenado em temperatura ambiente (entre 15 e 30 ºC) e protegido do calor. \n \nNúmero de lote e datas de fabricação e validade: vide embalagem.  \nNão use medicamento com o prazo de validade vencido. Guarde-o em sua embalagem original.  \n \nAspecto físico \nA solução oral de Rivotril® é um líquido límpido a quase límpido, incolor a levemente amarelado ou amarelo \nesverdeado. \n \nCaracterísticas organolépticas \nA solução oral de Rivotril® apresenta aroma de pêssego. \n \nAntes de usar, observe o aspecto do medicamento. Caso ele esteja no prazo de validade e você observe alguma \nmudança no aspecto, consulte o farmacêu tico para saber se poderá utilizá-lo.  \n \nTodo medicamento deve ser mantid o fora do alcance das crianças. \n \n6. ""]",0.023,5.31
naive_rag,ollama:medgemma:4b,RIVOTRIL,Qual é a dose inicial recomendada de Rivotril para distúrbio do pânico em adultos?,facil,"Para distúrbio do pânico em adultos, a dose inicial recomendada é 0,5 mg por dia, dividida em duas doses.",COMO DEVO USAR ESTE MEDICAMENTO?,"De acordo com a bula do medicamento RIVOTRIL, consta a seguinte informação: ""Para o distúrbio do pânico, a dose inicial recomendada para adultos é 0,5 mg/dia, dividida em 2 doses. Pode-se aumentar a dose a critério médico.""

---
*Esta resposta se baseia apenas nos trechos da bula recuperados e não substitui orientação médica ou farmacêutica.*","De acordo com a bula do medicamento RIVOTRIL, consta a seguinte informação: ""Para o distúrbio do pânico, a dose inicial recomendada para adultos é 0,5 mg/dia, dividida em 2 doses. Pode-se aumentar a dose a critério médico.""",TODAS (Naive),,"[""## **Transtornos de ansiedade** \n\n- **Distúrbio do pânico:** Adultos: - Dose inicial: 0,5 mg/dia, dividida em 2 doses. Pode-se aumentar a dose a critério médico. - Dose de manutenção: critério médico, de acordo com sua resposta. A dose tomada ao deitar reduz a inconveniência da sonolência e pode ser desejável no início do tratamento. A retirada deve ser gradual, até que o medicamento seja totalmente suspenso. \n\n- **Como ansiolítico em geral:** 0,25 mg a 4,0 mg/dia. Dose recomendada: 0,5 a 1,5 mg/dia (dividida em 3x/dia). \n\n- **Fobia social:** 0,25 mg/dia até 6,0 mg/dia (2,0 mg, 3x/dia). Dose recomendada: 1,0 a 2,5 mg/dia. \n\n## **Transtornos do humor** \n\n- **Transtorno afetivo bipolar** (tratamento da mania): 1,5 mg a 8 mg/dia. Dose recomendada: 2,0 a 4,0 mg/dia. \n\n- **Depressão maior** (associado a antidepressivos): 0,5 a 6,0 mg/dia. Dose recomendada: 2,0 a 4,0 mg/dia. \n\n## **Síndromes psicóticas** \n\n- **Acatisia** : 0,5 mg a 4,5 mg/dia. Dose recomendada: 0,5 a 3,0 mg/dia. \n\n**Síndrome das pernas inquietas:** 0,5 mg a 2,0 mg/dia. \n\n**Vertigem e distúrbios do equilíbrio** : 0,5 mg a 1,0 mg ao dia (2x/dia). Doses diárias superiores a 1,0 mg não são recomendáveis. \n\n**Síndrome da boca ardente:** 0,25 a 6,0 mg/dia. Dose recomendada: 1,0 a 2,0 mg/dia. \n\n**Uso em idosos:** a dose mais baixa possível deve ser utilizada em idosos. Deve-se ter especial cuidado durante as alterações na dose."", ""COMO ESTE MEDICAMENTO FUNCIONA?  \nClonazepam pertence à classe dos benzodiazepínicos, medicamentos que causam inibição leve do sistema nervoso, \ncom consequente ação anticonvulsivante, sedativa leve, relaxante muscular e tranquilizante. \nA ação de Rivotril® oral dose única inicia em 30 a 60 minutos e se estende por 6 à 8 h em crianças e 8 a 12 h em \nadultos."", ""2. COMO ESTE MEDICAMENTO FUNCIONA?** Clonazepam pertence à classe dos benzodiazepínicos, medicamentos que causam inibição leve do sistema nervoso, com consequente ação anticonvulsivante, sedativa leve, relaxante muscular e tranquilizante. \n\nA ação de **Rivotril[® ]** oral dose única inicia em 30 a 60 minutos e se estende por 6 à 8 h em crianças e 8 a 12 h em adultos. \n\n1 \n\n**==> picture [109 x 35] intentionally omitted <==**\n\n## **"", ""2. COMO ESTE MEDICAMENTO FUNCIONA?** Clonazepam pertence à classe dos benzodiazepínicos, medicamentos que causam inibição leve do sistema nervoso, com consequente ação anticonvulsivante, sedativa leve, relaxante muscular e tranquilizante. \n\nA ação de **Rivotril[® ]** oral dose única inicia em 30 a 60 minutos e se estende por 6 à 8 h em crianças e 8 a 12 h em adultos. \n\n1 \n\n**==> picture [109 x 35] intentionally omitted <==**\n\n## **"", ""3 \n \n \n \nUso em crianças \nAvaliar o risco / benefício do uso de Rivotril® a longo prazo em pacientes pediátricos com distúrbios epilépticos. \nRivotril®  pode aumentar a salivação e as secreções brônquicas em lactentes e crianças pequenas. Atenção:  manter \nas vias aéreas livres. Não há dados sobre eficácia / segurança de Rivotril® em menores de 18 anos com distúrbio do \npânico. \nUso em idosos \nOs efeitos dos benzodiazepínicos parecem ser maiores em pacientes idosos do que em pacientes mais jovens, mesmo \nem concentrações plasmáticas similares. \n \nPrincipais interações medicamentosas  \nInforme seu médico, se esti ver tomando outros medica mentos, incluindo as substâncias  a seguir, pois elas podem \ninteragir com Rivotril®. \n– Depressores do sistema nervoso central e álcool;  \n– Medicamentos que agem no sistema nervoso: antidepressivos, medicamentos para dormir, alguns analgésicos, \nantipsicóticos, ansiolíticos, anticonvulsivantes. \n– Medicamentos para o estômago.  \n \nInterações fármaco-alimento \nInterações com alimentos não foram estabelecidas. O suco de toranja pode aumentar o efeito de  Rivotril®. \n \nInterações fármaco-laboratório \nInterações com testes laboratoriais não foram estabelecidas. \n \nInforme ao seu médico ou cirurgião-dentista se você está fazendo uso de algum outro medicamento.  \nNão use medicamento sem o conhecimento do seu médico. Pode ser perigoso para a sua  saúde.  \n \n5. ONDE, COMO E POR QUANTO TEMPO POSSO GUARDAR ESTE   MEDICAMENTO?  \nRivotril® comprimidos sublinguais de 0,25 mg devem ser armazenados em temperatura ambiente (entre 15 e 30ºC). \n \nNúmero de lote e datas de fabricação e validade: vide embalagem.  \nNão use medicamento com o prazo de validade vencido. Guarde-o em sua embalagem original.  \n \nAspecto físico \nOs comprimidos sublinguais de 0,25 mg de Rivotril® apresentam formato cilíndrico de cor branca. \n \nCaracterísticas organolépticas \nRivotril® comprimidos sublinguais não apresentam características marcantes que o diferenciem de outros \ncomprimidos. \n \nAntes de usar, observe o aspecto do medicamento. Caso ele esteja no prazo de validade e você observe alguma \nmudança no aspecto, consulte o farmacêu tico para saber se poderá utilizá-lo.  \n \nTodo medicamento deve ser mantid o fora do alcance das crianças. \n \n6. "", ""4 \n \n \n \nTodo medicamento deve ser mantid o fora do alcance das  crianças. \n \n6. COMO DEVO USAR ESTE  MEDICAMENTO?  \nTome os comprimidos por via oral com pouca quantidade de líquido não alcoólico. A dose de Rivotril® depende da \ndoença, da resposta clínica, idade e tolerabilidade. \nRecomenda-se que o tratamento inicie com doses mais baixas, que podem ser aumentadas se necessário. Siga a \norientação médica. \n \nDistúrbios epilépticos \nAdultos \nDose inicial: não exceder 1,5 mg/dia, dividida em 3 doses. Aumentar a critério médico. Dose de manutenção: será \ndefinida pelo seu médico, de acordo com sua resposta. \nDose diária máxima recomendada: 20 mg. \nSe você já usa outro anticonvulsivante, avise seu médico. \n \nRecém-nascidos e crianças até 10 anos de idade ou 30 kg de peso  \nDose inicial média: 0,01 a 0,03 mg/kg/dia. Não exceder 0,05 mg/kg/dia, dividido em 2 ou 3 doses  diárias. \n \nCrianças entre 10 e 16 anos de idade: Dose inicial: 1 a 1,5 mg/dia, dividido em 2 a 3 doses. A dose pode ser aumentada, \na critério médico, até atingir a dose de manutenção individual, usualmente de 3 a 6  mg/dia. \nSempre que possível, dividir a dose diária em 3 doses iguais. Caso não seja possível, a maior dose deve ser tomada \nantes de deitar. \n \nTranstornos de ansiedade \n Distúrbio do pânico: Adultos: - Dose inicial: 0,5 mg/dia, dividida em 2 doses. Pode-se aumentar a dose a critério \nmédico. - Dose de manutenção: critério médico, de acordo com sua resposta. A dose tomada ao deitar reduz a \ninconveniência da sonolência e pode ser desejável no in ício do tratamento. A retirada deve ser gradual, até que \no medicamento seja totalmente suspenso.  \n Como ansiolítico em geral: 0,25 mg a 4,0 mg/dia. Dose recomendada: 0,5 a 1,5 mg/dia (dividida em 3x/dia). \n Fobia social: 0,25 mg/dia até 6,0 mg/dia (2,0 mg, 3x/dia). Dose recomendada: 1,0 a 2,5 mg/dia. \n \nTranstornos do humor \n Transtorno afetivo bipolar (tratamento da mania): 1,5 mg a 8 mg/dia. Dose recomendada: 2,0 a 4,0 mg/dia. \n Depressão maior (associado a antidepressivos): 0,5 a 6,0 mg/dia. Dose recomendada: 2,0 a 4,0 mg/dia. \n \nSíndromes psicóticas \n Acatisia: 0,5 mg a 4,5 mg/dia. Dose recomendada: 0,5 a 3,0 mg/dia.  \n \nSíndrome das pernas inquietas: 0,5 mg a 2,0 mg/dia. \n \nVertigem e distúrbios do equilíbrio : 0,5 mg a 1,0 mg ao dia (2x/dia). Doses diárias superiores a 1,0 mg não são \nrecomendáveis. \n \nSíndrome da boca ardente: 0,25 a 6,0 mg/dia. Dose recomendada: 1,0 a 2,0 mg/dia. \n \nUso em idosos: a dose mais baixa possível deve ser utilizada em idosos. Deve-se ter especial cuidado durante as \nalterações na dose. \n \nComprometimento do fígado: pacientes com comprometimento do fígado grave não devem ser tratados com \nclonazepam e pacientes com comprometimento hepático leve a moderado devem receber a dose mais baixa possível. "", ""**Rivotril[® ]** pode precipitar o estado de mal epiléptico (crises epilépticas em sequência rápida). Fale com seu médico antes de aumentar a dose ou interromper abruptamente esta medicação. \n\n## **Abuso e dependência do medicamento** \n\nO uso de benzodiazepínicos pode levar ao desenvolvimento de dependência física e psicológica. O risco de dependência aumenta com a dose, tratamentos prolongados e em pacientes com história de abuso de álcool ou drogas. Em caso de dependência, especialmente com doses elevadas, a descontinuação brusca do tratamento será acompanhada por sintomas de abstinência: psicoses, distúrbio comportamental, tremor, sudorese, agitação, distúrbios do sono e ansiedade, dor de cabeça, diarreia, dores musculares, câimbras, ansiedade extrema, tensão, cansaço, inquietação, alteração de humor, confusão, irritabilidade e convulsões epiléticas que podem ser associadas à doença de base. Em casos graves, desrealização (sentimentos de estranhamento ou distanciamento em relação ao ambiente), despersonalização (processo psíquico, em que se tem a impressão de que se é estranho a si mesmo), hipersensibilidade ao som, à luz, a ruídos e ao contato físico, sensações anormais, formigamentos, alucinações. O risco dos sintomas de abstinência é maior após descontinuação súbita do tratamento, portanto a retirada brusca do medicamento deve ser evitada. O tratamento (mesmo de curta duração) deve ser interrompido pela redução gradativa da dose diária. \n\n## **Efeitos sobre a capacidade de dirigir e operar  máquinas**"", ""**Rivotril[® ]** pode precipitar o estado de mal epiléptico (crises epilépticas em sequência rápida). Fale com seu médico antes de aumentar a dose ou interromper abruptamente esta medicação. \n\n## **Abuso e dependência do medicamento** \n\nO uso de benzodiazepínicos pode levar ao desenvolvimento de dependência física e psicológica. O risco de dependência aumenta com a dose, tratamentos prolongados e em pacientes com história de abuso de álcool ou drogas. Em caso de dependência, especialmente com doses elevadas, a descontinuação brusca do tratamento será acompanhada por sintomas de abstinência: psicoses, distúrbio comportamental, tremor, sudorese, agitação, distúrbios do sono e ansiedade, dor de cabeça, diarreia, dores musculares, câimbras, ansiedade extrema, tensão, cansaço, inquietação, alteração de humor, confusão, irritabilidade e convulsões epiléticas que podem ser associadas à doença de base. Em casos graves, desrealização (sentimentos de estranhamento ou distanciamento em relação ao ambiente), despersonalização (processo psíquico, em que se tem a impressão de que se é estranho a si mesmo), hipersensibilidade ao som, à luz, a ruídos e ao contato físico, sensações anormais, formigamentos, alucinações. O risco dos sintomas de abstinência é maior após descontinuação súbita do tratamento, portanto a retirada brusca do medicamento deve ser evitada. O tratamento (mesmo de curta duração) deve ser interrompido pela redução gradativa da dose diária. \n\n## **Efeitos sobre a capacidade de dirigir e operar  máquinas**"", ""4 \n \n \n \n \n \nA dose de Rivotril® depende da doença, resposta clínica, idade e tolerabilidade. \nRecomenda-se que o tratamento inicie com doses mais baixas, que podem ser aumentadas se necessário. Siga a \norientação médica. \n \nDistúrbios epilépticos \nAdultos \nDose inicial: não exceder 1,5 mg/dia, dividida em 3 doses. Aumentar a critério médico. Dose de manutenção: será \ndefinida pelo seu médico, de acordo com sua resposta. \nDose diária máxima recomendada: 20 mg. \nSe você já usa outro anticonvulsivante, avise seu médico. \n \nRecém-nascidos e crianças até 10 anos de idade ou 30kg de peso: Dose inicial: 0,01 a 0,03mg/kg/dia. Não exceder \n0,05 mg/kg/dia, dividido em 2 ou 3 doses diárias. \n \nCrianças entre 10 e 16 anos de idade: Dose inicial: 1 a 1,5 mg/dia, dividido em 2 a 3 doses. A dose pode ser aumentada \na critério médico, até atingir a dose de manutenção individual, usualmente de 3 a 6 mg/dia. \nSempre que possível, dividir a dose diária em 3 doses iguais. Caso não seja possível, a maior dose deve ser tomada \nantes de deitar. \n \nTranstornos de ansiedade \n Distúrbio do pânico: Adultos: - Dose inicial: 0,5 mg/dia, dividida em 2 doses. Pode-se aumentar a dose a critério \nmédico. - Dose de manutenção: a critério médico, de acordo com sua resposta. A dose tomada ao deitar, reduz a \ninconveniência da sonolência e pode ser desejável no início do tratamento. A retirada deve ser gradual, até que \no medicamento seja totalmente suspenso.  \n Como ansiolítico em geral: 0,25 mg a 4,0 mg/dia. Dose recomendada: 0,5 a 1,5 mg/dia (dividida em 3x/dia). \n Fobia social: 0,25 mg/dia até 6,0 mg/dia (2,0 mg, 3x/dia). Dose recomendada: 1,0 a 2,5 mg/dia. \n \nTranstornos do humor \n Transtorno afetivo bipolar (tratamento da mania): 1,5 mg a 8 mg/dia. Dose recomendada: 2,0 a 4,0 mg/dia. \n Depressão maior (associado a antidepressivos): 0,5 a 6,0 mg/dia. Dose recomendada:  2,0 a 4,0 mg/dia. \n \nSíndromes psicóticas \n Acatisia: 0,5 mg a 4,5 mg/dia. Dose recomendada: 0,5 a 3,0 mg/dia.  \n \nSíndrome das pernas inquietas: 0,5 mg a 2,0 mg/dia. \n \nVertigem e distúrbios do equilíbrio : 0,5 mg a 1,0 mg/dia (2x/dia). Doses diárias superiores a 1,0 mg não são \nrecomendáveis. \n \nSíndrome da boca ardente: 0,25 a 6,0 mg/dia. Dose recomendada: 1,0 a 2,0 mg/dia. \n \nUso em idosos: a dose mais baixa possível deve ser utilizada em idosos. Deve-se ter especial cuidado durante as \nalterações na dose. \nComprometimento do fígado: pacientes com comprometimento do fígado grave não devem ser tratados com \nclonazepam e pacientes com comprometimento hepático leve a moderado devem receber a dose mais baixa possível. \n"", ""5 \n \n \nInstruções especiais de administração  \nRivotril® pode ser usado com outros antiepilépticos. Nesse caso, seu médico ajustará a dose de cada medicamento \npara atingir o efeito ideal. \nNão pare de tomar Rivotril® subitamente, você pode ter novas crises epilépticas. Somente seu médico poderá orientar \na interrupção do tratamento reduzindo gradualmente a dose utilizada. \n \nSiga a orientação de seu médico, respeitando sempre os horários, as doses e a duração do tratamento. Não \ninterrompa o tratamento sem o conhecimento do seu  médico.  \n \n7. O QUE DEVO FAZER QUANDO EU ME ES QUECER DE USAR ESTE MEDICAMENTO?  \nNunca dobre a dose na próxima tomada. Apenas continue com a próxima dose no tempo determinado.   \nEm caso de dúvidas, procure orientação do farmacêutico, de seu médico ou   cirurgião-dentista.  \n \n8. QUAIS OS MALES QUE ESTE MEDICAMENTO PODE ME   CAUSAR?  \nAlgumas reações são transitórias e desaparecem espontaneamente no decorrer do tratamento ou com redução da dose. \nAs reações que ocorreram em ≥ 5% dos pacientes em estudos clínicos foram: sonolência, dor de cabeça, infecção das \nvias aéreas superiores, cansaço, gripe, depressão, vertigem, irritabilidade, insônia, perda da coordenação de \nmovimentos e da marcha, perda do equilíbrio, náusea, sensação de cabeça leve, sinusite e concentração prejudicada. \n \nPós-comercialização: \n \nDistúrbios do sistema imunológico: reações alérgicas e muito poucos casos de anafilaxia (reação alérgica grave). \n \nDistúrbios endócrinos: casos isolados, reversíveis, de puberdade precoce  incompleta. \n \nDistúrbios psiquiátricos: amnésia, alucinações, histeria, psicose, tentativa de suicídio, despersonalização, distúrbio \nde memória, desinibição orgânica, ideias suicidas, lamentações, distúrbios emocionais e de humor, estado confusional \ne desorientação. Depressão pode estar associada à doença de base. Reações paradoxais: inquietação, agitação, \nirritabilidade, agressividade, nervosismo, hostilidade, ansiedade, distúrbios do sono, delírio, raiva, pesadelos, sonhos \nanormais, alucinações, psicose, hiperatividade, comp ortamento inapropriado e outros efeitos comportamentais. \nAlterações da libido (casos raros). Dependência e retirada, vide item “Abuso e dependência do medicamento”.  \n \nDistúrbios do sistema nervoso: diminuição da concentração, sonolência, lentificação, hipotonia muscular, tonturas, \nataxia são frequentes e geralmente transitórias. Dor de cabeça (raro). Distúrbios reversíveis: dificuldade para articular \na fala, incoordenação de movimentos e da marcha, movimento anormal dos olhos. Pode haver esquecimento de fatos \nrecentes, associado à altera ção de comportam ento. Pode haver aume nto das crises convulsi vas em determinadas \nformas de epilepsia. Perda da voz, movimentos grosseiros e descoordenados de braços e pernas, coma, tremor, perda \nde força de um lado do corpo, sensação de cabeça leve, falta de energia e formigamento, alteração da sensibilidade \nnas extremidades. \n \nDistúrbios oculares: visão dupla reversível, aparência de “olho vítreo”. \n \nDistúrbios cardiovasculares: palpitações, dor torácica, insuficiência cardíaca (incluindo parada  cardíaca). \n \nDistúrbios respiratórios : congestão pulmonar, congestão nasal, hipersecreção, tosse, falta de ar, bronquite, rinite, \nfaringite. Pode ocorrer depressão respiratória. Rivotril® pode aumentar a produção de saliva ou secreção brônquica \n(secreção nas vias aéreas) em lactentes e  crianças. \nDistúrbios gastrintestinais: perda do apetite, língua saburrosa, constipação, diarreia, boca seca, incontinência fecal \n(perda do controle da evacuação), gastrite, aumento do fígado, apetite aumentado, gengivas doloridas, dor abdominal, \ninflamação gastrintestinal, dor de dente. Náuseas e sintomas epigástricos (raro) (sintomas na região do estômago). "", ""5 \n \n \nInstruções especiais de administração  \nRivotril® pode ser usado com outros antiepilépticos. Nesse caso, seu médico ajustará a dose de cada medicamento \npara atingir o efeito ideal. \nNão pare de tomar Rivotril® subitamente, você pode ter novas crises epilépticas. Somente seu médico poderá orientar \na interrupção do tratamento reduzindo gradualmente a dose utilizada. \n \nSiga a orientação de seu médico, respeitando sempre os horários, as doses e a duração do tratamento. Não \ninterrompa o tratamento sem o conhecimento do seu médico.  \n \n7. O QUE DEVO FAZER QUANDO EU ME ESQU ECER DE USAR ESTE MEDICAMENTO? Nunca \ndobre a dose na próxima tomada. Apenas continue com a próxima dose no tempo determinado.    \nEm caso de dúvidas, procure orientação do farmacêutico, de seu médico ou   cirurgião-dentista.  \n \n8. QUAIS OS MALES QUE ESTE MEDICAMENTO PODE ME   CAUSAR?  \nAlgumas reações são transitórias e desaparecem espontaneamente no decorrer do tratamento ou com redução da dose. \nAs reações que ocorreram em ≥ 5% dos pacientes em estudos clínicos foram: sonolência, dor de cabeça, infecção das \nvias aéreas superiores, cansaço, gripe, depressão, vertigem, irritabilidade, insônia, perda da coordenação de \nmovimentos e da marcha, perda do equilíbrio, náusea, sensação de cabeça leve, sinusite e concentração prejudicada. \n \nPós-comercialização: \n \nDistúrbios do sistema imunológico: reações alérgicas e muito poucos casos de anafilaxia (reação alérgica grave). \n \nDistúrbios endócrinos: casos isolados, reversíveis, de puberdade precoce incompleta em crianças. \n \nDistúrbios psiquiátricos: amnésia, alucinações, histeria, psicose, tentativa de suicídio, despersonalização, distúrbio \nde memória, desinibição orgânica, ideias suicidas, lamentações, distúrbios emocionais e de humor, estado confusional \ne desorientação. Depressão pode estar associada à doença de base. Reações paradoxais: inquietação, agitação, \nirritabilidade, agressividade, nervosismo, hostilidade, ansiedade,  distúrbios do sono, delírio, raiva, pesadelos, sonhos \nanormais, alucinações, psicose, hiperatividade, comp ortamento inapropriado e outros efeitos comportamentais. \nAlterações da libido (casos raros). Dependência e retirada, vide item “Abuso e dependência do medicamento”.  \n \nDistúrbios do sistema nervoso: diminuição da concentração, sonolência, lentificação, hipotonia muscular, tonturas, \nataxia são frequentes e geralmente transitórias. Dor de cabeça (raro). Distúrbios reversíveis: dificuldade para articular \na fala, incoordenação de movimentos e da marcha, movimento anormal dos olhos. Pode haver esquecimento de fatos \nrecentes, associado a alteração de comp ortamento. Pode haver au mento das crises convul sivas em determinadas \nformas de epilepsia. Perda da voz, movimentos grosseiros e descoordenados de braços e pernas, coma, tremor, perda \nde força de um lado do corpo, sensação de cabeça leve, falta de energia e formigamento e alteração da sensibilidade \nnas extremidades. \n \nDistúrbios oculares: visão dupla reversível, aparência de “olho vítreo”.  \n \nDistúrbios cardiovasculares: palpitações, dor torácica, insuficiência cardíaca (incluindo parada  cardíaca). \n \nDistúrbios respiratórios : congestão pulmonar, congestão nasal, hipersecreção, tosse, falta de ar, bronquite, rinite, \nfaringite. Pode ocorrer depressão respiratória. Rivotril® pode aumentar a produção de saliva ou de secreção \nbrônquica (secreção nas vias aéreas) em lactentes e crianças. \nDistúrbios gastrintestinais: perda do apetite, língua saburrosa, constipação, diarreia, boca seca, incontinência fecal \n(perda do controle da evacuação), gastrite, aumento do fígado, apetite aumentado, gengivas doloridas, dor abdominal, \ninflamação gastrintestinal, dor de dente. Náuseas e sintomas epigástricos (raro) (sintomas na região do estômago). "", ""3 \n \n \ndepressão respiratória e dificuldade de sucção no bebê. Tanto a gestação quanto a suspensão de Rivotril® podem \nexacerbar a epilepsia. \nInforme seu médico se estiver amamentando. Se você realmente precisar tomar Rivotril®, a amamentação deve ser \ndescontinuada. \n \nUso em crianças \nAvaliar o risco / benefício do uso de Rivotril® a longo prazo em pacientes pediátricos com distúrbios epilépticos. \nRivotril® pode aumentar a salivação e as secreções brônquicas em lactentes e crianças pequenas. Atenção:  manter \nas vias aéreas livres. \nNão há dados de eficácia / segurança de Rivotril® em menores de 18 anos com distúrbio do pânico. \nUso em idosos \nOs efeitos dos benzodiazepínicos parecem ser maiores em pacientes idosos do que em pacientes mais jovens, mesmo \nem concentrações plasmáticas similares, \n \nPrincipais interações medicamentosas  \nInforme seu médico, se esti ver tomando outros medica mentos, incluindo as substâncias  a seguir, pois elas podem \ninteragir com Rivotril®. \n- Depressores do sistema nervoso central e álcool;  \n- Medicamentos que agem no sistema nervoso: antidepressivos, medicamentos para dormir, alguns analgésicos, \nantipsicóticos, ansiolíticos, anticonvulsivantes; \n- Medicamentos para o estômago.  \n \nInterações fármaco-alimento \nInterações com alimentos não foram estabelecidas. O suco de toranja pode aumentar o efeito de Rivotril®. \n \nInterações fármaco-laboratório \nInterações com testes laboratoriais não foram estabelecidas. \n \nInforme ao seu médico ou cirurgião-dentista se você está fazendo uso de algum outro medicamento. Não use \nmedicamento sem o conhecimento do seu médico. Pode ser perigoso para a sua saúde. \n \n5. ONDE, COMO E POR QUANTO TEMPO PO SSO GUARDAR ESTE MEDICAMENTO?   \nRivotril® solução oral deve ser armazenado em temperatura ambiente (entre 15 e 30 ºC) e protegido do calor. \n \nNúmero de lote e datas de fabricação e validade: vide embalagem.  \nNão use medicamento com o prazo de validade vencido. Guarde-o em sua embalagem original.  \n \nAspecto físico \nA solução oral de Rivotril® é um líquido límpido a quase límpido, incolor a levemente amarelado ou amarelo \nesverdeado. \n \nCaracterísticas organolépticas \nA solução oral de Rivotril® apresenta aroma de pêssego. \n \nAntes de usar, observe o aspecto do medicamento. Caso ele esteja no prazo de validade e você observe alguma \nmudança no aspecto, consulte o farmacêu tico para saber se poderá utilizá-lo.  \n \nTodo medicamento deve ser mantid o fora do alcance das crianças. \n \n6. "", ""COMO ESTE MEDICAMENTO FUNCIONA?  \nClonazepam pertence à classe dos benzodiazepínicos, medicamentos que causam inibição leve do sistema nervoso, \ncom consequente ação anticonvulsivante, sedativa leve, relaxante muscular e tranquilizante. \n \n3. QUANDO NÃO DEVO USAR ESTE MEDICAMENTO?  \nRivotril® é contraindicado a pacientes com hipersensibilidade conhecida a clonazepam ou a qualquer dos excipientes \ndo medicamento e a pacientes com insuficiência respiratória grave ou comprometimento do fígado grave, pois os \nbenzodiazepínicos podem levar à ocorrência de comprometimento do sistema nervoso secundário ao problema no \nfígado. \nRivotril® comprimidos e Rivotril® gotas são contraindicados para o tratamento de transtornos do pânico em \npacientes com histórico médico de apneia do sono. \nRivotril® é contraindicado a pacientes com glaucoma agudo de ângulo fechado. Rivotril® pode ser usado por \npacientes com glaucoma de ângulo aberto, desde que estejam recebendo terapia  apropriada."", ""4 \n\n**==> picture [109 x 35] intentionally omitted <==**\n\n## **Instruções especiais de administração** \n\n**Rivotril[® ]** pode ser usado com outros antiepilépticos. Nesse caso, seu médico ajustará a dose de cada medicamento para atingir o efeito ideal. \n\nNão pare de tomar **Rivotril[® ]** subitamente, você pode ter novas crises epilépticas. Somente seu médico poderá orientar a interrupção do tratamento reduzindo gradualmente a dose utilizada. \n\n**Siga a orientação de seu médico, respeitando sempre os horários, as doses e a duração do tratamento. Não interrompa o tratamento sem o conhecimento do seu médico.** \n\n**"", ""Informe seu médico se estiver amamentando. Se você realmente precisar tomar **Rivotril[®]** , a amamentação deve ser descontinuada. \n\n## **Uso em crianças** \n\nAvaliar o risco / benefício do uso de **Rivotril[® ]** a longo prazo em pacientes pediátricos com distúrbios epilépticos. **Rivotril[® ]** pode aumentar a salivação e as secreções brônquicas em lactentes e crianças pequenas. Atenção:  manter as vias aéreas livres. \n\nNão há dados de eficácia / segurança de **Rivotril[® ]** em menores de 18 anos com distúrbio do pânico. \n\n## **Uso em idosos** \n\nOs efeitos dos benzodiazepínicos parecem ser maiores em pacientes idosos do que em pacientes mais jovens, mesmo em concentrações plasmáticas similares. \n\n## **Principais interações medicamentosas** \n\nInforme seu médico se estiver tomando outros medicamentos, incluindo as substâncias a seguir, pois elas podem interagir com **Rivotril[®]** : \n\n– Depressores do sistema nervoso central e álcool; \n\n– Medicamentos que agem no sistema nervoso: antidepressivos, medicamentos para dormir, alguns analgésicos, antipsicóticos, ansiolíticos, anticonvulsivantes; \n\n– Medicamentos para o estômago. \n\n## **Interações fármaco-alimento** \n\nInterações com alimentos não foram estabelecidas. O suco de toranja pode aumentar o efeito de **Rivotril**[®] . \n\n## **Interações fármaco-laboratório** \n\nInterações com testes laboratoriais não foram estabelecidas. \n\n**Informe ao seu médico ou cirurgião-dentista se você está fazendo uso de algum outro medicamento. Não use medicamento sem o conhecimento do seu médico. Pode ser perigoso para a sua   saúde.**""]",0.021,5.742
naive_rag,ollama:medgemma:4b,RIVOTRIL,Rivotril pode causar sonolência?,facil,Sim. Sonolência foi uma das reações que ocorreram em 5% ou mais dos pacientes em estudos clínicos.,QUAIS OS MALES QUE ESTE MEDICAMENTO PODE ME CAUSAR?,"De acordo com a bula do medicamento RIVOTRIL, consta a seguinte informação: ""Rivotril® comprimidos de 0,5 mg ou 2 mg. Caixa com 20 ou 30 comprimidos. VIA ORAL USO ADULTO E PEDIÁTRICO COMPOSIÇÃO Comprimidos de 0,5 mg Princípio ativo: clonazepam...............................................................................................................................0,5 mg. Excipientes: lactose, amido de milho, amido pré-gelatinizado, óxido de ferro amarelo, óxido férrico, talco, estearato de magnésio. Comprimidos de 2,0 mg Princípio ativo: clonazepam...............................................................................................................................2,0 mg. Excipientes: lactose, amido pré-gelatinizado, estearato de magnésio, celulose microcristalina. INFORMAÇÕES AO PACIENTE Leia com atenção as informações a seguir. Se tiver dúvidas, informe seu médico. 1. IDENTIFICAÇÃO DO MEDICAMENTO Rivotril® clonazepam Anticonvulsivante/Ansiolítico APRESENTAÇÕES Comprimidos de 0,5 mg ou 2 mg. Caixa com 20 ou 30 comprimidos. VIA ORAL USO ADULTO E PEDIÁTRICO COMPOSIÇÃO Comprimidos de 0,5 mg Princípio ativo: clonazepam...............................................................................................................................0,5 mg. Excipientes: lactose, amido de milho, amido pré-gelatinizado, óxido de ferro amarelo, óxido férrico, talco, estearato de magnésio. Comprimidos de 2,0 mg Princípio ativo: clonazepam...............................................................................................................................2,0 mg. Excipientes: lactose, amido pré-gelatinizado, estearato de magnésio, celulose microcristalina. INFORMAÇÕES AO PACIENTE Leia com atenção as informações a seguir. Se tiver dúvidas, informe seu médico. 1. IDENTIFICAÇÃO DO MEDICAMENTO Rivotril® clonazepam Anticonvulsivante/Ansiolítico APRESENTAÇÕES Comprimidos de 0,5 mg ou 2 mg. Caixa com 20 ou 30 comprimidos. VIA ORAL USO ADULTO E PEDIÁTRICO COMPOSIÇÃO Comprimidos de 0,5 mg Princípio ativo: clonazepam...............................................................................................................................0,5 mg. Excipientes: lactose, amido de milho, amido pré-gelatinizado, óxido de ferro amarelo, óxido férrico, talco, estearato de magnésio. Comprimidos de 2,0 mg Princípio ativo: clonazepam...............................................................................................................................2,0 mg. Excipientes: lactose, amido pré-gelatinizado, estearato de magnésio, celulose microcristalina. INFORMAÇÕES AO PACIENTE Leia com atenção as informações a seguir. Se tiver dúvidas, informe seu médico. 1. IDENTIFICAÇÃO DO MEDICAMENTO Rivotril® clonazepam Anticonvulsivante/Ansiolítico APRESENTAÇÕES Comprimidos de 0,5 mg ou 2 mg. Caixa com 20 ou 30 comprimidos. VIA ORAL USO ADULTO E PEDIÁTRICO COMPOSIÇÃO Comprimidos de 0,5 mg Princípio ativo: clonazepam...............................................................................................................................0,5 mg. Excipientes: lactose, amido de milho, amido pré-gelatinizado, óxido de ferro amarelo, óxido férrico, talco, estearato de magnésio. Comprimidos de 2,0 mg Princípio ativo: clonazepam...............................................................................................................................2,0 mg. Excipientes: lactose, amido pré-gelatinizado, estearato de magnésio, celulose microcristalina. INFORMAÇÕES AO PACIENTE Leia com atenção as informações a seguir. Se tiver dúvidas, informe seu médico. 1. IDENTIFICAÇÃO DO MEDICAMENTO Rivotril® clonazepam Anticonvulsivante/Ansiolítico APRESENTAÇÕES Comprimidos de 0,5 mg ou 2 mg. Caixa com 20 ou 30 comprimidos. VIA ORAL USO ADULTO E PEDIÁTRICO COMPOSIÇÃO Comprimidos de 0,5 mg Princípio ativo: clonazepam...............................................................................................................................0,5 mg. Excipientes: lactose, amido de milho, amido pré-gelatinizado, óxido de ferro amarelo, óxido férrico, talco, estearato de magnésio. Comprimidos de 2,0 mg Princípio ativo: clonazepam...............................................................................................................................2,0 mg. Excipientes: lactose, amido pré-gelatinizado, estearato de magnésio, celulose microcristalina. INFORMAÇÕES AO PACIENTE Leia com atenção as informações a seguir. Se tiver dúvidas, informe seu médico. 1. IDENTIFICAÇÃO DO MEDICAMENTO Rivotril® clonazepam Anticonvulsivante/Ansiolítico APRESENTAÇÕES Comprimidos de 0,5 mg ou 2 mg. Caixa com 20 ou 30 comprimidos. VIA ORAL USO ADULTO E PEDIÁTRICO COMPOSIÇÃO Comprimidos de 0,5 mg Princípio ativo: clonazepam...............................................................................................................................0,5 mg. Excipientes: lactose, amido de milho, amido pré-gelatinizado, óxido de ferro amarelo, óxido férrico, talco, estearato de magnésio. Comprimidos de 2,0 mg Princípio ativo: clonazepam...............................................................................................................................2,0 mg. Excipientes: lactose, amido pré-gelatinizado, estearato de magnésio, celulose microcristalina. INFORMAÇÕES AO PACIENTE Leia com atenção as informações a seguir. Se tiver dúvidas, informe seu médico. 1. IDENTIFICAÇÃO DO MEDICAMENTO Rivotril® clonazepam Anticonvulsivante/Ansiolítico APRESENTAÇÕES Comprimidos de 0,5 mg ou 2 mg. Caixa com 20 ou 30 comprimidos. VIA ORAL USO ADULTO E PEDIÁTRICO COMPOSIÇÃO Comprimidos de 0,5 mg Princípio ativo: clonazepam...............................................................................................................................0,5 mg. Excipientes: lactose, amido de milho, amido pré-gelatinizado, óxido de ferro amarelo, óxido férrico, talco, estearato de magnésio. Comprimidos de 2,0 mg Princípio ativo: clonazepam...............................................................................................................................2,0 mg. Excipientes: lactose, amido pré-gelatinizado, estearato de magnésio, celulose microcristalina. INFORMAÇÕES AO PACIENTE Leia com atenção as informações a seguir. Se tiver dúvidas, informe seu médico. 1. IDENTIFICAÇÃO DO MEDICAMENTO Rivotril® clonazepam Anticonvulsivante/Ansiolítico APRESENTAÇÕES Comprimidos de 0,5 mg ou 2 mg. Caixa com 20 ou 30 comprimidos. VIA ORAL USO ADULTO E PEDIÁTRICO COMPOSIÇÃO Comprimidos de 0,5 mg Princípio ativo: clonazepam...............................................................................................................................0,5 mg. Excipientes: lactose, amido de milho, amido pré-gelatinizado, óxido de ferro amarelo, óxido férrico, talco, estearato de magnésio. Comprimidos de 2,0 mg Princípio ativo: clonazepam...............................................................................................................................2,0 mg. Excipientes: lactose, amido pré-gelatinizado, estearato de magnésio, celulose microcristalina. INFORMAÇÕES AO PACIENTE Leia com atenção as informações a seguir. Se tiver dúvidas, informe seu médico. 1. IDENTIFICAÇÃO DO MEDICAMENTO Rivotril® clonazepam Anticonvulsivante/Ansiolítico APRESENTAÇÕES Comprimidos de 0,5 mg ou 2 mg. Caixa com 20 ou 30 comprimidos. VIA ORAL USO ADULTO E PEDIÁTRICO COMPOSIÇÃO Comprimidos de 0,5 mg Princípio ativo: clonazepam...............................................................................................................................0,5 mg. Excipientes: lactose, amido de milho, amido pré-gelatinizado, óxido de ferro amarelo, óxido férrico, talco, estearato de magnésio. Comprimidos de 2,0 mg Princípio ativo: clonazepam...............................................................................................................................2,0 mg. Excipientes: lactose, amido pré-gelatinizado, estearato de magnésio, celulose microcristalina. INFORMAÇÕES AO PACIENTE Leia com atenção as informações a seguir. Se tiver dúvidas, informe seu médico. 1. IDENTIFICAÇÃO DO MEDICAMENTO Rivotril® clonazepam Anticonvulsivante/Ansiolítico APRESENTAÇÕES Comprimidos de 0,5 mg ou 2 mg. Caixa com 20 ou 30 comprimidos. VIA ORAL USO ADULTO E PEDIÁTRICO COMPOSIÇÃO Comprimidos de 0,5 mg Princípio ativo: clonazepam...............................................................................................................................0,5 mg. Excipientes: lactose, amido de milho, amido pré-gelatinizado, óxido de ferro amarelo, óxido férrico, talco, estearato de magnésio. Comprimidos de 2,0 mg Princípio ativo: clonazepam...............................................................................................................................2,0 mg. Excipientes: lactose, amido pré-gelatinizado, estearato de magnésio, celulose microcristalina. INFORMAÇÕES AO PACIENTE Leia com atenção as informações a seguir. Se tiver dúvidas, informe seu médico. 1. IDENTIFICAÇÃO DO MEDICAMENTO Rivotril® clonazepam Anticonvulsivante/Ansiolítico APRESENTAÇÕES Comprimidos de 0,5 mg ou 2 mg. Caixa com 20 ou 30 comprimidos. VIA ORAL USO ADULTO E PEDIÁTRICO COMPOSIÇÃO Comprimidos de 0,5 mg Princípio ativo: clonazepam...............................................................................................................................0,5 mg. Excipientes: lactose, amido de milho, amido pré-gelatinizado, óxido de ferro amarelo, óxido férrico, talco, estearato de magnésio. Comprimidos de 2,0 mg Princípio ativo: clonazepam...............................................................................................................................2,0 mg. Excipientes: lactose, amido pré-gelatinizado, estearato de magnésio, celulose microcristalina. INFORMAÇÕES AO PACIENTE Leia com atenção as informações a seguir. Se tiver dúvidas, informe seu médico. 1. IDENTIFICAÇÃO DO MEDICAMENTO Rivotril® clonazepam Anticonvulsivante/Ansiolítico APRESENTAÇÕES Comprimidos de 0,5 mg ou 2 mg. Caixa com 20 ou 30 comprimidos. VIA ORAL USO ADULTO E PEDIÁTRICO COMPOSIÇÃO Comprimidos de 0,5 mg Princípio ativo: clonazepam...............................................................................................................................0,5 mg. Excipientes: lactose, amido de milho, amido pré-gelatinizado, óxido de ferro amarelo, óxido férrico, talco, estearato de magnésio. Comprimidos de 2,0 mg Princípio ativo: clonazepam...............................................................................................................................2,0 mg. Excipientes: lactose, amido pré-gelatinizado, estearato de magnésio, celulose microcristalina. INFORMAÇÕES AO PACIENTE Leia com atenção as informações a seguir. Se tiver dúvidas, informe seu médico. 1. IDENTIFICAÇÃO DO MEDICAMENTO Rivotril® clonazepam Anticonvulsivante/Ansiolítico APRESENTAÇÕES Comprimidos de 0,5 mg ou 2 mg. Caixa com 20 ou 30 comprimidos. VIA ORAL USO ADULTO E PEDIÁTRICO COMPOSIÇÃO Comprimidos de 0,5 mg Princípio ativo: clonazepam...............................................................................................................................0,5 mg. Excipientes: lactose, amido de milho, amido pré-gelatinizado, óxido de ferro amarelo, óxido férrico, talco, estearato de magnésio. Comprimidos de 2,0 mg Princípio ativo: clonazepam...............................................................................................................................2,0 mg. Excipientes: lactose, amido pré-gelatinizado, estearato de magnésio, celulose microcristalina. INFORMAÇÕES AO PACIENTE Leia com atenção as informações a seguir. Se tiver dúvidas, informe seu médico. 1. IDENTIFICAÇÃO DO MEDICAMENTO Rivotril® clonazepam Anticonvulsivante/Ansiolítico APRESENTAÇÕES Comprimidos de 0,5 mg ou 2 mg. Caixa com 20 ou 30 comprimidos. VIA ORAL USO ADULTO E PEDIÁTRICO COMPOSIÇÃO Comprimidos de 0,5 mg Princípio ativo: clonazepam...............................................................................................................................0,5 mg. Excipientes: lactose, amido de milho, amido pré-gelatinizado, óxido de ferro amarelo, óxido férrico, talco, estearato de magnésio. Comprimidos de 2,0 mg Princípio ativo: clonazepam...............................................................................................................................2,0 mg. Excipientes: lactose, amido pré-gelatinizado, estearato de magnésio, celulose microcristalina. INFORMAÇÕES AO PACIENTE Leia com atenção as informações a seguir. Se tiver dúvidas, informe seu médico. 1. IDENTIFICAÇÃO DO MEDICAMENTO Rivotril® clonazepam Anticonvulsivante/Ansiolítico APRESENTAÇÕES Comprimidos de 0,5 mg ou 2 mg. Caixa com 20 ou 30 comprimidos. VIA ORAL USO ADULTO E PEDIÁTRICO COMPOSIÇÃO Comprimidos de 0,5 mg Princípio ativo: clonazepam...............................................................................................................................0,5 mg. Excipientes: lactose, amido de milho, amido pré-gelatinizado, óxido de ferro amarelo, óxido férrico, talco, estearato de magnésio. Comprimidos de 2,0 mg Princípio ativo: clonazepam...............................................................................................................................2,0 mg. Excipientes: lactose, amido pré-gelatinizado, estearato de magnésio, celulose microcristalina. INFORMAÇÕES AO PACIENTE Leia com atenção as informações a seguir. Se tiver dúvidas, informe seu médico. 1. IDENTIFICAÇÃO DO MEDICAMENTO Rivotril® clonazepam Anticonvulsivante/Ansiolítico APRESENTAÇÕES Comprimidos de 0,5 mg ou 2 mg. Caixa com 20 ou 30 comprimidos. VIA ORAL USO ADULTO E PEDIÁTRICO COMPOSIÇÃO Comprimidos de 0,5 mg Princípio ativo: clonazepam...............................................................................................................................0,5 mg. Excipientes: lactose, amido de milho, amido pré-gelatinizado, óxido de ferro amarelo, óxido férrico, talco, estearato de magnésio. Comprimidos de 2,0 mg Princípio ativo: clonazepam...............................................................................................................................2,0 mg. Excipientes: lactose, amido pré-gelatinizado, estearato de magnésio, celulose microcristalina. INFORMAÇÕES AO PACIENTE Leia com atenção as informações a seguir. Se tiver dúvidas, informe seu médico. 1. IDENTIFICAÇÃO DO MEDICAMENTO Rivotril® clonazepam Anticonvulsivante/Ansiolítico APRESENTAÇÕES Comprimidos de 0,5 mg ou 2 mg. Caixa com 20 ou 30 comprimidos. VIA ORAL USO ADULTO E PEDIÁTRICO COMPOSIÇÃO Comprimidos de 0,5 mg Princípio ativo: clonazepam...............................................................................................................................0,5 mg. Excipientes: lactose, amido de milho, amido pré-gelatinizado, óxido de ferro amarelo, óxido férrico, talco, estearato de magnésio. Comprimidos de 2,0 mg Princípio ativo: clonazepam...............................................................................................................................2,0 mg. Excipientes: lactose, amido pré-gelatinizado, estearato de magnésio, celulose microcristalina. INFORMAÇÕES AO PACIENTE Leia com atenção as informações a seguir. Se tiver dúvidas, informe seu médico. 1. IDENTIFICAÇÃO DO MEDICAMENTO Rivotril® clonazepam Anticonvulsivante/Ansiolítico APRESENTAÇÕES Comprimidos de 0,5 mg ou 2 mg. Caixa com 20 ou 30 comprimidos. VIA ORAL USO ADULTO E PEDIÁTRICO COMPOSIÇÃO Comprimidos de 0,5 mg Princípio ativo: clonazepam...............................................................................................................................0,5 mg. Excipientes: lactose, amido de milho, amido pré-gelatinizado, óxido de ferro amarelo, óxido férrico, talco, estearato de magnésio. Comprimidos de 2,0 mg Princípio ativo: clonazepam...............................................................................................................................2,0 mg. Excipientes: lactose, amido pré-gelatinizado, estearato de magnésio, celulose microcristalina. INFORMAÇÕES AO PACIENTE Leia com atenção as informações a seguir. Se tiver dúvidas, informe seu médico. 1. IDENTIFICAÇÃO DO MEDICAMENTO Rivotril® clonazepam Anticonvulsivante/Ansiolítico APRESENTAÇÕES Comprimidos de 0,5 mg ou 2 mg. Caixa com 20 ou 30 comprimidos. VIA ORAL USO ADULTO E PEDIÁTRICO COMPOSIÇÃO Comprimidos de 0,5 mg Princípio ativo: clonazepam...............................................................................................................................0,5 mg. Excipientes: lactose, amido de milho, amido pré-gelatinizado, óxido de ferro amarelo, óxido férrico, talco, estearato de magnésio. Comprimidos de 2,0 mg Princípio ativo: clonazepam...............................................................................................................................2,0 mg. Excipientes: lactose, amido pré-gelatinizado, estearato de magnésio, celulose microcristalina. INFORMAÇÕES AO PACIENTE Leia com atenção as informações a seguir. Se tiver dúvidas, informe seu médico. 1. IDENTIFICAÇÃO DO MEDICAMENTO Rivotril® clonazepam Anticonvulsivante/Ansiolítico APRESENTAÇÕES Comprimidos de 0,5 mg ou 2 mg. Caixa com 20 ou 30 comprimidos. VIA ORAL USO ADULTO E PEDIÁTRICO COMPOSIÇÃO Comprimidos de 0,5 mg Princípio ativo: clonazepam...............................................................................................................................0,5 mg. Excipientes: lactose, amido de milho, amido pré-gelatinizado, óxido de ferro amarelo, óxido férrico, talco, estearato de magnésio. Comprimidos de 2,0 mg Princípio ativo: clonazepam...............................................................................................................................2,0 mg. Excipientes: lactose, amido pré-gelatinizado, estearato de magnésio, celulose microcristalina. INFORMAÇÕES AO PACIENTE Leia com atenção as informações a seguir. Se tiver dúvidas, informe seu médico. 1. IDENTIFICAÇÃO DO MEDICAMENTO Rivotril® clonazepam Anticonvulsivante/Ansiolítico APRESENTAÇÕES Comprimidos de 0,5 mg ou 2 mg. Caixa com 20 ou 30 comprimidos. VIA ORAL USO ADULTO E PEDIÁTRICO COMPOSIÇÃO Comprimidos de 0,5 mg Princípio ativo: clonazepam...............................................................................................................................0,5 mg. Excipientes: lactose, amido de milho, amido pré-gelatinizado, óxido de ferro amarelo, óxido férrico, talco, estearato de magnésio. Comprimidos de 2,0 mg Princípio ativo: clonazepam...............................................................................................................................2,0 mg. Excipientes: lactose, amido pré-gelatinizado, estearato de magnésio, celulose microcristalina. INFORMAÇÕES AO PACIENTE Leia com atenção as informações a seguir. Se tiver dúvidas, informe seu médico. 1. IDENTIFICAÇÃO DO MEDICAMENTO Rivotril® clonazepam Anticonvulsivante/Ansiolítico APRESENTAÇÕES Comprimidos de 0,5 mg ou 2 mg. Caixa com 20 ou 30 comprimidos. VIA ORAL USO ADULTO E PEDIÁTRICO COMPOSIÇÃO Comprimidos de 0,5 mg Princípio ativo: clonazepam...............................................................................................................................0,5 mg. Excipientes: lactose, amido de milho, amido pré-gelatinizado, óxido de ferro amarelo, óxido férrico, talco, estearato de magnésio. Comprimidos de 2,0 mg Princípio ativo: clonazepam...............................................................................................................................2,0 mg. Excipientes: lactose, amido pré-gelatinizado, estearato de magnésio, celulose microcristalina. INFORMAÇÕES AO PACIENTE Leia com atenção as informações a seguir. Se tiver dúvidas, informe seu médico. 1. IDENTIFICAÇÃO DO MEDICAMENTO Rivotril® clonazepam Anticonvulsivante/Ansiolítico APRESENTAÇÕES Comprimidos de 0,5 mg ou 2 mg. Caixa com 20 ou 30 comprimidos. VIA ORAL USO ADULTO E PEDIÁTRICO COMPOSIÇÃO Comprimidos de 0,5 mg Princípio ativo: clonazepam...............................................................................................................................0,5 mg. Excipientes: lactose, amido de milho, amido pré-gelatinizado, óxido de ferro amarelo, óxido férrico, talco, estearato de magnésio. Comprimidos de 2,0 mg Princípio ativo: clonazepam...............................................................................................................................2,0 mg. Excipientes: lactose, amido pré-gelatinizado, estearato de magnésio, celulose microcristalina. INFORMAÇÕES AO PACIENTE Leia com atenção as informações a seguir. Se tiver dúvidas, informe seu médico. 1. IDENTIFICAÇÃO DO MEDICAMENTO Rivotril® clonazepam Anticonvulsivante/Ansiolítico APRESENTAÇÕES Comprimidos de 0,5 mg ou 2 mg. Caixa com 20 ou 30 comprimidos. VIA ORAL USO ADULTO E PEDIÁTRICO COMPOSIÇÃO Comprimidos de 0,5 mg Princípio ativo: clonazepam...............................................................................................................................0,5 mg. Excipientes: lactose, amido de milho, amido pré-gelatinizado, óxido de ferro amarelo, óxido férrico, talco, estearato de magnésio. Comprimidos de 2,0 mg Princípio ativo: clonazepam...............................................................................................................................2,0 mg. Excipientes: lactose, amido pré-gelatinizado, estearato de magnésio, celulose microcristalina. INFORMAÇÕES AO PACIENTE Leia com atenção as informações a seguir. Se tiver dúvidas, informe seu médico. 1. IDENTIFICAÇÃO DO MEDICAMENTO Rivotril® clonazepam Anticonvulsivante/Ansiolítico APRESENTAÇÕES Comprimidos de 0,5 mg ou 2 mg. Caixa com 20 ou 30 comprimidos. VIA ORAL USO ADULTO E PEDIÁTRICO COMPOSIÇÃO Comprimidos de 0,5 mg Princípio ativo: clonazepam...............................................................................................................................0,5 mg. Excipientes: lactose, amido de milho, amido pré-gelatinizado, óxido de ferro amarelo, óxido férrico, talco, estearato de magnésio. Comprimidos de 2,0 mg Princípio ativo: clonazepam...............................................................................................................................2,0 mg. Excipientes: lactose, amido pré-gelatinizado, estearato de magnésio, celulose microcristalina. INFORMAÇÕES AO PACIENTE Leia com atenção as informações a seguir. Se tiver dúvidas, informe seu médico. 1. IDENTIFICAÇÃO DO MEDICAMENTO Rivotril® clonazepam Anticonvulsivante/Ansiolítico APRESENTAÇÕES Comprimidos de 0,5 mg ou 2 mg. Caixa com 20 ou 30 comprimidos. VIA ORAL USO ADULTO E PEDIÁTRICO COMPOSIÇÃO Comprimidos de 0,5 mg Princípio ativo: clonazepam...............................................................................................................................0,5 mg. Excipientes: lactose, amido de milho, amido pré-gelatinizado, óxido de ferro amarelo, óxido férrico, talco, estearato de magnésio. Comprimidos de 2,0 mg Princípio ativo: clonazepam...............................................................................................................................2,0 mg. Excipientes: lactose, amido pré-gelatinizado, estearato de magnésio, celulose microcristalina. INFORMAÇÕES AO PACIENTE Leia com atenção as informações a seguir. Se tiver dúvidas, informe seu médico. 1. IDENTIFICAÇÃO DO MEDICAMENTO Rivotril® clonazepam Anticonvulsivante/Ansiolítico APRESENTAÇÕES Comprimidos de 0,5 mg ou 2 mg. Caixa com 20 ou 30 comprimidos. VIA ORAL USO ADULTO E PEDIÁTRICO COMPOSIÇÃO Comprimidos de 0,5 mg Princípio ativo: clonazepam...............................................................................................................................0,5 mg. Excipientes: lactose, amido de milho, amido pré-gelatinizado, óxido de ferro amarelo, óxido férrico, talco, estearato de magnésio. Comprimidos de 2,0 mg Princípio ativo: clonazepam...............................................................................................................................2,0 mg. Excipientes: lactose, amido pré-gelatinizado, estearato de magnésio, celulose microcristalina. INFORMAÇÕES AO PACIENTE Leia com atenção as informações a seguir. Se tiver dúvidas, informe seu médico. 1. IDENTIFICAÇÃO DO MEDICAMENTO Rivotril® clonazepam Anticonvulsivante/Ansiolítico APRESENTAÇÕES Comprimidos de 0,5 mg ou 2 mg. Caixa com 20 ou 30 comprimidos. VIA ORAL USO ADULTO E PEDIÁTRICO COMPOSIÇÃO Comprimidos de 0,5 mg Princípio ativo: clonazepam...............................................................................................................................0,5 mg. Excipientes: lactose, amido de milho, amido pré-gelatinizado, óxido de ferro amarelo, óxido férrico, talco, estearato de magnésio. Comprimidos de 2,0 mg Princípio ativo: clonazepam...............................................................................................................................2,0 mg. Excipientes: lactose, amido pré-gelatinizado, estearato de magnésio, celulose microcristalina. INFORMAÇÕES AO PACIENTE Leia com atenção as informações a seguir. Se tiver dúvidas, informe seu médico. 1. IDENTIFICAÇÃO DO MEDICAMENTO Rivotril® clonazepam Anticonvulsivante/Ansiolítico APRESENTAÇÕES Comprimidos de 0,5 mg ou 2 mg. Caixa com 20 ou 30 comprimidos. VIA ORAL USO ADULTO E PEDIÁTRICO COMPOSIÇÃO Comprimidos de 0,5 mg Princípio ativo: clonazepam...............................................................................................................................0,5 mg. Excipientes: lactose, amido de milho, amido pré-gelatinizado, óxido de ferro amarelo, óxido férrico, talco, estearato de magnésio. Comprimidos de 2,0 mg Princípio ativo: clonazepam...............................................................................................................................2,0 mg. Excipientes: lactose, amido pré-gelatinizado, estearato de magnésio, celulose microcristalina. INFORMAÇÕES AO PACIENTE Leia com atenção as informações a seguir. Se tiver dúvidas, informe seu médico. 1. IDENTIFICAÇÃO DO MEDICAMENTO Rivotril® clonazepam Anticonvulsivante/Ansiolítico APRESENTAÇÕES Comprimidos de 0,5 mg ou 2 mg. Caixa com 20 ou 30 comprimidos. VIA ORAL USO ADULTO E PEDIÁTRICO COMPOSIÇÃO Comprimidos de 0,5 mg Princípio ativo: clonazepam...............................................................................................................................0,5 mg. Excipientes: lactose, amido de milho, amido pré-gelatinizado, óxido de ferro amarelo, óxido férrico, talco, estearato de magnésio. Comprimidos de 2,0 mg Princípio ativo: clonazepam...............................................................................................................................2,0 mg. Excipientes: lactose, amido pré-gelatinizado, estearato de magnésio, celulose microcristalina. INFORMAÇÕES AO PACIENTE Leia com atenção as informações a seguir. Se tiver dúvidas, informe seu médico. 1. IDENTIFICAÇÃO DO MEDICAMENTO Rivotril® clonazepam Anticonvulsivante/Ansiolítico APRESENTAÇÕES Comprimidos de 0,5 mg ou 2 mg. Caixa com 20 ou 30 comprimidos. VIA ORAL USO ADULTO E PEDIÁTRICO COMPOSIÇÃO Comprimidos de 0,5 mg Princípio ativo: clonazepam...............................................................................................................................0,5 mg. Excipientes: lactose, amido de milho, amido pré-gelatinizado, óxido de ferro amarelo, óxido férrico, talco, estearato de magnésio. Comprimidos de 2,0 mg Princípio ativo: clonazepam...............................................................................................................................2,0 mg. Excipientes: lactose, amido pré-gelatinizado, estearato de magnésio, celulose microcristalina. INFORMAÇÕES AO PACIENTE Leia com atenção as informações a seguir. Se tiver dúvidas, informe seu médico. 1. IDENTIFICAÇÃO DO MEDICAMENTO Rivotril® clonazepam Anticonvulsivante/Ansiolítico APRESENTAÇÕES Comprimidos de 0,5 mg ou 2 mg. Caixa com 20 ou 30 comprimidos. VIA ORAL USO ADULTO E PEDIÁTRICO COMPOSIÇÃO Comprimidos de 0,5 mg Princípio ativo: clonazepam...............................................................................................................................0,5 mg. Excipientes: lactose, amido de milho, amido pré-gelatinizado, óxido de ferro amarelo, óxido férrico, talco, estearato de magnésio. Comprimidos de 2,0 mg Princípio ativo: clonazepam...............................................................................................................................2,0 mg. Excipientes: lactose, amido pré-gelatinizado, estearato de magnésio, celulose microcristalina. INFORMAÇÕES AO PACIENTE Leia com atenção as informações a seguir. Se tiver dúvidas, informe seu médico. 1. IDENTIFICAÇÃO DO MEDICAMENTO Rivotril® clonazepam Anticonvulsivante/Ansiolítico APRESENTAÇÕES Comprimidos de 0,5 mg ou 2 mg. Caixa com 20 ou 30 comprimidos. VIA ORAL USO ADULTO E PEDIÁTRICO COMPOSIÇÃO Comprimidos de 0,5 mg Princípio ativo: clonazepam...............................................................................................................................0,5 mg. Excipientes: lactose, amido de milho, amido pré-gelatinizado, óxido de ferro amarelo, óxido férrico, talco, estearato de magnésio. Comprimidos de 2,0 mg Princípio ativo: clonazepam...............................................................................................................................2,0 mg. Excipientes: lactose, amido pré-gelatinizado, estearato de magnésio, celulose microcristalina. INFORMAÇÕES AO PACIENTE Leia com atenção as informações a seguir. Se tiver dúvidas, informe seu médico. 1. IDENTIFICAÇÃO DO MEDICAMENTO Rivotril® clonazepam Anticonvulsivante/Ansiolítico APRESENTAÇÕES Comprimidos de 0,5 mg ou 2 mg. Caixa com 20 ou 30 comprimidos. VIA ORAL USO ADULTO E PEDIÁTRICO COMPOSIÇÃO Comprimidos de 0,5 mg Princípio ativo: clonazepam...............................................................................................................................0,5 mg. Excipientes: lactose, amido de milho, amido pré-gelatinizado, óxido de ferro amarelo, óxido férrico, talco, estearato de magnésio. Comprimidos de 2,0 mg Princípio ativo: clonazepam...............................................................................................................................2,0 mg. Excipientes: lactose, amido pré-gelatinizado, estearato de magnésio, celulose microcristalina. INFORMAÇÕES AO PACIENTE Leia com atenção as informações a seguir. Se tiver dúvidas, informe seu médico. 1. IDENTIFICAÇÃO DO MEDICAMENTO Rivotril® clonazepam Anticonvulsivante/Ansiolítico APRESENTAÇÕES Comprimidos de 0,5 mg ou 2 mg. Caixa com 20 ou 30 comprimidos. VIA ORAL USO ADULTO E PEDIÁTRICO COMPOSIÇÃO Comprimidos de 0,5 mg Princípio ativo: clonazepam...............................................................................................................................0,5 mg. Excipientes: lactose, amido de milho, amido pré-gelatinizado, óxido de ferro amarelo, óxido férrico, talco, estearato de magnésio. Comprimidos de 2,0 mg Princípio ativo: clonazepam...............................................................................................................................2,0 mg. Excipientes: lactose, amido pré-gelatinizado, estearato de magnésio, celulose microcristalina. INFORMAÇÕES AO PACIENTE Leia com atenção as informações a seguir. Se tiver dúvidas, informe seu médico. 1. IDENTIFICAÇÃO DO MEDICAMENTO Rivotril® clonazepam Anticonvulsivante/Ansiolítico APRESENTAÇÕES Comprimidos de 0,5 mg ou 2 mg. Caixa com 20 ou 30 comprimidos. VIA ORAL USO ADULTO E PEDIÁTRICO COMPOSIÇÃO Comprimidos de 0,5 mg Princípio ativo: clonazepam...............................................................................................................................0,5 mg. Excipientes: lactose, amido de milho, amido pré-gelatinizado, óxido de ferro amarelo, óxido férrico, talco, estearato de magnésio. Comprimidos de 2,0 mg Princípio ativo: clonazepam...............................................................................................................................2,0 mg. Excipientes: lactose, amido pré-gelatinizado, estearato de magnésio, celulose microcristalina. INFORMAÇÕES AO PACIENTE Leia com atenção as informações a seguir. Se tiver dúvidas, informe seu médico. 1. IDENTIFICAÇÃO DO MEDICAMENTO Rivotril® clonazepam Anticonvulsivante/Ansiolítico APRESENTAÇÕES Comprimidos de 0,5 mg ou 2 mg. Caixa com 20 ou 30 comprimidos. VIA ORAL USO ADULTO E PEDIÁTRICO COMPOSIÇÃO Comprimidos de 0,5 mg Princípio ativo: clonazepam...............................................................................................................................0,5 mg. Excipientes: lactose, amido de milho, amido pré-gelatinizado,

---
*Esta resposta se baseia apenas nos trechos da bula recuperados e não substitui orientação médica ou farmacêutica.*","De acordo com a bula do medicamento RIVOTRIL, consta a seguinte informação: ""Rivotril® comprimidos de 0,5 mg ou 2 mg. Caixa com 20 ou 30 comprimidos. VIA ORAL USO ADULTO E PEDIÁTRICO COMPOSIÇÃO Comprimidos de 0,5 mg Princípio ativo: clonazepam...............................................................................................................................0,5 mg. Excipientes: lactose, amido de milho, amido pré-gelatinizado, óxido de ferro amarelo, óxido férrico, talco, estearato de magnésio. Comprimidos de 2,0 mg Princípio ativo: clonazepam...............................................................................................................................2,0 mg. Excipientes: lactose, amido pré-gelatinizado, estearato de magnésio, celulose microcristalina. INFORMAÇÕES AO PACIENTE Leia com atenção as informações a seguir. Se tiver dúvidas, informe seu médico. 1. IDENTIFICAÇÃO DO MEDICAMENTO Rivotril® clonazepam Anticonvulsivante/Ansiolítico APRESENTAÇÕES Comprimidos de 0,5 mg ou 2 mg. Caixa com 20 ou 30 comprimidos. VIA ORAL USO ADULTO E PEDIÁTRICO COMPOSIÇÃO Comprimidos de 0,5 mg Princípio ativo: clonazepam...............................................................................................................................0,5 mg. Excipientes: lactose, amido de milho, amido pré-gelatinizado, óxido de ferro amarelo, óxido férrico, talco, estearato de magnésio. Comprimidos de 2,0 mg Princípio ativo: clonazepam...............................................................................................................................2,0 mg. Excipientes: lactose, amido pré-gelatinizado, estearato de magnésio, celulose microcristalina. INFORMAÇÕES AO PACIENTE Leia com atenção as informações a seguir. Se tiver dúvidas, informe seu médico. 1. IDENTIFICAÇÃO DO MEDICAMENTO Rivotril® clonazepam Anticonvulsivante/Ansiolítico APRESENTAÇÕES Comprimidos de 0,5 mg ou 2 mg. Caixa com 20 ou 30 comprimidos. VIA ORAL USO ADULTO E PEDIÁTRICO COMPOSIÇÃO Comprimidos de 0,5 mg Princípio ativo: clonazepam...............................................................................................................................0,5 mg. Excipientes: lactose, amido de milho, amido pré-gelatinizado, óxido de ferro amarelo, óxido férrico, talco, estearato de magnésio. Comprimidos de 2,0 mg Princípio ativo: clonazepam...............................................................................................................................2,0 mg. Excipientes: lactose, amido pré-gelatinizado, estearato de magnésio, celulose microcristalina. INFORMAÇÕES AO PACIENTE Leia com atenção as informações a seguir. Se tiver dúvidas, informe seu médico. 1. IDENTIFICAÇÃO DO MEDICAMENTO Rivotril® clonazepam Anticonvulsivante/Ansiolítico APRESENTAÇÕES Comprimidos de 0,5 mg ou 2 mg. Caixa com 20 ou 30 comprimidos. VIA ORAL USO ADULTO E PEDIÁTRICO COMPOSIÇÃO Comprimidos de 0,5 mg Princípio ativo: clonazepam...............................................................................................................................0,5 mg. Excipientes: lactose, amido de milho, amido pré-gelatinizado, óxido de ferro amarelo, óxido férrico, talco, estearato de magnésio. Comprimidos de 2,0 mg Princípio ativo: clonazepam...............................................................................................................................2,0 mg. Excipientes: lactose, amido pré-gelatinizado, estearato de magnésio, celulose microcristalina. INFORMAÇÕES AO PACIENTE Leia com atenção as informações a seguir. Se tiver dúvidas, informe seu médico. 1. IDENTIFICAÇÃO DO MEDICAMENTO Rivotril® clonazepam Anticonvulsivante/Ansiolítico APRESENTAÇÕES Comprimidos de 0,5 mg ou 2 mg. Caixa com 20 ou 30 comprimidos. VIA ORAL USO ADULTO E PEDIÁTRICO COMPOSIÇÃO Comprimidos de 0,5 mg Princípio ativo: clonazepam...............................................................................................................................0,5 mg. Excipientes: lactose, amido de milho, amido pré-gelatinizado, óxido de ferro amarelo, óxido férrico, talco, estearato de magnésio. Comprimidos de 2,0 mg Princípio ativo: clonazepam...............................................................................................................................2,0 mg. Excipientes: lactose, amido pré-gelatinizado, estearato de magnésio, celulose microcristalina. INFORMAÇÕES AO PACIENTE Leia com atenção as informações a seguir. Se tiver dúvidas, informe seu médico. 1. IDENTIFICAÇÃO DO MEDICAMENTO Rivotril® clonazepam Anticonvulsivante/Ansiolítico APRESENTAÇÕES Comprimidos de 0,5 mg ou 2 mg. Caixa com 20 ou 30 comprimidos. VIA ORAL USO ADULTO E PEDIÁTRICO COMPOSIÇÃO Comprimidos de 0,5 mg Princípio ativo: clonazepam...............................................................................................................................0,5 mg. Excipientes: lactose, amido de milho, amido pré-gelatinizado, óxido de ferro amarelo, óxido férrico, talco, estearato de magnésio. Comprimidos de 2,0 mg Princípio ativo: clonazepam...............................................................................................................................2,0 mg. Excipientes: lactose, amido pré-gelatinizado, estearato de magnésio, celulose microcristalina. INFORMAÇÕES AO PACIENTE Leia com atenção as informações a seguir. Se tiver dúvidas, informe seu médico. 1. IDENTIFICAÇÃO DO MEDICAMENTO Rivotril® clonazepam Anticonvulsivante/Ansiolítico APRESENTAÇÕES Comprimidos de 0,5 mg ou 2 mg. Caixa com 20 ou 30 comprimidos. VIA ORAL USO ADULTO E PEDIÁTRICO COMPOSIÇÃO Comprimidos de 0,5 mg Princípio ativo: clonazepam...............................................................................................................................0,5 mg. Excipientes: lactose, amido de milho, amido pré-gelatinizado, óxido de ferro amarelo, óxido férrico, talco, estearato de magnésio. Comprimidos de 2,0 mg Princípio ativo: clonazepam...............................................................................................................................2,0 mg. Excipientes: lactose, amido pré-gelatinizado, estearato de magnésio, celulose microcristalina. INFORMAÇÕES AO PACIENTE Leia com atenção as informações a seguir. Se tiver dúvidas, informe seu médico. 1. IDENTIFICAÇÃO DO MEDICAMENTO Rivotril® clonazepam Anticonvulsivante/Ansiolítico APRESENTAÇÕES Comprimidos de 0,5 mg ou 2 mg. Caixa com 20 ou 30 comprimidos. VIA ORAL USO ADULTO E PEDIÁTRICO COMPOSIÇÃO Comprimidos de 0,5 mg Princípio ativo: clonazepam...............................................................................................................................0,5 mg. Excipientes: lactose, amido de milho, amido pré-gelatinizado, óxido de ferro amarelo, óxido férrico, talco, estearato de magnésio. Comprimidos de 2,0 mg Princípio ativo: clonazepam...............................................................................................................................2,0 mg. Excipientes: lactose, amido pré-gelatinizado, estearato de magnésio, celulose microcristalina. INFORMAÇÕES AO PACIENTE Leia com atenção as informações a seguir. Se tiver dúvidas, informe seu médico. 1. IDENTIFICAÇÃO DO MEDICAMENTO Rivotril® clonazepam Anticonvulsivante/Ansiolítico APRESENTAÇÕES Comprimidos de 0,5 mg ou 2 mg. Caixa com 20 ou 30 comprimidos. VIA ORAL USO ADULTO E PEDIÁTRICO COMPOSIÇÃO Comprimidos de 0,5 mg Princípio ativo: clonazepam...............................................................................................................................0,5 mg. Excipientes: lactose, amido de milho, amido pré-gelatinizado, óxido de ferro amarelo, óxido férrico, talco, estearato de magnésio. Comprimidos de 2,0 mg Princípio ativo: clonazepam...............................................................................................................................2,0 mg. Excipientes: lactose, amido pré-gelatinizado, estearato de magnésio, celulose microcristalina. INFORMAÇÕES AO PACIENTE Leia com atenção as informações a seguir. Se tiver dúvidas, informe seu médico. 1. IDENTIFICAÇÃO DO MEDICAMENTO Rivotril® clonazepam Anticonvulsivante/Ansiolítico APRESENTAÇÕES Comprimidos de 0,5 mg ou 2 mg. Caixa com 20 ou 30 comprimidos. VIA ORAL USO ADULTO E PEDIÁTRICO COMPOSIÇÃO Comprimidos de 0,5 mg Princípio ativo: clonazepam...............................................................................................................................0,5 mg. Excipientes: lactose, amido de milho, amido pré-gelatinizado, óxido de ferro amarelo, óxido férrico, talco, estearato de magnésio. Comprimidos de 2,0 mg Princípio ativo: clonazepam...............................................................................................................................2,0 mg. Excipientes: lactose, amido pré-gelatinizado, estearato de magnésio, celulose microcristalina. INFORMAÇÕES AO PACIENTE Leia com atenção as informações a seguir. Se tiver dúvidas, informe seu médico. 1. IDENTIFICAÇÃO DO MEDICAMENTO Rivotril® clonazepam Anticonvulsivante/Ansiolítico APRESENTAÇÕES Comprimidos de 0,5 mg ou 2 mg. Caixa com 20 ou 30 comprimidos. VIA ORAL USO ADULTO E PEDIÁTRICO COMPOSIÇÃO Comprimidos de 0,5 mg Princípio ativo: clonazepam...............................................................................................................................0,5 mg. Excipientes: lactose, amido de milho, amido pré-gelatinizado, óxido de ferro amarelo, óxido férrico, talco, estearato de magnésio. Comprimidos de 2,0 mg Princípio ativo: clonazepam...............................................................................................................................2,0 mg. Excipientes: lactose, amido pré-gelatinizado, estearato de magnésio, celulose microcristalina. INFORMAÇÕES AO PACIENTE Leia com atenção as informações a seguir. Se tiver dúvidas, informe seu médico. 1. IDENTIFICAÇÃO DO MEDICAMENTO Rivotril® clonazepam Anticonvulsivante/Ansiolítico APRESENTAÇÕES Comprimidos de 0,5 mg ou 2 mg. Caixa com 20 ou 30 comprimidos. VIA ORAL USO ADULTO E PEDIÁTRICO COMPOSIÇÃO Comprimidos de 0,5 mg Princípio ativo: clonazepam...............................................................................................................................0,5 mg. Excipientes: lactose, amido de milho, amido pré-gelatinizado, óxido de ferro amarelo, óxido férrico, talco, estearato de magnésio. Comprimidos de 2,0 mg Princípio ativo: clonazepam...............................................................................................................................2,0 mg. Excipientes: lactose, amido pré-gelatinizado, estearato de magnésio, celulose microcristalina. INFORMAÇÕES AO PACIENTE Leia com atenção as informações a seguir. Se tiver dúvidas, informe seu médico. 1. IDENTIFICAÇÃO DO MEDICAMENTO Rivotril® clonazepam Anticonvulsivante/Ansiolítico APRESENTAÇÕES Comprimidos de 0,5 mg ou 2 mg. Caixa com 20 ou 30 comprimidos. VIA ORAL USO ADULTO E PEDIÁTRICO COMPOSIÇÃO Comprimidos de 0,5 mg Princípio ativo: clonazepam...............................................................................................................................0,5 mg. Excipientes: lactose, amido de milho, amido pré-gelatinizado, óxido de ferro amarelo, óxido férrico, talco, estearato de magnésio. Comprimidos de 2,0 mg Princípio ativo: clonazepam...............................................................................................................................2,0 mg. Excipientes: lactose, amido pré-gelatinizado, estearato de magnésio, celulose microcristalina. INFORMAÇÕES AO PACIENTE Leia com atenção as informações a seguir. Se tiver dúvidas, informe seu médico. 1. IDENTIFICAÇÃO DO MEDICAMENTO Rivotril® clonazepam Anticonvulsivante/Ansiolítico APRESENTAÇÕES Comprimidos de 0,5 mg ou 2 mg. Caixa com 20 ou 30 comprimidos. VIA ORAL USO ADULTO E PEDIÁTRICO COMPOSIÇÃO Comprimidos de 0,5 mg Princípio ativo: clonazepam...............................................................................................................................0,5 mg. Excipientes: lactose, amido de milho, amido pré-gelatinizado, óxido de ferro amarelo, óxido férrico, talco, estearato de magnésio. Comprimidos de 2,0 mg Princípio ativo: clonazepam...............................................................................................................................2,0 mg. Excipientes: lactose, amido pré-gelatinizado, estearato de magnésio, celulose microcristalina. INFORMAÇÕES AO PACIENTE Leia com atenção as informações a seguir. Se tiver dúvidas, informe seu médico. 1. IDENTIFICAÇÃO DO MEDICAMENTO Rivotril® clonazepam Anticonvulsivante/Ansiolítico APRESENTAÇÕES Comprimidos de 0,5 mg ou 2 mg. Caixa com 20 ou 30 comprimidos. VIA ORAL USO ADULTO E PEDIÁTRICO COMPOSIÇÃO Comprimidos de 0,5 mg Princípio ativo: clonazepam...............................................................................................................................0,5 mg. Excipientes: lactose, amido de milho, amido pré-gelatinizado, óxido de ferro amarelo, óxido férrico, talco, estearato de magnésio. Comprimidos de 2,0 mg Princípio ativo: clonazepam...............................................................................................................................2,0 mg. Excipientes: lactose, amido pré-gelatinizado, estearato de magnésio, celulose microcristalina. INFORMAÇÕES AO PACIENTE Leia com atenção as informações a seguir. Se tiver dúvidas, informe seu médico. 1. IDENTIFICAÇÃO DO MEDICAMENTO Rivotril® clonazepam Anticonvulsivante/Ansiolítico APRESENTAÇÕES Comprimidos de 0,5 mg ou 2 mg. Caixa com 20 ou 30 comprimidos. VIA ORAL USO ADULTO E PEDIÁTRICO COMPOSIÇÃO Comprimidos de 0,5 mg Princípio ativo: clonazepam...............................................................................................................................0,5 mg. Excipientes: lactose, amido de milho, amido pré-gelatinizado, óxido de ferro amarelo, óxido férrico, talco, estearato de magnésio. Comprimidos de 2,0 mg Princípio ativo: clonazepam...............................................................................................................................2,0 mg. Excipientes: lactose, amido pré-gelatinizado, estearato de magnésio, celulose microcristalina. INFORMAÇÕES AO PACIENTE Leia com atenção as informações a seguir. Se tiver dúvidas, informe seu médico. 1. IDENTIFICAÇÃO DO MEDICAMENTO Rivotril® clonazepam Anticonvulsivante/Ansiolítico APRESENTAÇÕES Comprimidos de 0,5 mg ou 2 mg. Caixa com 20 ou 30 comprimidos. VIA ORAL USO ADULTO E PEDIÁTRICO COMPOSIÇÃO Comprimidos de 0,5 mg Princípio ativo: clonazepam...............................................................................................................................0,5 mg. Excipientes: lactose, amido de milho, amido pré-gelatinizado, óxido de ferro amarelo, óxido férrico, talco, estearato de magnésio. Comprimidos de 2,0 mg Princípio ativo: clonazepam...............................................................................................................................2,0 mg. Excipientes: lactose, amido pré-gelatinizado, estearato de magnésio, celulose microcristalina. INFORMAÇÕES AO PACIENTE Leia com atenção as informações a seguir. Se tiver dúvidas, informe seu médico. 1. IDENTIFICAÇÃO DO MEDICAMENTO Rivotril® clonazepam Anticonvulsivante/Ansiolítico APRESENTAÇÕES Comprimidos de 0,5 mg ou 2 mg. Caixa com 20 ou 30 comprimidos. VIA ORAL USO ADULTO E PEDIÁTRICO COMPOSIÇÃO Comprimidos de 0,5 mg Princípio ativo: clonazepam...............................................................................................................................0,5 mg. Excipientes: lactose, amido de milho, amido pré-gelatinizado, óxido de ferro amarelo, óxido férrico, talco, estearato de magnésio. Comprimidos de 2,0 mg Princípio ativo: clonazepam...............................................................................................................................2,0 mg. Excipientes: lactose, amido pré-gelatinizado, estearato de magnésio, celulose microcristalina. INFORMAÇÕES AO PACIENTE Leia com atenção as informações a seguir. Se tiver dúvidas, informe seu médico. 1. IDENTIFICAÇÃO DO MEDICAMENTO Rivotril® clonazepam Anticonvulsivante/Ansiolítico APRESENTAÇÕES Comprimidos de 0,5 mg ou 2 mg. Caixa com 20 ou 30 comprimidos. VIA ORAL USO ADULTO E PEDIÁTRICO COMPOSIÇÃO Comprimidos de 0,5 mg Princípio ativo: clonazepam...............................................................................................................................0,5 mg. Excipientes: lactose, amido de milho, amido pré-gelatinizado, óxido de ferro amarelo, óxido férrico, talco, estearato de magnésio. Comprimidos de 2,0 mg Princípio ativo: clonazepam...............................................................................................................................2,0 mg. Excipientes: lactose, amido pré-gelatinizado, estearato de magnésio, celulose microcristalina. INFORMAÇÕES AO PACIENTE Leia com atenção as informações a seguir. Se tiver dúvidas, informe seu médico. 1. IDENTIFICAÇÃO DO MEDICAMENTO Rivotril® clonazepam Anticonvulsivante/Ansiolítico APRESENTAÇÕES Comprimidos de 0,5 mg ou 2 mg. Caixa com 20 ou 30 comprimidos. VIA ORAL USO ADULTO E PEDIÁTRICO COMPOSIÇÃO Comprimidos de 0,5 mg Princípio ativo: clonazepam...............................................................................................................................0,5 mg. Excipientes: lactose, amido de milho, amido pré-gelatinizado, óxido de ferro amarelo, óxido férrico, talco, estearato de magnésio. Comprimidos de 2,0 mg Princípio ativo: clonazepam...............................................................................................................................2,0 mg. Excipientes: lactose, amido pré-gelatinizado, estearato de magnésio, celulose microcristalina. INFORMAÇÕES AO PACIENTE Leia com atenção as informações a seguir. Se tiver dúvidas, informe seu médico. 1. IDENTIFICAÇÃO DO MEDICAMENTO Rivotril® clonazepam Anticonvulsivante/Ansiolítico APRESENTAÇÕES Comprimidos de 0,5 mg ou 2 mg. Caixa com 20 ou 30 comprimidos. VIA ORAL USO ADULTO E PEDIÁTRICO COMPOSIÇÃO Comprimidos de 0,5 mg Princípio ativo: clonazepam...............................................................................................................................0,5 mg. Excipientes: lactose, amido de milho, amido pré-gelatinizado, óxido de ferro amarelo, óxido férrico, talco, estearato de magnésio. Comprimidos de 2,0 mg Princípio ativo: clonazepam...............................................................................................................................2,0 mg. Excipientes: lactose, amido pré-gelatinizado, estearato de magnésio, celulose microcristalina. INFORMAÇÕES AO PACIENTE Leia com atenção as informações a seguir. Se tiver dúvidas, informe seu médico. 1. IDENTIFICAÇÃO DO MEDICAMENTO Rivotril® clonazepam Anticonvulsivante/Ansiolítico APRESENTAÇÕES Comprimidos de 0,5 mg ou 2 mg. Caixa com 20 ou 30 comprimidos. VIA ORAL USO ADULTO E PEDIÁTRICO COMPOSIÇÃO Comprimidos de 0,5 mg Princípio ativo: clonazepam...............................................................................................................................0,5 mg. Excipientes: lactose, amido de milho, amido pré-gelatinizado, óxido de ferro amarelo, óxido férrico, talco, estearato de magnésio. Comprimidos de 2,0 mg Princípio ativo: clonazepam...............................................................................................................................2,0 mg. Excipientes: lactose, amido pré-gelatinizado, estearato de magnésio, celulose microcristalina. INFORMAÇÕES AO PACIENTE Leia com atenção as informações a seguir. Se tiver dúvidas, informe seu médico. 1. IDENTIFICAÇÃO DO MEDICAMENTO Rivotril® clonazepam Anticonvulsivante/Ansiolítico APRESENTAÇÕES Comprimidos de 0,5 mg ou 2 mg. Caixa com 20 ou 30 comprimidos. VIA ORAL USO ADULTO E PEDIÁTRICO COMPOSIÇÃO Comprimidos de 0,5 mg Princípio ativo: clonazepam...............................................................................................................................0,5 mg. Excipientes: lactose, amido de milho, amido pré-gelatinizado, óxido de ferro amarelo, óxido férrico, talco, estearato de magnésio. Comprimidos de 2,0 mg Princípio ativo: clonazepam...............................................................................................................................2,0 mg. Excipientes: lactose, amido pré-gelatinizado, estearato de magnésio, celulose microcristalina. INFORMAÇÕES AO PACIENTE Leia com atenção as informações a seguir. Se tiver dúvidas, informe seu médico. 1. IDENTIFICAÇÃO DO MEDICAMENTO Rivotril® clonazepam Anticonvulsivante/Ansiolítico APRESENTAÇÕES Comprimidos de 0,5 mg ou 2 mg. Caixa com 20 ou 30 comprimidos. VIA ORAL USO ADULTO E PEDIÁTRICO COMPOSIÇÃO Comprimidos de 0,5 mg Princípio ativo: clonazepam...............................................................................................................................0,5 mg. Excipientes: lactose, amido de milho, amido pré-gelatinizado, óxido de ferro amarelo, óxido férrico, talco, estearato de magnésio. Comprimidos de 2,0 mg Princípio ativo: clonazepam...............................................................................................................................2,0 mg. Excipientes: lactose, amido pré-gelatinizado, estearato de magnésio, celulose microcristalina. INFORMAÇÕES AO PACIENTE Leia com atenção as informações a seguir. Se tiver dúvidas, informe seu médico. 1. IDENTIFICAÇÃO DO MEDICAMENTO Rivotril® clonazepam Anticonvulsivante/Ansiolítico APRESENTAÇÕES Comprimidos de 0,5 mg ou 2 mg. Caixa com 20 ou 30 comprimidos. VIA ORAL USO ADULTO E PEDIÁTRICO COMPOSIÇÃO Comprimidos de 0,5 mg Princípio ativo: clonazepam...............................................................................................................................0,5 mg. Excipientes: lactose, amido de milho, amido pré-gelatinizado, óxido de ferro amarelo, óxido férrico, talco, estearato de magnésio. Comprimidos de 2,0 mg Princípio ativo: clonazepam...............................................................................................................................2,0 mg. Excipientes: lactose, amido pré-gelatinizado, estearato de magnésio, celulose microcristalina. INFORMAÇÕES AO PACIENTE Leia com atenção as informações a seguir. Se tiver dúvidas, informe seu médico. 1. IDENTIFICAÇÃO DO MEDICAMENTO Rivotril® clonazepam Anticonvulsivante/Ansiolítico APRESENTAÇÕES Comprimidos de 0,5 mg ou 2 mg. Caixa com 20 ou 30 comprimidos. VIA ORAL USO ADULTO E PEDIÁTRICO COMPOSIÇÃO Comprimidos de 0,5 mg Princípio ativo: clonazepam...............................................................................................................................0,5 mg. Excipientes: lactose, amido de milho, amido pré-gelatinizado, óxido de ferro amarelo, óxido férrico, talco, estearato de magnésio. Comprimidos de 2,0 mg Princípio ativo: clonazepam...............................................................................................................................2,0 mg. Excipientes: lactose, amido pré-gelatinizado, estearato de magnésio, celulose microcristalina. INFORMAÇÕES AO PACIENTE Leia com atenção as informações a seguir. Se tiver dúvidas, informe seu médico. 1. IDENTIFICAÇÃO DO MEDICAMENTO Rivotril® clonazepam Anticonvulsivante/Ansiolítico APRESENTAÇÕES Comprimidos de 0,5 mg ou 2 mg. Caixa com 20 ou 30 comprimidos. VIA ORAL USO ADULTO E PEDIÁTRICO COMPOSIÇÃO Comprimidos de 0,5 mg Princípio ativo: clonazepam...............................................................................................................................0,5 mg. Excipientes: lactose, amido de milho, amido pré-gelatinizado, óxido de ferro amarelo, óxido férrico, talco, estearato de magnésio. Comprimidos de 2,0 mg Princípio ativo: clonazepam...............................................................................................................................2,0 mg. Excipientes: lactose, amido pré-gelatinizado, estearato de magnésio, celulose microcristalina. INFORMAÇÕES AO PACIENTE Leia com atenção as informações a seguir. Se tiver dúvidas, informe seu médico. 1. IDENTIFICAÇÃO DO MEDICAMENTO Rivotril® clonazepam Anticonvulsivante/Ansiolítico APRESENTAÇÕES Comprimidos de 0,5 mg ou 2 mg. Caixa com 20 ou 30 comprimidos. VIA ORAL USO ADULTO E PEDIÁTRICO COMPOSIÇÃO Comprimidos de 0,5 mg Princípio ativo: clonazepam...............................................................................................................................0,5 mg. Excipientes: lactose, amido de milho, amido pré-gelatinizado, óxido de ferro amarelo, óxido férrico, talco, estearato de magnésio. Comprimidos de 2,0 mg Princípio ativo: clonazepam...............................................................................................................................2,0 mg. Excipientes: lactose, amido pré-gelatinizado, estearato de magnésio, celulose microcristalina. INFORMAÇÕES AO PACIENTE Leia com atenção as informações a seguir. Se tiver dúvidas, informe seu médico. 1. IDENTIFICAÇÃO DO MEDICAMENTO Rivotril® clonazepam Anticonvulsivante/Ansiolítico APRESENTAÇÕES Comprimidos de 0,5 mg ou 2 mg. Caixa com 20 ou 30 comprimidos. VIA ORAL USO ADULTO E PEDIÁTRICO COMPOSIÇÃO Comprimidos de 0,5 mg Princípio ativo: clonazepam...............................................................................................................................0,5 mg. Excipientes: lactose, amido de milho, amido pré-gelatinizado, óxido de ferro amarelo, óxido férrico, talco, estearato de magnésio. Comprimidos de 2,0 mg Princípio ativo: clonazepam...............................................................................................................................2,0 mg. Excipientes: lactose, amido pré-gelatinizado, estearato de magnésio, celulose microcristalina. INFORMAÇÕES AO PACIENTE Leia com atenção as informações a seguir. Se tiver dúvidas, informe seu médico. 1. IDENTIFICAÇÃO DO MEDICAMENTO Rivotril® clonazepam Anticonvulsivante/Ansiolítico APRESENTAÇÕES Comprimidos de 0,5 mg ou 2 mg. Caixa com 20 ou 30 comprimidos. VIA ORAL USO ADULTO E PEDIÁTRICO COMPOSIÇÃO Comprimidos de 0,5 mg Princípio ativo: clonazepam...............................................................................................................................0,5 mg. Excipientes: lactose, amido de milho, amido pré-gelatinizado, óxido de ferro amarelo, óxido férrico, talco, estearato de magnésio. Comprimidos de 2,0 mg Princípio ativo: clonazepam...............................................................................................................................2,0 mg. Excipientes: lactose, amido pré-gelatinizado, estearato de magnésio, celulose microcristalina. INFORMAÇÕES AO PACIENTE Leia com atenção as informações a seguir. Se tiver dúvidas, informe seu médico. 1. IDENTIFICAÇÃO DO MEDICAMENTO Rivotril® clonazepam Anticonvulsivante/Ansiolítico APRESENTAÇÕES Comprimidos de 0,5 mg ou 2 mg. Caixa com 20 ou 30 comprimidos. VIA ORAL USO ADULTO E PEDIÁTRICO COMPOSIÇÃO Comprimidos de 0,5 mg Princípio ativo: clonazepam...............................................................................................................................0,5 mg. Excipientes: lactose, amido de milho, amido pré-gelatinizado, óxido de ferro amarelo, óxido férrico, talco, estearato de magnésio. Comprimidos de 2,0 mg Princípio ativo: clonazepam...............................................................................................................................2,0 mg. Excipientes: lactose, amido pré-gelatinizado, estearato de magnésio, celulose microcristalina. INFORMAÇÕES AO PACIENTE Leia com atenção as informações a seguir. Se tiver dúvidas, informe seu médico. 1. IDENTIFICAÇÃO DO MEDICAMENTO Rivotril® clonazepam Anticonvulsivante/Ansiolítico APRESENTAÇÕES Comprimidos de 0,5 mg ou 2 mg. Caixa com 20 ou 30 comprimidos. VIA ORAL USO ADULTO E PEDIÁTRICO COMPOSIÇÃO Comprimidos de 0,5 mg Princípio ativo: clonazepam...............................................................................................................................0,5 mg. Excipientes: lactose, amido de milho, amido pré-gelatinizado, óxido de ferro amarelo, óxido férrico, talco, estearato de magnésio. Comprimidos de 2,0 mg Princípio ativo: clonazepam...............................................................................................................................2,0 mg. Excipientes: lactose, amido pré-gelatinizado, estearato de magnésio, celulose microcristalina. INFORMAÇÕES AO PACIENTE Leia com atenção as informações a seguir. Se tiver dúvidas, informe seu médico. 1. IDENTIFICAÇÃO DO MEDICAMENTO Rivotril® clonazepam Anticonvulsivante/Ansiolítico APRESENTAÇÕES Comprimidos de 0,5 mg ou 2 mg. Caixa com 20 ou 30 comprimidos. VIA ORAL USO ADULTO E PEDIÁTRICO COMPOSIÇÃO Comprimidos de 0,5 mg Princípio ativo: clonazepam...............................................................................................................................0,5 mg. Excipientes: lactose, amido de milho, amido pré-gelatinizado, óxido de ferro amarelo, óxido férrico, talco, estearato de magnésio. Comprimidos de 2,0 mg Princípio ativo: clonazepam...............................................................................................................................2,0 mg. Excipientes: lactose, amido pré-gelatinizado, estearato de magnésio, celulose microcristalina. INFORMAÇÕES AO PACIENTE Leia com atenção as informações a seguir. Se tiver dúvidas, informe seu médico. 1. IDENTIFICAÇÃO DO MEDICAMENTO Rivotril® clonazepam Anticonvulsivante/Ansiolítico APRESENTAÇÕES Comprimidos de 0,5 mg ou 2 mg. Caixa com 20 ou 30 comprimidos. VIA ORAL USO ADULTO E PEDIÁTRICO COMPOSIÇÃO Comprimidos de 0,5 mg Princípio ativo: clonazepam...............................................................................................................................0,5 mg. Excipientes: lactose, amido de milho, amido pré-gelatinizado, óxido de ferro amarelo, óxido férrico, talco, estearato de magnésio. Comprimidos de 2,0 mg Princípio ativo: clonazepam...............................................................................................................................2,0 mg. Excipientes: lactose, amido pré-gelatinizado, estearato de magnésio, celulose microcristalina. INFORMAÇÕES AO PACIENTE Leia com atenção as informações a seguir. Se tiver dúvidas, informe seu médico. 1. IDENTIFICAÇÃO DO MEDICAMENTO Rivotril® clonazepam Anticonvulsivante/Ansiolítico APRESENTAÇÕES Comprimidos de 0,5 mg ou 2 mg. Caixa com 20 ou 30 comprimidos. VIA ORAL USO ADULTO E PEDIÁTRICO COMPOSIÇÃO Comprimidos de 0,5 mg Princípio ativo: clonazepam...............................................................................................................................0,5 mg. Excipientes: lactose, amido de milho, amido pré-gelatinizado, óxido de ferro amarelo, óxido férrico, talco, estearato de magnésio. Comprimidos de 2,0 mg Princípio ativo: clonazepam...............................................................................................................................2,0 mg. Excipientes: lactose, amido pré-gelatinizado, estearato de magnésio, celulose microcristalina. INFORMAÇÕES AO PACIENTE Leia com atenção as informações a seguir. Se tiver dúvidas, informe seu médico. 1. IDENTIFICAÇÃO DO MEDICAMENTO Rivotril® clonazepam Anticonvulsivante/Ansiolítico APRESENTAÇÕES Comprimidos de 0,5 mg ou 2 mg. Caixa com 20 ou 30 comprimidos. VIA ORAL USO ADULTO E PEDIÁTRICO COMPOSIÇÃO Comprimidos de 0,5 mg Princípio ativo: clonazepam...............................................................................................................................0,5 mg. Excipientes: lactose, amido de milho, amido pré-gelatinizado, óxido de ferro amarelo, óxido férrico, talco, estearato de magnésio. Comprimidos de 2,0 mg Princípio ativo: clonazepam...............................................................................................................................2,0 mg. Excipientes: lactose, amido pré-gelatinizado, estearato de magnésio, celulose microcristalina. INFORMAÇÕES AO PACIENTE Leia com atenção as informações a seguir. Se tiver dúvidas, informe seu médico. 1. IDENTIFICAÇÃO DO MEDICAMENTO Rivotril® clonazepam Anticonvulsivante/Ansiolítico APRESENTAÇÕES Comprimidos de 0,5 mg ou 2 mg. Caixa com 20 ou 30 comprimidos. VIA ORAL USO ADULTO E PEDIÁTRICO COMPOSIÇÃO Comprimidos de 0,5 mg Princípio ativo: clonazepam...............................................................................................................................0,5 mg. Excipientes: lactose, amido de milho, amido pré-gelatinizado,",TODAS (Naive),,"[""7 \n \n \nVENDA SOB PRESCRIÇÃO MÉDICA. O ABUSO DESTE MEDICAMENTO PODE CAUSAR \nDEPENDÊNCIA. \n \n \nEsta bula foi aprovada pela ANVISA em 03/03/2022. \n \n \nBula_VP_Rivotril_V.01"", ""Informe seu médico se estiver amamentando. Se você realmente precisar tomar **Rivotril[®]** , a amamentação deve ser descontinuada. \n\n## **Uso em crianças** \n\nAvaliar o risco / benefício do uso de **Rivotril[® ]** a longo prazo em pacientes pediátricos com distúrbios epilépticos. **Rivotril[® ]** pode aumentar a salivação e as secreções brônquicas em lactentes e crianças pequenas. Atenção:  manter as vias aéreas livres. \n\nNão há dados de eficácia / segurança de **Rivotril[® ]** em menores de 18 anos com distúrbio do pânico. \n\n## **Uso em idosos** \n\nOs efeitos dos benzodiazepínicos parecem ser maiores em pacientes idosos do que em pacientes mais jovens, mesmo em concentrações plasmáticas similares. \n\n## **Principais interações medicamentosas** \n\nInforme seu médico se estiver tomando outros medicamentos, incluindo as substâncias a seguir, pois elas podem interagir com **Rivotril[®]** : \n\n– Depressores do sistema nervoso central e álcool; \n\n– Medicamentos que agem no sistema nervoso: antidepressivos, medicamentos para dormir, alguns analgésicos, antipsicóticos, ansiolíticos, anticonvulsivantes; \n\n– Medicamentos para o estômago. \n\n## **Interações fármaco-alimento** \n\nInterações com alimentos não foram estabelecidas. O suco de toranja pode aumentar o efeito de **Rivotril**[®] . \n\n## **Interações fármaco-laboratório** \n\nInterações com testes laboratoriais não foram estabelecidas. \n\n**Informe ao seu médico ou cirurgião-dentista se você está fazendo uso de algum outro medicamento. Não use medicamento sem o conhecimento do seu médico. Pode ser perigoso para a sua   saúde.**"", ""Informe seu médico se estiver amamentando. Se você realmente precisar tomar **Rivotril[®]** , a amamentação deve ser descontinuada. \n\n## **Uso em crianças** \n\nAvaliar o risco / benefício do uso de **Rivotril[® ]** a longo prazo em pacientes pediátricos com distúrbios epilépticos. **Rivotril[® ]** pode aumentar a salivação e as secreções brônquicas em lactentes e crianças pequenas. Atenção:  manter as vias aéreas livres. \n\nNão há dados de eficácia / segurança de **Rivotril[® ]** em menores de 18 anos com distúrbio do pânico. \n\n## **Uso em idosos** \n\nOs efeitos dos benzodiazepínicos parecem ser maiores em pacientes idosos do que em pacientes mais jovens, mesmo em concentrações plasmáticas similares. \n\n## **Principais interações medicamentosas** \n\nInforme seu médico se estiver tomando outros medicamentos, incluindo as substâncias a seguir, pois elas podem interagir com **Rivotril[®]** : \n\n– Depressores do sistema nervoso central e álcool; \n\n– Medicamentos que agem no sistema nervoso: antidepressivos, medicamentos para dormir, alguns analgésicos, antipsicóticos, ansiolíticos, anticonvulsivantes; \n\n– Medicamentos para o estômago. \n\n## **Interações fármaco-alimento** \n\nInterações com alimentos não foram estabelecidas. O suco de toranja pode aumentar o efeito de **Rivotril**[®] . \n\n## **Interações fármaco-laboratório** \n\nInterações com testes laboratoriais não foram estabelecidas. \n\n**Informe ao seu médico ou cirurgião-dentista se você está fazendo uso de algum outro medicamento. Não use medicamento sem o conhecimento do seu médico. Pode ser perigoso para a sua   saúde.**"", ""3 \n \n \ndepressão respiratória e dificuldade de sucção no bebê. Tanto a gestação quanto a suspensão de Rivotril® podem \nexacerbar a epilepsia. \nInforme seu médico se estiver amamentando. Se você realmente precisar tomar Rivotril®, a amamentação deve ser \ndescontinuada. \n \nUso em crianças \nAvaliar o risco / benefício do uso de Rivotril® a longo prazo em pacientes pediátricos com distúrbios epilépticos. \nRivotril® pode aumentar a salivação e as secreções brônquicas em lactentes e crianças pequenas. Atenção:  manter \nas vias aéreas livres. \nNão há dados de eficácia / segurança de Rivotril® em menores de 18 anos com distúrbio do pânico. \nUso em idosos \nOs efeitos dos benzodiazepínicos parecem ser maiores em pacientes idosos do que em pacientes mais jovens, mesmo \nem concentrações plasmáticas similares, \n \nPrincipais interações medicamentosas  \nInforme seu médico, se esti ver tomando outros medica mentos, incluindo as substâncias  a seguir, pois elas podem \ninteragir com Rivotril®. \n- Depressores do sistema nervoso central e álcool;  \n- Medicamentos que agem no sistema nervoso: antidepressivos, medicamentos para dormir, alguns analgésicos, \nantipsicóticos, ansiolíticos, anticonvulsivantes; \n- Medicamentos para o estômago.  \n \nInterações fármaco-alimento \nInterações com alimentos não foram estabelecidas. O suco de toranja pode aumentar o efeito de Rivotril®. \n \nInterações fármaco-laboratório \nInterações com testes laboratoriais não foram estabelecidas. \n \nInforme ao seu médico ou cirurgião-dentista se você está fazendo uso de algum outro medicamento. Não use \nmedicamento sem o conhecimento do seu médico. Pode ser perigoso para a sua saúde. \n \n5. ONDE, COMO E POR QUANTO TEMPO PO SSO GUARDAR ESTE MEDICAMENTO?   \nRivotril® solução oral deve ser armazenado em temperatura ambiente (entre 15 e 30 ºC) e protegido do calor. \n \nNúmero de lote e datas de fabricação e validade: vide embalagem.  \nNão use medicamento com o prazo de validade vencido. Guarde-o em sua embalagem original.  \n \nAspecto físico \nA solução oral de Rivotril® é um líquido límpido a quase límpido, incolor a levemente amarelado ou amarelo \nesverdeado. \n \nCaracterísticas organolépticas \nA solução oral de Rivotril® apresenta aroma de pêssego. \n \nAntes de usar, observe o aspecto do medicamento. Caso ele esteja no prazo de validade e você observe alguma \nmudança no aspecto, consulte o farmacêu tico para saber se poderá utilizá-lo.  \n \nTodo medicamento deve ser mantid o fora do alcance das crianças. \n \n6. "", ""2. COMO ESTE MEDICAMENTO FUNCIONA?** Clonazepam pertence à classe dos benzodiazepínicos, medicamentos que causam inibição leve do sistema nervoso, com consequente ação anticonvulsivante, sedativa leve, relaxante muscular e tranquilizante. \n\nA ação de **Rivotril[® ]** oral dose única inicia em 30 a 60 minutos e se estende por 6 à 8 h em crianças e 8 a 12 h em adultos. \n\n1 \n\n**==> picture [109 x 35] intentionally omitted <==**\n\n## **"", ""2. COMO ESTE MEDICAMENTO FUNCIONA?** Clonazepam pertence à classe dos benzodiazepínicos, medicamentos que causam inibição leve do sistema nervoso, com consequente ação anticonvulsivante, sedativa leve, relaxante muscular e tranquilizante. \n\nA ação de **Rivotril[® ]** oral dose única inicia em 30 a 60 minutos e se estende por 6 à 8 h em crianças e 8 a 12 h em adultos. \n\n1 \n\n**==> picture [109 x 35] intentionally omitted <==**\n\n## **"", ""3 \n \n \nEste medicamento não deve ser utilizado por mulheres grávidas sem orientação médica ou do cirurgião- \ndentista. \nRivotril® só deve ser administrado a gestantes se houver indicação absoluta e se os benefícios  potenciais \nsuperarem os riscos para o feto. Rivotril® pode prejudicar seu bebê. Informe seu médico se estiver grávida ou se está \ntentando engravidar. O uso de altas dos es no último trimestre da gestação ou no trabalho de pa rto pode  causar \nirregularidades no batimen to cardíaco do f eto e baixa tempera tura corpórea, f alta de tônus musc ular, depressão \nrespiratória e dificuldade de sucção no bebê. Tanto a gestação quanto a suspensão de Rivotril® podem exacerbar a \nepilepsia. \nInforme seu médico se estiver amamentando. Se você realmente precisar tomar Rivotril®, a amamentação deve ser \ndescontinuada. \n \nUso em crianças \nAvaliar o risco / benefício do uso de Rivotril® a longo prazo em pacientes pediátr icos com distúrbios epilépticos. \nRivotril® pode aumentar a salivação e as secreções brônquicas em lactentes e crianças pequenas. Atenção:  manter \nas vias aéreas livres. \nNão há dados de eficácia / segurança de Rivotril® em menores de 18 anos com distúrbio do pânico. \n \nUso em idosos \nOs efeitos dos benzodiazepínicos parecem ser maiores em pacientes idosos do que em pacientes mais jovens, mesmo \nem concentrações plasmáticas similares.  \n \nPrincipais interações medicamentosas  \nInforme seu médico se esti ver tomando outros medica mentos, incluindo as substâncias  a seguir, pois elas podem \ninteragir com Rivotril®: \n– Depressores do sistema nervoso central e álcool;  \n– Medicamentos que agem no sistema nervoso: antidepressivos, medicamento s para dormir, alguns analgésicos, \nantipsicóticos, ansiolíticos, anticonvulsivantes; \n– Medicamentos para o estômago.  \n \nInterações fármaco-alimento \nInterações com alimentos não foram estabelecidas. O suco de toranja pode aumentar o efeito de  Rivotril®. \n \nInterações fármaco-laboratório \nInterações com testes laboratoriais não foram estabelecidas. \n \nInforme ao seu médico ou cirurgião-dentista se você está fazendo uso de algum outro medicamento.  \nNão use medicamento sem o conhecimento do seu médico. Pode ser perigoso para a sua   saúde. \n \n5. ONDE, COMO E POR QUANTO TEMPO POSSO GUARDAR ESTE   MEDICAMENTO?  \nRivotril®  comprimidos de 0,5 mg e 2,0 mg devem ser armazenados em temperatura ambiente (entre 15 e 30   ºC). \n \nNúmero de lote e datas de fabricação e validade: vide  embalagem.  \nNão use medicamento com o prazo de validade vencido. Guarde-o em sua embalagem  original.  \n \nAspecto físico \nOs comprimidos de 0,5 mg de Rivotril® apresentam formato cilíndrico biplano com presença de ranhura e cor laranja \npálido. \nOs comprimidos de 2,0 mg de Rivotril® apresentam formato cilíndrico biplano com presença de ranhura e cor branca \na levemente amarelada. \n \nCaracterísticas organolépticas \nRivotril® comprimidos de 0,5 mg e 2,0 mg não apresenta características marcantes que o diferenciem de outros \ncomprimidos. \nAntes de usar, observe o aspecto do medicamento. Caso ele esteja no prazo de validade e você observe alguma \nmudança no aspecto, consulte o farmacêu tico para saber se poderá  utilizá-lo.  "", ""COMO DEVO USAR ESTE MEDICAMENTO?  \nColocar o comprimido subli ngual debaixo da língua para ser dissolvido na saliva e absorvido por pelo menos, 3 \nminutos, sem ser deglutido. \nEste medicamento não deve ser partido ou  mastigado.  \n \nA dose de Rivotril® depende da doença resposta clínica, idade e tolerabilidade. \nRecomenda-se, que o tratament o inicie com doses mais baixas, que podem ser aumentadas se necessário. Siga a \norientação médica."", ""2 \n \n \nRivotril® comprimidos e Rivotril® gotas são contraindicados para o tratamento de transtornos do pânico em \npacientes com histórico médico de apneia do sono. \nRivotril® é contraindicado a pacientes com glaucoma agudo de ângulo fechado. Rivotril® pode ser usado por \npacientes com glaucoma de ângulo aberto, desde que estejam recebendo terapia apropriada. \n \n4. O QUE DEVO SABER ANTES DE USAR ESTE   MEDICAMENTO?  \nAntes de tomar Rivotril®, informe seu médico se você tem ou teve: \n1) outros problemas de saúde: doenças nos rins ou fígado (por exemplo: cirrose hepática), distúrbio neuromuscular \nou respiratório, porfiria (doença em que ocorre deficiência de enzimas específicas na via da biossíntese do heme). \n2) sinais ou sintomas de depressão e/ou tentativa de suicídio; \n3) intolerância à galactose (açúcar) ou deficiência de lactase (enzima que quebra a lactose); \n4) ataxia cerebelar ou espinhal (descoordenação dos movimentos por problema do cerebelo ou medula); \n5) uso regular ou intoxicação aguda por álcool ou drogas. \n \nPode ocorrer perda de efeito durante o tratamento com clonazepam. \nNão tome Rivotril® com álcool e/ou depressores do sistema nervoso central. Essa combinação pode aumentar os efeitos \nde Rivotril®, com potencial sedação grave que pode resultar em coma ou morte, depressão cardiovascular e/ou respiratória. \nCaso ocorram reações paradoxais (vide item “Quais os males que este medicamento pode me causar?”) durante o \ntratamento, fale com seu médico, pois o uso do medicamento deve ser descontinuado. \nPode ocorrer amnésia anterógrada (perda da habilidade de criar novas memórias e absorver novas informações), com o uso \nde benzodiazepínicos em doses terapêuticas. \nRivotril® pode precipitar o estado de mal epiléptico (crises epilépticas em sequência rápida). Fale com seu médico \nantes de aumentar a dose ou interromper abruptamente esta medicação. \n \nAbuso e dependência do medicamento  \nO uso de benzodiazepínicos pode lev ar ao desenvolvime nto de dependê ncia física e psic ológica. O risco de \ndependência aumenta com a dose, tratamentos prolongados e em pacientes com história de abuso de álcool ou drogas. \nEm caso de dependência, especialmente com doses elevadas, a descontinuação brusca do tratamento será \nacompanhada por sintomas de abstinência: psicoses, distúrbio de comportamento, tremor, sudorese, agitação, \ndistúrbios do sono e ansiedade, dor de cabeça, diarreia, dores musculares, câimbras, ansi edade extrem a, tensão, \ncansaço, inquietação, alteração de humor, confusão, irritabilidade e convulsões epiléticas que podem ser associadas \nà doença de base. Em casos graves, desrealização (sentimentos de estranhamento ou distanciamento em relação ao \nambiente), despersonalização (processo psíquico, em que se tem a impressão de que se é estranho  a si mesmo), \nhipersensibilidade ao som, à luz, a ruídos e ao contato físico, sensações anormais, formigamentos, alucinações. O \nrisco dos sintomas de abstinência é maior após descontinuação súbita do tratamento, portanto a retirada brusca do \nmedicamento deve ser evitada. O tratamento (mesmo de curta duração) deve ser interrompido pela redução gradativa \nda dose diária.  \n \nEfeitos sobre a capacidade de dirigir e operar  máquinas \nClonazepam pode lentificar as reações, efeito agravado com o uso de álcool. \nDurante o tratamento, o paciente não deve dirigir veículos ou operar máquinas, pois sua habilidade e atenção \npodem estar prejudicadas. \n \nAté o momento, não há informações de que Rivotril® cause doping. Em caso de dúvidas, consulte o seu médico. \n \nGravidez e amamentação \nEste medicamento não deve ser utilizado por mulheres grávidas sem orientação médica ou do cirurgião- \ndentista. \nRivotril® só deve ser administrado a gestantes se houver indicação absoluta e se os benefícios potenciais \nsuperarem os riscos para o feto. Rivotril® pode prejudicar seu bebê. Informe seu médico se estiver grávida ou se \nestá tentando engravidar. O uso de altas  doses no último trimestre da gestação  ou no trabalho de parto pode causar \nirregularidades no batimento cardíaco do feto e baixa temperatura corpórea, falta de tônus muscular, "", ""3 \n \n \n \nUso em crianças \nAvaliar o risco / benefício do uso de Rivotril® a longo prazo em pacientes pediátricos com distúrbios epilépticos. \nRivotril®  pode aumentar a salivação e as secreções brônquicas em lactentes e crianças pequenas. Atenção:  manter \nas vias aéreas livres. Não há dados sobre eficácia / segurança de Rivotril® em menores de 18 anos com distúrbio do \npânico. \nUso em idosos \nOs efeitos dos benzodiazepínicos parecem ser maiores em pacientes idosos do que em pacientes mais jovens, mesmo \nem concentrações plasmáticas similares. \n \nPrincipais interações medicamentosas  \nInforme seu médico, se esti ver tomando outros medica mentos, incluindo as substâncias  a seguir, pois elas podem \ninteragir com Rivotril®. \n– Depressores do sistema nervoso central e álcool;  \n– Medicamentos que agem no sistema nervoso: antidepressivos, medicamentos para dormir, alguns analgésicos, \nantipsicóticos, ansiolíticos, anticonvulsivantes. \n– Medicamentos para o estômago.  \n \nInterações fármaco-alimento \nInterações com alimentos não foram estabelecidas. O suco de toranja pode aumentar o efeito de  Rivotril®. \n \nInterações fármaco-laboratório \nInterações com testes laboratoriais não foram estabelecidas. \n \nInforme ao seu médico ou cirurgião-dentista se você está fazendo uso de algum outro medicamento.  \nNão use medicamento sem o conhecimento do seu médico. Pode ser perigoso para a sua  saúde.  \n \n5. ONDE, COMO E POR QUANTO TEMPO POSSO GUARDAR ESTE   MEDICAMENTO?  \nRivotril® comprimidos sublinguais de 0,25 mg devem ser armazenados em temperatura ambiente (entre 15 e 30ºC). \n \nNúmero de lote e datas de fabricação e validade: vide embalagem.  \nNão use medicamento com o prazo de validade vencido. Guarde-o em sua embalagem original.  \n \nAspecto físico \nOs comprimidos sublinguais de 0,25 mg de Rivotril® apresentam formato cilíndrico de cor branca. \n \nCaracterísticas organolépticas \nRivotril® comprimidos sublinguais não apresentam características marcantes que o diferenciem de outros \ncomprimidos. \n \nAntes de usar, observe o aspecto do medicamento. Caso ele esteja no prazo de validade e você observe alguma \nmudança no aspecto, consulte o farmacêu tico para saber se poderá utilizá-lo.  \n \nTodo medicamento deve ser mantid o fora do alcance das crianças. \n \n6. "", ""## **Efeitos sobre a capacidade de dirigir e operar  máquinas** \n\nClonazepam pode lentificar as reações, efeito agravado com o uso de álcool. \n\n**Durante o tratamento, o paciente não deve dirigir veículos ou operar máquinas, pois sua habilidade e atenção podem estar prejudicadas.** \n\nAté o momento, não há informações de que **Rivotril[®  ]** cause _doping_ . Em caso de dúvidas, consulte o seu  médico. \n\n## **Gravidez e amamentação** \n\n2 \n\n**==> picture [109 x 35] intentionally omitted <==**\n\n## **Este medicamento não deve ser utilizado por mulheres grávidas sem orientação médica ou do cirurgiãodentista.** \n\n**Rivotril[® ]** só deve ser administrado a gestantes se houver indicação absoluta e se os benefícios  potenciais \n\nsuperarem os riscos para o feto. **Rivotril[® ]** pode prejudicar seu bebê. Informe seu médico se estiver grávida ou se está tentando engravidar. O uso de altas doses no último trimestre da gestação ou no trabalho de parto pode  causar irregularidades no batimento cardíaco do feto e baixa temperatura corpórea, falta de tônus muscular, depressão respiratória e dificuldade de sucção no bebê. Tanto a gestação quanto a suspensão de **Rivotril**[® ] podem exacerbar a epilepsia. \n\nInforme seu médico se estiver amamentando. Se você realmente precisar tomar **Rivotril[®]** , a amamentação deve ser descontinuada. \n\n## **Uso em crianças**"", ""## **Efeitos sobre a capacidade de dirigir e operar  máquinas** \n\nClonazepam pode lentificar as reações, efeito agravado com o uso de álcool. \n\n**Durante o tratamento, o paciente não deve dirigir veículos ou operar máquinas, pois sua habilidade e atenção podem estar prejudicadas.** \n\nAté o momento, não há informações de que **Rivotril[®  ]** cause _doping_ . Em caso de dúvidas, consulte o seu  médico. \n\n## **Gravidez e amamentação** \n\n2 \n\n**==> picture [109 x 35] intentionally omitted <==**\n\n## **Este medicamento não deve ser utilizado por mulheres grávidas sem orientação médica ou do cirurgiãodentista.** \n\n**Rivotril[® ]** só deve ser administrado a gestantes se houver indicação absoluta e se os benefícios  potenciais \n\nsuperarem os riscos para o feto. **Rivotril[® ]** pode prejudicar seu bebê. Informe seu médico se estiver grávida ou se está tentando engravidar. O uso de altas doses no último trimestre da gestação ou no trabalho de parto pode  causar irregularidades no batimento cardíaco do feto e baixa temperatura corpórea, falta de tônus muscular, depressão respiratória e dificuldade de sucção no bebê. Tanto a gestação quanto a suspensão de **Rivotril**[® ] podem exacerbar a epilepsia. \n\nInforme seu médico se estiver amamentando. Se você realmente precisar tomar **Rivotril[®]** , a amamentação deve ser descontinuada. \n\n## **Uso em crianças**"", ""COMO ESTE MEDICAMENTO FUNCIONA?  \nClonazepam pertence à classe dos benzodiazepínicos, medicamentos que causam inibição leve do sistema nervoso, \ncom consequente ação anticonvulsivante, sedativa leve, relaxante muscular e tranquilizante. \nA ação de Rivotril® oral dose única inicia em 30 a 60 minutos e se estende por 6 à 8 h em crianças e 8 a 12 h em \nadultos."", ""COMO ESTE MEDICAMENTO FUNCIONA?  \nClonazepam pertence à classe dos benzodiazepínicos, medicamentos que causam inibição leve do sistema nervoso, \ncom consequente ação anticonvulsivante, sedativa leve, relaxante muscular e tranquilizante. \nA ação de Rivotril® oral dose única inicia em 30 a 60 minutos e se estende por 6 a 8 h em crianças e 8 a 12 h em \nadultos. \n \n3. QUANDO NÃO DEVO USAR ESTE MEDICAMENTO?  \nRivotril® é contraindicado a pacientes com hipersensibilidade conhecida a clonazepam ou a qualquer dos excipientes \ndo medicamento e a pacientes com insuficiência respiratória grave ou comprometimento hepático grave, pois os \nbenzodiazepínicos podem levar à ocorrência de encefalopatia hepática."", ""QUANDO NÃO DEVO USAR ESTE MEDICAMENTO?  \nRivotril® é contraindicado a pacientes com hipersensibilidade conhecida a clonazepam ou a qualquer dos excipientes \ndo medicamento, em pacientes com insuficiência respiratória grave ou comprometimento do fígado grave, pois os \nbenzodiazepínicos podem lev ar à ocorrência de comprome timento do sistema nervoso,  secundário ao problema no \nfígado. \nRivotril® comprimidos e Rivotril® gotas são contraindicados para o tratamento de transtornos do pânico em \npacientes com histórico médico de apneia do sono. \nRivotril® é contraindicado a pacientes com glaucoma agudo de ângulo fechado. Rivotril® pode ser usado por \npacientes com glaucoma de ângulo aberto, desde que estejam recebendo terapia  apropriada. \n \n4. O QUE DEVO SABER ANTES DE USAR ESTE   MEDICAMENTO?  \nAntes de tomar Rivotril®, informe seu médico se você tem ou teve: \n1) outros problemas de saúde, como doenças nos rins ou fígado (por exemplo: cirrose hepática), distúrbio \nneuromuscular ou respiratório, porfiria (doença em que ocorre deficiência de enzimas específicas na via da biossíntese \ndo heme); \n2) sinais ou sintomas de depressão e/ou tentativa de suicídio; \n3) intolerância à galactose (açúcar) ou deficiência de lactase (enzima que quebra a lactose); \n4) ataxia cerebelar ou espinhal (descoordenação dos movimentos por problema do cerebelo ou medula); \n5) uso regular ou intoxicação aguda por álcool ou drogas.  \n \nPode ocorrer perda de efeito durante o tratamento com clonazepam. \nNão tome Rivotril® com álcool e/ou depressores do sistema nervoso ce ntral, essa combinação pode aumentar os efeitos \nde Rivotril®, com potencial sedação grave que pode resultar em coma ou morte, depressão cardiovascular e/ou respiratória. \nCaso ocorram reações paradoxais (vide item “QUAIS OS MALES QUE ESTE MEDICAMENTO PODE ME \nCAUSAR?”) durante o tratamento, fale com seu médico, pois o uso do medicamento deve ser descontinuado. \nPode ocorrer amnésia anterógrada (perda da habilidade de criar novas memórias e absorver novas informações), com o uso \nde benzodiazepínicos em doses terapêuticas. \nRivotril® pode precipitar o estado de mal epiléptico (crises epilépticas em sequência rápida). Fale com seu médico \nantes de aumentar a dose ou interromper abruptamente esta medicação. \n \nAbuso e dependência do medicamento  \nO uso de benzodiazepínicos pode lev ar ao desenvolvime nto de dependê ncia física e psic ológica. O risco de \ndependência aumenta com a dose, tratamentos prolongados e em pacientes com história de abuso de álcool ou drogas. \nEm caso de dependência, especialmente com doses elevadas, a descontinuação brusca do tratamento será \nacompanhada por sintomas de abstinência: psicoses, distúrbio comportamental, tremor, sudorese, agitação, distúrbios \ndo sono e ansiedade, dor de cabeça, diarreia, dores musculares, câimbras, ansiedade extrema, tensão, cansaço, \ninquietação, alteração de humor, confusão, irritabilidade e convulsões epiléticas que podem ser associadas à doença \nde base. Em casos graves, desrealização (sentimentos de estranhamento ou distanciamento em relação ao ambiente), \ndespersonalização (processo psíquico, em que se tem a impressão de que se é estranho a si mesmo), hipersensibilidade \nao som, à luz, a ruídos e ao contato físico, sensações anormais, formigamentos, alucinações. O risco dos sintomas de \nabstinência é maior após descontinuação súbita do tratamento, portanto a retirada brusca do medicamento deve ser \nevitada. O tratamento (mesmo de curta duração) deve ser interrompido pela redução gradativa da dose diária.  \n \nEfeitos sobre a capacidade de dirigir e operar  máquinas \nClonazepam pode lentificar as reações, efeito agravado com o uso de álcool. \nDurante o tratamento, o paciente não deve dirigir veíc ulos ou operar máquinas, pois sua habilidade e atenção \npodem estar prejudicadas. \n \nAté o momento, não há informações de que Rivotril®  cause doping. Em caso de dúvidas, consulte o seu  médico. \n \n \nGravidez e amamentação ""]",0.022,212.934
naive_rag,ollama:medgemma:4b,TYLENOL,Para que serve o TYLENOL?,facil,"TYLENOL é indicado para redução da febre e para o alívio temporário de dores leves a moderadas, como dores associadas a resfriados comuns, dor de cabeça, dor no corpo, dor de dente, dor nas costas, dores musculares, dores leves associadas a artrites e cólicas menstruais.",PARA QUE ESTE MEDICAMENTO É INDICADO?,"De acordo com a bula do medicamento TYLENOL, consta a seguinte informação:
Este medicamento é indicado para a redução da febre e para o alívio temporário de dores leves a moderadas, tais como: dores associadas a resfriados comuns, dor de cabeça, dor no corpo, dor de dente, dor nas costas, dores musculares, dores leves associadas a artrites e cólicas menstruais.

---
*Esta resposta se baseia apenas nos trechos da bula recuperados e não substitui orientação médica ou farmacêutica.*","De acordo com a bula do medicamento TYLENOL, consta a seguinte informação:
Este medicamento é indicado para a redução da febre e para o alívio temporário de dores leves a moderadas, tais como: dores associadas a resfriados comuns, dor de cabeça, dor no corpo, dor de dente, dor nas costas, dores musculares, dores leves associadas a artrites e cólicas menstruais.",TODAS (Naive),,"[""3. QUANDO NÃO DEVO USAR ESTE MEDICAMENTO?** \n\nVocê não deve usar **TYLENOL[® ]** se possuir alergia ao paracetamol ou a qualquer componente de sua fórmula. \n\n**Este medicamento é contraindicado para menores de 12 anos.** \n\n## **"", ""3. QUANDO NÃO DEVO USAR ESTE MEDICAMENTO?** \n\nVocê não deve usar **TYLENOL[® ]** se possuir alergia ao paracetamol ou a qualquer componente de sua fórmula. \n\n**Este medicamento é contraindicado para menores de 12 anos.** \n\n## **"", ""2. COMO ESTE MEDICAMENTO FUNCIONA?** \n\n**TYLENOL[® ]** reduz a febre atuando no centro regulador da temperatura no Sistema Nervoso Central (SNC) e diminui a sensibilidade a dor. Seu efeito tem início 15 a 30 minutos após a administração oral e permanece por um período de 4 a 6 horas. \n\n## **"", ""2. COMO ESTE MEDICAMENTO FUNCIONA?** \n\n**TYLENOL[® ]** reduz a febre atuando no centro regulador da temperatura no Sistema Nervoso Central (SNC) e diminui a sensibilidade a dor. Seu efeito tem início 15 a 30 minutos após a administração oral e permanece por um período de 4 a 6 horas. \n\n## **"", ""SAC 0800 728 6767 \n\nwww.tylenol.com.br \n\nSiga corretamente o modo de usar, não desaparecendo os sintomas procure orientação médica. \n\n**==> picture [23 x 19] intentionally omitted <==**\n\nTYLENOL® - Paciente \n\n**==> picture [115 x 30] intentionally omitted <==**\n\n## **"", ""SAC 0800 728 6767 \n\nwww.tylenol.com.br \n\nSiga corretamente o modo de usar, não desaparecendo os sintomas procure orientação médica. \n\n**==> picture [23 x 19] intentionally omitted <==**\n\nTYLENOL® - Paciente \n\n**==> picture [115 x 30] intentionally omitted <==**\n\n## **"", ""TYLENOL® - Paciente \n \n \n \nSAC 0800 728 6767 \nwww.tylenol.com.br \n \n \nSiga corretamente o modo de usar, não desaparecendo os sintomas procure orientação médica."", ""5. ONDE, COMO E POR QUANTO TEMPO POSSO GUARDAR ESTE MEDICAMENTO?** \n\n**TYLENOL®** deve ser conservado em temperatura ambiente (entre 15°C e 30°C), protegido da luz e umidade. **Número de lote e datas de fabricação e validade: vide embalagem.** \n\nTYLENOL® - Paciente \n\n**==> picture [114 x 31] intentionally omitted <==**\n\n**Não use medicamento com o prazo de validade vencido. Guarde-o em sua embalagem original. TYLENOL[® ] 500 mg e TYLENOL[® ] 750 mg** são comprimidos revestidos oblongos (ovalados) de cor branca. \n\n**Antes de usar, observe o aspecto do medicamento. Caso ele esteja no prazo de validade e você observe alguma mudança no aspecto, consulte o farmacêutico para saber se poderá** \n\n**utilizá-lo.** \n\n**Todo medicamento deve ser mantido fora do alcance das crianças** . \n\n## **"", ""5. ONDE, COMO E POR QUANTO TEMPO POSSO GUARDAR ESTE MEDICAMENTO?** \n\n**TYLENOL®** deve ser conservado em temperatura ambiente (entre 15°C e 30°C), protegido da luz e umidade. **Número de lote e datas de fabricação e validade: vide embalagem.** \n\nTYLENOL® - Paciente \n\n**==> picture [114 x 31] intentionally omitted <==**\n\n**Não use medicamento com o prazo de validade vencido. Guarde-o em sua embalagem original. TYLENOL[® ] 500 mg e TYLENOL[® ] 750 mg** são comprimidos revestidos oblongos (ovalados) de cor branca. \n\n**Antes de usar, observe o aspecto do medicamento. Caso ele esteja no prazo de validade e você observe alguma mudança no aspecto, consulte o farmacêutico para saber se poderá** \n\n**utilizá-lo.** \n\n**Todo medicamento deve ser mantido fora do alcance das crianças** . \n\n## **"", ""TYLENOL® - Paciente \n \n \nNão use medicamento com o prazo de validade vencido. Guarde- o em sua embalagem \noriginal. TYLENOL® 500 mg e TYLENOL® 750 mg são comprimidos revestidos oblongos \n(ovalados) de cor branca. \nAntes de usar, observe o aspecto do medicamento. Caso ele esteja no prazo de validade e \nvocê observe alguma mudança no aspecto, consulte o farmacêutico para saber se poderá \nutilizá-lo. \nTodo medicamento deve ser mantido fora do alcance das crianças. \n \n \n6."", ""TYLENOL® - Paciente \n \n \n \n \n \n \n \n \n \n \n \n \n \nTYLENOL® \nJohnson & Johnson Industrial Ltda. \nComprimidos Revestidos \n500 mg e 750 mg"", ""6. COMO DEVO USAR ESTE MEDICAMENTO?** \n\nUso oral. Você deve tomar os comprimidos com líquido. O paracetamol pode ser administrado independentemente das refeições. \n\n## **Adultos e crianças acima de 12 anos:** \n\n**TYLENOL[® ] 500 mg:** 1 a 2 comprimidos, 3 a 4 vezes ao dia. \n\n**TYLENOL[® ] 750 mg:** 1 comprimido, 3 a 5 vezes ao dia. \n\nA dose diária máxima recomendada de paracetamol é de 4000 mg ( **8 comprimidos de TYLENOL[® ] 500 mg ou 5 comprimidos de TYLENOL® 750 mg** ) administrada em doses fracionadas, não excedendo 1000 mg/dose ( **2 comprimidos de TYLENOL[® ] 500 mg ou 1 comprimido de TYLENOL[® ] 750 mg** ), em intervalos de 4 a 6 horas, em um período de 24 horas. **Duração do tratamento:** depende do desaparecimento dos sintomas. \n\n**Este medicamento não pode ser partido, aberto ou mastigado.** \n\n**Siga corretamente o modo de usar. Em caso de dúvidas sobre este medicamento, procure orientação do farmacêutico. Não desaparecendo os sintomas, procure orientação médica ou de seu cirurgião-dentista.** \n\n## **"", ""6. COMO DEVO USAR ESTE MEDICAMENTO?** \n\nUso oral. Você deve tomar os comprimidos com líquido. O paracetamol pode ser administrado independentemente das refeições. \n\n## **Adultos e crianças acima de 12 anos:** \n\n**TYLENOL[® ] 500 mg:** 1 a 2 comprimidos, 3 a 4 vezes ao dia. \n\n**TYLENOL[® ] 750 mg:** 1 comprimido, 3 a 5 vezes ao dia. \n\nA dose diária máxima recomendada de paracetamol é de 4000 mg ( **8 comprimidos de TYLENOL[® ] 500 mg ou 5 comprimidos de TYLENOL® 750 mg** ) administrada em doses fracionadas, não excedendo 1000 mg/dose ( **2 comprimidos de TYLENOL[® ] 500 mg ou 1 comprimido de TYLENOL[® ] 750 mg** ), em intervalos de 4 a 6 horas, em um período de 24 horas. **Duração do tratamento:** depende do desaparecimento dos sintomas. \n\n**Este medicamento não pode ser partido, aberto ou mastigado.** \n\n**Siga corretamente o modo de usar. Em caso de dúvidas sobre este medicamento, procure orientação do farmacêutico. Não desaparecendo os sintomas, procure orientação médica ou de seu cirurgião-dentista.** \n\n## **"", "" \n \nTYLENOL® - Paciente \n \n \nVocê não deve tomar mais do que a dose recomendada (superdose) para provocar maior alívio, \npois pode causar sérios problemas de saúde. Você deve consultar seu médico se a dor ou febre \ncontinuarem ou piorarem, ou se surgirem novos sintomas, pois estes sintomas podem ser sinais \nde doenças graves. \nUso com álcool: consumidores de doses abusivas de álcool devem consultar seu médico para \nsaber se podem tomar TYLENOL® ou qualquer outro analgésico. \nGravidez e Amamentação \nSe você estiver grávida ou amamentando, consulte o seu médico antes de usar este medicamento. \nEste medicamento não deve ser utilizado por mulheres grávidas sem orientação médica ou \ndo cirurgião-dentista. \nUso em pacientes com problemas no fígado: Consulte seu médico antes de usar o medicamento. \nUso em idosos: Até o momento não são conhecidas restrições específicas ao uso de \nTYLENOL® por pacientes idosos. Não existe necessidade de ajuste de dose neste grupo etário. \nMuito raramente, foram relatadas reações cutâneas graves em pacientes que administraram \nparacetamol. Os sintomas podem incluir: vermelhidão na pele, bolhas e erupções cutâneas. Se \nocorrerem reações cutâneas ou piora de problemas de pele já existentes, interrompa o uso do \nmedicamento e procure ajuda médica imediatamente. \nNão use outro produto que contenha paracetamol. \nO paracetamol nas doses terapêuticas não foi associado à irritação gástrica. \nSe você tem pressão alta, não use este produto por mais tempo do que o indicado no rótulo, a \nmenos que indicado por um médico. \nA absorção de TYLENOL® é mais rápida se você estiver em jejum. Os alimentos podem afetar \na velocidade da absorção, mas não a quantidade absorvida do medicamento. A interferência do \nparacetamol na metabolização de outros medicamentos e a influência destes medicamentos na \nação e na toxicidade do paracetamol, em geral, não são relevantes. \n \nConsulte seu médico antes de utilizar este medicamento se você está tomando flucloxacilina \n(penicilina - um antibiótico), varfarina (anticoagulante) ou outros derivados cumarínicos. \n \nInforme ao seu médico ou cirurgião-dentista se você está fazendo uso de algum outro \nmedicamento. \n \n5. ONDE, COMO E POR QUANTO TEMPO POSSO GUARDAR ESTE \nMEDICAMENTO? \nTYLENOL® deve ser conservado em temperatura ambiente (entre 15°C e 30°C), protegido da \nluz e umidade. Número de lote e datas de fabricação e validade: vide embalagem. "", ""PARA QUE ESTE MEDICAMENTO É INDICADO? \nEste medicamento é indicado para a redução da febre e para o alívio temporário de dores leves a \nmoderadas, tais como: dores associadas a resfriados comuns, dor de cabeça, dor no corpo, dor de \ndente, dor nas costas, dores musculares, dores leves associadas a artrites e cólicas menstruais. \n \n2. COMO ESTE MEDICAMENTO FUNCIONA? \nTYLENOL® reduz a febre atuando no centro regulador da temperatura no Sistema Nervoso \nCentral (SNC) e diminui a sensibilidade a dor. Seu efeito tem início 15 a 30 minutos após a \nadministração oral e permanece por um período de 4 a 6 horas. \n \n3. QUANDO NÃO DEVO USAR ESTE MEDICAMENTO? \nVocê não deve usar TYLENOL® se possuir alergia ao paracetamol ou a qualquer componente de \nsua fórmula. \nEste medicamento é contraindicado para menores de 12 anos. \n \n \n4. O QUE DEVO SABER ANTES DE USAR ESTE MEDICAMENTO?""]",0.025,4.637
naive_rag,ollama:medgemma:4b,TYLENOL,Em quanto tempo o TYLENOL começa a fazer efeito?,facil,O efeito de TYLENOL começa 15 a 30 minutos após a administração oral e permanece por 4 a 6 horas.,COMO ESTE MEDICAMENTO FUNCIONA?,"De acordo com a bula do medicamento TYLENOL, consta a seguinte informação: ""Seu efeito tem início 15 a 30 minutos após a administração oral e permanece por um período de 4 a 6 horas.""

---
*Esta resposta se baseia apenas nos trechos da bula recuperados e não substitui orientação médica ou farmacêutica.*","De acordo com a bula do medicamento TYLENOL, consta a seguinte informação: ""Seu efeito tem início 15 a 30 minutos após a administração oral e permanece por um período de 4 a 6 horas.""",TODAS (Naive),,"[""2. COMO ESTE MEDICAMENTO FUNCIONA?** \n\n**TYLENOL[® ]** reduz a febre atuando no centro regulador da temperatura no Sistema Nervoso Central (SNC) e diminui a sensibilidade a dor. Seu efeito tem início 15 a 30 minutos após a administração oral e permanece por um período de 4 a 6 horas. \n\n## **"", ""2. COMO ESTE MEDICAMENTO FUNCIONA?** \n\n**TYLENOL[® ]** reduz a febre atuando no centro regulador da temperatura no Sistema Nervoso Central (SNC) e diminui a sensibilidade a dor. Seu efeito tem início 15 a 30 minutos após a administração oral e permanece por um período de 4 a 6 horas. \n\n## **"", ""5. ONDE, COMO E POR QUANTO TEMPO POSSO GUARDAR ESTE MEDICAMENTO?** \n\n**TYLENOL®** deve ser conservado em temperatura ambiente (entre 15°C e 30°C), protegido da luz e umidade. **Número de lote e datas de fabricação e validade: vide embalagem.** \n\nTYLENOL® - Paciente \n\n**==> picture [114 x 31] intentionally omitted <==**\n\n**Não use medicamento com o prazo de validade vencido. Guarde-o em sua embalagem original. TYLENOL[® ] 500 mg e TYLENOL[® ] 750 mg** são comprimidos revestidos oblongos (ovalados) de cor branca. \n\n**Antes de usar, observe o aspecto do medicamento. Caso ele esteja no prazo de validade e você observe alguma mudança no aspecto, consulte o farmacêutico para saber se poderá** \n\n**utilizá-lo.** \n\n**Todo medicamento deve ser mantido fora do alcance das crianças** . \n\n## **"", ""5. ONDE, COMO E POR QUANTO TEMPO POSSO GUARDAR ESTE MEDICAMENTO?** \n\n**TYLENOL®** deve ser conservado em temperatura ambiente (entre 15°C e 30°C), protegido da luz e umidade. **Número de lote e datas de fabricação e validade: vide embalagem.** \n\nTYLENOL® - Paciente \n\n**==> picture [114 x 31] intentionally omitted <==**\n\n**Não use medicamento com o prazo de validade vencido. Guarde-o em sua embalagem original. TYLENOL[® ] 500 mg e TYLENOL[® ] 750 mg** são comprimidos revestidos oblongos (ovalados) de cor branca. \n\n**Antes de usar, observe o aspecto do medicamento. Caso ele esteja no prazo de validade e você observe alguma mudança no aspecto, consulte o farmacêutico para saber se poderá** \n\n**utilizá-lo.** \n\n**Todo medicamento deve ser mantido fora do alcance das crianças** . \n\n## **"", ""3. QUANDO NÃO DEVO USAR ESTE MEDICAMENTO?** \n\nVocê não deve usar **TYLENOL[® ]** se possuir alergia ao paracetamol ou a qualquer componente de sua fórmula. \n\n**Este medicamento é contraindicado para menores de 12 anos.** \n\n## **"", ""3. QUANDO NÃO DEVO USAR ESTE MEDICAMENTO?** \n\nVocê não deve usar **TYLENOL[® ]** se possuir alergia ao paracetamol ou a qualquer componente de sua fórmula. \n\n**Este medicamento é contraindicado para menores de 12 anos.** \n\n## **"", ""PARA QUE ESTE MEDICAMENTO É INDICADO? \nEste medicamento é indicado para a redução da febre e para o alívio temporário de dores leves a \nmoderadas, tais como: dores associadas a resfriados comuns, dor de cabeça, dor no corpo, dor de \ndente, dor nas costas, dores musculares, dores leves associadas a artrites e cólicas menstruais. \n \n2. COMO ESTE MEDICAMENTO FUNCIONA? \nTYLENOL® reduz a febre atuando no centro regulador da temperatura no Sistema Nervoso \nCentral (SNC) e diminui a sensibilidade a dor. Seu efeito tem início 15 a 30 minutos após a \nadministração oral e permanece por um período de 4 a 6 horas. \n \n3. QUANDO NÃO DEVO USAR ESTE MEDICAMENTO? \nVocê não deve usar TYLENOL® se possuir alergia ao paracetamol ou a qualquer componente de \nsua fórmula. \nEste medicamento é contraindicado para menores de 12 anos. \n \n \n4. O QUE DEVO SABER ANTES DE USAR ESTE MEDICAMENTO?"", ""TYLENOL® - Paciente \n \n \nNão use medicamento com o prazo de validade vencido. Guarde- o em sua embalagem \noriginal. TYLENOL® 500 mg e TYLENOL® 750 mg são comprimidos revestidos oblongos \n(ovalados) de cor branca. \nAntes de usar, observe o aspecto do medicamento. Caso ele esteja no prazo de validade e \nvocê observe alguma mudança no aspecto, consulte o farmacêutico para saber se poderá \nutilizá-lo. \nTodo medicamento deve ser mantido fora do alcance das crianças. \n \n \n6."", ""6. COMO DEVO USAR ESTE MEDICAMENTO?** \n\nUso oral. Você deve tomar os comprimidos com líquido. O paracetamol pode ser administrado independentemente das refeições. \n\n## **Adultos e crianças acima de 12 anos:** \n\n**TYLENOL[® ] 500 mg:** 1 a 2 comprimidos, 3 a 4 vezes ao dia. \n\n**TYLENOL[® ] 750 mg:** 1 comprimido, 3 a 5 vezes ao dia. \n\nA dose diária máxima recomendada de paracetamol é de 4000 mg ( **8 comprimidos de TYLENOL[® ] 500 mg ou 5 comprimidos de TYLENOL® 750 mg** ) administrada em doses fracionadas, não excedendo 1000 mg/dose ( **2 comprimidos de TYLENOL[® ] 500 mg ou 1 comprimido de TYLENOL[® ] 750 mg** ), em intervalos de 4 a 6 horas, em um período de 24 horas. **Duração do tratamento:** depende do desaparecimento dos sintomas. \n\n**Este medicamento não pode ser partido, aberto ou mastigado.** \n\n**Siga corretamente o modo de usar. Em caso de dúvidas sobre este medicamento, procure orientação do farmacêutico. Não desaparecendo os sintomas, procure orientação médica ou de seu cirurgião-dentista.** \n\n## **"", ""6. COMO DEVO USAR ESTE MEDICAMENTO?** \n\nUso oral. Você deve tomar os comprimidos com líquido. O paracetamol pode ser administrado independentemente das refeições. \n\n## **Adultos e crianças acima de 12 anos:** \n\n**TYLENOL[® ] 500 mg:** 1 a 2 comprimidos, 3 a 4 vezes ao dia. \n\n**TYLENOL[® ] 750 mg:** 1 comprimido, 3 a 5 vezes ao dia. \n\nA dose diária máxima recomendada de paracetamol é de 4000 mg ( **8 comprimidos de TYLENOL[® ] 500 mg ou 5 comprimidos de TYLENOL® 750 mg** ) administrada em doses fracionadas, não excedendo 1000 mg/dose ( **2 comprimidos de TYLENOL[® ] 500 mg ou 1 comprimido de TYLENOL[® ] 750 mg** ), em intervalos de 4 a 6 horas, em um período de 24 horas. **Duração do tratamento:** depende do desaparecimento dos sintomas. \n\n**Este medicamento não pode ser partido, aberto ou mastigado.** \n\n**Siga corretamente o modo de usar. Em caso de dúvidas sobre este medicamento, procure orientação do farmacêutico. Não desaparecendo os sintomas, procure orientação médica ou de seu cirurgião-dentista.** \n\n## **"", ""COMO DEVO USAR ESTE MEDICAMENTO? \nUso oral. Você deve tomar os comprimidos com líquido. O paracetamol pode ser administrado \nindependentemente das refeições. \nAdultos e crianças acima de 12 anos: \nTYLENOL® 500 mg: 1 a 2 comprimidos, 3 a 4 vezes ao dia. \nTYLENOL® 750 mg: 1 comprimido, 3 a 5 vezes ao dia. \nA dose diária máxima recomendada de paracetamol é de 4000 mg ( 8 comprimidos de \nTYLENOL® 500 mg ou 5 comprimidos de TYLENOL® 750 mg) administrada em doses \nfracionadas, não excedendo 1000 mg/dose ( 2 comprimidos de TYLENOL ® 500 mg ou 1 \ncomprimido de TYLENOL® 750 mg), em intervalos de 4 a 6 horas, em um período de 24 horas. \nDuração do tratamento: depende do desaparecimento dos sintomas. \nEste medicamento não pode ser partido, aberto ou mastigado. \nSiga corretamente o modo de usar. Em caso de dúvidas sobre este medicamento, procure \norientação do farmacêutico. Não desaparecendo os sintomas, procure orientação médica \nou de seu cirurgião-dentista. \n \n7. O QUE DEVO FAZER QUANDO EU ME ESQUECER DE USAR ESTE \nMEDICAMENTO? \nSe você se esquecer de tomar uma dose do medicamento, faça-o assim que se lembrar, no caso \nde ainda haver necessidade, e então ajuste o horário das próximas  tomadas. Não tome a dose \ndobrada para compensar a dose esquecida. \nEm caso de dúvidas, procure orientação do farmacêutico ou de seu médico, ou cirurgião - \ndentista. \n \n8. "", "" \n \nTYLENOL® - Paciente \n \n \nReação muito rara (ocorre em menos de 0,01% dos pacientes que utilizam este medicamento): \nurticária, coceira e vermelhidão no corpo, reações alérgicas a este medicamento, aumento das \ntransaminases e erupção fixa medicamentosa. \nInforme ao seu médico, cirurgião -dentista ou farmacêutico o aparecimento de reações \nindesejáveis pelo uso do medicamento. Informe também à empresa através do seu serviço \nde atendimento. \n \n9. O QUE FAZER SE ALGUÉM USAR UMA QUANTIDADE MAIOR DO QUE A \nINDICADA DESTE MEDICAMENTO? \nO uso de doses excessivas, acima das doses recomendadas (superdose) pode causar danos ao \nfígado. Em caso de  superdose, procure ajuda médica ou um centro de intoxicação \nimediatamente. O apoio médico imediato é fundamental para adultos e crianças, mesmo se os \nsinais e sintomas de intoxicação não estiverem presentes. \nOs sinais e sintomas iniciais que se seguem a uma dose potencialmente hepatotóxica de \nparacetamol são: perda de apetite, náusea, vômito, sudorese intensa, palidez e mal-estar geral. \nEm caso de uso de grande quantidade deste medicamento, procure rapidamente socorro \nmédico e leve a embalagem ou bula do medicamento, se possível. Ligue para 0800 722 6001, \nse você precisar de mais orientações. \n \nDIZERES LEGAIS \nMS - 1.5721.1214 \nFarmacêutico Responsável: Jean F. L. Festuccia – CRF - SP nº 29.625 \n \n \nRegistrado por: \nJOHNSON & JOHNSON INDUSTRIAL LTDA. \nRodovia Presidente Dutra, Km 154, \nSão José dos Campos – SP \nCNPJ 59.748.988/0001-14 \n \n \nFabricado por: \nJOHNSON & JOHNSON INDUSTRIAL LTDA \nRodovia Presidente Dutra, km 154 \nSão José dos Campos – SP \nCNPJ: 59.748.988/0001-14 \nIndustria Brasileira \n®Marca Registrada "", ""## **Não use outro produto que contenha paracetamol.** \n\n## **O paracetamol nas doses terapêuticas não foi associado à irritação gástrica.** \n\nSe você tem pressão alta, não use este produto por mais tempo do que o indicado no rótulo, a menos que indicado por um médico. \n\nA absorção de **TYLENOL[® ]** é mais rápida se você estiver em jejum. Os alimentos podem afetar a velocidade da absorção, mas não a quantidade absorvida do medicamento. A interferência do paracetamol na metabolização de outros medicamentos e a influência destes medicamentos na ação e na toxicidade do paracetamol, em geral, não são relevantes. \n\n**Consulte seu médico antes de utilizar este medicamento se você está tomando flucloxacilina (penicilina - um antibiótico), varfarina (anticoagulante) ou outros derivados cumarínicos.** \n\n**Informe ao seu médico ou cirurgião-dentista se você está fazendo uso de algum outro medicamento.** \n\n**"", ""## **Não use outro produto que contenha paracetamol.** \n\n## **O paracetamol nas doses terapêuticas não foi associado à irritação gástrica.** \n\nSe você tem pressão alta, não use este produto por mais tempo do que o indicado no rótulo, a menos que indicado por um médico. \n\nA absorção de **TYLENOL[® ]** é mais rápida se você estiver em jejum. Os alimentos podem afetar a velocidade da absorção, mas não a quantidade absorvida do medicamento. A interferência do paracetamol na metabolização de outros medicamentos e a influência destes medicamentos na ação e na toxicidade do paracetamol, em geral, não são relevantes. \n\n**Consulte seu médico antes de utilizar este medicamento se você está tomando flucloxacilina (penicilina - um antibiótico), varfarina (anticoagulante) ou outros derivados cumarínicos.** \n\n**Informe ao seu médico ou cirurgião-dentista se você está fazendo uso de algum outro medicamento.** \n\n**"", ""SAC 0800 728 6767 \n\nwww.tylenol.com.br \n\nSiga corretamente o modo de usar, não desaparecendo os sintomas procure orientação médica. \n\n**==> picture [23 x 19] intentionally omitted <==**\n\nTYLENOL® - Paciente \n\n**==> picture [115 x 30] intentionally omitted <==**\n\n## **""]",0.023,4.051
naive_rag,ollama:medgemma:4b,TYLENOL,Como devo conservar TYLENOL?,facil,"TYLENOL deve ser conservado em temperatura ambiente, entre 15 °C e 30 °C, protegido da luz e da umidade. O medicamento deve ser guardado em sua embalagem original e mantido fora do alcance das crianças.","ONDE, COMO E POR QUANTO TEMPO POSSO GUARDAR ESTE MEDICAMENTO?","De acordo com a bula do medicamento TYLENOL, consta a seguinte informação: ""TYLENOL® deve ser conservado em temperatura ambiente (entre 15°C e 30°C), protegido da luz e umidade. Número de lote e datas de fabricação e validade: vide embalagem.""

---
*Esta resposta se baseia apenas nos trechos da bula recuperados e não substitui orientação médica ou farmacêutica.*","De acordo com a bula do medicamento TYLENOL, consta a seguinte informação: ""TYLENOL® deve ser conservado em temperatura ambiente (entre 15°C e 30°C), protegido da luz e umidade. Número de lote e datas de fabricação e validade: vide embalagem.""",TODAS (Naive),,"[""2. COMO ESTE MEDICAMENTO FUNCIONA?** \n\n**TYLENOL[® ]** reduz a febre atuando no centro regulador da temperatura no Sistema Nervoso Central (SNC) e diminui a sensibilidade a dor. Seu efeito tem início 15 a 30 minutos após a administração oral e permanece por um período de 4 a 6 horas. \n\n## **"", ""2. COMO ESTE MEDICAMENTO FUNCIONA?** \n\n**TYLENOL[® ]** reduz a febre atuando no centro regulador da temperatura no Sistema Nervoso Central (SNC) e diminui a sensibilidade a dor. Seu efeito tem início 15 a 30 minutos após a administração oral e permanece por um período de 4 a 6 horas. \n\n## **"", ""SAC 0800 728 6767 \n\nwww.tylenol.com.br \n\nSiga corretamente o modo de usar, não desaparecendo os sintomas procure orientação médica. \n\n**==> picture [23 x 19] intentionally omitted <==**\n\nTYLENOL® - Paciente \n\n**==> picture [115 x 30] intentionally omitted <==**\n\n## **"", ""SAC 0800 728 6767 \n\nwww.tylenol.com.br \n\nSiga corretamente o modo de usar, não desaparecendo os sintomas procure orientação médica. \n\n**==> picture [23 x 19] intentionally omitted <==**\n\nTYLENOL® - Paciente \n\n**==> picture [115 x 30] intentionally omitted <==**\n\n## **"", ""TYLENOL® - Paciente \n \n \n \nSAC 0800 728 6767 \nwww.tylenol.com.br \n \n \nSiga corretamente o modo de usar, não desaparecendo os sintomas procure orientação médica."", ""5. ONDE, COMO E POR QUANTO TEMPO POSSO GUARDAR ESTE MEDICAMENTO?** \n\n**TYLENOL®** deve ser conservado em temperatura ambiente (entre 15°C e 30°C), protegido da luz e umidade. **Número de lote e datas de fabricação e validade: vide embalagem.** \n\nTYLENOL® - Paciente \n\n**==> picture [114 x 31] intentionally omitted <==**\n\n**Não use medicamento com o prazo de validade vencido. Guarde-o em sua embalagem original. TYLENOL[® ] 500 mg e TYLENOL[® ] 750 mg** são comprimidos revestidos oblongos (ovalados) de cor branca. \n\n**Antes de usar, observe o aspecto do medicamento. Caso ele esteja no prazo de validade e você observe alguma mudança no aspecto, consulte o farmacêutico para saber se poderá** \n\n**utilizá-lo.** \n\n**Todo medicamento deve ser mantido fora do alcance das crianças** . \n\n## **"", ""5. ONDE, COMO E POR QUANTO TEMPO POSSO GUARDAR ESTE MEDICAMENTO?** \n\n**TYLENOL®** deve ser conservado em temperatura ambiente (entre 15°C e 30°C), protegido da luz e umidade. **Número de lote e datas de fabricação e validade: vide embalagem.** \n\nTYLENOL® - Paciente \n\n**==> picture [114 x 31] intentionally omitted <==**\n\n**Não use medicamento com o prazo de validade vencido. Guarde-o em sua embalagem original. TYLENOL[® ] 500 mg e TYLENOL[® ] 750 mg** são comprimidos revestidos oblongos (ovalados) de cor branca. \n\n**Antes de usar, observe o aspecto do medicamento. Caso ele esteja no prazo de validade e você observe alguma mudança no aspecto, consulte o farmacêutico para saber se poderá** \n\n**utilizá-lo.** \n\n**Todo medicamento deve ser mantido fora do alcance das crianças** . \n\n## **"", ""TYLENOL® - Paciente \n \n \nNão use medicamento com o prazo de validade vencido. Guarde- o em sua embalagem \noriginal. TYLENOL® 500 mg e TYLENOL® 750 mg são comprimidos revestidos oblongos \n(ovalados) de cor branca. \nAntes de usar, observe o aspecto do medicamento. Caso ele esteja no prazo de validade e \nvocê observe alguma mudança no aspecto, consulte o farmacêutico para saber se poderá \nutilizá-lo. \nTodo medicamento deve ser mantido fora do alcance das crianças. \n \n \n6."", ""3. QUANDO NÃO DEVO USAR ESTE MEDICAMENTO?** \n\nVocê não deve usar **TYLENOL[® ]** se possuir alergia ao paracetamol ou a qualquer componente de sua fórmula. \n\n**Este medicamento é contraindicado para menores de 12 anos.** \n\n## **"", ""3. QUANDO NÃO DEVO USAR ESTE MEDICAMENTO?** \n\nVocê não deve usar **TYLENOL[® ]** se possuir alergia ao paracetamol ou a qualquer componente de sua fórmula. \n\n**Este medicamento é contraindicado para menores de 12 anos.** \n\n## **"", ""TYLENOL® - Paciente \n \n \n \n \n \n \n \n \n \n \n \n \n \nTYLENOL® \nJohnson & Johnson Industrial Ltda. \nComprimidos Revestidos \n500 mg e 750 mg"", ""COMO DEVO USAR ESTE MEDICAMENTO? \nUso oral. Você deve tomar os comprimidos com líquido. O paracetamol pode ser administrado \nindependentemente das refeições. \nAdultos e crianças acima de 12 anos: \nTYLENOL® 500 mg: 1 a 2 comprimidos, 3 a 4 vezes ao dia. \nTYLENOL® 750 mg: 1 comprimido, 3 a 5 vezes ao dia. \nA dose diária máxima recomendada de paracetamol é de 4000 mg ( 8 comprimidos de \nTYLENOL® 500 mg ou 5 comprimidos de TYLENOL® 750 mg) administrada em doses \nfracionadas, não excedendo 1000 mg/dose ( 2 comprimidos de TYLENOL ® 500 mg ou 1 \ncomprimido de TYLENOL® 750 mg), em intervalos de 4 a 6 horas, em um período de 24 horas. \nDuração do tratamento: depende do desaparecimento dos sintomas. \nEste medicamento não pode ser partido, aberto ou mastigado. \nSiga corretamente o modo de usar. Em caso de dúvidas sobre este medicamento, procure \norientação do farmacêutico. Não desaparecendo os sintomas, procure orientação médica \nou de seu cirurgião-dentista. \n \n7. O QUE DEVO FAZER QUANDO EU ME ESQUECER DE USAR ESTE \nMEDICAMENTO? \nSe você se esquecer de tomar uma dose do medicamento, faça-o assim que se lembrar, no caso \nde ainda haver necessidade, e então ajuste o horário das próximas  tomadas. Não tome a dose \ndobrada para compensar a dose esquecida. \nEm caso de dúvidas, procure orientação do farmacêutico ou de seu médico, ou cirurgião - \ndentista. \n \n8. "", ""6. COMO DEVO USAR ESTE MEDICAMENTO?** \n\nUso oral. Você deve tomar os comprimidos com líquido. O paracetamol pode ser administrado independentemente das refeições. \n\n## **Adultos e crianças acima de 12 anos:** \n\n**TYLENOL[® ] 500 mg:** 1 a 2 comprimidos, 3 a 4 vezes ao dia. \n\n**TYLENOL[® ] 750 mg:** 1 comprimido, 3 a 5 vezes ao dia. \n\nA dose diária máxima recomendada de paracetamol é de 4000 mg ( **8 comprimidos de TYLENOL[® ] 500 mg ou 5 comprimidos de TYLENOL® 750 mg** ) administrada em doses fracionadas, não excedendo 1000 mg/dose ( **2 comprimidos de TYLENOL[® ] 500 mg ou 1 comprimido de TYLENOL[® ] 750 mg** ), em intervalos de 4 a 6 horas, em um período de 24 horas. **Duração do tratamento:** depende do desaparecimento dos sintomas. \n\n**Este medicamento não pode ser partido, aberto ou mastigado.** \n\n**Siga corretamente o modo de usar. Em caso de dúvidas sobre este medicamento, procure orientação do farmacêutico. Não desaparecendo os sintomas, procure orientação médica ou de seu cirurgião-dentista.** \n\n## **"", ""6. COMO DEVO USAR ESTE MEDICAMENTO?** \n\nUso oral. Você deve tomar os comprimidos com líquido. O paracetamol pode ser administrado independentemente das refeições. \n\n## **Adultos e crianças acima de 12 anos:** \n\n**TYLENOL[® ] 500 mg:** 1 a 2 comprimidos, 3 a 4 vezes ao dia. \n\n**TYLENOL[® ] 750 mg:** 1 comprimido, 3 a 5 vezes ao dia. \n\nA dose diária máxima recomendada de paracetamol é de 4000 mg ( **8 comprimidos de TYLENOL[® ] 500 mg ou 5 comprimidos de TYLENOL® 750 mg** ) administrada em doses fracionadas, não excedendo 1000 mg/dose ( **2 comprimidos de TYLENOL[® ] 500 mg ou 1 comprimido de TYLENOL[® ] 750 mg** ), em intervalos de 4 a 6 horas, em um período de 24 horas. **Duração do tratamento:** depende do desaparecimento dos sintomas. \n\n**Este medicamento não pode ser partido, aberto ou mastigado.** \n\n**Siga corretamente o modo de usar. Em caso de dúvidas sobre este medicamento, procure orientação do farmacêutico. Não desaparecendo os sintomas, procure orientação médica ou de seu cirurgião-dentista.** \n\n## **"", "" \n \nTYLENOL® - Paciente \n \n \nVocê não deve tomar mais do que a dose recomendada (superdose) para provocar maior alívio, \npois pode causar sérios problemas de saúde. Você deve consultar seu médico se a dor ou febre \ncontinuarem ou piorarem, ou se surgirem novos sintomas, pois estes sintomas podem ser sinais \nde doenças graves. \nUso com álcool: consumidores de doses abusivas de álcool devem consultar seu médico para \nsaber se podem tomar TYLENOL® ou qualquer outro analgésico. \nGravidez e Amamentação \nSe você estiver grávida ou amamentando, consulte o seu médico antes de usar este medicamento. \nEste medicamento não deve ser utilizado por mulheres grávidas sem orientação médica ou \ndo cirurgião-dentista. \nUso em pacientes com problemas no fígado: Consulte seu médico antes de usar o medicamento. \nUso em idosos: Até o momento não são conhecidas restrições específicas ao uso de \nTYLENOL® por pacientes idosos. Não existe necessidade de ajuste de dose neste grupo etário. \nMuito raramente, foram relatadas reações cutâneas graves em pacientes que administraram \nparacetamol. Os sintomas podem incluir: vermelhidão na pele, bolhas e erupções cutâneas. Se \nocorrerem reações cutâneas ou piora de problemas de pele já existentes, interrompa o uso do \nmedicamento e procure ajuda médica imediatamente. \nNão use outro produto que contenha paracetamol. \nO paracetamol nas doses terapêuticas não foi associado à irritação gástrica. \nSe você tem pressão alta, não use este produto por mais tempo do que o indicado no rótulo, a \nmenos que indicado por um médico. \nA absorção de TYLENOL® é mais rápida se você estiver em jejum. Os alimentos podem afetar \na velocidade da absorção, mas não a quantidade absorvida do medicamento. A interferência do \nparacetamol na metabolização de outros medicamentos e a influência destes medicamentos na \nação e na toxicidade do paracetamol, em geral, não são relevantes. \n \nConsulte seu médico antes de utilizar este medicamento se você está tomando flucloxacilina \n(penicilina - um antibiótico), varfarina (anticoagulante) ou outros derivados cumarínicos. \n \nInforme ao seu médico ou cirurgião-dentista se você está fazendo uso de algum outro \nmedicamento. \n \n5. ONDE, COMO E POR QUANTO TEMPO POSSO GUARDAR ESTE \nMEDICAMENTO? \nTYLENOL® deve ser conservado em temperatura ambiente (entre 15°C e 30°C), protegido da \nluz e umidade. Número de lote e datas de fabricação e validade: vide embalagem. ""]",0.019,4.046
naive_rag,ollama:medgemma:4b,TYLENOL,Qual é a dose indicada de TYLENOL 500 mg para adultos e crianças acima de 12 anos?,facil,"Para adultos e crianças acima de 12 anos, a dose de TYLENOL 500 mg é de 1 a 2 comprimidos, 3 a 4 vezes ao dia.",COMO DEVO USAR ESTE MEDICAMENTO?,"De acordo com a bula do medicamento TYLENOL, consta a seguinte informação: ""Adultos e crianças acima de 12 anos: TYLENOL® 500 mg: 1 a 2 comprimidos, 3 a 4 vezes ao dia.""

---
*Esta resposta se baseia apenas nos trechos da bula recuperados e não substitui orientação médica ou farmacêutica.*","De acordo com a bula do medicamento TYLENOL, consta a seguinte informação: ""Adultos e crianças acima de 12 anos: TYLENOL® 500 mg: 1 a 2 comprimidos, 3 a 4 vezes ao dia.""",TODAS (Naive),,"[""TYLENOL® - Paciente \n \n \nNão use medicamento com o prazo de validade vencido. Guarde- o em sua embalagem \noriginal. TYLENOL® 500 mg e TYLENOL® 750 mg são comprimidos revestidos oblongos \n(ovalados) de cor branca. \nAntes de usar, observe o aspecto do medicamento. Caso ele esteja no prazo de validade e \nvocê observe alguma mudança no aspecto, consulte o farmacêutico para saber se poderá \nutilizá-lo. \nTodo medicamento deve ser mantido fora do alcance das crianças. \n \n \n6."", ""6. COMO DEVO USAR ESTE MEDICAMENTO?** \n\nUso oral. Você deve tomar os comprimidos com líquido. O paracetamol pode ser administrado independentemente das refeições. \n\n## **Adultos e crianças acima de 12 anos:** \n\n**TYLENOL[® ] 500 mg:** 1 a 2 comprimidos, 3 a 4 vezes ao dia. \n\n**TYLENOL[® ] 750 mg:** 1 comprimido, 3 a 5 vezes ao dia. \n\nA dose diária máxima recomendada de paracetamol é de 4000 mg ( **8 comprimidos de TYLENOL[® ] 500 mg ou 5 comprimidos de TYLENOL® 750 mg** ) administrada em doses fracionadas, não excedendo 1000 mg/dose ( **2 comprimidos de TYLENOL[® ] 500 mg ou 1 comprimido de TYLENOL[® ] 750 mg** ), em intervalos de 4 a 6 horas, em um período de 24 horas. **Duração do tratamento:** depende do desaparecimento dos sintomas. \n\n**Este medicamento não pode ser partido, aberto ou mastigado.** \n\n**Siga corretamente o modo de usar. Em caso de dúvidas sobre este medicamento, procure orientação do farmacêutico. Não desaparecendo os sintomas, procure orientação médica ou de seu cirurgião-dentista.** \n\n## **"", ""6. COMO DEVO USAR ESTE MEDICAMENTO?** \n\nUso oral. Você deve tomar os comprimidos com líquido. O paracetamol pode ser administrado independentemente das refeições. \n\n## **Adultos e crianças acima de 12 anos:** \n\n**TYLENOL[® ] 500 mg:** 1 a 2 comprimidos, 3 a 4 vezes ao dia. \n\n**TYLENOL[® ] 750 mg:** 1 comprimido, 3 a 5 vezes ao dia. \n\nA dose diária máxima recomendada de paracetamol é de 4000 mg ( **8 comprimidos de TYLENOL[® ] 500 mg ou 5 comprimidos de TYLENOL® 750 mg** ) administrada em doses fracionadas, não excedendo 1000 mg/dose ( **2 comprimidos de TYLENOL[® ] 500 mg ou 1 comprimido de TYLENOL[® ] 750 mg** ), em intervalos de 4 a 6 horas, em um período de 24 horas. **Duração do tratamento:** depende do desaparecimento dos sintomas. \n\n**Este medicamento não pode ser partido, aberto ou mastigado.** \n\n**Siga corretamente o modo de usar. Em caso de dúvidas sobre este medicamento, procure orientação do farmacêutico. Não desaparecendo os sintomas, procure orientação médica ou de seu cirurgião-dentista.** \n\n## **"", ""5. ONDE, COMO E POR QUANTO TEMPO POSSO GUARDAR ESTE MEDICAMENTO?** \n\n**TYLENOL®** deve ser conservado em temperatura ambiente (entre 15°C e 30°C), protegido da luz e umidade. **Número de lote e datas de fabricação e validade: vide embalagem.** \n\nTYLENOL® - Paciente \n\n**==> picture [114 x 31] intentionally omitted <==**\n\n**Não use medicamento com o prazo de validade vencido. Guarde-o em sua embalagem original. TYLENOL[® ] 500 mg e TYLENOL[® ] 750 mg** são comprimidos revestidos oblongos (ovalados) de cor branca. \n\n**Antes de usar, observe o aspecto do medicamento. Caso ele esteja no prazo de validade e você observe alguma mudança no aspecto, consulte o farmacêutico para saber se poderá** \n\n**utilizá-lo.** \n\n**Todo medicamento deve ser mantido fora do alcance das crianças** . \n\n## **"", ""5. ONDE, COMO E POR QUANTO TEMPO POSSO GUARDAR ESTE MEDICAMENTO?** \n\n**TYLENOL®** deve ser conservado em temperatura ambiente (entre 15°C e 30°C), protegido da luz e umidade. **Número de lote e datas de fabricação e validade: vide embalagem.** \n\nTYLENOL® - Paciente \n\n**==> picture [114 x 31] intentionally omitted <==**\n\n**Não use medicamento com o prazo de validade vencido. Guarde-o em sua embalagem original. TYLENOL[® ] 500 mg e TYLENOL[® ] 750 mg** são comprimidos revestidos oblongos (ovalados) de cor branca. \n\n**Antes de usar, observe o aspecto do medicamento. Caso ele esteja no prazo de validade e você observe alguma mudança no aspecto, consulte o farmacêutico para saber se poderá** \n\n**utilizá-lo.** \n\n**Todo medicamento deve ser mantido fora do alcance das crianças** . \n\n## **"", ""COMO DEVO USAR ESTE MEDICAMENTO? \nUso oral. Você deve tomar os comprimidos com líquido. O paracetamol pode ser administrado \nindependentemente das refeições. \nAdultos e crianças acima de 12 anos: \nTYLENOL® 500 mg: 1 a 2 comprimidos, 3 a 4 vezes ao dia. \nTYLENOL® 750 mg: 1 comprimido, 3 a 5 vezes ao dia. \nA dose diária máxima recomendada de paracetamol é de 4000 mg ( 8 comprimidos de \nTYLENOL® 500 mg ou 5 comprimidos de TYLENOL® 750 mg) administrada em doses \nfracionadas, não excedendo 1000 mg/dose ( 2 comprimidos de TYLENOL ® 500 mg ou 1 \ncomprimido de TYLENOL® 750 mg), em intervalos de 4 a 6 horas, em um período de 24 horas. \nDuração do tratamento: depende do desaparecimento dos sintomas. \nEste medicamento não pode ser partido, aberto ou mastigado. \nSiga corretamente o modo de usar. Em caso de dúvidas sobre este medicamento, procure \norientação do farmacêutico. Não desaparecendo os sintomas, procure orientação médica \nou de seu cirurgião-dentista. \n \n7. O QUE DEVO FAZER QUANDO EU ME ESQUECER DE USAR ESTE \nMEDICAMENTO? \nSe você se esquecer de tomar uma dose do medicamento, faça-o assim que se lembrar, no caso \nde ainda haver necessidade, e então ajuste o horário das próximas  tomadas. Não tome a dose \ndobrada para compensar a dose esquecida. \nEm caso de dúvidas, procure orientação do farmacêutico ou de seu médico, ou cirurgião - \ndentista. \n \n8. "", ""2. COMO ESTE MEDICAMENTO FUNCIONA?** \n\n**TYLENOL[® ]** reduz a febre atuando no centro regulador da temperatura no Sistema Nervoso Central (SNC) e diminui a sensibilidade a dor. Seu efeito tem início 15 a 30 minutos após a administração oral e permanece por um período de 4 a 6 horas. \n\n## **"", ""2. COMO ESTE MEDICAMENTO FUNCIONA?** \n\n**TYLENOL[® ]** reduz a febre atuando no centro regulador da temperatura no Sistema Nervoso Central (SNC) e diminui a sensibilidade a dor. Seu efeito tem início 15 a 30 minutos após a administração oral e permanece por um período de 4 a 6 horas. \n\n## **"", ""SAC 0800 728 6767 \n\nwww.tylenol.com.br \n\nSiga corretamente o modo de usar, não desaparecendo os sintomas procure orientação médica. \n\n**==> picture [23 x 19] intentionally omitted <==**\n\nTYLENOL® - Paciente \n\n**==> picture [115 x 30] intentionally omitted <==**\n\n## **"", ""SAC 0800 728 6767 \n\nwww.tylenol.com.br \n\nSiga corretamente o modo de usar, não desaparecendo os sintomas procure orientação médica. \n\n**==> picture [23 x 19] intentionally omitted <==**\n\nTYLENOL® - Paciente \n\n**==> picture [115 x 30] intentionally omitted <==**\n\n## **"", ""TYLENOL® - Paciente \n \n \n \n \n \n \n \n \n \n \n \n \n \nTYLENOL® \nJohnson & Johnson Industrial Ltda. \nComprimidos Revestidos \n500 mg e 750 mg"", ""4. O QUE DEVO SABER ANTES DE USAR ESTE MEDICAMENTO?** \n\nTYLENOL® - Paciente \n\n**==> picture [114 x 31] intentionally omitted <==**\n\nVocê não deve tomar mais do que a dose recomendada (superdose) para provocar maior alívio, pois pode causar sérios problemas de saúde. Você deve consultar seu médico se a dor ou febre continuarem ou piorarem, ou se surgirem novos sintomas, pois estes sintomas podem ser sinais de doenças graves. \n\n**Uso com álcool** : consumidores de doses abusivas de álcool devem consultar seu médico para saber se podem tomar **TYLENOL[® ]** ou qualquer outro analgésico. \n\n## **Gravidez e Amamentação** \n\n## Se você estiver grávida ou amamentando, consulte o seu médico antes de usar este medicamento. **Este medicamento não deve ser utilizado por mulheres grávidas sem orientação médica ou do cirurgião-dentista.** \n\n**Uso em pacientes com problemas no fígado** : Consulte seu médico antes de usar o medicamento. **Uso em idosos** : Até o momento não são conhecidas restrições específicas ao uso de **TYLENOL[® ]** por pacientes idosos. Não existe necessidade de ajuste de dose neste grupo etário. Muito raramente, foram relatadas reações cutâneas graves em pacientes que administraram paracetamol. Os sintomas podem incluir: vermelhidão na pele, bolhas e erupções cutâneas. Se ocorrerem reações cutâneas ou piora de problemas de pele já existentes, interrompa o uso do medicamento e procure ajuda médica imediatamente. \n\n## **Não use outro produto que contenha paracetamol.** \n\n## **O paracetamol nas doses terapêuticas não foi associado à irritação gástrica.**"", ""4. O QUE DEVO SABER ANTES DE USAR ESTE MEDICAMENTO?** \n\nTYLENOL® - Paciente \n\n**==> picture [114 x 31] intentionally omitted <==**\n\nVocê não deve tomar mais do que a dose recomendada (superdose) para provocar maior alívio, pois pode causar sérios problemas de saúde. Você deve consultar seu médico se a dor ou febre continuarem ou piorarem, ou se surgirem novos sintomas, pois estes sintomas podem ser sinais de doenças graves. \n\n**Uso com álcool** : consumidores de doses abusivas de álcool devem consultar seu médico para saber se podem tomar **TYLENOL[® ]** ou qualquer outro analgésico. \n\n## **Gravidez e Amamentação** \n\n## Se você estiver grávida ou amamentando, consulte o seu médico antes de usar este medicamento. **Este medicamento não deve ser utilizado por mulheres grávidas sem orientação médica ou do cirurgião-dentista.** \n\n**Uso em pacientes com problemas no fígado** : Consulte seu médico antes de usar o medicamento. **Uso em idosos** : Até o momento não são conhecidas restrições específicas ao uso de **TYLENOL[® ]** por pacientes idosos. Não existe necessidade de ajuste de dose neste grupo etário. Muito raramente, foram relatadas reações cutâneas graves em pacientes que administraram paracetamol. Os sintomas podem incluir: vermelhidão na pele, bolhas e erupções cutâneas. Se ocorrerem reações cutâneas ou piora de problemas de pele já existentes, interrompa o uso do medicamento e procure ajuda médica imediatamente. \n\n## **Não use outro produto que contenha paracetamol.** \n\n## **O paracetamol nas doses terapêuticas não foi associado à irritação gástrica.**"", ""3. QUANDO NÃO DEVO USAR ESTE MEDICAMENTO?** \n\nVocê não deve usar **TYLENOL[® ]** se possuir alergia ao paracetamol ou a qualquer componente de sua fórmula. \n\n**Este medicamento é contraindicado para menores de 12 anos.** \n\n## **"", ""3. QUANDO NÃO DEVO USAR ESTE MEDICAMENTO?** \n\nVocê não deve usar **TYLENOL[® ]** se possuir alergia ao paracetamol ou a qualquer componente de sua fórmula. \n\n**Este medicamento é contraindicado para menores de 12 anos.** \n\n## **""]",0.025,3.715
naive_rag,ollama:medgemma:4b,TYLENOL,Quais reações muito raras TYLENOL pode causar segundo a seção de reações adversas?,facil,"Segundo a seção de reações adversas, TYLENOL pode causar, muito raramente, urticária, coceira e vermelhidão no corpo, reações alérgicas ao medicamento, aumento das transaminases e erupção fixa medicamentosa.",QUAIS OS MALES QUE ESTE MEDICAMENTO PODE ME CAUSAR?,"De acordo com a bula do medicamento TYLENOL, consta a seguinte informação: Reação muito rara (ocorre em menos de 0,01% dos pacientes que utilizam este medicamento): urticária, coceira e vermelhidão no corpo, reações alérgicas a este medicamento, aumento das transaminases e erupção fixa medicamentosa.

---
*Esta resposta se baseia apenas nos trechos da bula recuperados e não substitui orientação médica ou farmacêutica.*","De acordo com a bula do medicamento TYLENOL, consta a seguinte informação: Reação muito rara (ocorre em menos de 0,01% dos pacientes que utilizam este medicamento): urticária, coceira e vermelhidão no corpo, reações alérgicas a este medicamento, aumento das transaminases e erupção fixa medicamentosa.",TODAS (Naive),,"[""2. COMO ESTE MEDICAMENTO FUNCIONA?** \n\n**TYLENOL[® ]** reduz a febre atuando no centro regulador da temperatura no Sistema Nervoso Central (SNC) e diminui a sensibilidade a dor. Seu efeito tem início 15 a 30 minutos após a administração oral e permanece por um período de 4 a 6 horas. \n\n## **"", ""2. COMO ESTE MEDICAMENTO FUNCIONA?** \n\n**TYLENOL[® ]** reduz a febre atuando no centro regulador da temperatura no Sistema Nervoso Central (SNC) e diminui a sensibilidade a dor. Seu efeito tem início 15 a 30 minutos após a administração oral e permanece por um período de 4 a 6 horas. \n\n## **"", ""3. QUANDO NÃO DEVO USAR ESTE MEDICAMENTO?** \n\nVocê não deve usar **TYLENOL[® ]** se possuir alergia ao paracetamol ou a qualquer componente de sua fórmula. \n\n**Este medicamento é contraindicado para menores de 12 anos.** \n\n## **"", ""3. QUANDO NÃO DEVO USAR ESTE MEDICAMENTO?** \n\nVocê não deve usar **TYLENOL[® ]** se possuir alergia ao paracetamol ou a qualquer componente de sua fórmula. \n\n**Este medicamento é contraindicado para menores de 12 anos.** \n\n## **"", ""5. ONDE, COMO E POR QUANTO TEMPO POSSO GUARDAR ESTE MEDICAMENTO?** \n\n**TYLENOL®** deve ser conservado em temperatura ambiente (entre 15°C e 30°C), protegido da luz e umidade. **Número de lote e datas de fabricação e validade: vide embalagem.** \n\nTYLENOL® - Paciente \n\n**==> picture [114 x 31] intentionally omitted <==**\n\n**Não use medicamento com o prazo de validade vencido. Guarde-o em sua embalagem original. TYLENOL[® ] 500 mg e TYLENOL[® ] 750 mg** são comprimidos revestidos oblongos (ovalados) de cor branca. \n\n**Antes de usar, observe o aspecto do medicamento. Caso ele esteja no prazo de validade e você observe alguma mudança no aspecto, consulte o farmacêutico para saber se poderá** \n\n**utilizá-lo.** \n\n**Todo medicamento deve ser mantido fora do alcance das crianças** . \n\n## **"", ""5. ONDE, COMO E POR QUANTO TEMPO POSSO GUARDAR ESTE MEDICAMENTO?** \n\n**TYLENOL®** deve ser conservado em temperatura ambiente (entre 15°C e 30°C), protegido da luz e umidade. **Número de lote e datas de fabricação e validade: vide embalagem.** \n\nTYLENOL® - Paciente \n\n**==> picture [114 x 31] intentionally omitted <==**\n\n**Não use medicamento com o prazo de validade vencido. Guarde-o em sua embalagem original. TYLENOL[® ] 500 mg e TYLENOL[® ] 750 mg** são comprimidos revestidos oblongos (ovalados) de cor branca. \n\n**Antes de usar, observe o aspecto do medicamento. Caso ele esteja no prazo de validade e você observe alguma mudança no aspecto, consulte o farmacêutico para saber se poderá** \n\n**utilizá-lo.** \n\n**Todo medicamento deve ser mantido fora do alcance das crianças** . \n\n## **"", "" \n \nTYLENOL® - Paciente \n \n \nReação muito rara (ocorre em menos de 0,01% dos pacientes que utilizam este medicamento): \nurticária, coceira e vermelhidão no corpo, reações alérgicas a este medicamento, aumento das \ntransaminases e erupção fixa medicamentosa. \nInforme ao seu médico, cirurgião -dentista ou farmacêutico o aparecimento de reações \nindesejáveis pelo uso do medicamento. Informe também à empresa através do seu serviço \nde atendimento. \n \n9. O QUE FAZER SE ALGUÉM USAR UMA QUANTIDADE MAIOR DO QUE A \nINDICADA DESTE MEDICAMENTO? \nO uso de doses excessivas, acima das doses recomendadas (superdose) pode causar danos ao \nfígado. Em caso de  superdose, procure ajuda médica ou um centro de intoxicação \nimediatamente. O apoio médico imediato é fundamental para adultos e crianças, mesmo se os \nsinais e sintomas de intoxicação não estiverem presentes. \nOs sinais e sintomas iniciais que se seguem a uma dose potencialmente hepatotóxica de \nparacetamol são: perda de apetite, náusea, vômito, sudorese intensa, palidez e mal-estar geral. \nEm caso de uso de grande quantidade deste medicamento, procure rapidamente socorro \nmédico e leve a embalagem ou bula do medicamento, se possível. Ligue para 0800 722 6001, \nse você precisar de mais orientações. \n \nDIZERES LEGAIS \nMS - 1.5721.1214 \nFarmacêutico Responsável: Jean F. L. Festuccia – CRF - SP nº 29.625 \n \n \nRegistrado por: \nJOHNSON & JOHNSON INDUSTRIAL LTDA. \nRodovia Presidente Dutra, Km 154, \nSão José dos Campos – SP \nCNPJ 59.748.988/0001-14 \n \n \nFabricado por: \nJOHNSON & JOHNSON INDUSTRIAL LTDA \nRodovia Presidente Dutra, km 154 \nSão José dos Campos – SP \nCNPJ: 59.748.988/0001-14 \nIndustria Brasileira \n®Marca Registrada "", ""PARA QUE ESTE MEDICAMENTO É INDICADO? \nEste medicamento é indicado para a redução da febre e para o alívio temporário de dores leves a \nmoderadas, tais como: dores associadas a resfriados comuns, dor de cabeça, dor no corpo, dor de \ndente, dor nas costas, dores musculares, dores leves associadas a artrites e cólicas menstruais. \n \n2. COMO ESTE MEDICAMENTO FUNCIONA? \nTYLENOL® reduz a febre atuando no centro regulador da temperatura no Sistema Nervoso \nCentral (SNC) e diminui a sensibilidade a dor. Seu efeito tem início 15 a 30 minutos após a \nadministração oral e permanece por um período de 4 a 6 horas. \n \n3. QUANDO NÃO DEVO USAR ESTE MEDICAMENTO? \nVocê não deve usar TYLENOL® se possuir alergia ao paracetamol ou a qualquer componente de \nsua fórmula. \nEste medicamento é contraindicado para menores de 12 anos. \n \n \n4. O QUE DEVO SABER ANTES DE USAR ESTE MEDICAMENTO?"", ""4. O QUE DEVO SABER ANTES DE USAR ESTE MEDICAMENTO?** \n\nTYLENOL® - Paciente \n\n**==> picture [114 x 31] intentionally omitted <==**\n\nVocê não deve tomar mais do que a dose recomendada (superdose) para provocar maior alívio, pois pode causar sérios problemas de saúde. Você deve consultar seu médico se a dor ou febre continuarem ou piorarem, ou se surgirem novos sintomas, pois estes sintomas podem ser sinais de doenças graves. \n\n**Uso com álcool** : consumidores de doses abusivas de álcool devem consultar seu médico para saber se podem tomar **TYLENOL[® ]** ou qualquer outro analgésico. \n\n## **Gravidez e Amamentação** \n\n## Se você estiver grávida ou amamentando, consulte o seu médico antes de usar este medicamento. **Este medicamento não deve ser utilizado por mulheres grávidas sem orientação médica ou do cirurgião-dentista.** \n\n**Uso em pacientes com problemas no fígado** : Consulte seu médico antes de usar o medicamento. **Uso em idosos** : Até o momento não são conhecidas restrições específicas ao uso de **TYLENOL[® ]** por pacientes idosos. Não existe necessidade de ajuste de dose neste grupo etário. Muito raramente, foram relatadas reações cutâneas graves em pacientes que administraram paracetamol. Os sintomas podem incluir: vermelhidão na pele, bolhas e erupções cutâneas. Se ocorrerem reações cutâneas ou piora de problemas de pele já existentes, interrompa o uso do medicamento e procure ajuda médica imediatamente. \n\n## **Não use outro produto que contenha paracetamol.** \n\n## **O paracetamol nas doses terapêuticas não foi associado à irritação gástrica.**"", ""4. O QUE DEVO SABER ANTES DE USAR ESTE MEDICAMENTO?** \n\nTYLENOL® - Paciente \n\n**==> picture [114 x 31] intentionally omitted <==**\n\nVocê não deve tomar mais do que a dose recomendada (superdose) para provocar maior alívio, pois pode causar sérios problemas de saúde. Você deve consultar seu médico se a dor ou febre continuarem ou piorarem, ou se surgirem novos sintomas, pois estes sintomas podem ser sinais de doenças graves. \n\n**Uso com álcool** : consumidores de doses abusivas de álcool devem consultar seu médico para saber se podem tomar **TYLENOL[® ]** ou qualquer outro analgésico. \n\n## **Gravidez e Amamentação** \n\n## Se você estiver grávida ou amamentando, consulte o seu médico antes de usar este medicamento. **Este medicamento não deve ser utilizado por mulheres grávidas sem orientação médica ou do cirurgião-dentista.** \n\n**Uso em pacientes com problemas no fígado** : Consulte seu médico antes de usar o medicamento. **Uso em idosos** : Até o momento não são conhecidas restrições específicas ao uso de **TYLENOL[® ]** por pacientes idosos. Não existe necessidade de ajuste de dose neste grupo etário. Muito raramente, foram relatadas reações cutâneas graves em pacientes que administraram paracetamol. Os sintomas podem incluir: vermelhidão na pele, bolhas e erupções cutâneas. Se ocorrerem reações cutâneas ou piora de problemas de pele já existentes, interrompa o uso do medicamento e procure ajuda médica imediatamente. \n\n## **Não use outro produto que contenha paracetamol.** \n\n## **O paracetamol nas doses terapêuticas não foi associado à irritação gástrica.**"", "" \n \nTYLENOL® - Paciente \n \n \nVocê não deve tomar mais do que a dose recomendada (superdose) para provocar maior alívio, \npois pode causar sérios problemas de saúde. Você deve consultar seu médico se a dor ou febre \ncontinuarem ou piorarem, ou se surgirem novos sintomas, pois estes sintomas podem ser sinais \nde doenças graves. \nUso com álcool: consumidores de doses abusivas de álcool devem consultar seu médico para \nsaber se podem tomar TYLENOL® ou qualquer outro analgésico. \nGravidez e Amamentação \nSe você estiver grávida ou amamentando, consulte o seu médico antes de usar este medicamento. \nEste medicamento não deve ser utilizado por mulheres grávidas sem orientação médica ou \ndo cirurgião-dentista. \nUso em pacientes com problemas no fígado: Consulte seu médico antes de usar o medicamento. \nUso em idosos: Até o momento não são conhecidas restrições específicas ao uso de \nTYLENOL® por pacientes idosos. Não existe necessidade de ajuste de dose neste grupo etário. \nMuito raramente, foram relatadas reações cutâneas graves em pacientes que administraram \nparacetamol. Os sintomas podem incluir: vermelhidão na pele, bolhas e erupções cutâneas. Se \nocorrerem reações cutâneas ou piora de problemas de pele já existentes, interrompa o uso do \nmedicamento e procure ajuda médica imediatamente. \nNão use outro produto que contenha paracetamol. \nO paracetamol nas doses terapêuticas não foi associado à irritação gástrica. \nSe você tem pressão alta, não use este produto por mais tempo do que o indicado no rótulo, a \nmenos que indicado por um médico. \nA absorção de TYLENOL® é mais rápida se você estiver em jejum. Os alimentos podem afetar \na velocidade da absorção, mas não a quantidade absorvida do medicamento. A interferência do \nparacetamol na metabolização de outros medicamentos e a influência destes medicamentos na \nação e na toxicidade do paracetamol, em geral, não são relevantes. \n \nConsulte seu médico antes de utilizar este medicamento se você está tomando flucloxacilina \n(penicilina - um antibiótico), varfarina (anticoagulante) ou outros derivados cumarínicos. \n \nInforme ao seu médico ou cirurgião-dentista se você está fazendo uso de algum outro \nmedicamento. \n \n5. ONDE, COMO E POR QUANTO TEMPO POSSO GUARDAR ESTE \nMEDICAMENTO? \nTYLENOL® deve ser conservado em temperatura ambiente (entre 15°C e 30°C), protegido da \nluz e umidade. Número de lote e datas de fabricação e validade: vide embalagem. "", ""TYLENOL® - Paciente \n \n \nNão use medicamento com o prazo de validade vencido. Guarde- o em sua embalagem \noriginal. TYLENOL® 500 mg e TYLENOL® 750 mg são comprimidos revestidos oblongos \n(ovalados) de cor branca. \nAntes de usar, observe o aspecto do medicamento. Caso ele esteja no prazo de validade e \nvocê observe alguma mudança no aspecto, consulte o farmacêutico para saber se poderá \nutilizá-lo. \nTodo medicamento deve ser mantido fora do alcance das crianças. \n \n \n6."", ""COMO ESTE MEDICAMENTO FUNCIONA? \n3. QUANDO NÃO DEVO USAR ESTE \nMEDICAMENTO? \n4. O QUE DEVO SABER ANTES DE USAR ESTE \nMEDICAMENTO? \n5. ONDE, COMO E POR QUANTO TEMPO \nPOSSO GUARDAR ESTE MEDICAMENTO? \n6. COMO DEVO USAR ESTE MEDICAMENTO? \n7. O QUE DEVO FAZER QUANDO EU ME \nESQUECER DE USAR ESTE MEDICAMENTO? \n8. QUAIS OS MALES QUE ESTE \nMEDICAMENTO PODE ME CAUSAR? \n9. O QUE FAZER SE ALGUÉM USAR UMA \nQUANTIDADE MAIOR DO QUE A INDICADA \nDESTE MEDICAMENTO? \nMelhorias no texto de bula (VPS) nos pontos: \n2. RESULTADOS E EFICÁCIA \n3.CARACTERÍSTICAS FARMACOLÓGICAS \n5.ADVERTÊNCIAS E PRECAUÇÕES \n8. POSOLOGIA E MODO DE USAR \n9. REAÇÕES ADVERSAS \n \nSeparação entre as bulas dos produtos TYLENOL® \nBebê e TYLENOL® Criança \n \n \n \n \n \n \n \n \n \n \n \n \n \n \n \n \n \n \n \n \n \n \nVP/VPS \n \n \n \n \n \n \n \n \n \n \n \n \n \n \n \n \n \n \n \nComprimidos \nRevestidos 500 \nmg e 750 mg \nSuspensão Oral \n100 mg/ml e 32 \nmg/ml. \nSolução Oral \n200mg/mL"", ""## **Não use outro produto que contenha paracetamol.** \n\n## **O paracetamol nas doses terapêuticas não foi associado à irritação gástrica.** \n\nSe você tem pressão alta, não use este produto por mais tempo do que o indicado no rótulo, a menos que indicado por um médico. \n\nA absorção de **TYLENOL[® ]** é mais rápida se você estiver em jejum. Os alimentos podem afetar a velocidade da absorção, mas não a quantidade absorvida do medicamento. A interferência do paracetamol na metabolização de outros medicamentos e a influência destes medicamentos na ação e na toxicidade do paracetamol, em geral, não são relevantes. \n\n**Consulte seu médico antes de utilizar este medicamento se você está tomando flucloxacilina (penicilina - um antibiótico), varfarina (anticoagulante) ou outros derivados cumarínicos.** \n\n**Informe ao seu médico ou cirurgião-dentista se você está fazendo uso de algum outro medicamento.** \n\n**"", ""## **Não use outro produto que contenha paracetamol.** \n\n## **O paracetamol nas doses terapêuticas não foi associado à irritação gástrica.** \n\nSe você tem pressão alta, não use este produto por mais tempo do que o indicado no rótulo, a menos que indicado por um médico. \n\nA absorção de **TYLENOL[® ]** é mais rápida se você estiver em jejum. Os alimentos podem afetar a velocidade da absorção, mas não a quantidade absorvida do medicamento. A interferência do paracetamol na metabolização de outros medicamentos e a influência destes medicamentos na ação e na toxicidade do paracetamol, em geral, não são relevantes. \n\n**Consulte seu médico antes de utilizar este medicamento se você está tomando flucloxacilina (penicilina - um antibiótico), varfarina (anticoagulante) ou outros derivados cumarínicos.** \n\n**Informe ao seu médico ou cirurgião-dentista se você está fazendo uso de algum outro medicamento.** \n\n**""]",0.026,4.612
