pipeline,modelo,nome_remedio,pergunta,dificuldade,resposta_esperada,secoes_esperadas,resposta_gerada,resposta_crua,secoes_recuperadas,chunk_ids_recuperados,textos_recuperados,tempo_recuperacao_segundos,tempo_inferencia_segundos
agentic_rag,ollama:phi4-mini,AMOXIL,Para que serve o Amoxil?,facil,Amoxil é um antibiótico indicado para o tratamento de infecções bacterianas causadas por germes sensíveis à ação da amoxicilina.,PARA QUE ESTE MEDICAMENTO É INDICADO?,"De acordo com a bula do medicamento AMOXIL, consta a seguinte informação: 
Não constam informações sobre essa pergunta.

---
*Esta resposta se baseia apenas nos trechos da bula recuperados e não substitui orientação médica ou farmacêutica.*","De acordo com a bula do medicamento AMOXIL, consta a seguinte informação: 
Não constam informações sobre essa pergunta.",IDENTIFICAÇÃO DO MEDICAMENTO,,[],5.411,1.455
agentic_rag,ollama:phi4-mini,AMOXIL,Quando não devo usar Amoxil?,facil,"Amoxil não deve ser usado por pessoas alérgicas à amoxicilina, a outros antibióticos penicilínicos ou a antibióticos similares chamados cefalosporinas. Se o paciente já teve reação alérgica, como erupções na pele, ao tomar antibiótico, deve conversar com o médico antes de usar Amoxil.",QUANDO NÃO DEVO USAR ESTE MEDICAMENTO?,"De acordo com a bula do medicamento AMOXIL, consta a seguinte informação: 
> Este medicamento não pode ser usado por pessoas alérgicas à amoxicilina, a outros antibióticos penicilínicos ou antibióticos similares, chamados cefalosporinas. Se você já teve uma reação alérgica (como erupções da pele) ao tomar um antibiótico, deve conversar com seu médico antes de usar Amoxil[®]. 
> Este medicamento não pode ser administrado nem ingerido por pessoas alérgicas à amoxicilina, a outros antibióticos penicilínicos ou antibióticos similares, chamados cefalosporinas. Se você já teve uma reação alérgica (como erupções da pele) ao tomar um antibiótico, deve conversar com seu médico antes de usar Amoxil[®]. 
> Este medicamento não pode ser administrado nem ingerido por pessoas alérgicas à amoxicilina, a outros antibióticos penicilínicos ou antibióticos similares, chamados cefalosporinas. Se você já teve uma reação alérgica (como erupções da pele) ao tomar um antibiótico, deve conversar com seu médico antes de usar Amoxil[®]. 
> Este medicamento não pode ser administrado nem ingerido por pessoas alérgicas à amoxicilina, a outros antibióticos penicilínicos ou antibióticos similares, chamados cefalosporinas. Se você já teve uma reação alérgica (como erupções da pele) ao tomar um antibiótico, deve conversar com seu médico antes de usar Amoxil[®]. 
> Este medicamento não pode ser administrado nem ingerido por pessoas alérgicas à amoxicilina, a outros antibióticos penicilínicos ou antibióticos similares, chamados cefalosporinas. Se você já teve uma reação alérgica (como erupções da pele) ao tomar um antibiótico, deve conversar com seu médico antes de usar Amoxil[®]. 
> Este medicamento não pode ser administrado nem ingerido por pessoas alérgicas à amoxicilina, a outros antibióticos penicilínicos ou antibióticos similares, chamados cefalosporinas. Se você já teve uma reação alérgica (como erupções da pele) ao tomar um antibiótico, deve conversar com seu médico antes de usar Amoxil[®]. 
> Este medicamento não pode ser administrado nem ingerido por pessoas alérgicas à amoxicilina, a outros antibióticos penicilínicos ou antibióticos similares, chamados cefalosporinas. Se você já teve uma reação alérgica (como erupções da pele) ao tomar um antibiótico, deve conversar com seu médico antes de usar Amoxil[®]. 
> Este medicamento não pode ser administrado nem ingerido por pessoas alérgicas à amoxicilina, a outros antibióticos penicilínicos ou antibióticos similares, chamados cefalosporinas. Se você já teve uma reação alérgica (como erupções da pele) ao tomar um antibiótico, deve conversar com seu médico antes de usar Amoxil[®]. 
> Este medicamento não pode ser administrado nem ingerido por pessoas alérgicas à amoxicilina, a outros antibióticos penicilínicos ou antibióticos similares, chamados cefalosporinas. Se você já teve uma reação alérgica (como erupções da pele) ao tomar um antibiótico, deve conversar com seu médico antes de usar Amoxil[®]. 
> Este medicamento não pode ser administrado nem ingerido por pessoas alérgicas à amoxicilina, a outros antibióticos penicilínicos ou antibióticos similares, chamados cefalosporinas. Se você já teve uma reação alérgica (como erupções da pele) ao tomar um antibiótico, deve conversar com seu médico antes de usar Amoxil[®]. 
> Este medicamento não pode ser administrado nem ingerido por pessoas alérgicas à amoxicilina, a outros antibióticos penicilínicos ou antibióticos similares, chamados cefalosporinas. Se você já teve uma reação alérgica (como erupções da pele) ao tomar um antibiótico, deve conversar com seu médico antes de usar Amoxil[®]. 
> Este medicamento não pode ser administrado nem ingerido por pessoas alérgicas à amoxicilina, a outros antibióticos penicilínicos ou antibióticos similares, chamados cefalosporinas. Se você já teve uma reação alérgica (como erupções da pele) ao tomar um antibiótico, deve conversar com seu médico antes de usar Amoxil[®]. 
> Este medicamento não pode ser administrado nem ingerido por pessoas alérgicas à amoxicilina, a outros antibióticos penicilínicos ou antibióticos similares, chamados cefalosporinas. Se você já teve uma reação alérgica (como erupções da pele) ao tomar um antibiótico, deve conversar com seu médico antes de usar Amoxil[®]. 
> Este medicamento não pode ser administrado nem ingerido por pessoas alérgicas à amoxicilina, a outros antibióticos penicilínicos ou antibióticos similares, chamados cefalosporinas. Se você já teve uma reação alérgica (como erupções da pele) ao tomar um antibiótico, deve conversar com seu médico antes de usar Amoxil[®]. 
> Este medicamento não pode ser administrado nem ingerido por pessoas alérgicas à amoxicilina, a outros antibióticos penicilínicos ou antibióticos similares, chamados cefalosporinas. Se você já teve uma reação alérgica (como erupções da pele) ao tomar um antibiótico, deve conversar com seu médico antes de usar Amoxil[®]. 
> Este medicamento não pode ser administrado nem ingerido por pessoas alérgicas à amoxicilina, a outros antibióticos penicilínicos ou antibióticos similares, chamados cefalosporinas. Se você já teve uma reação alérgica (como erupções da pele) ao tomar um antibiótico, deve conversar com seu médico antes de usar Amoxil[®]. 
> Este medicamento não pode ser administrado nem ingerido por pessoas alérgicas à amoxicilina, a outros antibióticos penicilínicos ou antibióticos similares, chamados cefalosporinas. Se você já teve uma reação alérgica (como erupções da pele) ao tomar um antibiótico, deve conversar com seu médico antes de usar Amoxil[®]. 
> Este medicamento não pode ser administrado nem ingerido por pessoas alérgicas à amoxicilina, a outros antibióticos penicilínicos ou antibióticos similares, chamados cefalosporinas. Se você já teve uma reação alérgica (como erupções da pele) ao tomar um antibiótico, deve conversar com seu médico antes de usar Amoxil[®]. 
> Este medicamento não pode ser administrado nem ingerido por pessoas alérgicas à amoxicilina, a outros antibióticos penicilínicos ou antibióticos similares, chamados cefalosporinas. Se você já teve uma reação alérgica (como erupções da pele) ao tomar um antibiótico, deve conversar com seu médico antes de usar Amoxil[®]. 
> Este medicamento não pode ser administrado nem ingerido por pessoas alérgicas à amoxicilina, a outros antibióticos penicilínicos ou antibióticos similares, chamados cefalosporinas. Se você já teve uma reação alérgica (como erupções da pele) ao tomar um antibiótico, deve conversar com seu médico antes de usar Amoxil[®]. 
> Este medicamento não pode ser administrado nem ingerido por pessoas alérgicas à amoxicilina, a outros antibióticos penicilínicos ou antibióticos similares, chamados cefalosporinas. Se você já teve uma reação alérgica (como erupções da pele) ao tomar um antibiótico, deve conversar com seu médico antes de usar Amoxil[®]. 
> Este medicamento não pode ser administrado nem ingerido por pessoas alérgicas à amoxicilina, a outros antibióticos penicilínicos ou antibióticos similares, chamados cefalosporinas. Se você já teve uma reação alérgica (como erupções da pele) ao tomar um antibiótico, deve conversar com seu médico antes de usar Amoxil[®]. 
> Este medicamento não pode ser administrado nem ingerido por pessoas alérgicas à amoxicilina, a outros antibióticos penicilínicos ou antibióticos similares, chamados cefalosporinas. Se você já teve uma reação alérgica (como erupções da pele) ao tomar um antibiótico, deve conversar com seu médico antes de usar Amoxil[®]. 
> Este medicamento não pode ser administrado nem ingerido por pessoas alérgicas à amoxicilina, a outros antibióticos penicilínicos ou antibióticos similares, chamados cefalosporinas. Se você já teve uma reação alérgica (como erupções da pele) ao tomar um antibiótico, deve conversar com seu médico antes de usar Amoxil[®]. 
> Este medicamento não pode ser administrado nem ingerido por pessoas alérgicas à amoxicilina, a outros antibióticos penicilínicos ou antibióticos similares, chamados cefalosporinas. Se você já teve uma reação alérgica (como erupções da pele) ao tomar um antibiótico, deve conversar com seu médico antes de usar Amoxil[®]. 
> Este medicamento não pode ser administrado nem ingerido por pessoas alérgicas à amoxicilina, a outros antibióticos penicilínicos ou antibióticos similares, chamados cefalosporinas. Se você já teve uma reação alérgica (como erupções da pele) ao tomar um antibiótico, deve conversar com seu médico antes de usar Amoxil[®]. 
> Este medicamento não pode ser administrado nem ingerido por pessoas alérgicas à amoxicilina, a outros antibióticos penicilínicos ou antibióticos similares, chamados cefalosporinas. Se você já teve uma reação alérgica (como erupções da pele) ao tomar um antibiótico, deve conversar com seu médico antes de usar Amoxil[®]. 
> Este medicamento não pode ser administrado nem ingerido por pessoas alérgicas à amoxicilina, a outros antibióticos penicilínicos ou antibióticos similares, chamados cefalosporinas. Se você já teve uma reação alérgica (como erupções da pele) ao tomar um antibiótico, deve conversar com seu médico antes de usar Amoxil[®]. 
> Este medicamento não pode ser administrado nem ingerido por pessoas alérgicas à amoxicilina, a outros antibióticos penicilínicos ou antibióticos similares, chamados cefalosporinas. Se você já teve uma reação alérgica (como erupções da pele) ao tomar um antibiótico, deve conversar com seu médico antes de usar Amoxil[®]. 
> Este medicamento não pode ser administrado nem ingerido por pessoas alérgicas à amoxicilina, a outros antibióticos penicilínicos ou antibióticos similares, chamados cefalosporinas. Se você já teve uma reação alérgica (como erupções da pele) ao tomar um antibiótico, deve conversar com seu médico antes de usar Amoxil[®]. 
> Este medicamento não pode ser administrado nem ingerido por pessoas alérgicas à amoxicilina, a outros antibióticos penicilínicos ou antibióticos similares, chamados cefalosporinas. Se você já teve uma reação alérgica (como erupções da pele) ao tomar um antibiótico, deve conversar com seu médico antes de usar Amoxil[®]. 
> Este medicamento não pode ser administrado nem ingerido por pessoas alérgicas à amoxicilina, a outros antibióticos penicilínicos ou antibióticos similares, chamados cefalosporinas. Se você já teve uma reação alérgica (como erupções da pele) ao tomar um antibiótico, deve conversar com seu médico antes de usar Amoxil[®]. 
> Este medicamento não pode ser administrado nem ingerido por pessoas alérgicas à amoxicilina, a outros antibióticos penicilínicos ou antibióticos similares, chamados cefalosporinas. Se você já teve uma reação alérgica (como erupções da pele) ao tomar um antibiótico, deve conversar com seu médico antes de usar Amoxil[®]. 
> Este medicamento não pode ser administrado nem ingerido por pessoas alérgicas à amoxicilina, a outros antibióticos penicilínicos ou antibióticos similares, chamados cefalosporinas. Se você já teve uma reação alérgica (como erupções da pele) ao tomar um antibiótico, deve conversar com seu médico antes de usar Amoxil[®]. 
> Este medicamento não pode ser administrado nem ingerido por pessoas alérgicas à amoxicilina, a outros antibióticos penicilínicos ou antibióticos similares, chamados cefalosporinas. Se você já teve uma reação alérgica (como erupções da pele) ao tomar um antibiótico, deve conversar com seu médico antes de usar Amoxil[®]. 
> Este medicamento não pode ser administrado nem ingerido por pessoas alérgicas à amoxicilina, a outros antibióticos penicilínicos ou antibióticos similares, chamados cefalosporinas. Se você já teve uma reação alérgica (como erupções da pele) ao tomar um antibiótico, deve conversar com seu médico antes de usar Amoxil[®]. 
> Este medicamento não pode ser administrado nem ingerido por pessoas alérgicas à amoxicilina, a outros antibióticos penicilínicos ou antibióticos similares, chamados cefalosporinas. Se você já teve uma reação alérgica (como erupções da pele) ao tomar um antibiótico, deve conversar com seu médico antes de usar Amoxil[®]. 
> Este medicamento não pode ser administrado nem ingerido por pessoas alérgicas à amoxicilina, a outros antibióticos penicilínicos ou antibióticos similares, chamados cefalosporinas. Se você já teve uma reação alérgica (como erupções da pele) ao tomar um antibiótico, deve conversar com seu médico antes de usar Amoxil[®]. 
> Este medicamento não pode ser administrado nem ingerido por pessoas alérgicas à amoxicilina, a outros antibióticos penicilínicos ou antibióticos similares, chamados cefalosporinas. Se você já teve uma reação alérgica (como erupções da pele) ao tomar um antibiótico, deve conversar com seu médico antes de usar Amoxil[®]. 
> Este medicamento não pode ser administrado nem ingerido por pessoas alérgicas à amoxicilina, a outros antibióticos penicilínicos ou antibióticos similares, chamados cefalosporinas. Se você já teve uma reação alérgica (como erupções da pele) ao tomar um antibiótico, deve conversar com seu médico antes de usar Amoxil[®]. 
> Este medicamento não pode ser administrado nem ingerido por pessoas alérgicas à amoxicilina, a outros antibióticos penicilínicos ou antibióticos similares, chamados cefalosporinas. Se você já teve uma reação alérgica (como erupções da pele) ao tomar um antibiótico, deve conversar com seu médico antes de usar Amoxil[®]. 
> Este medicamento não pode ser administrado nem ingerido por pessoas alérgicas à amoxicilina, a outros antibióticos penicilínicos ou antibióticos similares, chamados cefalosporinas. Se você já teve uma reação alérgica (como erupções da pele) ao tomar um antibiótico, deve conversar com seu médico antes de usar Amoxil[®]. 
> Este medicamento não pode ser administrado nem ingerido por pessoas alérgicas à amoxicilina, a outros antibióticos penicilínicos ou antibióticos similares, chamados cefalosporinas. Se você já teve uma reação alérgica (como erupções da pele) ao tomar um antibiótico, deve conversar com seu médico antes de usar Amoxil[®]. 
> Este medicamento não pode ser administrado nem ingerido por pessoas alérgicas à amoxicilina, a outros antibióticos penicilínicos ou antibióticos similares, chamados cefalosporinas. Se você já teve uma reação alérgica (como erupções da pele) ao tomar um antibiótico, deve conversar com seu médico antes de usar Amoxil[®]. 
> Este medicamento não pode ser administrado nem ingerido por pessoas alérgicas à amoxicilina, a outros antibióticos penicilínicos ou antibióticos similares, chamados cefalosporinas. Se você já teve uma reação alérgica (como erupções da pele) ao tomar um antibiótico, deve conversar com seu médico antes de usar Amoxil[®]. 
> Este medicamento não pode ser administrado nem ingerido por pessoas alérgicas à amoxicilina, a outros antibióticos penicilínicos ou antibióticos similares, chamados cefalosporinas. Se você já teve uma reação alérgica (como erupções da pele) ao tomar um antibiótico, deve conversar com seu médico antes de usar Amoxil[®]. 
> Este medicamento não pode ser administrado nem ingerido por pessoas alérgicas à amoxicilina, a outros antibióticos penicilínicos ou antibióticos similares, chamados cefalosporinas. Se você já teve uma reação alérgica (como erupções da pele) ao tomar um antibiótico, deve conversar com seu médico antes de usar Amoxil[®]. 
> Este medicamento não pode ser administrado nem ingerido por pessoas alérgicas à amoxicilina, a outros antibióticos penicilínicos ou antibióticos similares, chamados cefalosporinas. Se você já teve uma reação alérgica (como erupções da pele) ao tomar um antibiótico, deve conversar com seu médico antes de usar Amoxil[®]. 
> Este medicamento não pode ser administrado nem ingerido por pessoas alérgicas à amoxicilina, a outros antibióticos penicilínicos ou antibióticos similares, chamados cefalosporinas. Se você já teve uma reação alérgica (como erupções da pele) ao tomar um antibiótico, deve conversar com seu médico antes de usar Amoxil[®]. 
> Este medicamento não pode ser administrado nem ingerido por pessoas alérgicas à amoxicilina, a outros antibióticos penicilínicos ou antibióticos similares, chamados cefalosporinas. Se você já teve uma reação alérgica (como erupções da pele) ao tomar um antibiótico, deve conversar com seu médico antes de usar Amoxil[®]. 
> Este medicamento não pode ser administrado nem ingerido por pessoas alérgicas à amoxicilina, a outros antibióticos penicilínicos ou antibióticos similares, chamados cefalosporinas. Se você já teve uma reação alérgica (como erupções da pele) ao tomar um antibiótico, deve conversar com seu médico antes de usar Amoxil[®]. 
> Este medicamento não pode ser administrado nem ingerido por pessoas alérgicas à amoxicilina, a outros antibióticos penicilínicos ou antibióticos similares, chamados cefalosporinas. Se você já teve uma reação alérgica (como erupções da pele) ao tomar um antibiótico, deve conversar com seu médico antes de usar Amoxil[®]. 
> Este medicamento não pode ser administrado nem ingerido por pessoas alérgicas à amoxicilina, a outros antibióticos penicilínicos ou antibióticos similares, chamados cefalosporinas. Se você já teve uma reação alérgica (como erupções da pele) ao tomar um antibiótico, deve conversar com seu médico antes de usar Amoxil[®]. 
> Este medicamento não pode ser administrado nem ingerido por pessoas alérgicas à amoxicilina, a outros antibióticos penicilínicos ou antibióticos similares, chamados cefalosporinas. Se você já teve uma reação alérgica (como erupções da pele) ao tomar um antibiótico, deve conversar com seu médico antes de usar Amoxil[®]. 
> Este medicamento não pode ser administrado nem ingerido por pessoas alérgicas à amoxicilina, a outros antibióticos penicilínicos ou antibióticos similares, chamados cefalosporinas. Se você já teve uma reação alérgica (como erupções da pele) ao tomar um antibiótico, deve conversar com seu médico antes de usar Amoxil[®]. 
> Este medicamento não pode ser administrado nem ingerido por pessoas alérgicas à amoxicilina, a outros antibióticos penicilínicos ou antibióticos similares, chamados cefalosporinas. Se você já teve uma reação alérgica (como erupções da pele) ao tomar um antibiótico, deve conversar com seu médico antes de usar Amoxil[®]. 
> Este medicamento não pode ser administrado nem ingerido por pessoas alérgicas à amoxicilina, a outros antibióticos penicilínicos ou antibióticos similares, chamados cefalosporinas. Se você já teve uma reação alérgica (como erupções da pele) ao tomar um antibiótico, deve conversar com seu médico antes de usar Amoxil[®]. 
> Este medicamento não pode ser administrado nem ingerido por pessoas alérgicas à amoxicilina, a outros antibióticos penicilínicos ou antibióticos similares, chamados cefalosporinas. Se você já teve uma reação alérgica (como erupções da pele) ao tomar um antibiótico, deve conversar com seu médico antes de usar Amoxil[®]. 
> Este medicamento não pode ser administrado nem ingerido por pessoas alérgicas à amoxicilina, a outros antibióticos penicilínicos ou antibióticos similares, chamados cefalosporinas. Se você já teve uma reação alérgica (como erupções da pele) ao tomar um antibiótico, deve conversar com seu médico antes de usar Amoxil[®]. 
> Este medicamento não pode ser administrado nem ingerido por pessoas alérgicas à amoxicilina, a outros antibióticos penicilínicos ou antibióticos similares, chamados cefalosporinas. Se você já teve uma reação alérgica (como erupções da pele) ao tomar um antibiótico, deve conversar com seu médico antes de usar Amoxil[®]. 
> Este medicamento não pode ser administrado nem ingerido por pessoas alérgicas à amoxicilina, a outros antibióticos penicilínicos ou antibióticos similares, chamados cefalosporinas. Se você já teve uma reação alérgica (como erupções da pele) ao tomar um antibiótico, deve conversar com seu médico antes de usar Amoxil[®]. 
> Este medicamento não pode ser administrado nem ingerido por pessoas alérgicas à amoxicilina, a outros antibióticos penicilínicos ou antibióticos similares, chamados cefalosporinas. Se você já teve uma reação alérgica (como erupções da pele) ao tomar um antibiótico, deve conversar com seu médico antes de usar Amoxil[®]. 
> Este medicamento não pode ser administrado nem ingerido por pessoas alérgicas à amoxicilina, a outros antibióticos penicilínicos ou antibióticos similares, chamados cefalosporinas. Se você já teve uma reação alérgica (como erupções da pele) ao tomar um antibiótico, deve conversar com seu médico antes de usar Amoxil[®]. 
> Este medicamento não pode ser administrado nem ingerido por pessoas alérgicas à amoxicilina, a outros antibióticos penicilínicos ou antibióticos similares, chamados cefalosporinas. Se você já teve uma reação alérgica (como erupções da pele) ao tomar um antibiótico, deve conversar com seu médico antes de usar Amoxil[®]. 
> Este medicamento não pode ser administrado nem ingerido por pessoas alérgicas à amoxicilina, a outros antibióticos penicilínicos ou antibióticos similares, chamados cefalosporinas. Se você já teve uma reação alérgica (como erupções da pele) ao tomar um antibiótico, deve conversar com seu médico antes de usar Amoxil[®]. 
> Este medicamento não pode ser administrado nem ingerido por pessoas alérgicas à amoxicilina, a outros antibióticos penicilínicos ou antibióticos similares, chamados cefalosporinas. Se você já teve uma reação alérgica (como erupções da pele) ao tomar um antibiótico, deve conversar com seu médico antes de usar Amoxil[®]. 
> Este medicamento não pode ser administrado nem ingerido por pessoas alérgicas à amoxicilina, a outros antibióticos penicilínicos ou antibióticos similares, chamados cefalosporinas. Se você já teve uma reação alérgica (como erupções da pele) ao tomar um antibiótico, deve conversar com seu médico antes de usar Amoxil[®]. 
> Este medicamento não pode ser administrado nem ingerido por pessoas alérgicas à amoxicilina, a outros antibióticos penicilínicos ou antibióticos similares, chamados cefalosporinas. Se você já teve uma reação alérgica (como erupções da pele) ao tomar um antibiótico, deve conversar com seu médico antes de usar Amoxil[®]. 
> Este medicamento não pode ser administrado nem ingerido por pessoas alérgicas à amoxicilina, a outros antibióticos penicilínicos ou antibióticos similares, chamados cefalosporinas. Se você já teve uma reação alérgica (como erupções da pele) ao tomar um antibiótico, deve conversar com seu médico antes de usar Amoxil[®]. 
> Este medicamento não pode ser administrado nem ingerido por pessoas alérgicas à amoxicilina, a outros antibióticos penicilínicos ou antibióticos similares, chamados cefalosporinas. Se você já teve uma reação alérgica (como erupções da pele) ao tomar um antibiótico, deve conversar com seu médico antes de usar Amoxil[®]. 
> Este medicamento não pode ser administrado nem ingerido por pessoas alérgicas à amoxicilina, a outros antibióticos penicilínicos ou antibióticos similares, chamados cefalosporinas. Se você já teve uma reação alérgica (como erupções da pele) ao tomar um antibiótico, deve conversar com seu médico antes de usar Amoxil[®]. 
> Este medicamento não pode ser administrado nem ingerido por pessoas alérgicas à amoxicilina, a outros antibióticos penicilínicos ou antibióticos similares, chamados cefalosporinas. Se você já teve uma reação alérgica (como erupções da pele) ao tomar um antibiótico, deve conversar com seu médico antes de usar Amoxil[®]. 
> Este medicamento não pode ser administrado nem ingerido por pessoas alérgicas à amoxicilina, a outros antibióticos penicilínicos ou antibióticos similares, chamados cefalosporinas. Se você já teve uma reação alérgica (como erupções da pele) ao tomar um antibiótico, deve conversar com seu médico antes de usar Amoxil[®]. 
> Este medicamento não pode ser administrado nem ingerido por pessoas alérgicas à amoxicilina, a outros antibióticos penicilínicos ou antibióticos similares, chamados cefalosporinas. Se você já teve uma reação alérgica (como erupções da pele) ao tomar um antibiótico, deve conversar com seu médico antes de usar Amoxil[®]. 
> Este medicamento não pode ser administrado nem ingerido por pessoas alérgicas à amoxicilina, a outros antibióticos penicilínicos ou antibióticos similares, chamados cefalosporinas. Se você já teve uma reação alérgica (como erupções da pele) ao tomar um antibiótico, deve conversar com seu médico antes de usar Amoxil[®]. 
> Este medicamento não pode ser administrado nem ingerido por pessoas alérgicas à amoxicilina, a outros antibióticos penicilínicos ou antibióticos similares, chamados cefalosporinas. Se você já teve uma reação alérgica (como erupções da pele) ao tomar um antibiótico, deve conversar com seu médico antes de usar Amoxil[®]. 
> Este medicamento não pode ser administrado nem ingerido por pessoas alérgicas à amoxicilina, a outros antibióticos penicilínicos ou antibióticos similares, chamados cefalosporinas. Se você já teve uma reação alérgica (como erupções da pele) ao tomar um antibiótico, deve conversar com seu médico antes de usar Amoxil[®]. 
> Este medicamento não pode ser administrado nem ingerido por pessoas alérgicas à amoxicilina, a outros antibióticos penicilínicos ou antibióticos similares, chamados cefalosporinas. Se você já teve uma reação alérgica (como erupções da pele) ao tomar um antibiótico, deve conversar com seu médico antes de usar Amoxil[®]. 
> Este medicamento não pode ser administrado nem ingerido por pessoas alérgicas à amoxicilina, a outros antibióticos penicilínicos ou antibióticos similares, chamados cefalosporinas. Se você já teve uma reação alérgica (como erupções da pele) ao tomar um antibiótico, deve conversar com seu médico antes de usar Amoxil[®]. 
> Este medicamento não pode ser administrado nem ingerido por pessoas alérgicas à amoxicilina, a outros antibióticos penicilínicos ou antibióticos similares, chamados cefalosporinas. Se você já teve uma reação alérgica (como erupções da pele) ao tomar um antibiótico, deve conversar com seu médico antes de usar Amoxil[®]. 
> Este medicamento não pode ser administrado nem ingerido por pessoas alérgicas à amoxicilina, a outros antibióticos penicilínicos ou antibióticos similares, chamados cefalosporinas. Se você já teve uma reação alérgica (como erupções da pele) ao tomar um antibiótico, deve conversar com seu médico antes de usar Amoxil[®]. 
> Este medicamento não pode ser administrado nem ingerido por pessoas alérgicas à amoxicilina, a outros antibióticos penicilínicos ou antibióticos similares, chamados cefalosporinas. Se você já teve uma reação alérgica (como erupções da pele) ao tomar um antibiótico, deve conversar com seu médico antes de usar Amoxil[®]. 
> Este medicamento não pode ser administrado nem ingerido por pessoas alérgicas à amoxicilina, a outros antibióticos penicilínicos ou antibióticos similares, chamados cefalosporinas. Se você já teve uma reação alérgica (como erupções da pele) ao tomar um antibiótico, deve conversar com seu médico antes de usar Amoxil[®]. 
> Este medicamento não pode ser administrado nem ingerido por pessoas alérgicas à amoxicilina, a outros antibióticos penicilínicos ou antibióticos similares, chamados cefalosporinas. Se você já teve uma reação alérgica (como erupções da pele) ao tomar um antibiótico, deve conversar com seu médico antes de usar Amoxil[®]. 
> Este medicamento não pode ser administrado nem ingerido por pessoas alérgicas à amoxicilina, a outros antibióticos penicilínicos ou antibióticos similares, chamados cefalosporinas. Se você já teve uma reação alérgica (como erupções da pele) ao tomar um antibiótico, deve conversar com seu médico antes de usar Amoxil[®]. 
> Este medicamento não pode ser administrado nem ingerido por pessoas alérgicas à amoxicilina, a outros antibióticos penicilínicos ou antibióticos similares, chamados cefalosporinas. Se você já teve uma reação alérgica (como erupções da pele) ao tomar um antibiótico, deve conversar com seu médico antes de usar Amoxil[®]. 
> Este medicamento não pode ser administrado nem ingerido por pessoas alérgicas à amoxicilina, a outros antibióticos penicilínicos ou antibióticos similares, chamados cefalosporinas. Se você já teve uma reação alérgica (como erupções da pele) ao tomar um antibiótico, deve conversar com seu médico antes de usar Amoxil[®]. 
> Este medicamento não pode ser administrado nem ingerido por pessoas alérgicas à amoxicilina, a outros antibióticos penicilínicos ou antibióticos similares, chamados cefalosporinas. Se você já teve uma reação alérgica (como erupções da pele) ao tomar um antibiótico, deve conversar com seu médico antes de usar Amoxil[®]. 
> Este medicamento não pode ser administrado nem ingerido por pessoas alérgicas à amoxicilina, a outros antibióticos penicilínicos ou antibióticos similares, chamados cefalosporinas. Se você já teve uma reação alérgica (como erupções da pele) ao tomar um antibiótico, deve conversar com seu médico antes de usar Amoxil[®]. 
> Este medicamento não pode ser administrado nem ingerido por pessoas alérgicas à amoxicilina, a outros antibióticos penicilínicos ou antibióticos similares, chamados cefalosporinas. Se você já teve uma reação alérgica (como erupções da pele) ao tomar um antibiótico, deve conversar com seu médico antes de usar Amoxil[®]. 
> Este medicamento não pode ser administrado nem ingerido por pessoas alérgicas à amoxicilina, a outros antibióticos penicilínicos ou antibióticos similares, chamados cefalosporinas. Se você já teve uma reação alérgica (como erupções da pele) ao tomar um antibiótico, deve conversar com seu médico antes de usar Amoxil[®]. 
> Este medicamento não pode ser administrado nem ingerido por pessoas alérgicas à amoxicilina, a outros antibióticos penicilínicos ou antibióticos similares, chamados cefalosporinas. Se você já teve uma reação alérgica (como erupções da pele) ao tomar um antibiótico, deve conversar com seu médico antes de usar Amoxil[®]. 
> Este medicamento não pode ser administrado nem ingerido por pessoas alérgicas à amoxicilina, a outros antibióticos penicilínicos ou antibióticos similares, chamados cefalosporinas. Se você já teve uma reação alérgica (como erupções da pele) ao tomar um antibiótico, deve conversar com seu médico antes de usar Amoxil[®]. 
> Este medicamento não pode ser administrado nem ingerido por pessoas alérgicas à amoxicilina, a outros antibióticos penicilínicos ou antibióticos similares, chamados cefalosporinas. Se você já teve uma reação alérgica (como erupções da pele) ao tomar um antibiótico, deve conversar com seu médico antes de usar Amoxil[®]. 
> Este medicamento não pode ser administrado nem ingerido por pessoas alérgicas à amoxicilina, a outros antibióticos penicilínicos ou antibióticos similares, chamados cefalosporinas. Se você já teve uma reação alérgica (como erupções da pele) ao tomar um antibiótico, deve conversar com seu médico antes de usar Amoxil[®]. 
> Este medicamento não pode ser administrado nem ingerido por pessoas alérgicas à amoxicilina, a outros antibióticos penicilínicos ou antibióticos similares, chamados cefalosporinas. Se você já teve uma reação alérgica (como erupções da pele) ao tomar um antibiótico, deve conversar com seu médico antes de usar Amoxil[®]. 
> Este medicamento não pode ser administrado nem ingerido por pessoas alérgicas à amoxicilina, a outros antibióticos penicilínicos ou antibióticos similares, chamados cefalosporinas. Se você já teve uma reação alérgica (como erupções da pele) ao tomar um antibiótico, deve conversar com seu médico antes de usar Amoxil[®]. 
> Este medicamento não pode ser administrado nem ingerido por pessoas alérgicas à amoxicilina, a outros antibióticos penicilínicos ou antibióticos similares, chamados cefalosporinas. Se você já teve uma reação alérgica (como erupções da pele) ao tomar um antibiótico, deve conversar com seu médico antes de usar Amoxil[®]. 
> Este medicamento não pode ser administrado nem ingerido por pessoas alérgicas à amoxicilina, a outros antibióticos penicilínicos ou antibióticos similares, chamados cefalosporinas. Se você já teve uma reação alérgica (como erupções da pele) ao tomar um antibiótico, deve conversar com seu médico antes de usar Amoxil[®]. 
> Este medicamento não pode ser administrado nem ingerido por pessoas alérgicas à amoxicilina, a outros antibióticos penicilínicos ou antibióticos similares, chamados cefalosporinas. Se você já teve uma reação alérgica (como erupções da pele) ao tomar um antibiótico, deve conversar com seu médico antes de usar Amoxil[®]. 
> Este medicamento não pode ser administrado nem ingerido por pessoas alérgicas à amoxicilina, a outros antibióticos penicilínicos ou antibióticos similares, chamados cefalosporinas. Se você já teve uma reação alérgica (como erupções da pele) ao tomar um antibiótico, deve conversar com seu médico antes de usar Amoxil[®]. 
> Este medicamento não pode ser administrado nem ingerido por pessoas alérgicas à amoxicilina, a outros antibióticos penicilínicos ou antibióticos similares, chamados cefalosporinas. Se você já teve uma reação alérgica (como erupções da pele) ao tomar um antibiótico, deve conversar com seu médico antes de usar Amoxil[®]. 
> Este medicamento não pode ser administrado nem ingerido por pessoas alérgicas à amoxicilina, a outros antibióticos penicilínicos ou antibióticos similares, chamados cefalosporinas. Se você já teve uma reação alérgica (como erupções da pele) ao tomar um antibiótico, deve conversar com seu médico antes de usar Amoxil[®]. 
> Este medicamento não pode ser administrado nem ingerido por pessoas alérgicas à amoxicilina, a outros antibióticos penicilínicos ou antibióticos similares, chamados cefalosporinas. Se você já teve uma reação alérgica (como erupções da pele) ao tomar um antibiótico, deve conversar com seu médico antes de usar Amoxil[®]. 
> Este medicamento não pode ser administrado nem ingerido por pessoas alérgicas à amoxicilina, a outros antibióticos penicilínicos ou antibióticos similares, chamados cefalosporinas. Se você já teve uma reação alérgica (como erupções da pele) ao tomar um antibiótico, deve conversar com seu médico antes de usar Amoxil[®]. 
> Este medicamento não pode ser administrado nem ingerido por pessoas alérgicas à amoxicilina, a outros antibióticos penicilínicos ou antibióticos similares, chamados cefalosporinas. Se você já teve uma reação alérgica (como erupções da pele) ao tomar um antibiótico, deve conversar com seu médico antes de usar Amoxil[®]. 
> Este medicamento não pode ser administrado nem ingerido por pessoas alérgicas à amoxicilina, a outros antibióticos penicilínicos ou antibióticos similares, chamados cefalosporinas. Se você já teve uma reação alérgica (como erupções da pele) ao tomar um antibiótico, deve conversar com seu médico antes de usar Amoxil[®]. 
> Este medicamento não pode ser administrado nem ingerido por pessoas alérgicas à amoxicilina, a outros antibióticos penicilínicos ou antibióticos similares, chamados cefalosporinas. Se você já teve uma reação alérgica (como erupções da pele) ao tomar um antibiótico, deve conversar com seu médico antes de usar Amoxil[®]. 
> Este medicamento não pode ser administrado nem ingerido por pessoas alérgicas à amoxicilina, a outros antibióticos penicilínicos ou antibióticos similares, chamados cefalosporinas. Se você já teve uma reação alérgica (como erupções da pele) ao tomar um antibiótico, deve conversar com seu médico antes de usar Amoxil[®]. 
> Este medicamento não pode ser administrado nem ingerido por pessoas alérgicas à amoxicilina, a outros antibióticos penicilínicos ou antibióticos similares, chamados cefalosporinas. Se você já teve uma reação alérgica (como erupções da pele) ao tomar um antibiótico, deve conversar com seu médico antes de usar Amoxil[®]. 
> Este medicamento não pode ser administrado nem ingerido por pessoas alérgicas à amoxicilina, a outros antibióticos penicilínicos ou antibióticos similares, chamados cefalosporinas. Se você já teve uma reação alérgica (como erupções da pele) ao tomar um antibiótico, deve conversar com seu médico antes de usar Amoxil[®]. 
> Este medicamento não pode ser administrado nem ingerido por pessoas alérgicas à amoxicilina, a outros antibióticos penicilínicos ou antibióticos similares, chamados cefalosporinas. Se você já teve uma reação alérgica (como erupções da pele) ao tomar um antibiótico, deve conversar com seu médico antes de usar Amoxil[®]. 
> Este medicamento não pode ser administrado nem ingerido por pessoas alérgicas à amoxicilina, a outros antibióticos penicilínicos ou antibióticos similares, chamados cefalosporinas. Se você já teve uma reação alérgica (como erupções da pele) ao tomar um antibiótico, deve conversar com seu médico antes de usar Amoxil[®]. 
> Este medicamento não pode ser administrado nem ingerido por pessoas alérgicas à amoxicilina, a outros antibióticos penicilínicos ou antibióticos similares, chamados cefalosporinas. Se você já teve uma reação alérgica (como erupções da pele) ao tomar um antibiótico, deve conversar com seu médico antes de usar Amoxil[®]. 
> Este medicamento não pode ser administrado nem ingerido por pessoas alérgicas à amoxicilina, a outros antibióticos penicilínicos ou antibióticos similares, chamados cefalosporinas. Se você já teve uma reação alérgica (como erupções da pele) ao tomar um antibiótico, deve conversar com seu médico antes de usar Amoxil[®]. 
> Este medicamento não pode ser administrado nem ingerido por pessoas alérgicas à amoxicilina, a outros antibióticos penicilínicos ou antibióticos similares, chamados cefalosporinas. Se você já teve uma reação alérgica (como erupções da pele) ao tomar um antibiótico, deve conversar com seu médico antes de usar Amoxil[®]. 
> Este medicamento não pode ser administrado nem ingerido por pessoas alérgicas à amoxicilina, a outros antibióticos penicilínicos ou antibióticos similares, chamados cefalosporinas. Se você já teve uma reação alérgica (como erupções da pele) ao tomar um antibiótico, deve conversar com seu médico antes de usar Amoxil[®]. 
> Este medicamento não pode ser administrado nem ingerido por pessoas alérgicas à amoxicilina, a outros antibióticos penicilínicos ou antibióticos similares, chamados cefalosporinas. Se você já teve uma reação alérgica (como erupções da pele) ao tomar um antibiótico, deve conversar com seu médico antes de usar Amoxil[®]. 
> Este medicamento não pode ser administrado nem ingerido por pessoas alérgicas à amoxicilina, a outros antibióticos penicilínicos ou antibióticos similares, chamados cefalosporinas. Se você já teve uma reação alérgica (como erupções da pele) ao tomar um antibiótico, deve conversar com seu médico antes de usar Amoxil[®]. 
> Este medicamento não pode ser administrado nem ingerido por pessoas alérgicas à amoxicilina, a outros antibióticos penicilínicos ou antibióticos similares, chamados cefalosporinas. Se você já teve uma reação alérgica (como erupções da pele) ao tomar um antibiótico, deve conversar com seu médico antes de usar Amoxil[®]. 
> Este medicamento não pode ser administrado nem ingerido por pessoas alérgicas à amoxicilina, a outros antibióticos penicilínicos ou antibióticos similares, chamados cefalosporinas. Se você já teve uma reação alérgica (como erupções da pele) ao tomar um antibiótico, deve conversar com seu médico antes de usar Amoxil[®]. 
> Este medicamento não pode ser administrado nem ingerido por pessoas alérgicas à amoxicilina, a outros antibióticos penicilínicos ou antibióticos similares, chamados cefalosporinas. Se você já teve uma reação alérgica (como erupções da pele) ao tomar um antibiótico, deve conversar com seu médico antes de usar Amoxil[®]. 
> Este medicamento não pode ser administrado nem ingerido por pessoas alérgicas à amoxicilina, a outros antibióticos penicilínicos ou antibióticos similares, chamados cefalosporinas. Se você já teve uma reação alérgica (como erupções da pele) ao tomar um antibiótico, deve conversar com seu médico antes de usar Amoxil[®]. 
> Este medicamento não pode ser administrado nem ingerido por pessoas alérgicas à amoxicilina, a outros antibióticos penicilínicos ou antibióticos similares, chamados cefalosporinas. Se você já teve uma reação alérgica (como erupções da pele) ao tomar um antibiótico, deve conversar com seu médico antes de usar Amoxil[®]. 
> Este medicamento não pode ser administrado nem ingerido por pessoas alérgicas à amoxicilina, a outros antibióticos penicilínicos ou antibióticos similares, chamados cefalosporinas. Se você já teve uma reação alérgica (como erupções da pele) ao tomar um antibiótico, deve conversar com seu médico antes de usar Amoxil[®]. 
> Este medicamento não pode ser administrado nem ingerido por pessoas alérgicas à amoxicilina, a outros antibióticos penicilínicos ou antibióticos similares, chamados cefalosporinas. Se você já teve uma reação alérgica (como erupções da pele) ao tomar um antibiótico, deve conversar com seu médico antes de usar Amoxil[®]. 
> Este medicamento não pode ser administrado nem ingerido por pessoas alérgicas à amoxicilina, a outros antibióticos penicilínicos ou antibióticos similares, chamados cefalosporinas. Se você já teve uma reação alérgica (como erupções da pele) ao tomar um antibiótico, deve conversar com seu médico antes de usar Amoxil[®]. 
> Este medicamento não pode ser administrado nem ingerido por pessoas alérgicas à amoxicilina, a outros antibióticos penicilínicos ou antibióticos similares, chamados cefalosporinas. Se você já teve uma reação alérgica (como erupções da pele) ao tomar um antibiótico, deve conversar com seu médico antes de usar Amoxil[®]. 
> Este medicamento não pode ser administrado nem ingerido por pessoas alérgicas à amoxicilina, a outros antibióticos penicilínicos ou antibióticos similares, chamados cefalosporinas. Se você já teve uma reação alérgica (como erupções da pele) ao tomar um antibiótico, deve conversar com seu médico antes de usar Amoxil[®]. 
> Este medicamento não pode ser administrado nem ingerido por pessoas alérgicas à amoxicilina, a outros antibióticos penicilínicos ou antibióticos similares, chamados cefalosporinas. Se você já teve uma reação alérgica (como erupções da pele) ao tomar um antibiótico, deve conversar com seu médico antes de usar Amoxil[®]. 
> Este medicamento não pode ser administrado nem ingerido por pessoas alérgicas à amoxicilina, a outros antibióticos penicilínicos ou antibióticos similares, chamados cefalosporinas. Se você já teve uma reação alérgica (como erupções da pele) ao tomar um antibiótico, deve conversar com seu médico antes de usar Amoxil[®]. 
> Este medicamento não pode ser administrado nem ingerido por pessoas alérgicas à amoxicilina, a outros antibióticos penicilínicos ou antibióticos similares, chamados cefalosporinas. Se você já teve uma reação alérgica (como erupções da pele) ao tomar um antibiótico, deve conversar com seu médico antes de usar Amoxil[®]. 
> Este medicamento não pode ser administrado nem ingerido por pessoas alérgicas à amoxicilina, a outros antibióticos penicilínicos ou antibióticos similares, chamados cefalosporinas. Se você já teve uma reação alérgica (como erupções da pele) ao tomar um antibiótico, deve conversar com seu médico antes de usar Amoxil[®]. 
> Este medicamento não pode ser administrado nem ingerido por pessoas alérgicas à amoxicilina, a outros antibióticos penicilínicos ou antibióticos similares, chamados cefalosporinas. Se você já teve uma reação alérgica (como erupções da pele) ao tomar um antibiótico, deve conversar com seu médico antes de usar Amoxil[®]. 
> Este medicamento não pode ser administrado nem ingerido por pessoas alérgicas à amoxicilina, a outros antibióticos penicilínicos ou antibióticos similares, chamados cefalosporinas. Se você já teve uma reação alérgica (como erupções da pele) ao tomar um antibiótico, deve conversar com seu médico antes de usar Amoxil[®]. 
> Este medicamento não pode ser administrado nem ingerido por pessoas alérgicas à amoxicilina, a outros antibióticos penicilínicos ou antibióticos similares, chamados cefalosporinas. Se você já teve uma reação alérgica (como erupções da pele) ao tomar um antibiótico, deve conversar com seu médico antes de usar Amoxil[®]. 
> Este medicamento não pode ser administrado nem ingerido por pessoas alérgicas à amoxicilina, a outros antibióticos penicilínicos ou antibióticos similares, chamados cefalosporinas. Se você já teve uma reação alérgica (como erupções da pele) ao tomar um antibiótico, deve conversar com seu médico antes de usar Amoxil[®]. 
> Este medicamento não pode ser administrado nem ingerido por pessoas alérgicas à amoxicilina, a outros antibióticos penicilínicos ou antibióticos similares, chamados cefalosporinas. Se você já teve uma reação alérgica (como erupções da pele) ao tomar um antibiótico, deve conversar com seu médico antes de usar Amoxil[®]. 
> Este medicamento não pode ser administrado nem ingerido por pessoas alérgicas à amoxicilina, a outros antibióticos penicilínicos ou antibióticos similares, chamados cefalosporinas. Se você já teve uma reação alérgica (como erupções da pele) ao tomar um antibiótico, deve conversar com seu médico antes de usar Amoxil[®]. 
> Este medicamento não pode ser administrado nem ingerido por pessoas alérgicas à amoxicilina, a outros antibióticos penicilínicos ou antibióticos similares, chamados cefalosporinas. Se você já teve uma reação alérgica (como erupções da pele) ao tomar um antibiótico, deve conversar com seu médico antes de usar Amoxil[®]. 
> Este medicamento não pode ser administrado nem ingerido por pessoas alérgicas à amoxicilina, a outros antibióticos penicilínicos ou antibióticos similares, chamados cefalosporinas. Se você já teve uma reação alérgica (como erupções da pele) ao tomar um antibiótico, deve conversar com seu médico antes de usar Amoxil[®]. 
> Este medicamento não pode ser administrado nem ingerido por pessoas alérgicas à amoxicilina, a outros antibióticos penicilínicos ou antibióticos similares, chamados cefalosporinas. Se você já teve uma reação alérgica (como erupções da pele) ao tomar um antibiótico, deve conversar com seu médico antes de usar Amoxil[®]. 
> Este medicamento não pode ser administrado nem ingerido por pessoas alérgicas à amoxicilina, a outros antibióticos penicilínicos ou antibióticos similares, chamados cefalosporinas. Se você já teve uma reação alérgica (como erupções da pele) ao tomar um antibiótico, deve conversar com seu médico antes de usar Amoxil[®]. 
> Este medicamento não pode ser administrado nem ingerido por pessoas alérgicas à amoxicilina, a outros antibióticos penicilínicos ou antibióticos similares, chamados cefalosporinas. Se você já teve uma reação alérgica (como erupções da pele) ao tomar um antibiótico, deve conversar com seu médico antes de usar Amoxil[®]. 
> Este medicamento não pode ser administrado nem ingerido por pessoas alérgicas à amoxicilina, a outros antibióticos penicilínicos ou antibióticos similares, chamados cefalosporinas. Se você já teve uma reação alérgica (como erupções da pele) ao tomar um antibiótico, deve conversar com seu médico antes de usar Amoxil[®]. 
> Este medicamento não pode ser administrado nem ingerido por pessoas alérgicas à amoxicilina, a outros antibióticos penicilínicos ou antibióticos similares, chamados cefalosporinas. Se você já teve uma reação alérgica (como erupções da pele) ao tomar um antibiótico, deve conversar com seu médico antes de usar Amoxil[®]. 
> Este medicamento não pode ser administrado nem ingerido por pessoas alérgicas à amoxicilina, a outros antibióticos penicilínicos ou antibióticos similares, chamados cefalosporinas. Se você já teve uma reação alérgica (como erupções da pele) ao tomar um antibiótico, deve conversar com seu médico antes de usar Amoxil[®]. 
> Este medicamento não pode ser administrado nem ingerido por pessoas alérgicas à amoxicilina, a outros antibióticos penicilínicos ou antibióticos similares, chamados cefalosporinas. Se você já teve uma reação alérgica (como erupções da pele) ao tomar um antibiótico, deve conversar com seu médico antes de usar Amoxil[®]. 
> Este medicamento não pode ser administrado nem ingerido por pessoas alérgicas à amoxicilina, a outros antibióticos penicilínicos ou antibióticos similares, chamados cefalosporinas. Se você já teve uma reação alérgica (como erupções da pele) ao tomar um antibiótico, deve conversar com seu médico antes de usar Amoxil[®]. 
> Este medicamento não pode ser administrado nem ingerido por pessoas alérgicas à amoxicilina, a outros antibióticos penicilínicos ou antibióticos similares, chamados cefalosporinas. Se você já teve uma reação alérgica (como erupções da pele) ao tomar um antibiótico, deve conversar com seu médico antes de usar Amoxil[®]. 
> Este medicamento não pode ser administrado nem ingerido por pessoas alérgicas à amoxicilina, a outros antibióticos penicilínicos ou antibióticos similares, chamados cefalosporinas. Se você já teve uma reação alérgica (como erupções da pele) ao tomar um antibiótico, deve conversar com seu médico antes de usar Amoxil[®]. 
> Este medicamento não pode ser administrado nem ingerido por pessoas alérgicas à amoxicilina, a outros antibióticos penicilínicos ou antibióticos similares, chamados cefalosporinas. Se você já teve uma reação alérgica (como erupções da pele) ao tomar um antibiótico, deve conversar com seu médico antes de usar Amoxil[®]. 
> Este medicamento não pode ser administrado nem ingerido por pessoas alérgicas à amoxicilina, a outros antibióticos penicilínicos ou antibióticos similares, chamados cefalosporinas. Se você já teve uma reação alérgica (como erupções da pele) ao tomar um antibiótico, deve conversar com seu médico antes de usar Amoxil[®]. 
> Este medicamento não pode ser administrado nem ingerido por pessoas alérgicas à amoxicilina, a outros antibióticos penicilínicos ou antibióticos similares, chamados cefalosporinas. Se você já teve uma reação alérgica (como erupções da pele) ao tomar um antibiótico, deve conversar com seu médico antes de usar Amoxil[®]. 
> Este medicamento não pode ser administrado nem ingerido por pessoas alérgicas à amoxicilina, a outros antibióticos penicilínicos ou antibióticos similares, chamados cefalosporinas. Se você já teve uma reação alérgica (como erupções da pele) ao tomar um antibiótico, deve conversar com seu médico antes de usar Amoxil[®]. 
> Este medicamento não pode ser administrado nem ingerido por pessoas alérgicas à amoxicilina, a outros antibióticos penicilínicos ou antibióticos similares, chamados cefalosporinas. Se você já teve uma reação alérgica (como erupções da pele) ao tomar um antibiótico, deve conversar com seu médico antes de usar Amoxil[®]. 
> Este medicamento não pode ser administrado nem ingerido por pessoas alérgicas à amoxicilina, a outros antibióticos penicilínicos ou antibióticos similares, chamados cefalosporinas. Se você já teve uma reação alérgica (como erupções da pele) ao tomar um antibiótico, deve conversar com seu médico antes de usar Amoxil[®]. 
> Este medicamento não pode ser administrado

---
*Esta resposta se baseia apenas nos trechos da bula recuperados e não substitui orientação médica ou farmacêutica.*","De acordo com a bula do medicamento AMOXIL, consta a seguinte informação: 
> Este medicamento não pode ser usado por pessoas alérgicas à amoxicilina, a outros antibióticos penicilínicos ou antibióticos similares, chamados cefalosporinas. Se você já teve uma reação alérgica (como erupções da pele) ao tomar um antibiótico, deve conversar com seu médico antes de usar Amoxil[®]. 
> Este medicamento não pode ser administrado nem ingerido por pessoas alérgicas à amoxicilina, a outros antibióticos penicilínicos ou antibióticos similares, chamados cefalosporinas. Se você já teve uma reação alérgica (como erupções da pele) ao tomar um antibiótico, deve conversar com seu médico antes de usar Amoxil[®]. 
> Este medicamento não pode ser administrado nem ingerido por pessoas alérgicas à amoxicilina, a outros antibióticos penicilínicos ou antibióticos similares, chamados cefalosporinas. Se você já teve uma reação alérgica (como erupções da pele) ao tomar um antibiótico, deve conversar com seu médico antes de usar Amoxil[®]. 
> Este medicamento não pode ser administrado nem ingerido por pessoas alérgicas à amoxicilina, a outros antibióticos penicilínicos ou antibióticos similares, chamados cefalosporinas. Se você já teve uma reação alérgica (como erupções da pele) ao tomar um antibiótico, deve conversar com seu médico antes de usar Amoxil[®]. 
> Este medicamento não pode ser administrado nem ingerido por pessoas alérgicas à amoxicilina, a outros antibióticos penicilínicos ou antibióticos similares, chamados cefalosporinas. Se você já teve uma reação alérgica (como erupções da pele) ao tomar um antibiótico, deve conversar com seu médico antes de usar Amoxil[®]. 
> Este medicamento não pode ser administrado nem ingerido por pessoas alérgicas à amoxicilina, a outros antibióticos penicilínicos ou antibióticos similares, chamados cefalosporinas. Se você já teve uma reação alérgica (como erupções da pele) ao tomar um antibiótico, deve conversar com seu médico antes de usar Amoxil[®]. 
> Este medicamento não pode ser administrado nem ingerido por pessoas alérgicas à amoxicilina, a outros antibióticos penicilínicos ou antibióticos similares, chamados cefalosporinas. Se você já teve uma reação alérgica (como erupções da pele) ao tomar um antibiótico, deve conversar com seu médico antes de usar Amoxil[®]. 
> Este medicamento não pode ser administrado nem ingerido por pessoas alérgicas à amoxicilina, a outros antibióticos penicilínicos ou antibióticos similares, chamados cefalosporinas. Se você já teve uma reação alérgica (como erupções da pele) ao tomar um antibiótico, deve conversar com seu médico antes de usar Amoxil[®]. 
> Este medicamento não pode ser administrado nem ingerido por pessoas alérgicas à amoxicilina, a outros antibióticos penicilínicos ou antibióticos similares, chamados cefalosporinas. Se você já teve uma reação alérgica (como erupções da pele) ao tomar um antibiótico, deve conversar com seu médico antes de usar Amoxil[®]. 
> Este medicamento não pode ser administrado nem ingerido por pessoas alérgicas à amoxicilina, a outros antibióticos penicilínicos ou antibióticos similares, chamados cefalosporinas. Se você já teve uma reação alérgica (como erupções da pele) ao tomar um antibiótico, deve conversar com seu médico antes de usar Amoxil[®]. 
> Este medicamento não pode ser administrado nem ingerido por pessoas alérgicas à amoxicilina, a outros antibióticos penicilínicos ou antibióticos similares, chamados cefalosporinas. Se você já teve uma reação alérgica (como erupções da pele) ao tomar um antibiótico, deve conversar com seu médico antes de usar Amoxil[®]. 
> Este medicamento não pode ser administrado nem ingerido por pessoas alérgicas à amoxicilina, a outros antibióticos penicilínicos ou antibióticos similares, chamados cefalosporinas. Se você já teve uma reação alérgica (como erupções da pele) ao tomar um antibiótico, deve conversar com seu médico antes de usar Amoxil[®]. 
> Este medicamento não pode ser administrado nem ingerido por pessoas alérgicas à amoxicilina, a outros antibióticos penicilínicos ou antibióticos similares, chamados cefalosporinas. Se você já teve uma reação alérgica (como erupções da pele) ao tomar um antibiótico, deve conversar com seu médico antes de usar Amoxil[®]. 
> Este medicamento não pode ser administrado nem ingerido por pessoas alérgicas à amoxicilina, a outros antibióticos penicilínicos ou antibióticos similares, chamados cefalosporinas. Se você já teve uma reação alérgica (como erupções da pele) ao tomar um antibiótico, deve conversar com seu médico antes de usar Amoxil[®]. 
> Este medicamento não pode ser administrado nem ingerido por pessoas alérgicas à amoxicilina, a outros antibióticos penicilínicos ou antibióticos similares, chamados cefalosporinas. Se você já teve uma reação alérgica (como erupções da pele) ao tomar um antibiótico, deve conversar com seu médico antes de usar Amoxil[®]. 
> Este medicamento não pode ser administrado nem ingerido por pessoas alérgicas à amoxicilina, a outros antibióticos penicilínicos ou antibióticos similares, chamados cefalosporinas. Se você já teve uma reação alérgica (como erupções da pele) ao tomar um antibiótico, deve conversar com seu médico antes de usar Amoxil[®]. 
> Este medicamento não pode ser administrado nem ingerido por pessoas alérgicas à amoxicilina, a outros antibióticos penicilínicos ou antibióticos similares, chamados cefalosporinas. Se você já teve uma reação alérgica (como erupções da pele) ao tomar um antibiótico, deve conversar com seu médico antes de usar Amoxil[®]. 
> Este medicamento não pode ser administrado nem ingerido por pessoas alérgicas à amoxicilina, a outros antibióticos penicilínicos ou antibióticos similares, chamados cefalosporinas. Se você já teve uma reação alérgica (como erupções da pele) ao tomar um antibiótico, deve conversar com seu médico antes de usar Amoxil[®]. 
> Este medicamento não pode ser administrado nem ingerido por pessoas alérgicas à amoxicilina, a outros antibióticos penicilínicos ou antibióticos similares, chamados cefalosporinas. Se você já teve uma reação alérgica (como erupções da pele) ao tomar um antibiótico, deve conversar com seu médico antes de usar Amoxil[®]. 
> Este medicamento não pode ser administrado nem ingerido por pessoas alérgicas à amoxicilina, a outros antibióticos penicilínicos ou antibióticos similares, chamados cefalosporinas. Se você já teve uma reação alérgica (como erupções da pele) ao tomar um antibiótico, deve conversar com seu médico antes de usar Amoxil[®]. 
> Este medicamento não pode ser administrado nem ingerido por pessoas alérgicas à amoxicilina, a outros antibióticos penicilínicos ou antibióticos similares, chamados cefalosporinas. Se você já teve uma reação alérgica (como erupções da pele) ao tomar um antibiótico, deve conversar com seu médico antes de usar Amoxil[®]. 
> Este medicamento não pode ser administrado nem ingerido por pessoas alérgicas à amoxicilina, a outros antibióticos penicilínicos ou antibióticos similares, chamados cefalosporinas. Se você já teve uma reação alérgica (como erupções da pele) ao tomar um antibiótico, deve conversar com seu médico antes de usar Amoxil[®]. 
> Este medicamento não pode ser administrado nem ingerido por pessoas alérgicas à amoxicilina, a outros antibióticos penicilínicos ou antibióticos similares, chamados cefalosporinas. Se você já teve uma reação alérgica (como erupções da pele) ao tomar um antibiótico, deve conversar com seu médico antes de usar Amoxil[®]. 
> Este medicamento não pode ser administrado nem ingerido por pessoas alérgicas à amoxicilina, a outros antibióticos penicilínicos ou antibióticos similares, chamados cefalosporinas. Se você já teve uma reação alérgica (como erupções da pele) ao tomar um antibiótico, deve conversar com seu médico antes de usar Amoxil[®]. 
> Este medicamento não pode ser administrado nem ingerido por pessoas alérgicas à amoxicilina, a outros antibióticos penicilínicos ou antibióticos similares, chamados cefalosporinas. Se você já teve uma reação alérgica (como erupções da pele) ao tomar um antibiótico, deve conversar com seu médico antes de usar Amoxil[®]. 
> Este medicamento não pode ser administrado nem ingerido por pessoas alérgicas à amoxicilina, a outros antibióticos penicilínicos ou antibióticos similares, chamados cefalosporinas. Se você já teve uma reação alérgica (como erupções da pele) ao tomar um antibiótico, deve conversar com seu médico antes de usar Amoxil[®]. 
> Este medicamento não pode ser administrado nem ingerido por pessoas alérgicas à amoxicilina, a outros antibióticos penicilínicos ou antibióticos similares, chamados cefalosporinas. Se você já teve uma reação alérgica (como erupções da pele) ao tomar um antibiótico, deve conversar com seu médico antes de usar Amoxil[®]. 
> Este medicamento não pode ser administrado nem ingerido por pessoas alérgicas à amoxicilina, a outros antibióticos penicilínicos ou antibióticos similares, chamados cefalosporinas. Se você já teve uma reação alérgica (como erupções da pele) ao tomar um antibiótico, deve conversar com seu médico antes de usar Amoxil[®]. 
> Este medicamento não pode ser administrado nem ingerido por pessoas alérgicas à amoxicilina, a outros antibióticos penicilínicos ou antibióticos similares, chamados cefalosporinas. Se você já teve uma reação alérgica (como erupções da pele) ao tomar um antibiótico, deve conversar com seu médico antes de usar Amoxil[®]. 
> Este medicamento não pode ser administrado nem ingerido por pessoas alérgicas à amoxicilina, a outros antibióticos penicilínicos ou antibióticos similares, chamados cefalosporinas. Se você já teve uma reação alérgica (como erupções da pele) ao tomar um antibiótico, deve conversar com seu médico antes de usar Amoxil[®]. 
> Este medicamento não pode ser administrado nem ingerido por pessoas alérgicas à amoxicilina, a outros antibióticos penicilínicos ou antibióticos similares, chamados cefalosporinas. Se você já teve uma reação alérgica (como erupções da pele) ao tomar um antibiótico, deve conversar com seu médico antes de usar Amoxil[®]. 
> Este medicamento não pode ser administrado nem ingerido por pessoas alérgicas à amoxicilina, a outros antibióticos penicilínicos ou antibióticos similares, chamados cefalosporinas. Se você já teve uma reação alérgica (como erupções da pele) ao tomar um antibiótico, deve conversar com seu médico antes de usar Amoxil[®]. 
> Este medicamento não pode ser administrado nem ingerido por pessoas alérgicas à amoxicilina, a outros antibióticos penicilínicos ou antibióticos similares, chamados cefalosporinas. Se você já teve uma reação alérgica (como erupções da pele) ao tomar um antibiótico, deve conversar com seu médico antes de usar Amoxil[®]. 
> Este medicamento não pode ser administrado nem ingerido por pessoas alérgicas à amoxicilina, a outros antibióticos penicilínicos ou antibióticos similares, chamados cefalosporinas. Se você já teve uma reação alérgica (como erupções da pele) ao tomar um antibiótico, deve conversar com seu médico antes de usar Amoxil[®]. 
> Este medicamento não pode ser administrado nem ingerido por pessoas alérgicas à amoxicilina, a outros antibióticos penicilínicos ou antibióticos similares, chamados cefalosporinas. Se você já teve uma reação alérgica (como erupções da pele) ao tomar um antibiótico, deve conversar com seu médico antes de usar Amoxil[®]. 
> Este medicamento não pode ser administrado nem ingerido por pessoas alérgicas à amoxicilina, a outros antibióticos penicilínicos ou antibióticos similares, chamados cefalosporinas. Se você já teve uma reação alérgica (como erupções da pele) ao tomar um antibiótico, deve conversar com seu médico antes de usar Amoxil[®]. 
> Este medicamento não pode ser administrado nem ingerido por pessoas alérgicas à amoxicilina, a outros antibióticos penicilínicos ou antibióticos similares, chamados cefalosporinas. Se você já teve uma reação alérgica (como erupções da pele) ao tomar um antibiótico, deve conversar com seu médico antes de usar Amoxil[®]. 
> Este medicamento não pode ser administrado nem ingerido por pessoas alérgicas à amoxicilina, a outros antibióticos penicilínicos ou antibióticos similares, chamados cefalosporinas. Se você já teve uma reação alérgica (como erupções da pele) ao tomar um antibiótico, deve conversar com seu médico antes de usar Amoxil[®]. 
> Este medicamento não pode ser administrado nem ingerido por pessoas alérgicas à amoxicilina, a outros antibióticos penicilínicos ou antibióticos similares, chamados cefalosporinas. Se você já teve uma reação alérgica (como erupções da pele) ao tomar um antibiótico, deve conversar com seu médico antes de usar Amoxil[®]. 
> Este medicamento não pode ser administrado nem ingerido por pessoas alérgicas à amoxicilina, a outros antibióticos penicilínicos ou antibióticos similares, chamados cefalosporinas. Se você já teve uma reação alérgica (como erupções da pele) ao tomar um antibiótico, deve conversar com seu médico antes de usar Amoxil[®]. 
> Este medicamento não pode ser administrado nem ingerido por pessoas alérgicas à amoxicilina, a outros antibióticos penicilínicos ou antibióticos similares, chamados cefalosporinas. Se você já teve uma reação alérgica (como erupções da pele) ao tomar um antibiótico, deve conversar com seu médico antes de usar Amoxil[®]. 
> Este medicamento não pode ser administrado nem ingerido por pessoas alérgicas à amoxicilina, a outros antibióticos penicilínicos ou antibióticos similares, chamados cefalosporinas. Se você já teve uma reação alérgica (como erupções da pele) ao tomar um antibiótico, deve conversar com seu médico antes de usar Amoxil[®]. 
> Este medicamento não pode ser administrado nem ingerido por pessoas alérgicas à amoxicilina, a outros antibióticos penicilínicos ou antibióticos similares, chamados cefalosporinas. Se você já teve uma reação alérgica (como erupções da pele) ao tomar um antibiótico, deve conversar com seu médico antes de usar Amoxil[®]. 
> Este medicamento não pode ser administrado nem ingerido por pessoas alérgicas à amoxicilina, a outros antibióticos penicilínicos ou antibióticos similares, chamados cefalosporinas. Se você já teve uma reação alérgica (como erupções da pele) ao tomar um antibiótico, deve conversar com seu médico antes de usar Amoxil[®]. 
> Este medicamento não pode ser administrado nem ingerido por pessoas alérgicas à amoxicilina, a outros antibióticos penicilínicos ou antibióticos similares, chamados cefalosporinas. Se você já teve uma reação alérgica (como erupções da pele) ao tomar um antibiótico, deve conversar com seu médico antes de usar Amoxil[®]. 
> Este medicamento não pode ser administrado nem ingerido por pessoas alérgicas à amoxicilina, a outros antibióticos penicilínicos ou antibióticos similares, chamados cefalosporinas. Se você já teve uma reação alérgica (como erupções da pele) ao tomar um antibiótico, deve conversar com seu médico antes de usar Amoxil[®]. 
> Este medicamento não pode ser administrado nem ingerido por pessoas alérgicas à amoxicilina, a outros antibióticos penicilínicos ou antibióticos similares, chamados cefalosporinas. Se você já teve uma reação alérgica (como erupções da pele) ao tomar um antibiótico, deve conversar com seu médico antes de usar Amoxil[®]. 
> Este medicamento não pode ser administrado nem ingerido por pessoas alérgicas à amoxicilina, a outros antibióticos penicilínicos ou antibióticos similares, chamados cefalosporinas. Se você já teve uma reação alérgica (como erupções da pele) ao tomar um antibiótico, deve conversar com seu médico antes de usar Amoxil[®]. 
> Este medicamento não pode ser administrado nem ingerido por pessoas alérgicas à amoxicilina, a outros antibióticos penicilínicos ou antibióticos similares, chamados cefalosporinas. Se você já teve uma reação alérgica (como erupções da pele) ao tomar um antibiótico, deve conversar com seu médico antes de usar Amoxil[®]. 
> Este medicamento não pode ser administrado nem ingerido por pessoas alérgicas à amoxicilina, a outros antibióticos penicilínicos ou antibióticos similares, chamados cefalosporinas. Se você já teve uma reação alérgica (como erupções da pele) ao tomar um antibiótico, deve conversar com seu médico antes de usar Amoxil[®]. 
> Este medicamento não pode ser administrado nem ingerido por pessoas alérgicas à amoxicilina, a outros antibióticos penicilínicos ou antibióticos similares, chamados cefalosporinas. Se você já teve uma reação alérgica (como erupções da pele) ao tomar um antibiótico, deve conversar com seu médico antes de usar Amoxil[®]. 
> Este medicamento não pode ser administrado nem ingerido por pessoas alérgicas à amoxicilina, a outros antibióticos penicilínicos ou antibióticos similares, chamados cefalosporinas. Se você já teve uma reação alérgica (como erupções da pele) ao tomar um antibiótico, deve conversar com seu médico antes de usar Amoxil[®]. 
> Este medicamento não pode ser administrado nem ingerido por pessoas alérgicas à amoxicilina, a outros antibióticos penicilínicos ou antibióticos similares, chamados cefalosporinas. Se você já teve uma reação alérgica (como erupções da pele) ao tomar um antibiótico, deve conversar com seu médico antes de usar Amoxil[®]. 
> Este medicamento não pode ser administrado nem ingerido por pessoas alérgicas à amoxicilina, a outros antibióticos penicilínicos ou antibióticos similares, chamados cefalosporinas. Se você já teve uma reação alérgica (como erupções da pele) ao tomar um antibiótico, deve conversar com seu médico antes de usar Amoxil[®]. 
> Este medicamento não pode ser administrado nem ingerido por pessoas alérgicas à amoxicilina, a outros antibióticos penicilínicos ou antibióticos similares, chamados cefalosporinas. Se você já teve uma reação alérgica (como erupções da pele) ao tomar um antibiótico, deve conversar com seu médico antes de usar Amoxil[®]. 
> Este medicamento não pode ser administrado nem ingerido por pessoas alérgicas à amoxicilina, a outros antibióticos penicilínicos ou antibióticos similares, chamados cefalosporinas. Se você já teve uma reação alérgica (como erupções da pele) ao tomar um antibiótico, deve conversar com seu médico antes de usar Amoxil[®]. 
> Este medicamento não pode ser administrado nem ingerido por pessoas alérgicas à amoxicilina, a outros antibióticos penicilínicos ou antibióticos similares, chamados cefalosporinas. Se você já teve uma reação alérgica (como erupções da pele) ao tomar um antibiótico, deve conversar com seu médico antes de usar Amoxil[®]. 
> Este medicamento não pode ser administrado nem ingerido por pessoas alérgicas à amoxicilina, a outros antibióticos penicilínicos ou antibióticos similares, chamados cefalosporinas. Se você já teve uma reação alérgica (como erupções da pele) ao tomar um antibiótico, deve conversar com seu médico antes de usar Amoxil[®]. 
> Este medicamento não pode ser administrado nem ingerido por pessoas alérgicas à amoxicilina, a outros antibióticos penicilínicos ou antibióticos similares, chamados cefalosporinas. Se você já teve uma reação alérgica (como erupções da pele) ao tomar um antibiótico, deve conversar com seu médico antes de usar Amoxil[®]. 
> Este medicamento não pode ser administrado nem ingerido por pessoas alérgicas à amoxicilina, a outros antibióticos penicilínicos ou antibióticos similares, chamados cefalosporinas. Se você já teve uma reação alérgica (como erupções da pele) ao tomar um antibiótico, deve conversar com seu médico antes de usar Amoxil[®]. 
> Este medicamento não pode ser administrado nem ingerido por pessoas alérgicas à amoxicilina, a outros antibióticos penicilínicos ou antibióticos similares, chamados cefalosporinas. Se você já teve uma reação alérgica (como erupções da pele) ao tomar um antibiótico, deve conversar com seu médico antes de usar Amoxil[®]. 
> Este medicamento não pode ser administrado nem ingerido por pessoas alérgicas à amoxicilina, a outros antibióticos penicilínicos ou antibióticos similares, chamados cefalosporinas. Se você já teve uma reação alérgica (como erupções da pele) ao tomar um antibiótico, deve conversar com seu médico antes de usar Amoxil[®]. 
> Este medicamento não pode ser administrado nem ingerido por pessoas alérgicas à amoxicilina, a outros antibióticos penicilínicos ou antibióticos similares, chamados cefalosporinas. Se você já teve uma reação alérgica (como erupções da pele) ao tomar um antibiótico, deve conversar com seu médico antes de usar Amoxil[®]. 
> Este medicamento não pode ser administrado nem ingerido por pessoas alérgicas à amoxicilina, a outros antibióticos penicilínicos ou antibióticos similares, chamados cefalosporinas. Se você já teve uma reação alérgica (como erupções da pele) ao tomar um antibiótico, deve conversar com seu médico antes de usar Amoxil[®]. 
> Este medicamento não pode ser administrado nem ingerido por pessoas alérgicas à amoxicilina, a outros antibióticos penicilínicos ou antibióticos similares, chamados cefalosporinas. Se você já teve uma reação alérgica (como erupções da pele) ao tomar um antibiótico, deve conversar com seu médico antes de usar Amoxil[®]. 
> Este medicamento não pode ser administrado nem ingerido por pessoas alérgicas à amoxicilina, a outros antibióticos penicilínicos ou antibióticos similares, chamados cefalosporinas. Se você já teve uma reação alérgica (como erupções da pele) ao tomar um antibiótico, deve conversar com seu médico antes de usar Amoxil[®]. 
> Este medicamento não pode ser administrado nem ingerido por pessoas alérgicas à amoxicilina, a outros antibióticos penicilínicos ou antibióticos similares, chamados cefalosporinas. Se você já teve uma reação alérgica (como erupções da pele) ao tomar um antibiótico, deve conversar com seu médico antes de usar Amoxil[®]. 
> Este medicamento não pode ser administrado nem ingerido por pessoas alérgicas à amoxicilina, a outros antibióticos penicilínicos ou antibióticos similares, chamados cefalosporinas. Se você já teve uma reação alérgica (como erupções da pele) ao tomar um antibiótico, deve conversar com seu médico antes de usar Amoxil[®]. 
> Este medicamento não pode ser administrado nem ingerido por pessoas alérgicas à amoxicilina, a outros antibióticos penicilínicos ou antibióticos similares, chamados cefalosporinas. Se você já teve uma reação alérgica (como erupções da pele) ao tomar um antibiótico, deve conversar com seu médico antes de usar Amoxil[®]. 
> Este medicamento não pode ser administrado nem ingerido por pessoas alérgicas à amoxicilina, a outros antibióticos penicilínicos ou antibióticos similares, chamados cefalosporinas. Se você já teve uma reação alérgica (como erupções da pele) ao tomar um antibiótico, deve conversar com seu médico antes de usar Amoxil[®]. 
> Este medicamento não pode ser administrado nem ingerido por pessoas alérgicas à amoxicilina, a outros antibióticos penicilínicos ou antibióticos similares, chamados cefalosporinas. Se você já teve uma reação alérgica (como erupções da pele) ao tomar um antibiótico, deve conversar com seu médico antes de usar Amoxil[®]. 
> Este medicamento não pode ser administrado nem ingerido por pessoas alérgicas à amoxicilina, a outros antibióticos penicilínicos ou antibióticos similares, chamados cefalosporinas. Se você já teve uma reação alérgica (como erupções da pele) ao tomar um antibiótico, deve conversar com seu médico antes de usar Amoxil[®]. 
> Este medicamento não pode ser administrado nem ingerido por pessoas alérgicas à amoxicilina, a outros antibióticos penicilínicos ou antibióticos similares, chamados cefalosporinas. Se você já teve uma reação alérgica (como erupções da pele) ao tomar um antibiótico, deve conversar com seu médico antes de usar Amoxil[®]. 
> Este medicamento não pode ser administrado nem ingerido por pessoas alérgicas à amoxicilina, a outros antibióticos penicilínicos ou antibióticos similares, chamados cefalosporinas. Se você já teve uma reação alérgica (como erupções da pele) ao tomar um antibiótico, deve conversar com seu médico antes de usar Amoxil[®]. 
> Este medicamento não pode ser administrado nem ingerido por pessoas alérgicas à amoxicilina, a outros antibióticos penicilínicos ou antibióticos similares, chamados cefalosporinas. Se você já teve uma reação alérgica (como erupções da pele) ao tomar um antibiótico, deve conversar com seu médico antes de usar Amoxil[®]. 
> Este medicamento não pode ser administrado nem ingerido por pessoas alérgicas à amoxicilina, a outros antibióticos penicilínicos ou antibióticos similares, chamados cefalosporinas. Se você já teve uma reação alérgica (como erupções da pele) ao tomar um antibiótico, deve conversar com seu médico antes de usar Amoxil[®]. 
> Este medicamento não pode ser administrado nem ingerido por pessoas alérgicas à amoxicilina, a outros antibióticos penicilínicos ou antibióticos similares, chamados cefalosporinas. Se você já teve uma reação alérgica (como erupções da pele) ao tomar um antibiótico, deve conversar com seu médico antes de usar Amoxil[®]. 
> Este medicamento não pode ser administrado nem ingerido por pessoas alérgicas à amoxicilina, a outros antibióticos penicilínicos ou antibióticos similares, chamados cefalosporinas. Se você já teve uma reação alérgica (como erupções da pele) ao tomar um antibiótico, deve conversar com seu médico antes de usar Amoxil[®]. 
> Este medicamento não pode ser administrado nem ingerido por pessoas alérgicas à amoxicilina, a outros antibióticos penicilínicos ou antibióticos similares, chamados cefalosporinas. Se você já teve uma reação alérgica (como erupções da pele) ao tomar um antibiótico, deve conversar com seu médico antes de usar Amoxil[®]. 
> Este medicamento não pode ser administrado nem ingerido por pessoas alérgicas à amoxicilina, a outros antibióticos penicilínicos ou antibióticos similares, chamados cefalosporinas. Se você já teve uma reação alérgica (como erupções da pele) ao tomar um antibiótico, deve conversar com seu médico antes de usar Amoxil[®]. 
> Este medicamento não pode ser administrado nem ingerido por pessoas alérgicas à amoxicilina, a outros antibióticos penicilínicos ou antibióticos similares, chamados cefalosporinas. Se você já teve uma reação alérgica (como erupções da pele) ao tomar um antibiótico, deve conversar com seu médico antes de usar Amoxil[®]. 
> Este medicamento não pode ser administrado nem ingerido por pessoas alérgicas à amoxicilina, a outros antibióticos penicilínicos ou antibióticos similares, chamados cefalosporinas. Se você já teve uma reação alérgica (como erupções da pele) ao tomar um antibiótico, deve conversar com seu médico antes de usar Amoxil[®]. 
> Este medicamento não pode ser administrado nem ingerido por pessoas alérgicas à amoxicilina, a outros antibióticos penicilínicos ou antibióticos similares, chamados cefalosporinas. Se você já teve uma reação alérgica (como erupções da pele) ao tomar um antibiótico, deve conversar com seu médico antes de usar Amoxil[®]. 
> Este medicamento não pode ser administrado nem ingerido por pessoas alérgicas à amoxicilina, a outros antibióticos penicilínicos ou antibióticos similares, chamados cefalosporinas. Se você já teve uma reação alérgica (como erupções da pele) ao tomar um antibiótico, deve conversar com seu médico antes de usar Amoxil[®]. 
> Este medicamento não pode ser administrado nem ingerido por pessoas alérgicas à amoxicilina, a outros antibióticos penicilínicos ou antibióticos similares, chamados cefalosporinas. Se você já teve uma reação alérgica (como erupções da pele) ao tomar um antibiótico, deve conversar com seu médico antes de usar Amoxil[®]. 
> Este medicamento não pode ser administrado nem ingerido por pessoas alérgicas à amoxicilina, a outros antibióticos penicilínicos ou antibióticos similares, chamados cefalosporinas. Se você já teve uma reação alérgica (como erupções da pele) ao tomar um antibiótico, deve conversar com seu médico antes de usar Amoxil[®]. 
> Este medicamento não pode ser administrado nem ingerido por pessoas alérgicas à amoxicilina, a outros antibióticos penicilínicos ou antibióticos similares, chamados cefalosporinas. Se você já teve uma reação alérgica (como erupções da pele) ao tomar um antibiótico, deve conversar com seu médico antes de usar Amoxil[®]. 
> Este medicamento não pode ser administrado nem ingerido por pessoas alérgicas à amoxicilina, a outros antibióticos penicilínicos ou antibióticos similares, chamados cefalosporinas. Se você já teve uma reação alérgica (como erupções da pele) ao tomar um antibiótico, deve conversar com seu médico antes de usar Amoxil[®]. 
> Este medicamento não pode ser administrado nem ingerido por pessoas alérgicas à amoxicilina, a outros antibióticos penicilínicos ou antibióticos similares, chamados cefalosporinas. Se você já teve uma reação alérgica (como erupções da pele) ao tomar um antibiótico, deve conversar com seu médico antes de usar Amoxil[®]. 
> Este medicamento não pode ser administrado nem ingerido por pessoas alérgicas à amoxicilina, a outros antibióticos penicilínicos ou antibióticos similares, chamados cefalosporinas. Se você já teve uma reação alérgica (como erupções da pele) ao tomar um antibiótico, deve conversar com seu médico antes de usar Amoxil[®]. 
> Este medicamento não pode ser administrado nem ingerido por pessoas alérgicas à amoxicilina, a outros antibióticos penicilínicos ou antibióticos similares, chamados cefalosporinas. Se você já teve uma reação alérgica (como erupções da pele) ao tomar um antibiótico, deve conversar com seu médico antes de usar Amoxil[®]. 
> Este medicamento não pode ser administrado nem ingerido por pessoas alérgicas à amoxicilina, a outros antibióticos penicilínicos ou antibióticos similares, chamados cefalosporinas. Se você já teve uma reação alérgica (como erupções da pele) ao tomar um antibiótico, deve conversar com seu médico antes de usar Amoxil[®]. 
> Este medicamento não pode ser administrado nem ingerido por pessoas alérgicas à amoxicilina, a outros antibióticos penicilínicos ou antibióticos similares, chamados cefalosporinas. Se você já teve uma reação alérgica (como erupções da pele) ao tomar um antibiótico, deve conversar com seu médico antes de usar Amoxil[®]. 
> Este medicamento não pode ser administrado nem ingerido por pessoas alérgicas à amoxicilina, a outros antibióticos penicilínicos ou antibióticos similares, chamados cefalosporinas. Se você já teve uma reação alérgica (como erupções da pele) ao tomar um antibiótico, deve conversar com seu médico antes de usar Amoxil[®]. 
> Este medicamento não pode ser administrado nem ingerido por pessoas alérgicas à amoxicilina, a outros antibióticos penicilínicos ou antibióticos similares, chamados cefalosporinas. Se você já teve uma reação alérgica (como erupções da pele) ao tomar um antibiótico, deve conversar com seu médico antes de usar Amoxil[®]. 
> Este medicamento não pode ser administrado nem ingerido por pessoas alérgicas à amoxicilina, a outros antibióticos penicilínicos ou antibióticos similares, chamados cefalosporinas. Se você já teve uma reação alérgica (como erupções da pele) ao tomar um antibiótico, deve conversar com seu médico antes de usar Amoxil[®]. 
> Este medicamento não pode ser administrado nem ingerido por pessoas alérgicas à amoxicilina, a outros antibióticos penicilínicos ou antibióticos similares, chamados cefalosporinas. Se você já teve uma reação alérgica (como erupções da pele) ao tomar um antibiótico, deve conversar com seu médico antes de usar Amoxil[®]. 
> Este medicamento não pode ser administrado nem ingerido por pessoas alérgicas à amoxicilina, a outros antibióticos penicilínicos ou antibióticos similares, chamados cefalosporinas. Se você já teve uma reação alérgica (como erupções da pele) ao tomar um antibiótico, deve conversar com seu médico antes de usar Amoxil[®]. 
> Este medicamento não pode ser administrado nem ingerido por pessoas alérgicas à amoxicilina, a outros antibióticos penicilínicos ou antibióticos similares, chamados cefalosporinas. Se você já teve uma reação alérgica (como erupções da pele) ao tomar um antibiótico, deve conversar com seu médico antes de usar Amoxil[®]. 
> Este medicamento não pode ser administrado nem ingerido por pessoas alérgicas à amoxicilina, a outros antibióticos penicilínicos ou antibióticos similares, chamados cefalosporinas. Se você já teve uma reação alérgica (como erupções da pele) ao tomar um antibiótico, deve conversar com seu médico antes de usar Amoxil[®]. 
> Este medicamento não pode ser administrado nem ingerido por pessoas alérgicas à amoxicilina, a outros antibióticos penicilínicos ou antibióticos similares, chamados cefalosporinas. Se você já teve uma reação alérgica (como erupções da pele) ao tomar um antibiótico, deve conversar com seu médico antes de usar Amoxil[®]. 
> Este medicamento não pode ser administrado nem ingerido por pessoas alérgicas à amoxicilina, a outros antibióticos penicilínicos ou antibióticos similares, chamados cefalosporinas. Se você já teve uma reação alérgica (como erupções da pele) ao tomar um antibiótico, deve conversar com seu médico antes de usar Amoxil[®]. 
> Este medicamento não pode ser administrado nem ingerido por pessoas alérgicas à amoxicilina, a outros antibióticos penicilínicos ou antibióticos similares, chamados cefalosporinas. Se você já teve uma reação alérgica (como erupções da pele) ao tomar um antibiótico, deve conversar com seu médico antes de usar Amoxil[®]. 
> Este medicamento não pode ser administrado nem ingerido por pessoas alérgicas à amoxicilina, a outros antibióticos penicilínicos ou antibióticos similares, chamados cefalosporinas. Se você já teve uma reação alérgica (como erupções da pele) ao tomar um antibiótico, deve conversar com seu médico antes de usar Amoxil[®]. 
> Este medicamento não pode ser administrado nem ingerido por pessoas alérgicas à amoxicilina, a outros antibióticos penicilínicos ou antibióticos similares, chamados cefalosporinas. Se você já teve uma reação alérgica (como erupções da pele) ao tomar um antibiótico, deve conversar com seu médico antes de usar Amoxil[®]. 
> Este medicamento não pode ser administrado nem ingerido por pessoas alérgicas à amoxicilina, a outros antibióticos penicilínicos ou antibióticos similares, chamados cefalosporinas. Se você já teve uma reação alérgica (como erupções da pele) ao tomar um antibiótico, deve conversar com seu médico antes de usar Amoxil[®]. 
> Este medicamento não pode ser administrado nem ingerido por pessoas alérgicas à amoxicilina, a outros antibióticos penicilínicos ou antibióticos similares, chamados cefalosporinas. Se você já teve uma reação alérgica (como erupções da pele) ao tomar um antibiótico, deve conversar com seu médico antes de usar Amoxil[®]. 
> Este medicamento não pode ser administrado nem ingerido por pessoas alérgicas à amoxicilina, a outros antibióticos penicilínicos ou antibióticos similares, chamados cefalosporinas. Se você já teve uma reação alérgica (como erupções da pele) ao tomar um antibiótico, deve conversar com seu médico antes de usar Amoxil[®]. 
> Este medicamento não pode ser administrado nem ingerido por pessoas alérgicas à amoxicilina, a outros antibióticos penicilínicos ou antibióticos similares, chamados cefalosporinas. Se você já teve uma reação alérgica (como erupções da pele) ao tomar um antibiótico, deve conversar com seu médico antes de usar Amoxil[®]. 
> Este medicamento não pode ser administrado nem ingerido por pessoas alérgicas à amoxicilina, a outros antibióticos penicilínicos ou antibióticos similares, chamados cefalosporinas. Se você já teve uma reação alérgica (como erupções da pele) ao tomar um antibiótico, deve conversar com seu médico antes de usar Amoxil[®]. 
> Este medicamento não pode ser administrado nem ingerido por pessoas alérgicas à amoxicilina, a outros antibióticos penicilínicos ou antibióticos similares, chamados cefalosporinas. Se você já teve uma reação alérgica (como erupções da pele) ao tomar um antibiótico, deve conversar com seu médico antes de usar Amoxil[®]. 
> Este medicamento não pode ser administrado nem ingerido por pessoas alérgicas à amoxicilina, a outros antibióticos penicilínicos ou antibióticos similares, chamados cefalosporinas. Se você já teve uma reação alérgica (como erupções da pele) ao tomar um antibiótico, deve conversar com seu médico antes de usar Amoxil[®]. 
> Este medicamento não pode ser administrado nem ingerido por pessoas alérgicas à amoxicilina, a outros antibióticos penicilínicos ou antibióticos similares, chamados cefalosporinas. Se você já teve uma reação alérgica (como erupções da pele) ao tomar um antibiótico, deve conversar com seu médico antes de usar Amoxil[®]. 
> Este medicamento não pode ser administrado nem ingerido por pessoas alérgicas à amoxicilina, a outros antibióticos penicilínicos ou antibióticos similares, chamados cefalosporinas. Se você já teve uma reação alérgica (como erupções da pele) ao tomar um antibiótico, deve conversar com seu médico antes de usar Amoxil[®]. 
> Este medicamento não pode ser administrado nem ingerido por pessoas alérgicas à amoxicilina, a outros antibióticos penicilínicos ou antibióticos similares, chamados cefalosporinas. Se você já teve uma reação alérgica (como erupções da pele) ao tomar um antibiótico, deve conversar com seu médico antes de usar Amoxil[®]. 
> Este medicamento não pode ser administrado nem ingerido por pessoas alérgicas à amoxicilina, a outros antibióticos penicilínicos ou antibióticos similares, chamados cefalosporinas. Se você já teve uma reação alérgica (como erupções da pele) ao tomar um antibiótico, deve conversar com seu médico antes de usar Amoxil[®]. 
> Este medicamento não pode ser administrado nem ingerido por pessoas alérgicas à amoxicilina, a outros antibióticos penicilínicos ou antibióticos similares, chamados cefalosporinas. Se você já teve uma reação alérgica (como erupções da pele) ao tomar um antibiótico, deve conversar com seu médico antes de usar Amoxil[®]. 
> Este medicamento não pode ser administrado nem ingerido por pessoas alérgicas à amoxicilina, a outros antibióticos penicilínicos ou antibióticos similares, chamados cefalosporinas. Se você já teve uma reação alérgica (como erupções da pele) ao tomar um antibiótico, deve conversar com seu médico antes de usar Amoxil[®]. 
> Este medicamento não pode ser administrado nem ingerido por pessoas alérgicas à amoxicilina, a outros antibióticos penicilínicos ou antibióticos similares, chamados cefalosporinas. Se você já teve uma reação alérgica (como erupções da pele) ao tomar um antibiótico, deve conversar com seu médico antes de usar Amoxil[®]. 
> Este medicamento não pode ser administrado nem ingerido por pessoas alérgicas à amoxicilina, a outros antibióticos penicilínicos ou antibióticos similares, chamados cefalosporinas. Se você já teve uma reação alérgica (como erupções da pele) ao tomar um antibiótico, deve conversar com seu médico antes de usar Amoxil[®]. 
> Este medicamento não pode ser administrado nem ingerido por pessoas alérgicas à amoxicilina, a outros antibióticos penicilínicos ou antibióticos similares, chamados cefalosporinas. Se você já teve uma reação alérgica (como erupções da pele) ao tomar um antibiótico, deve conversar com seu médico antes de usar Amoxil[®]. 
> Este medicamento não pode ser administrado nem ingerido por pessoas alérgicas à amoxicilina, a outros antibióticos penicilínicos ou antibióticos similares, chamados cefalosporinas. Se você já teve uma reação alérgica (como erupções da pele) ao tomar um antibiótico, deve conversar com seu médico antes de usar Amoxil[®]. 
> Este medicamento não pode ser administrado nem ingerido por pessoas alérgicas à amoxicilina, a outros antibióticos penicilínicos ou antibióticos similares, chamados cefalosporinas. Se você já teve uma reação alérgica (como erupções da pele) ao tomar um antibiótico, deve conversar com seu médico antes de usar Amoxil[®]. 
> Este medicamento não pode ser administrado nem ingerido por pessoas alérgicas à amoxicilina, a outros antibióticos penicilínicos ou antibióticos similares, chamados cefalosporinas. Se você já teve uma reação alérgica (como erupções da pele) ao tomar um antibiótico, deve conversar com seu médico antes de usar Amoxil[®]. 
> Este medicamento não pode ser administrado nem ingerido por pessoas alérgicas à amoxicilina, a outros antibióticos penicilínicos ou antibióticos similares, chamados cefalosporinas. Se você já teve uma reação alérgica (como erupções da pele) ao tomar um antibiótico, deve conversar com seu médico antes de usar Amoxil[®]. 
> Este medicamento não pode ser administrado nem ingerido por pessoas alérgicas à amoxicilina, a outros antibióticos penicilínicos ou antibióticos similares, chamados cefalosporinas. Se você já teve uma reação alérgica (como erupções da pele) ao tomar um antibiótico, deve conversar com seu médico antes de usar Amoxil[®]. 
> Este medicamento não pode ser administrado nem ingerido por pessoas alérgicas à amoxicilina, a outros antibióticos penicilínicos ou antibióticos similares, chamados cefalosporinas. Se você já teve uma reação alérgica (como erupções da pele) ao tomar um antibiótico, deve conversar com seu médico antes de usar Amoxil[®]. 
> Este medicamento não pode ser administrado nem ingerido por pessoas alérgicas à amoxicilina, a outros antibióticos penicilínicos ou antibióticos similares, chamados cefalosporinas. Se você já teve uma reação alérgica (como erupções da pele) ao tomar um antibiótico, deve conversar com seu médico antes de usar Amoxil[®]. 
> Este medicamento não pode ser administrado nem ingerido por pessoas alérgicas à amoxicilina, a outros antibióticos penicilínicos ou antibióticos similares, chamados cefalosporinas. Se você já teve uma reação alérgica (como erupções da pele) ao tomar um antibiótico, deve conversar com seu médico antes de usar Amoxil[®]. 
> Este medicamento não pode ser administrado nem ingerido por pessoas alérgicas à amoxicilina, a outros antibióticos penicilínicos ou antibióticos similares, chamados cefalosporinas. Se você já teve uma reação alérgica (como erupções da pele) ao tomar um antibiótico, deve conversar com seu médico antes de usar Amoxil[®]. 
> Este medicamento não pode ser administrado nem ingerido por pessoas alérgicas à amoxicilina, a outros antibióticos penicilínicos ou antibióticos similares, chamados cefalosporinas. Se você já teve uma reação alérgica (como erupções da pele) ao tomar um antibiótico, deve conversar com seu médico antes de usar Amoxil[®]. 
> Este medicamento não pode ser administrado nem ingerido por pessoas alérgicas à amoxicilina, a outros antibióticos penicilínicos ou antibióticos similares, chamados cefalosporinas. Se você já teve uma reação alérgica (como erupções da pele) ao tomar um antibiótico, deve conversar com seu médico antes de usar Amoxil[®]. 
> Este medicamento não pode ser administrado nem ingerido por pessoas alérgicas à amoxicilina, a outros antibióticos penicilínicos ou antibióticos similares, chamados cefalosporinas. Se você já teve uma reação alérgica (como erupções da pele) ao tomar um antibiótico, deve conversar com seu médico antes de usar Amoxil[®]. 
> Este medicamento não pode ser administrado nem ingerido por pessoas alérgicas à amoxicilina, a outros antibióticos penicilínicos ou antibióticos similares, chamados cefalosporinas. Se você já teve uma reação alérgica (como erupções da pele) ao tomar um antibiótico, deve conversar com seu médico antes de usar Amoxil[®]. 
> Este medicamento não pode ser administrado nem ingerido por pessoas alérgicas à amoxicilina, a outros antibióticos penicilínicos ou antibióticos similares, chamados cefalosporinas. Se você já teve uma reação alérgica (como erupções da pele) ao tomar um antibiótico, deve conversar com seu médico antes de usar Amoxil[®]. 
> Este medicamento não pode ser administrado nem ingerido por pessoas alérgicas à amoxicilina, a outros antibióticos penicilínicos ou antibióticos similares, chamados cefalosporinas. Se você já teve uma reação alérgica (como erupções da pele) ao tomar um antibiótico, deve conversar com seu médico antes de usar Amoxil[®]. 
> Este medicamento não pode ser administrado nem ingerido por pessoas alérgicas à amoxicilina, a outros antibióticos penicilínicos ou antibióticos similares, chamados cefalosporinas. Se você já teve uma reação alérgica (como erupções da pele) ao tomar um antibiótico, deve conversar com seu médico antes de usar Amoxil[®]. 
> Este medicamento não pode ser administrado nem ingerido por pessoas alérgicas à amoxicilina, a outros antibióticos penicilínicos ou antibióticos similares, chamados cefalosporinas. Se você já teve uma reação alérgica (como erupções da pele) ao tomar um antibiótico, deve conversar com seu médico antes de usar Amoxil[®]. 
> Este medicamento não pode ser administrado nem ingerido por pessoas alérgicas à amoxicilina, a outros antibióticos penicilínicos ou antibióticos similares, chamados cefalosporinas. Se você já teve uma reação alérgica (como erupções da pele) ao tomar um antibiótico, deve conversar com seu médico antes de usar Amoxil[®]. 
> Este medicamento não pode ser administrado nem ingerido por pessoas alérgicas à amoxicilina, a outros antibióticos penicilínicos ou antibióticos similares, chamados cefalosporinas. Se você já teve uma reação alérgica (como erupções da pele) ao tomar um antibiótico, deve conversar com seu médico antes de usar Amoxil[®]. 
> Este medicamento não pode ser administrado nem ingerido por pessoas alérgicas à amoxicilina, a outros antibióticos penicilínicos ou antibióticos similares, chamados cefalosporinas. Se você já teve uma reação alérgica (como erupções da pele) ao tomar um antibiótico, deve conversar com seu médico antes de usar Amoxil[®]. 
> Este medicamento não pode ser administrado nem ingerido por pessoas alérgicas à amoxicilina, a outros antibióticos penicilínicos ou antibióticos similares, chamados cefalosporinas. Se você já teve uma reação alérgica (como erupções da pele) ao tomar um antibiótico, deve conversar com seu médico antes de usar Amoxil[®]. 
> Este medicamento não pode ser administrado nem ingerido por pessoas alérgicas à amoxicilina, a outros antibióticos penicilínicos ou antibióticos similares, chamados cefalosporinas. Se você já teve uma reação alérgica (como erupções da pele) ao tomar um antibiótico, deve conversar com seu médico antes de usar Amoxil[®]. 
> Este medicamento não pode ser administrado nem ingerido por pessoas alérgicas à amoxicilina, a outros antibióticos penicilínicos ou antibióticos similares, chamados cefalosporinas. Se você já teve uma reação alérgica (como erupções da pele) ao tomar um antibiótico, deve conversar com seu médico antes de usar Amoxil[®]. 
> Este medicamento não pode ser administrado nem ingerido por pessoas alérgicas à amoxicilina, a outros antibióticos penicilínicos ou antibióticos similares, chamados cefalosporinas. Se você já teve uma reação alérgica (como erupções da pele) ao tomar um antibiótico, deve conversar com seu médico antes de usar Amoxil[®]. 
> Este medicamento não pode ser administrado nem ingerido por pessoas alérgicas à amoxicilina, a outros antibióticos penicilínicos ou antibióticos similares, chamados cefalosporinas. Se você já teve uma reação alérgica (como erupções da pele) ao tomar um antibiótico, deve conversar com seu médico antes de usar Amoxil[®]. 
> Este medicamento não pode ser administrado nem ingerido por pessoas alérgicas à amoxicilina, a outros antibióticos penicilínicos ou antibióticos similares, chamados cefalosporinas. Se você já teve uma reação alérgica (como erupções da pele) ao tomar um antibiótico, deve conversar com seu médico antes de usar Amoxil[®]. 
> Este medicamento não pode ser administrado nem ingerido por pessoas alérgicas à amoxicilina, a outros antibióticos penicilínicos ou antibióticos similares, chamados cefalosporinas. Se você já teve uma reação alérgica (como erupções da pele) ao tomar um antibiótico, deve conversar com seu médico antes de usar Amoxil[®]. 
> Este medicamento não pode ser administrado nem ingerido por pessoas alérgicas à amoxicilina, a outros antibióticos penicilínicos ou antibióticos similares, chamados cefalosporinas. Se você já teve uma reação alérgica (como erupções da pele) ao tomar um antibiótico, deve conversar com seu médico antes de usar Amoxil[®]. 
> Este medicamento não pode ser administrado nem ingerido por pessoas alérgicas à amoxicilina, a outros antibióticos penicilínicos ou antibióticos similares, chamados cefalosporinas. Se você já teve uma reação alérgica (como erupções da pele) ao tomar um antibiótico, deve conversar com seu médico antes de usar Amoxil[®]. 
> Este medicamento não pode ser administrado nem ingerido por pessoas alérgicas à amoxicilina, a outros antibióticos penicilínicos ou antibióticos similares, chamados cefalosporinas. Se você já teve uma reação alérgica (como erupções da pele) ao tomar um antibiótico, deve conversar com seu médico antes de usar Amoxil[®]. 
> Este medicamento não pode ser administrado nem ingerido por pessoas alérgicas à amoxicilina, a outros antibióticos penicilínicos ou antibióticos similares, chamados cefalosporinas. Se você já teve uma reação alérgica (como erupções da pele) ao tomar um antibiótico, deve conversar com seu médico antes de usar Amoxil[®]. 
> Este medicamento não pode ser administrado nem ingerido por pessoas alérgicas à amoxicilina, a outros antibióticos penicilínicos ou antibióticos similares, chamados cefalosporinas. Se você já teve uma reação alérgica (como erupções da pele) ao tomar um antibiótico, deve conversar com seu médico antes de usar Amoxil[®]. 
> Este medicamento não pode ser administrado nem ingerido por pessoas alérgicas à amoxicilina, a outros antibióticos penicilínicos ou antibióticos similares, chamados cefalosporinas. Se você já teve uma reação alérgica (como erupções da pele) ao tomar um antibiótico, deve conversar com seu médico antes de usar Amoxil[®]. 
> Este medicamento não pode ser administrado nem ingerido por pessoas alérgicas à amoxicilina, a outros antibióticos penicilínicos ou antibióticos similares, chamados cefalosporinas. Se você já teve uma reação alérgica (como erupções da pele) ao tomar um antibiótico, deve conversar com seu médico antes de usar Amoxil[®]. 
> Este medicamento não pode ser administrado nem ingerido por pessoas alérgicas à amoxicilina, a outros antibióticos penicilínicos ou antibióticos similares, chamados cefalosporinas. Se você já teve uma reação alérgica (como erupções da pele) ao tomar um antibiótico, deve conversar com seu médico antes de usar Amoxil[®]. 
> Este medicamento não pode ser administrado nem ingerido por pessoas alérgicas à amoxicilina, a outros antibióticos penicilínicos ou antibióticos similares, chamados cefalosporinas. Se você já teve uma reação alérgica (como erupções da pele) ao tomar um antibiótico, deve conversar com seu médico antes de usar Amoxil[®]. 
> Este medicamento não pode ser administrado","QUANDO NÃO DEVO USAR ESTE MEDICAMENTO?, O QUE DEVO SABER ANTES DE USAR ESTE MEDICAMENTO?","chunk_9d394eb70d17, chunk_6fd3c193ea42, chunk_622fb4d46c7e, chunk_d22f44452468, chunk_621ddc66ac1b, chunk_7d57d737a19d, chunk_11cbb1217441, chunk_e3c9fe99e5cd, chunk_f81a2a346d66","[""QUANDO NÃO DEVO USAR ESTE MEDICAMENTO?** \n\nEste medicamento não pode ser usado por pessoas alérgicas à amoxicilina, a outros antibióticos penicilínicos ou antibióticos similares, chamados cefalosporinas. Se você já teve uma reação alérgica (como erupções da pele) ao tomar um antibiótico, deve conversar com seu médico antes de usar **Amoxil[®]** . \n\n## **4."", ""utâneas severas, dor no peito, vômitos repetitivos dentro de 1 a 4 horas após a administração de **Amoxil[®]** ou diarreia grave (colite pseudomembranosa). Você deve estar atento a determinados sintomas enquanto estiver recebendo **Amoxil[®]** para ajudar a reduzir o risco de quaisquer problemas. \n\n## **Efeitos sobre a capacidade de dirigir veículos e de operar máquinas** \n\nNão se observaram efeitos adversos sobre a capacidade de dirigir veículos e de operar máquinas. \n\n## **Gravidez e amamentação** \n\n**Amoxil[®]** pode ser usado na gravidez desde que os benefícios potenciais sejam maiores que os riscos potenciais associados ao tratamento. Informe seu médico se você estiver grávida ou suspeitar que está grávida. Você não deve tomar este medicamento se estiver grávida, exceto se seu médico recomendar. \n\nVocê pode amamentar seu bebê enquanto estiver tomando **Amoxil[®]** , mas há excreção de quantidades mínimas de amoxicilina no leite materno. Se você estiver amamentando, informe ao seu médico antes de iniciar o tratamento com **Amoxil[®]** . \n\n## **Este medicamento não deve ser utilizado por mulheres grávidas sem orientação médica ou do cirurgião-dentista.** \n\n**Uso compatível com o aleitamento ou doação de leite humano. O uso desse medicamento não interfere no aleitamento do bebê.** \n\n## **Atenção: Contém fenilalanina.** \n\n**Este produto contém benzoato de sódio, que pode causar reações alérgicas, como asma, especialmente em pessoas alérgicas ao ácido acetilsalicílico.** \n\n## **Uso em idosos, crianças e outros grupos de risco**"", ""QUANDO NÃO DEVO USAR ESTE MEDICAMENTO?** \n\nEste medicamento não pode ser administrado nem ingerido por pessoas alérgicas à amoxicilina, a outros antibióticos penicilínicos ou antibióticos similares, chamados cefalosporinas. Se você já teve uma reação alérgica (como erupções da pele) ao tomar um antibiótico, deve conversar com seu médico antes de usar **Amoxil[®] .** \n\n## **4. O QUE DEVO SABER ANTES DE USAR ESTE MEDICAMENTO** ? \n\nAntes de iniciar o tratamento com **Amoxil**[] , informe seu médico: \n\n- se você já apresentou reação alérgica a algum antibiótico. Isso pode incluir reações na pele ou inchaço na face ou pescoço ou dores no peito. \n\n- se você apresenta febre glandular. \n\n- se você toma medicamentos usados para prevenir coágulos sanguíneos (anticoagulantes), tais como varfarina, o seu médico fará um monitoramento e, se necessário, poderá sugerir ajustes na dose dos anticoagulantes. \n\n- se você apresenta problema nos rins. \n\n- se você não estiver urinando regularmente. \n\n- se você já teve diarreia durante ou após o uso de antibióticos. \n\n1 \n\n**==> picture [87 x 28] intentionally omitted <==**\n\n## Modelo de Texto de Bula – Pacientes Amoxil[®] Cápsulas \n\nO uso prolongado também pode resultar, ocasionalmente, em supercrescimento de microrganismos resistentes a **Amoxil[®]** ."", ""já teve diarreia durante ou após o uso de antibióticos. \n\n1 \n\n**==> picture [87 x 28] intentionally omitted <==**\n\n## Modelo de Texto de Bula – Pacientes Amoxil[®] Cápsulas \n\nO uso prolongado também pode resultar, ocasionalmente, em supercrescimento de microrganismos resistentes a **Amoxil[®]** . \n\n**Amoxil[®]** pode piorar algumas condições existentes ou causar efeitos colaterais graves, como reações alérgicas severas, reações cutâneas severas, dor no peito, vômitos repetitivos dentro de 1 a 4 horas após a administração de **Amoxil[®]** ou diarreia grave (colite pseudomembranosa). Você deve estar atento a determinados sintomas enquanto estiver recebendo **Amoxil[®]** para ajudar a reduzir o risco de quaisquer problemas. \n\n## **Efeitos sobre a capacidade de dirigir veículos e de operar máquinas** \n\nNão se observaram efeitos adversos sobre a capacidade de dirigir veículos e de operar máquinas. \n\n## **Gravidez e amamentação** \n\n**Amoxil[®]** pode ser usado na gravidez desde que os benefícios potenciais sejam maiores que os riscos potenciais associados ao tratamento. Informe seu médico se você estiver grávida ou suspeitar que está grávida. Você não deve tomar este medicamento se estiver grávida, exceto se seu médico recomendar. \n\nVocê pode amamentar seu bebê enquanto estiver tomando **Amoxil[®]** , mas há excreção de quantidades mínimas de amoxicilina no leite materno. Se você estiver amamentando, informe ao seu médico antes de iniciar o tratamento com **Amoxil[®]** ."", ""camento não interfere no aleitamento do bebê.** \n\n## **Atenção: Contém fenilalanina.** \n\n**Este produto contém benzoato de sódio, que pode causar reações alérgicas, como asma, especialmente em pessoas alérgicas ao ácido acetilsalicílico.** \n\n## **Uso em idosos, crianças e outros grupos de risco** \n\nAs recomendações especiais se referem às dosagens . Não há contraindicação relativa a faixas etárias. \n\n## **Interações medicamentosas** \n\nAlguns medicamentos podem causar efeitos indesejáveis se você os ingerir durante o tratamento com **Amoxil[®]** . Não deixe de avisar seu médico caso você esteja tomando: \n\n- medicamentos usados no tratamento de gota (probenecida ou alopurinol); \n\n- outros antibióticos; \n\n- pílulas anticoncepcionais (como acontece com outros antibióticos, talvez sejam necessárias precauções adicionais para evitar a gravidez); \n\n- anticoagulantes; \n\n- metotrexato (usado para tratar doenças como câncer e psoríase grave). \n\nA alimentação não interfere na ação de **Amoxil[®]** , que pode ser ingerido nas refeições. \n\n2 \n\n**==> picture [86 x 28] intentionally omitted <==**\n\n## Modelo de Texto de Bula – Pacientes Amoxil[®] Pó para suspensão oral \n\n**Informe seu médico ou cirurgião-dentista se você está fazendo uso de algum outro medicamento. Não use medicamento sem o conhecimento de seu médico. Pode ser perigoso para sua saúde.**"", ""se estiver grávida, exceto se seu médico recomendar. \n\nVocê pode amamentar seu bebê enquanto estiver tomando **Amoxil[®]** , mas há excreção de quantidades mínimas de amoxicilina no leite materno. Se você estiver amamentando, informe ao seu médico antes de iniciar o tratamento com **Amoxil[®]** . \n\n## **Este medicamento não deve ser utilizado por mulheres grávidas sem orientação médica ou do cirurgião-dentista.** \n\n**Uso compatível com o aleitamento ou doação de leite humano. O uso desse medicamento não interfere no aleitamento do bebê.** \n\n## **Uso em idosos, crianças e outros grupos de risco** \n\nAs recomendações especiais se referem às doses . \n\n## **Interações Medicamentosas** \n\nAlguns medicamentos podem causar efeitos indesejáveis se você os ingerir durante o tratamento com **Amoxil[®]** . Não deixe de avisar seu médico caso você esteja tomando: \n\n- medicamentos usados no tratamento de gota (probenecida ou alopurinol); \n\n- outros antibióticos; \n\n- pílulas anticoncepcionais (como acontece com outros antibióticos, talvez sejam necessárias precauções adicionais para evitar a gravidez); \n\n- anticoagulantes; \n\n- metotrexato (usado para tratar doenças como câncer e psoríase grave). A alimentação não interfere na ação de **Amoxil[®]** , que pode ser ingerido nas refeições. \n\n**Informe ao seu médico ou cirurgião-dentista se você está fazendo uso de algum outro medicamento. Não use medicamento sem o conhecimento do seu médico. Pode ser perigoso para a sua saúde.**"", ""íase grave). A alimentação não interfere na ação de **Amoxil[®]** , que pode ser ingerido nas refeições. \n\n**Informe ao seu médico ou cirurgião-dentista se você está fazendo uso de algum outro medicamento. Não use medicamento sem o conhecimento do seu médico. Pode ser perigoso para a sua saúde.** \n\n**Atenção: Contém os corantes vermelho de eritrosina, azul de indigotina, dióxido de titânio e óxido de ferro amarelo que podem, eventualmente, causar reações alérgicas.** \n\n**É importante utilizar este medicamento durante todo o tempo prescrito pelo profissional de saúde habilitado, mesmo que os sinais e sintomas da infecção tenham desaparecido, pois isso não significa a cura. A interrupção do tratamento pode contribuir para o aparecimento de infecções mais graves.** \n\n## **5."", ""O QUE DEVO SABER ANTES DE USAR ESTE MEDICAMENTO?** \n\n**Amoxil**[] suspensão contém aspartamo, que é fonte de fenilalanina e deve ser usado com cautela em pacientes com fenilcetonúria. Informe seu médico caso você tenha uma doença chamada fenilcetonúria. Antes de iniciar o tratamento com **Amoxil**[] , informe seu médico: \n\n- se você já apresentou reação alérgica a algum antibiótico. Isso pode incluir reações na pele ou inchaço na face ou pescoço ou dores no peito. \n\n1 \n\n**==> picture [86 x 28] intentionally omitted <==**\n\n## Modelo de Texto de Bula – Pacientes Amoxil[®] Pó para suspensão oral \n\n- se você apresenta febre glandular. \n\n- se você toma medicamentos usados para prevenir coágulos sanguíneos (anticoagulantes), tais como varfarina, o seu médico fará um monitoramento e, se necessário, poderá sugerir ajustes na dose dos anticoagulantes. \n\n- se você apresenta problema nos rins. \n\n- se você não estiver urinando regularmente. \n\n- se você já teve diarreia durante ou após o uso de antibióticos. \n\nO uso prolongado também pode resultar, ocasionalmente, em supercrescimento de microrganismos resistentes a **Amoxil[®]** . \n\n**Amoxil[®]** pode piorar algumas condições existentes ou causar efeitos colaterais graves, como reações alérgicas severas, reações cutâneas severas, dor no peito, vômitos repetitivos dentro de 1 a 4 horas após a administração de **Amoxil[®]** ou diarreia grave (colite pseudomembranosa). Você deve estar atento a determinados sintomas enquanto estiver recebendo **Amoxil[®]** para ajudar a reduzir o risco de quaisquer problemas."", ""86 x 28] intentionally omitted <==**\n\n## Modelo de Texto de Bula – Pacientes Amoxil[®] Pó para suspensão oral \n\n**Informe seu médico ou cirurgião-dentista se você está fazendo uso de algum outro medicamento. Não use medicamento sem o conhecimento de seu médico. Pode ser perigoso para sua saúde.** \n\n**É importante utilizar este medicamento durante todo o tempo prescrito pelo profissional de saúde habilitado, mesmo que os sinais e sintomas da infecção tenham desaparecido, pois isso não significa a cura. A interrupção do tratamento pode contribuir para o aparecimento de infecções mais graves.** \n\n## **5.""]",3.381,526.654
agentic_rag,ollama:phi4-mini,AMOXIL,"Na apresentação cápsulas, qual é a dose padrão de Amoxil para adultos e crianças acima de 40 kg?",facil,"Na apresentação cápsulas, para adultos e crianças acima de 40 kg, a dose padrão é 500 mg, equivalente a uma cápsula, três vezes ao dia, de 8 em 8 horas, nas infecções mais graves.",COMO DEVO USAR ESTE MEDICAMENTO?,"Na bula do medicamento AMOXIL, não constam informações sobre essa pergunta.

---
*Esta resposta se baseia apenas nos trechos da bula recuperados e não substitui orientação médica ou farmacêutica.*","Na bula do medicamento AMOXIL, não constam informações sobre essa pergunta.","ONDE, COMO E POR QUANTO TEMPO POSSO GUARDAR ESTE MEDICAMENTO?, QUANDO NÃO DEVO USAR ESTE MEDICAMENTO?","chunk_23a1a45ccf28, chunk_7d57d737a19d, chunk_d22f44452468, chunk_11cbb1217441, chunk_9d394eb70d17, chunk_622fb4d46c7e, chunk_6a5892989281","[""ONDE, COMO E POR QUANTO TEMPO POSSO GUARDAR ESTE MEDICAMENTO? Cuidados de armazenamento** \n\n2 \n\n**==> picture [87 x 28] intentionally omitted <==**\n\n## Modelo de Texto de Bula – Pacientes Amoxil[®] Cápsulas \n\n## **Manter fora do alcance de crianças** \n\nConservar as cápsulas na embalagem original, protegido da umidade e em temperatura ambiente (entre 15[o] C e 30[o] C). \n\n## **Número de lote e datas de fabricação e validade: vide embalagem. Não use medicamento com o prazo de validade vencido. Guarde-o em sua embalagem original.** \n\n## **Aspecto físico/características organolépticas** \n\nCápsulas de 500 mg de duas cores (corpo amarelo opaco e tampa vermelho opaco) impressa com GS JVL e contendo um pó branco a quase branco. \n\n**Antes de usar, observe o aspecto do medicamento. Caso ele esteja no prazo de validade e você observe alguma mudança no aspecto, consulte o farmacêutico para saber se poderá utilizá-lo. Todo medicamento deve ser mantido fora do alcance das crianças.** \n\n## **6."", ""se estiver grávida, exceto se seu médico recomendar. \n\nVocê pode amamentar seu bebê enquanto estiver tomando **Amoxil[®]** , mas há excreção de quantidades mínimas de amoxicilina no leite materno. Se você estiver amamentando, informe ao seu médico antes de iniciar o tratamento com **Amoxil[®]** . \n\n## **Este medicamento não deve ser utilizado por mulheres grávidas sem orientação médica ou do cirurgião-dentista.** \n\n**Uso compatível com o aleitamento ou doação de leite humano. O uso desse medicamento não interfere no aleitamento do bebê.** \n\n## **Uso em idosos, crianças e outros grupos de risco** \n\nAs recomendações especiais se referem às doses . \n\n## **Interações Medicamentosas** \n\nAlguns medicamentos podem causar efeitos indesejáveis se você os ingerir durante o tratamento com **Amoxil[®]** . Não deixe de avisar seu médico caso você esteja tomando: \n\n- medicamentos usados no tratamento de gota (probenecida ou alopurinol); \n\n- outros antibióticos; \n\n- pílulas anticoncepcionais (como acontece com outros antibióticos, talvez sejam necessárias precauções adicionais para evitar a gravidez); \n\n- anticoagulantes; \n\n- metotrexato (usado para tratar doenças como câncer e psoríase grave). A alimentação não interfere na ação de **Amoxil[®]** , que pode ser ingerido nas refeições. \n\n**Informe ao seu médico ou cirurgião-dentista se você está fazendo uso de algum outro medicamento. Não use medicamento sem o conhecimento do seu médico. Pode ser perigoso para a sua saúde.**"", ""já teve diarreia durante ou após o uso de antibióticos. \n\n1 \n\n**==> picture [87 x 28] intentionally omitted <==**\n\n## Modelo de Texto de Bula – Pacientes Amoxil[®] Cápsulas \n\nO uso prolongado também pode resultar, ocasionalmente, em supercrescimento de microrganismos resistentes a **Amoxil[®]** . \n\n**Amoxil[®]** pode piorar algumas condições existentes ou causar efeitos colaterais graves, como reações alérgicas severas, reações cutâneas severas, dor no peito, vômitos repetitivos dentro de 1 a 4 horas após a administração de **Amoxil[®]** ou diarreia grave (colite pseudomembranosa). Você deve estar atento a determinados sintomas enquanto estiver recebendo **Amoxil[®]** para ajudar a reduzir o risco de quaisquer problemas. \n\n## **Efeitos sobre a capacidade de dirigir veículos e de operar máquinas** \n\nNão se observaram efeitos adversos sobre a capacidade de dirigir veículos e de operar máquinas. \n\n## **Gravidez e amamentação** \n\n**Amoxil[®]** pode ser usado na gravidez desde que os benefícios potenciais sejam maiores que os riscos potenciais associados ao tratamento. Informe seu médico se você estiver grávida ou suspeitar que está grávida. Você não deve tomar este medicamento se estiver grávida, exceto se seu médico recomendar. \n\nVocê pode amamentar seu bebê enquanto estiver tomando **Amoxil[®]** , mas há excreção de quantidades mínimas de amoxicilina no leite materno. Se você estiver amamentando, informe ao seu médico antes de iniciar o tratamento com **Amoxil[®]** ."", ""íase grave). A alimentação não interfere na ação de **Amoxil[®]** , que pode ser ingerido nas refeições. \n\n**Informe ao seu médico ou cirurgião-dentista se você está fazendo uso de algum outro medicamento. Não use medicamento sem o conhecimento do seu médico. Pode ser perigoso para a sua saúde.** \n\n**Atenção: Contém os corantes vermelho de eritrosina, azul de indigotina, dióxido de titânio e óxido de ferro amarelo que podem, eventualmente, causar reações alérgicas.** \n\n**É importante utilizar este medicamento durante todo o tempo prescrito pelo profissional de saúde habilitado, mesmo que os sinais e sintomas da infecção tenham desaparecido, pois isso não significa a cura. A interrupção do tratamento pode contribuir para o aparecimento de infecções mais graves.** \n\n## **5."", ""QUANDO NÃO DEVO USAR ESTE MEDICAMENTO?** \n\nEste medicamento não pode ser usado por pessoas alérgicas à amoxicilina, a outros antibióticos penicilínicos ou antibióticos similares, chamados cefalosporinas. Se você já teve uma reação alérgica (como erupções da pele) ao tomar um antibiótico, deve conversar com seu médico antes de usar **Amoxil[®]** . \n\n## **4."", ""QUANDO NÃO DEVO USAR ESTE MEDICAMENTO?** \n\nEste medicamento não pode ser administrado nem ingerido por pessoas alérgicas à amoxicilina, a outros antibióticos penicilínicos ou antibióticos similares, chamados cefalosporinas. Se você já teve uma reação alérgica (como erupções da pele) ao tomar um antibiótico, deve conversar com seu médico antes de usar **Amoxil[®] .** \n\n## **4. O QUE DEVO SABER ANTES DE USAR ESTE MEDICAMENTO** ? \n\nAntes de iniciar o tratamento com **Amoxil**[] , informe seu médico: \n\n- se você já apresentou reação alérgica a algum antibiótico. Isso pode incluir reações na pele ou inchaço na face ou pescoço ou dores no peito. \n\n- se você apresenta febre glandular. \n\n- se você toma medicamentos usados para prevenir coágulos sanguíneos (anticoagulantes), tais como varfarina, o seu médico fará um monitoramento e, se necessário, poderá sugerir ajustes na dose dos anticoagulantes. \n\n- se você apresenta problema nos rins. \n\n- se você não estiver urinando regularmente. \n\n- se você já teve diarreia durante ou após o uso de antibióticos. \n\n1 \n\n**==> picture [87 x 28] intentionally omitted <==**\n\n## Modelo de Texto de Bula – Pacientes Amoxil[®] Cápsulas \n\nO uso prolongado também pode resultar, ocasionalmente, em supercrescimento de microrganismos resistentes a **Amoxil[®]** ."", ""ONDE, COMO E POR QUANTO TEMPO POSSO GUARDAR ESTE MEDICAMENTO?** \n\n## **Cuidados de armazenamento** \n\n## **Manter fora do alcance de crianças** \n\nConservar o produto em pó na embalagem original, protegido da umidade e em temperatura ambiente entre (15[o] C e 30[o] C). \n\nApós preparo da suspensão, conservar em geladeira (entre 2[o] C e 8[o] C), sendo o produto válido por 14 dias após a reconstituição. \n\n**Número de lote e datas de fabricação e validade: vide embalagem.** \n\n**Não use medicamento com o prazo de validade vencido. Guarde-o em sua embalagem original. Após preparo, manter o produto por 14 dias em geladeira (entre 2[o] C e 8[o] C).** \n\n## **Aspecto físico/características organolépticas Aspecto físico:** \n\nO **Amoxil[®]** (amoxicilina) é um pó branco (para reconstituição) com grânulos amarelados, que após a reconstituição resultará em uma suspensão homogênea quase branca. \n\n## **Características organolépticas:** \n\nSuspensão oral: sabor de tutti frutti e odor característico de frutas. \n\n**Antes de usar, observe o aspecto do medicamento. Caso ele esteja no prazo de validade e você observe alguma mudança no aspecto, consulte o farmacêutico para saber se poderá utilizá-lo. Todo medicamento deve ser mantido fora do alcance das crianças.** \n\n## **6.""]",13.612,5.452
agentic_rag,ollama:phi4-mini,AMOXIL,Amoxil pode causar diarreia?,facil,"Sim. Diarreia é uma reação comum, ocorrendo entre 1% e 10% dos pacientes que utilizam Amoxil.",QUAIS OS MALES QUE ESTE MEDICAMENTO PODE ME CAUSAR?,"De acordo com a bula do medicamento AMOXIL, consta a seguinte informação: Na bula do medicamento AMOXIL não constam informações sobre se o medicamento pode causar diarreia.

---
*Esta resposta se baseia apenas nos trechos da bula recuperados e não substitui orientação médica ou farmacêutica.*","De acordo com a bula do medicamento AMOXIL, consta a seguinte informação: Na bula do medicamento AMOXIL não constam informações sobre se o medicamento pode causar diarreia.",IDENTIFICAÇÃO DO MEDICAMENTO,,[],9.667,5.889
agentic_rag,ollama:phi4-mini,AMOXIL,Como devo guardar as cápsulas de Amoxil?,facil,"As cápsulas de Amoxil devem ser conservadas na embalagem original, protegidas da umidade e em temperatura ambiente, entre 15 °C e 30 °C. Todo medicamento deve ser mantido fora do alcance das crianças.","ONDE, COMO E POR QUANTO TEMPO POSSO GUARDAR ESTE MEDICAMENTO?","De acordo com a bula do medicamento AMOXIL, consta a seguinte informação: Na bula do medicamento AMOXIL não constam informações sobre como guardar as cápsulas.

---
*Esta resposta se baseia apenas nos trechos da bula recuperados e não substitui orientação médica ou farmacêutica.*","De acordo com a bula do medicamento AMOXIL, consta a seguinte informação: Na bula do medicamento AMOXIL não constam informações sobre como guardar as cápsulas.",IDENTIFICAÇÃO DO MEDICAMENTO,,[],5.232,5.491
agentic_rag,ollama:phi4-mini,RIVOTRIL,Para que serve o Rivotril?,facil,"Rivotril é indicado para tratar crises epilépticas e espasmos infantis, também chamados síndrome de West. Em adultos, também é indicado para transtornos de ansiedade, transtornos do humor, síndromes psicóticas, síndrome das pernas inquietas, vertigem e distúrbios do equilíbrio e síndrome da boca ardente.",PARA QUE ESTE MEDICAMENTO É INDICADO?,"De acordo com a bula do medicamento RIVOTRIL, consta a seguinte informação: Na bula consultada de RIVOTRIL, não constam informações sobre essa pergunta.

---
*Esta resposta se baseia apenas nos trechos da bula recuperados e não substitui orientação médica ou farmacêutica.*","De acordo com a bula do medicamento RIVOTRIL, consta a seguinte informação: Na bula consultada de RIVOTRIL, não constam informações sobre essa pergunta.",IDENTIFICAÇÃO DO MEDICAMENTO,,[],4.826,5.624
agentic_rag,ollama:phi4-mini,RIVOTRIL,Como o Rivotril age no organismo?,facil,"O clonazepam pertence à classe dos benzodiazepínicos, medicamentos que causam inibição leve do sistema nervoso, com ação anticonvulsivante, sedativa leve, relaxante muscular e tranquilizante.",COMO ESTE MEDICAMENTO FUNCIONA?,"De acordo com a bula do medicamento RIVOTRIL, consta a seguinte informação: 
   Clonazepam pertence à classe dos benzodiazepínicos, medicamentos que causam inibição leve do sistema nervoso, com consequente ação anticonvulsivante, sedativa leve, relaxante muscular e tranquilizante. A ação de Rivotril oral dose única inicia em 30 a 60 minutos e se estende por 6 à 8 h em crianças e 8 a 12 h em adultos.

---
*Esta resposta se baseia apenas nos trechos da bula recuperados e não substitui orientação médica ou farmacêutica.*","De acordo com a bula do medicamento RIVOTRIL, consta a seguinte informação: 
   Clonazepam pertence à classe dos benzodiazepínicos, medicamentos que causam inibição leve do sistema nervoso, com consequente ação anticonvulsivante, sedativa leve, relaxante muscular e tranquilizante. A ação de Rivotril oral dose única inicia em 30 a 60 minutos e se estende por 6 à 8 h em crianças e 8 a 12 h em adultos.",COMO ESTE MEDICAMENTO FUNCIONA?,"chunk_4569774ff1a4, chunk_d111e9aa94c7, chunk_decd403656d2","[""COMO ESTE MEDICAMENTO FUNCIONA?** Clonazepam pertence à classe dos benzodiazepínicos, medicamentos que causam inibição leve do sistema nervoso, com consequente ação anticonvulsivante, sedativa leve, relaxante muscular e tranquilizante. \n\nA ação de **Rivotril[® ]** oral dose única inicia em 30 a 60 minutos e se estende por 6 à 8 h em crianças e 8 a 12 h em adultos. \n\n1 \n\n**==> picture [109 x 35] intentionally omitted <==**\n\n## **3."", ""COMO ESTE MEDICAMENTO FUNCIONA?** \n\nClonazepam pertence à classe dos benzodiazepínicos, medicamentos que causam inibição leve do sistema nervoso, com consequente ação anticonvulsivante, sedativa leve, relaxante muscular e tranquilizante. \n\nA ação de **Rivotril[® ]** oral dose única inicia em 30 a 60 minutos e se estende por 6 a 8 h em crianças e 8 a 12 h em adultos. \n\n## **3."", ""COMO ESTE MEDICAMENTO FUNCIONA?** \n\nClonazepam pertence à classe dos benzodiazepínicos, medicamentos que causam inibição leve do sistema nervoso, com consequente ação anticonvulsivante, sedativa leve, relaxante muscular e tranquilizante. \n\n**3.""]",3.925,5.2
agentic_rag,ollama:phi4-mini,RIVOTRIL,Quem não deve usar o Rivotril?,facil,"Rivotril é contraindicado para pacientes com hipersensibilidade conhecida ao clonazepam ou a qualquer excipiente, insuficiência respiratória grave, comprometimento grave do fígado ou glaucoma agudo de ângulo fechado. Rivotril comprimidos e gotas também são contraindicados para tratamento de transtornos do pânico em pacientes com histórico de apneia do sono.",QUANDO NÃO DEVO USAR ESTE MEDICAMENTO?,"De acordo com a bula do medicamento RIVOTRIL, consta a seguinte informação: 
> Os pacientes com hipersensibilidade conhecida a clonazepam ou a qualquer dos excipientes do medicamento, em pacientes com insuficiência respiratória grave ou comprometimento do fígado grave, pois os benzodiazepínicos podem levar à ocorrência de comprometimento do sistema nervoso secundário ao problema no fígado. Rivotril também é contraindicado para o tratamento de transtornos do pânico em pacientes com histórico médico de apneia do sono e glaucoma agudo de ângulo fechado. Além disso, deve ser usado com cautela em pacientes com distúrbios epilépticos, depressão, tentativa de suicídio, intolerância à galactose ou deficiência de lactase, ataxia cerebelar ou espinhal, uso regular ou intoxicação aguda por álcool ou drogas. Rivotril não deve ser usado sem orientação médica em mulheres grávidas, no último trimestre da gestação ou durante o trabalho de parto devido aos riscos potenciais para o feto. Na bula do medicamento RIVOTRIL, consta a seguinte informação: 
> Os pacientes com hipersensibilidade conhecida a clonazepam ou qualquer dos excipientes do medicamento, em pacientes com insuficiência respiratória grave ou comprometimento do fígado grave, com transtornos epilépticos, depressão, tentativa de suicídio, intolerância à galactose ou deficiência de lactase, ataxia cerebelar ou espinhal, uso regular ou intoxicação aguda por álcool ou drogas, glaucoma agudo de ângulo fechado, apneia do sono e em mulheres grávidas no último trimestre da gestação ou durante o trabalho de parto. 
>

---
*Esta resposta se baseia apenas nos trechos da bula recuperados e não substitui orientação médica ou farmacêutica.*","De acordo com a bula do medicamento RIVOTRIL, consta a seguinte informação: 
> Os pacientes com hipersensibilidade conhecida a clonazepam ou a qualquer dos excipientes do medicamento, em pacientes com insuficiência respiratória grave ou comprometimento do fígado grave, pois os benzodiazepínicos podem levar à ocorrência de comprometimento do sistema nervoso secundário ao problema no fígado. Rivotril também é contraindicado para o tratamento de transtornos do pânico em pacientes com histórico médico de apneia do sono e glaucoma agudo de ângulo fechado. Além disso, deve ser usado com cautela em pacientes com distúrbios epilépticos, depressão, tentativa de suicídio, intolerância à galactose ou deficiência de lactase, ataxia cerebelar ou espinhal, uso regular ou intoxicação aguda por álcool ou drogas. Rivotril não deve ser usado sem orientação médica em mulheres grávidas, no último trimestre da gestação ou durante o trabalho de parto devido aos riscos potenciais para o feto. Na bula do medicamento RIVOTRIL, consta a seguinte informação: 
> Os pacientes com hipersensibilidade conhecida a clonazepam ou qualquer dos excipientes do medicamento, em pacientes com insuficiência respiratória grave ou comprometimento do fígado grave, com transtornos epilépticos, depressão, tentativa de suicídio, intolerância à galactose ou deficiência de lactase, ataxia cerebelar ou espinhal, uso regular ou intoxicação aguda por álcool ou drogas, glaucoma agudo de ângulo fechado, apneia do sono e em mulheres grávidas no último trimestre da gestação ou durante o trabalho de parto. 
>","QUANDO NÃO DEVO USAR ESTE MEDICAMENTO?, O QUE DEVO SABER ANTES DE USAR ESTE MEDICAMENTO?","chunk_622a72b37a03, chunk_8a2bf413efb7, chunk_90dfe3d49fe4, chunk_07b5a2953783, chunk_2ff643ba29cb, chunk_8cc0cdf740f7, chunk_07b5a2953783, chunk_4ff062e5e2e2, chunk_d1e77a6a6e34, chunk_3e429871e6b5, chunk_eae4150205a2, chunk_eae4150205a2, chunk_39858a900960, chunk_6c577f16cf9f, chunk_5e3d4ac1c930","[""cantes que o diferenciem de outros comprimidos. \n\n**Antes de usar, observe o aspecto do medicamento. Caso ele esteja no prazo de validade e você observe alguma mudança no aspecto, consulte o farmacêutico para saber se poderá  utilizá-lo.** \n\n3 \n\n**==> picture [109 x 35] intentionally omitted <==**\n\n## **Todo medicamento deve ser mantido fora do alcance das  crianças.** \n\n## **6. COMO DEVO USAR ESTE  MEDICAMENTO?** \n\nTome os comprimidos por via oral com pouca quantidade de líquido não alcoólico. A dose de **Rivotril[® ]** depende da doença, da resposta clínica, idade e tolerabilidade. \n\nRecomenda-se que o tratamento inicie com doses mais baixas, que podem ser aumentadas se necessário. Siga a orientação médica. \n\n## **Distúrbios epilépticos** \n\n## Adultos \n\nDose inicial: não exceder 1,5 mg/dia, dividida em 3 doses. Aumentar a critério médico. Dose de manutenção: será definida pelo seu médico, de acordo com sua resposta. \n\nDose diária máxima recomendada: 20 mg. \n\nSe você já usa outro anticonvulsivante, avise seu médico. \n\nRecém-nascidos e crianças até 10 anos de idade ou 30 kg de peso \n\nDose inicial média: 0,01 a 0,03 mg/kg/dia. Não exceder 0,05 mg/kg/dia, dividido em 2 ou 3 doses  diárias. \n\nCrianças entre 10 e 16 anos de idade: Dose inicial: 1 a 1,5 mg/dia, dividido em 2 a 3 doses. A dose pode ser aumentada, a critério médico, até atingir a dose de manutenção individual, usualmente de 3 a 6  mg/dia. Sempre que possível, dividir a dose diária em 3 doses iguais. Caso não seja possível, a maior dose deve ser tomada antes de deitar. \n\n## **Transtornos de ansiedade**"", ""ntes; \n\n**-** Medicamentos para o estômago. \n\n## **Interações fármaco-alimento** \n\nInterações com alimentos não foram estabelecidas. O suco de toranja pode aumentar o efeito de **Rivotril[®]** . \n\n## **Interações fármaco-laboratório** \n\nInterações com testes laboratoriais não foram estabelecidas. \n\n**Informe ao seu médico ou cirurgião-dentista se você está fazendo uso de algum outro medicamento. Não use medicamento sem o conhecimento do seu médico. Pode ser perigoso para a sua saúde.** \n\n## **5."", ""essão e/ou tentativa de suicídio; \n\n- 3) intolerância à galactose (açúcar) ou deficiência de lactase (enzima que quebra a lactose); \n\n- 4) ataxia cerebelar ou espinhal (descoordenação dos movimentos por problema do cerebelo ou medula); \n\n- 5) uso regular ou intoxicação aguda por álcool ou drogas. \n\nPode ocorrer perda de efeito durante o tratamento com clonazepam. \n\nNão tome **Rivotril[® ]** com álcool e/ou depressores do sistema nervoso central. Essa combinação pode aumentar os efeitos de **Rivotril[®]** , com potencial sedação grave que pode resultar em coma ou morte, depressão cardiovascular e/ou respiratória. Caso ocorram reações paradoxais ** durante o tratamento, fale com seu médico, pois o uso do medicamento deve ser descontinuado. Pode ocorrer amnésia anterógrada (perda da habilidade de criar novas memórias e absorver novas informações), com o uso de benzodiazepínicos em doses terapêuticas. \n\n**Rivotril[® ]** pode precipitar o estado de mal epiléptico (crises epilépticas em sequência rápida). Fale com o seu médico antes de aumentar a dose ou interromper abruptamente esta  medicação. \n\n## **Abuso e dependência do medicamento**"", ""çúcar) ou deficiência de lactase (enzima que quebra a lactose); \n\n- 4) ataxia cerebelar ou espinhal (descoordenação dos movimentos por problema do cerebelo ou medula); \n\n- 5) uso regular ou intoxicação aguda por álcool ou drogas. \n\nPode ocorrer perda de efeito durante o tratamento com clonazepam. \n\nNão tome **Rivotril[® ]** com álcool e/ou depressores do sistema nervoso central. Essa combinação pode aumentar os efeitos \n\nde **Rivotril[®]** , com potencial sedação grave que pode resultar em coma ou morte, depressão cardiovascular e/ou respiratória. Caso ocorram reações paradoxais  durante o tratamento, fale com seu médico, pois o uso do medicamento deve ser descontinuado. \n\nPode ocorrer amnésia anterógrada (perda da habilidade de criar novas memórias e absorver novas informações), com o uso de benzodiazepínicos em doses terapêuticas. \n\n**Rivotril[® ]** pode precipitar o estado de mal epiléptico (crises epilépticas em sequência rápida). Fale com seu médico antes de aumentar a dose ou interromper abruptamente esta medicação. \n\n## **Abuso e dependência do medicamento**"", ""ionally omitted <==**\n\ndepressão respiratória e dificuldade de sucção no bebê. Tanto a gestação quanto a suspensão de **Rivotril[® ]** podem exacerbar a epilepsia. \n\nInforme seu médico se estiver amamentando. Se você realmente precisar tomar **Rivotril[®]** , a amamentação deve ser descontinuada. \n\n## **Uso em crianças** \n\nAvaliar o risco / benefício do uso de **Rivotril[® ]** a longo prazo em pacientes pediátricos com distúrbios epilépticos. **Rivotril[® ]** pode aumentar a salivação e as secreções brônquicas em lactentes e crianças pequenas. Atenção:  manter as vias aéreas livres. \n\nNão há dados de eficácia / segurança de **Rivotril[® ]** em menores de 18 anos com distúrbio do pânico. \n\n**Uso em idosos** \n\nOs efeitos dos benzodiazepínicos parecem ser maiores em pacientes idosos do que em pacientes mais jovens, mesmo em concentrações plasmáticas similares, \n\n## **Principais interações medicamentosas** \n\nInforme seu médico, se estiver tomando outros medicamentos, incluindo as substâncias a seguir, pois elas podem interagir com **Rivotril[®]** . \n\n**-** Depressores do sistema nervoso central e álcool; \n\n**-** Medicamentos que agem no sistema nervoso: antidepressivos, medicamentos para dormir, alguns analgésicos, antipsicóticos, ansiolíticos, anticonvulsivantes; \n\n**-** Medicamentos para o estômago. \n\n## **Interações fármaco-alimento** \n\nInterações com alimentos não foram estabelecidas. O suco de toranja pode aumentar o efeito de **Rivotril[®]** . \n\n## **Interações fármaco-laboratório** \n\nInterações com testes laboratoriais não foram estabelecidas."", ""ísico sensações anormais formigamentos, alucinações. O risco dos sintomas de abstinência é maior após descontinuação súbita do tratamento, portanto a retirada brusca do medicamento deve ser evitada. O tratamento (mesmo de curta duração) deve ser interrompido pela redução gradativa da dose diária. \n\n## **Efeitos sobre a capacidade de dirigir e operar  máquinas** \n\nClonazepam pode lentificar as reações, efeito agravado com o uso de álcool. \n\n**Durante o tratamento, o paciente não deve dirigir veículos ou operar máquinas, pois sua habilidade e atenção podem estar prejudicadas.** \n\nAté o momento, não há informações de que **Rivotril[® ]** cause _doping_ . Em caso de dúvidas, consulte o seu médico. \n\n## **Gravidez e amamentação** \n\n## **Este medicamento não deve ser utilizado por mulheres grávidas sem orientação médica ou do cirurgiãodentista.** \n\n**Rivotril[® ]** só deve ser administrado a gestantes se houver indicação absoluta e os benefícios potenciais  superarem os riscos para o feto. **Rivotril[® ]** pode prejudicar seu bebê. Informe seu médico se estiver grávida ou se está tentando engravidar. O uso de altas doses no último trimestre da gestação ou no trabalho de parto pode causar irregularidades no batimento cardíaco do feto e baixa temperatura corpórea, falta de tônus muscular, depressão respiratória e \n\ndificuldade de sucção no bebê. Tanto a gestação quanto a suspensão de **Rivotril[® ]** podem exacerbar  a epilepsia. Informe seu médico se estiver amamentando. Se você realmente precisar tomar **Rivotril[®]** , a amamentação deve ser descontinuada. \n\n2"", ""(açúcar) ou deficiência de lactase (enzima que quebra a lactose); \n\n4) ataxia cerebelar ou espinhal (descoordenação dos movimentos por problema do cerebelo ou medula); \n\n> 5) uso regular ou intoxicação aguda por álcool ou drogas. \n\nPode ocorrer perda de efeito durante o tratamento com clonazepam. \n\nNão tome **Rivotril[® ]** com álcool e/ou depressores do sistema nervoso central, essa combinação pode aumentar os efeitos de **Rivotril[®]** , com potencial sedação grave que pode resultar em coma ou morte, depressão cardiovascular e/ou respiratória. Caso ocorram reações paradoxais ** durante o tratamento, fale com seu médico, pois o uso do medicamento deve ser descontinuado. Pode ocorrer amnésia anterógrada (perda da habilidade de criar novas memórias e absorver novas informações), com o uso de benzodiazepínicos em doses terapêuticas. \n\n**Rivotril[® ]** pode precipitar o estado de mal epiléptico (crises epilépticas em sequência rápida). Fale com seu médico antes de aumentar a dose ou interromper abruptamente esta medicação. \n\n## **Abuso e dependência do medicamento**"", ""sivantes; \n\n– Medicamentos para o estômago. \n\n## **Interações fármaco-alimento** \n\nInterações com alimentos não foram estabelecidas. O suco de toranja pode aumentar o efeito de **Rivotril**[®] . \n\n## **Interações fármaco-laboratório** \n\nInterações com testes laboratoriais não foram estabelecidas. \n\n**Informe ao seu médico ou cirurgião-dentista se você está fazendo uso de algum outro medicamento. Não use medicamento sem o conhecimento do seu médico. Pode ser perigoso para a sua   saúde.** \n\n## **5. ONDE, COMO E POR QUANTO TEMPO POSSO GUARDAR ESTE   MEDICAMENTO?** \n\n**Rivotril[®  ]** comprimidos de 0,5 mg e 2,0 mg devem ser armazenados em temperatura ambiente (entre 15 e 30   ºC). \n\n## **Número de lote e datas de fabricação e validade: vide  embalagem.** \n\n**Não use medicamento com o prazo de validade vencido. Guarde-o em sua embalagem  original.** \n\n## **Aspecto físico** \n\nOs comprimidos de 0,5 mg de **Rivotril[® ]** apresentam formato cilíndrico biplano com presença de ranhura e cor laranja pálido. \n\nOs comprimidos de 2,0 mg de **Rivotril[® ]** apresentam formato cilíndrico biplano com presença de ranhura e cor branca a levemente amarelada. \n\n## **Características organolépticas** \n\n**Rivotril[® ]** comprimidos de 0,5 mg e 2,0 mg não apresenta características marcantes que o diferenciem de outros comprimidos. \n\n**Antes de usar, observe o aspecto do medicamento. Caso ele esteja no prazo de validade e você observe alguma mudança no aspecto, consulte o farmacêutico para saber se poderá  utilizá-lo.** \n\n3 \n\n**==> picture [109 x 35] intentionally omitted <==**"", ""lta de tônus muscular, depressão respiratória e dificuldade de sucção no bebê. Tanto a gestação quanto a suspensão de **Rivotril**[® ] podem exacerbar a epilepsia. \n\nInforme seu médico se estiver amamentando. Se você realmente precisar tomar **Rivotril[®]** , a amamentação deve ser descontinuada. \n\n## **Uso em crianças** \n\nAvaliar o risco / benefício do uso de **Rivotril[® ]** a longo prazo em pacientes pediátricos com distúrbios epilépticos. **Rivotril[® ]** pode aumentar a salivação e as secreções brônquicas em lactentes e crianças pequenas. Atenção:  manter as vias aéreas livres. \n\nNão há dados de eficácia / segurança de **Rivotril[® ]** em menores de 18 anos com distúrbio do pânico. \n\n## **Uso em idosos** \n\nOs efeitos dos benzodiazepínicos parecem ser maiores em pacientes idosos do que em pacientes mais jovens, mesmo em concentrações plasmáticas similares. \n\n## **Principais interações medicamentosas** \n\nInforme seu médico se estiver tomando outros medicamentos, incluindo as substâncias a seguir, pois elas podem interagir com **Rivotril[®]** : \n\n– Depressores do sistema nervoso central e álcool; \n\n– Medicamentos que agem no sistema nervoso: antidepressivos, medicamentos para dormir, alguns analgésicos, antipsicóticos, ansiolíticos, anticonvulsivantes; \n\n– Medicamentos para o estômago. \n\n## **Interações fármaco-alimento** \n\nInterações com alimentos não foram estabelecidas. O suco de toranja pode aumentar o efeito de **Rivotril**[®] . \n\n## **Interações fármaco-laboratório** \n\nInterações com testes laboratoriais não foram estabelecidas."", ""e tônus muscular, depressão respiratória e \n\ndificuldade de sucção no bebê. Tanto a gestação quanto a suspensão de **Rivotril[® ]** podem exacerbar  a epilepsia. Informe seu médico se estiver amamentando. Se você realmente precisar tomar **Rivotril[®]** , a amamentação deve ser descontinuada. \n\n2 \n\n**==> picture [109 x 35] intentionally omitted <==**\n\n## **Uso em crianças** \n\nAvaliar o risco / benefício do uso de **Rivotril[® ]** a longo prazo em pacientes pediátricos com distúrbios epilépticos. **Rivotril[®  ]** pode aumentar a salivação e as secreções brônquicas em lactentes e crianças pequenas. Atenção:  manter as vias aéreas livres. Não há dados sobre eficácia / segurança de **Rivotril[® ]** em menores de 18 anos com distúrbio do pânico. \n\n## **Uso em idosos** \n\nOs efeitos dos benzodiazepínicos parecem ser maiores em pacientes idosos do que em pacientes mais jovens, mesmo em concentrações plasmáticas similares. \n\n## **Principais interações medicamentosas** \n\nInforme seu médico, se estiver tomando outros medicamentos, incluindo as substâncias a seguir, pois elas podem interagir com **Rivotril[®]** . \n\n– Depressores do sistema nervoso central e álcool; \n\n– Medicamentos que agem no sistema nervoso: antidepressivos, medicamentos para dormir, alguns analgésicos, antipsicóticos, ansiolíticos, anticonvulsivantes. \n\n– Medicamentos para o estômago. \n\n## **Interações fármaco-alimento** \n\nInterações com alimentos não foram estabelecidas. O suco de toranja pode aumentar o efeito de **Rivotril**[®] . \n\n## **Interações fármaco-laboratório**"", ""intomas de abstinência é maior após descontinuação súbita do tratamento, portanto a retirada brusca do medicamento deve ser evitada. O tratamento (mesmo de curta duração) deve ser interrompido pela redução gradativa da dose diária. \n\n## **Efeitos sobre a capacidade de dirigir e operar  máquinas** \n\nClonazepam pode lentificar as reações, efeito agravado com o uso de álcool. \n\n**Durante o tratamento, o paciente não deve dirigir veículos ou operar máquinas, pois sua habilidade e atenção podem estar prejudicadas.** \n\nAté o momento, não há informações de que **Rivotril[®  ]** cause _doping_ . Em caso de dúvidas, consulte o seu  médico. \n\n## **Gravidez e amamentação** \n\n2 \n\n**==> picture [109 x 35] intentionally omitted <==**\n\n## **Este medicamento não deve ser utilizado por mulheres grávidas sem orientação médica ou do cirurgiãodentista.** \n\n**Rivotril[® ]** só deve ser administrado a gestantes se houver indicação absoluta e se os benefícios  potenciais \n\nsuperarem os riscos para o feto. **Rivotril[® ]** pode prejudicar seu bebê. Informe seu médico se estiver grávida ou se está tentando engravidar. O uso de altas doses no último trimestre da gestação ou no trabalho de parto pode  causar irregularidades no batimento cardíaco do feto e baixa temperatura corpórea, falta de tônus muscular, depressão respiratória e dificuldade de sucção no bebê. Tanto a gestação quanto a suspensão de **Rivotril**[® ] podem exacerbar a epilepsia. \n\nInforme seu médico se estiver amamentando. Se você realmente precisar tomar **Rivotril[®]** , a amamentação deve ser descontinuada."", ""sintomas de abstinência é maior após descontinuação súbita do tratamento, portanto a retirada brusca do medicamento deve ser evitada. O tratamento (mesmo de curta duração) deve ser interrompido pela redução gradativa da dose diária. \n\n## **Efeitos sobre a capacidade de dirigir e operar  máquinas** \n\nClonazepam pode lentificar as reações, efeito agravado com o uso de álcool. \n\n## **Durante o tratamento, o paciente não deve dirigir veículos ou operar máquinas, pois sua habilidade e atenção podem estar prejudicadas.** \n\nAté o momento, não há informações de que **Rivotril[® ]** cause _doping_ . Em caso de dúvidas, consulte o seu médico. \n\n## **Gravidez e amamentação** \n\n## **Este medicamento não deve ser utilizado por mulheres grávidas sem orientação médica ou do cirurgiãodentista.** \n\n**Rivotril[® ]** só deve ser administrado a gestantes se houver indicação absoluta e se os benefícios potenciais \n\nsuperarem os riscos para o feto. **Rivotril[® ]** pode prejudicar seu bebê. Informe seu médico se estiver grávida ou se está tentando engravidar. O uso de altas doses no último trimestre da gestação ou no trabalho de parto pode causar irregularidades no batimento cardíaco do feto e baixa temperatura corpórea, falta de tônus muscular, \n\n2 \n\n**==> picture [109 x 35] intentionally omitted <==**\n\ndepressão respiratória e dificuldade de sucção no bebê. Tanto a gestação quanto a suspensão de **Rivotril[® ]** podem exacerbar a epilepsia. \n\nInforme seu médico se estiver amamentando. Se você realmente precisar tomar **Rivotril[®]** , a amamentação deve ser descontinuada."", ""r, alguns analgésicos, antipsicóticos, ansiolíticos, anticonvulsivantes. \n\n– Medicamentos para o estômago. \n\n## **Interações fármaco-alimento** \n\nInterações com alimentos não foram estabelecidas. O suco de toranja pode aumentar o efeito de **Rivotril**[®] . \n\n## **Interações fármaco-laboratório** \n\nInterações com testes laboratoriais não foram estabelecidas. \n\n**Informe ao seu médico ou cirurgião-dentista se você está fazendo uso de algum outro medicamento. Não use medicamento sem o conhecimento do seu médico. Pode ser perigoso para a sua  saúde.** \n\n## **5. ONDE, COMO E POR QUANTO TEMPO POSSO GUARDAR ESTE   MEDICAMENTO?** \n\n**Rivotril[® ]** comprimidos sublinguais de 0,25 mg devem ser armazenados em temperatura ambiente (entre 15 e 30ºC). \n\n**Número de lote e datas de fabricação e validade: vide embalagem. Não use medicamento com o prazo de validade vencido. Guarde-o em sua embalagem original.** \n\n## **Aspecto físico** \n\nOs comprimidos sublinguais de 0,25 mg de **Rivotril[® ]** apresentam formato cilíndrico de cor branca. \n\n## **Características organolépticas** \n\n**Rivotril[® ]** comprimidos sublinguais não apresentam características marcantes que o diferenciem de outros comprimidos. \n\n**Antes de usar, observe o aspecto do medicamento. Caso ele esteja no prazo de validade e você observe alguma mudança no aspecto, consulte o farmacêutico para saber se poderá utilizá-lo.** \n\n## **Todo medicamento deve ser mantido fora do alcance das crianças.** \n\n## **6."", ""QUANDO NÃO DEVO USAR ESTE MEDICAMENTO?** \n\n**Rivotril[® ]** é contraindicado a pacientes com hipersensibilidade conhecida a clonazepam ou a qualquer dos excipientes do medicamento e a pacientes com insuficiência respiratória grave ou comprometimento do fígado grave, pois os benzodiazepínicos podem levar à ocorrência de comprometimento do sistema nervoso secundário ao problema no fígado. \n\n**Rivotril[® ]** comprimidos e **Rivotril[® ]** gotas são contraindicados para o tratamento de transtornos do pânico em pacientes com histórico médico de apneia do sono. \n\n**Rivotril[® ]** é contraindicado a pacientes com glaucoma agudo de ângulo fechado. **Rivotril[® ]** pode ser usado por pacientes com glaucoma de ângulo aberto, desde que estejam recebendo terapia  apropriada. \n\n1 \n\n**==> picture [109 x 35] intentionally omitted <==**\n\n## **4. O QUE DEVO SABER ANTES DE USAR ESTE   MEDICAMENTO?** \n\nAntes de tomar **Rivotril**[®] , informe seu médico se você tem ou teve: \n\n- 1) outros problemas de saúde: doenças nos rins ou no fígado (por exemplo: cirrose hepática), distúrbio neuromuscular ou respiratório, porfiria (doença em que ocorre deficiência de enzimas específicas na via da biossíntese do heme); \n\n- 2) sinais ou sintomas de depressão e/ou tentativa de suicídio; \n\n- 3) intolerância à galactose (açúcar) ou deficiência de lactase (enzima que quebra a lactose); \n\n- 4) ataxia cerebelar ou espinhal (descoordenação dos movimentos por problema do cerebelo ou medula); \n\n- 5) uso regular ou intoxicação aguda por álcool ou drogas."", ""QUANDO NÃO DEVO USAR ESTE MEDICAMENTO?** \n\n**Rivotril[® ]** é contraindicado a pacientes com hipersensibilidade conhecida a clonazepam ou a qualquer dos excipientes do medicamento, em pacientes com insuficiência respiratória grave ou comprometimento do fígado grave, pois os benzodiazepínicos podem levar à ocorrência de comprometimento do sistema nervoso, secundário ao problema no fígado. \n\n**Rivotril[® ]** comprimidos e **Rivotril[® ]** gotas são contraindicados para o tratamento de transtornos do pânico em pacientes com histórico médico de apneia do sono. \n\n**Rivotril[® ]** é contraindicado a pacientes com glaucoma agudo de ângulo fechado. **Rivotril[® ]** pode ser usado por pacientes com glaucoma de ângulo aberto, desde que estejam recebendo terapia  apropriada. \n\n## **4. O QUE DEVO SABER ANTES DE USAR ESTE   MEDICAMENTO?** \n\nAntes de tomar **Rivotril**[®] , informe seu médico se você tem ou teve: \n\n- 1) outros problemas de saúde, como doenças nos rins ou fígado (por exemplo: cirrose hepática), distúrbio neuromuscular ou respiratório, porfiria (doença em que ocorre deficiência de enzimas específicas na via da biossíntese do heme); \n\n- 2) sinais ou sintomas de depressão e/ou tentativa de suicídio; \n\n- 3) intolerância à galactose (açúcar) ou deficiência de lactase (enzima que quebra a lactose); \n\n4) ataxia cerebelar ou espinhal (descoordenação dos movimentos por problema do cerebelo ou medula); \n\n> 5) uso regular ou intoxicação aguda por álcool ou drogas. \n\nPode ocorrer perda de efeito durante o tratamento com clonazepam.""]",2.185,17.043
agentic_rag,ollama:phi4-mini,RIVOTRIL,Qual é a dose inicial recomendada de Rivotril para distúrbio do pânico em adultos?,facil,"Para distúrbio do pânico em adultos, a dose inicial recomendada é 0,5 mg por dia, dividida em duas doses.",COMO DEVO USAR ESTE MEDICAMENTO?,"De acordo com a bula do medicamento RIVOTRIL, consta a seguinte informação: 
> Dose inicial: 0,25 mg/dia.

---
*Esta resposta se baseia apenas nos trechos da bula recuperados e não substitui orientação médica ou farmacêutica.*","De acordo com a bula do medicamento RIVOTRIL, consta a seguinte informação: 
> Dose inicial: 0,25 mg/dia.",QUANDO NÃO DEVO USAR ESTE MEDICAMENTO?,"chunk_6a5892989281, chunk_138608289ce9, chunk_d77c1f8474ad, chunk_d77c1f8474ad, chunk_d77c1f8474ad, chunk_622a72b37a03, chunk_3e429871e6b5, chunk_d1e77a6a6e34, chunk_eae4150205a2, chunk_39858a900960, chunk_eae4150205a2, chunk_8cc0cdf740f7, chunk_2ff643ba29cb, chunk_4ff062e5e2e2, chunk_8a2bf413efb7","[""a 3 doses. A dose pode ser aumentada, a critério médico, até atingir a dose de manutenção individual, usualmente de 3 a 6  mg/dia. Sempre que possível, dividir a dose diária em 3 doses iguais. Caso não seja possível, a maior dose deve ser tomada antes de deitar. \n\n## **Transtornos de ansiedade** \n\n- **Distúrbio do pânico:** Adultos: - Dose inicial: 0,5 mg/dia, dividida em 2 doses. Pode-se aumentar a dose a critério médico. - Dose de manutenção: critério médico, de acordo com sua resposta. A dose tomada ao deitar reduz a inconveniência da sonolência e pode ser desejável no início do tratamento. A retirada deve ser gradual, até que o medicamento seja totalmente suspenso. \n\n- **Como ansiolítico em geral:** 0,25 mg a 4,0 mg/dia. Dose recomendada: 0,5 a 1,5 mg/dia (dividida em 3x/dia). \n\n- **Fobia social:** 0,25 mg/dia até 6,0 mg/dia (2,0 mg, 3x/dia). Dose recomendada: 1,0 a 2,5 mg/dia. \n\n## **Transtornos do humor** \n\n- **Transtorno afetivo bipolar** (tratamento da mania): 1,5 mg a 8 mg/dia. Dose recomendada: 2,0 a 4,0 mg/dia. \n\n- **Depressão maior** (associado a antidepressivos): 0,5 a 6,0 mg/dia. Dose recomendada: 2,0 a 4,0 mg/dia. \n\n## **Síndromes psicóticas** \n\n- **Acatisia** : 0,5 mg a 4,5 mg/dia. Dose recomendada: 0,5 a 3,0 mg/dia. \n\n**Síndrome das pernas inquietas:** 0,5 mg a 2,0 mg/dia. \n\n**Vertigem e distúrbios do equilíbrio** : 0,5 mg a 1,0 mg ao dia (2x/dia). Doses diárias superiores a 1,0 mg não são recomendáveis. \n\n**Síndrome da boca ardente:** 0,25 a 6,0 mg/dia. Dose recomendada: 1,0 a 2,0 mg/dia."", ""0,5 a 3,0 mg/dia. \n\n**Síndrome das pernas inquietas:** 0,5 mg a 2,0 mg/dia. \n\n**Vertigem e distúrbios do equilíbrio** : 0,5 mg a 1,0 mg ao dia (2x/dia). Doses diárias superiores a 1,0 mg não são recomendáveis. \n\n**Síndrome da boca ardente:** 0,25 a 6,0 mg/dia. Dose recomendada: 1,0 a 2,0 mg/dia. \n\n**Uso em idosos:** a dose mais baixa possível deve ser utilizada em idosos. Deve-se ter especial cuidado durante as alterações na dose. \n\n**Comprometimento do fígado:** pacientes com comprometimento do fígado grave não devem ser tratados com clonazepam e pacientes com comprometimento hepático leve a moderado devem receber a dose mais baixa possível. \n\n4 \n\n**==> picture [109 x 35] intentionally omitted <==**\n\n## **Instruções especiais de administração** \n\n**Rivotril[® ]** pode ser usado com outros antiepilépticos. Nesse caso, seu médico ajustará a dose de cada medicamento para atingir o efeito ideal. \n\nNão pare de tomar **Rivotril[® ]** subitamente, você pode ter novas crises epilépticas. Somente seu médico poderá orientar a interrupção do tratamento reduzindo gradualmente a dose utilizada. \n\n**Siga a orientação de seu médico, respeitando sempre os horários, as doses e a duração do tratamento. Não interrompa o tratamento sem o conhecimento do seu médico.** \n\n**7."", ""s), com o uso de benzodiazepínicos em doses terapêuticas. \n\n**Rivotril[® ]** pode precipitar o estado de mal epiléptico (crises epilépticas em sequência rápida). Fale com o seu médico antes de aumentar a dose ou interromper abruptamente esta  medicação. \n\n## **Abuso e dependência do medicamento** \n\nO uso de benzodiazepínicos pode levar ao desenvolvimento de dependência física e psicológica. O risco de dependência aumenta com a dose, tratamentos prolongados e em pacientes com história de abuso de álcool ou drogas. Em caso de dependência, especialmente com uso de doses elevadas, a descontinuação brusca do tratamento será acompanhada por sintomas de abstinência: psicoses, distúrbio comportamental, tremor, sudorese, agitação, distúrbios do sono e ansiedade, dor de cabeça, diarreia, dores musculares, câimbras, ansiedade extrema, tensão, cansaço, inquietação, alteração de humor, confusão, irritabilidade e convulsões epiléticas que podem ser associadas à doença de base. Em casos graves, desrealização (sentimento de estranhamento ou distanciamento  em relação ao ambiente), despersonalização (processo psíquico, em que se tem a impressão de que se é estranho  a si mesmo), hipersensibilidade ao som, à luz, a ruídos e ao contato físico sensações anormais formigamentos, alucinações. O risco dos sintomas de abstinência é maior após descontinuação súbita do tratamento, portanto a retirada brusca do medicamento deve ser evitada. O tratamento (mesmo de curta duração) deve ser interrompido pela redução gradativa da dose diária."", ""ções), com o uso de benzodiazepínicos em doses terapêuticas. \n\n**Rivotril[® ]** pode precipitar o estado de mal epiléptico (crises epilépticas em sequência rápida). Fale com seu médico antes de aumentar a dose ou interromper abruptamente esta medicação. \n\n## **Abuso e dependência do medicamento** \n\nO uso de benzodiazepínicos pode levar ao desenvolvimento de dependência física e psicológica. O risco de dependência aumenta com a dose, tratamentos prolongados e em pacientes com história de abuso de álcool ou drogas. Em caso de dependência, especialmente com doses elevadas, a descontinuação brusca do tratamento será acompanhada por sintomas de abstinência: psicoses, distúrbio de comportamento, tremor, sudorese, agitação, distúrbios do sono e ansiedade, dor de cabeça, diarreia, dores musculares, câimbras, ansiedade extrema, tensão, cansaço, inquietação, alteração de humor, confusão, irritabilidade e convulsões epiléticas que podem ser associadas à doença de base. Em casos graves, desrealização (sentimentos de estranhamento ou distanciamento em relação ao ambiente), despersonalização (processo psíquico, em que se tem a impressão de que se é estranho  a si mesmo), hipersensibilidade ao som, à luz, a ruídos e ao contato físico, sensações anormais, formigamentos, alucinações. O risco dos sintomas de abstinência é maior após descontinuação súbita do tratamento, portanto a retirada brusca do medicamento deve ser evitada. O tratamento (mesmo de curta duração) deve ser interrompido pela redução gradativa da dose diária. \n\n## **Efeitos sobre a capacidade de dirigir e operar  máquinas**"", ""ções), com o uso de benzodiazepínicos em doses terapêuticas. \n\n**Rivotril[® ]** pode precipitar o estado de mal epiléptico (crises epilépticas em sequência rápida). Fale com seu médico antes de aumentar a dose ou interromper abruptamente esta medicação. \n\n## **Abuso e dependência do medicamento** \n\nO uso de benzodiazepínicos pode levar ao desenvolvimento de dependência física e psicológica. O risco de dependência aumenta com a dose, tratamentos prolongados e em pacientes com história de abuso de álcool ou drogas. Em caso de dependência, especialmente com doses elevadas, a descontinuação brusca do tratamento será acompanhada por sintomas de abstinência: psicoses, distúrbio comportamental, tremor, sudorese, agitação, distúrbios do sono e ansiedade, dor de cabeça, diarreia, dores musculares, câimbras, ansiedade extrema, tensão, cansaço, inquietação, alteração de humor, confusão, irritabilidade e convulsões epiléticas que podem ser associadas à doença de base. Em casos graves, desrealização (sentimentos de estranhamento ou distanciamento em relação ao ambiente), despersonalização (processo psíquico, em que se tem a impressão de que se é estranho a si mesmo), hipersensibilidade ao som, à luz, a ruídos e ao contato físico, sensações anormais, formigamentos, alucinações. O risco dos sintomas de abstinência é maior após descontinuação súbita do tratamento, portanto a retirada brusca do medicamento deve ser evitada. O tratamento (mesmo de curta duração) deve ser interrompido pela redução gradativa da dose diária. \n\n## **Efeitos sobre a capacidade de dirigir e operar  máquinas**"", ""cantes que o diferenciem de outros comprimidos. \n\n**Antes de usar, observe o aspecto do medicamento. Caso ele esteja no prazo de validade e você observe alguma mudança no aspecto, consulte o farmacêutico para saber se poderá  utilizá-lo.** \n\n3 \n\n**==> picture [109 x 35] intentionally omitted <==**\n\n## **Todo medicamento deve ser mantido fora do alcance das  crianças.** \n\n## **6. COMO DEVO USAR ESTE  MEDICAMENTO?** \n\nTome os comprimidos por via oral com pouca quantidade de líquido não alcoólico. A dose de **Rivotril[® ]** depende da doença, da resposta clínica, idade e tolerabilidade. \n\nRecomenda-se que o tratamento inicie com doses mais baixas, que podem ser aumentadas se necessário. Siga a orientação médica. \n\n## **Distúrbios epilépticos** \n\n## Adultos \n\nDose inicial: não exceder 1,5 mg/dia, dividida em 3 doses. Aumentar a critério médico. Dose de manutenção: será definida pelo seu médico, de acordo com sua resposta. \n\nDose diária máxima recomendada: 20 mg. \n\nSe você já usa outro anticonvulsivante, avise seu médico. \n\nRecém-nascidos e crianças até 10 anos de idade ou 30 kg de peso \n\nDose inicial média: 0,01 a 0,03 mg/kg/dia. Não exceder 0,05 mg/kg/dia, dividido em 2 ou 3 doses  diárias. \n\nCrianças entre 10 e 16 anos de idade: Dose inicial: 1 a 1,5 mg/dia, dividido em 2 a 3 doses. A dose pode ser aumentada, a critério médico, até atingir a dose de manutenção individual, usualmente de 3 a 6  mg/dia. Sempre que possível, dividir a dose diária em 3 doses iguais. Caso não seja possível, a maior dose deve ser tomada antes de deitar. \n\n## **Transtornos de ansiedade**"", ""e tônus muscular, depressão respiratória e \n\ndificuldade de sucção no bebê. Tanto a gestação quanto a suspensão de **Rivotril[® ]** podem exacerbar  a epilepsia. Informe seu médico se estiver amamentando. Se você realmente precisar tomar **Rivotril[®]** , a amamentação deve ser descontinuada. \n\n2 \n\n**==> picture [109 x 35] intentionally omitted <==**\n\n## **Uso em crianças** \n\nAvaliar o risco / benefício do uso de **Rivotril[® ]** a longo prazo em pacientes pediátricos com distúrbios epilépticos. **Rivotril[®  ]** pode aumentar a salivação e as secreções brônquicas em lactentes e crianças pequenas. Atenção:  manter as vias aéreas livres. Não há dados sobre eficácia / segurança de **Rivotril[® ]** em menores de 18 anos com distúrbio do pânico. \n\n## **Uso em idosos** \n\nOs efeitos dos benzodiazepínicos parecem ser maiores em pacientes idosos do que em pacientes mais jovens, mesmo em concentrações plasmáticas similares. \n\n## **Principais interações medicamentosas** \n\nInforme seu médico, se estiver tomando outros medicamentos, incluindo as substâncias a seguir, pois elas podem interagir com **Rivotril[®]** . \n\n– Depressores do sistema nervoso central e álcool; \n\n– Medicamentos que agem no sistema nervoso: antidepressivos, medicamentos para dormir, alguns analgésicos, antipsicóticos, ansiolíticos, anticonvulsivantes. \n\n– Medicamentos para o estômago. \n\n## **Interações fármaco-alimento** \n\nInterações com alimentos não foram estabelecidas. O suco de toranja pode aumentar o efeito de **Rivotril**[®] . \n\n## **Interações fármaco-laboratório**"", ""lta de tônus muscular, depressão respiratória e dificuldade de sucção no bebê. Tanto a gestação quanto a suspensão de **Rivotril**[® ] podem exacerbar a epilepsia. \n\nInforme seu médico se estiver amamentando. Se você realmente precisar tomar **Rivotril[®]** , a amamentação deve ser descontinuada. \n\n## **Uso em crianças** \n\nAvaliar o risco / benefício do uso de **Rivotril[® ]** a longo prazo em pacientes pediátricos com distúrbios epilépticos. **Rivotril[® ]** pode aumentar a salivação e as secreções brônquicas em lactentes e crianças pequenas. Atenção:  manter as vias aéreas livres. \n\nNão há dados de eficácia / segurança de **Rivotril[® ]** em menores de 18 anos com distúrbio do pânico. \n\n## **Uso em idosos** \n\nOs efeitos dos benzodiazepínicos parecem ser maiores em pacientes idosos do que em pacientes mais jovens, mesmo em concentrações plasmáticas similares. \n\n## **Principais interações medicamentosas** \n\nInforme seu médico se estiver tomando outros medicamentos, incluindo as substâncias a seguir, pois elas podem interagir com **Rivotril[®]** : \n\n– Depressores do sistema nervoso central e álcool; \n\n– Medicamentos que agem no sistema nervoso: antidepressivos, medicamentos para dormir, alguns analgésicos, antipsicóticos, ansiolíticos, anticonvulsivantes; \n\n– Medicamentos para o estômago. \n\n## **Interações fármaco-alimento** \n\nInterações com alimentos não foram estabelecidas. O suco de toranja pode aumentar o efeito de **Rivotril**[®] . \n\n## **Interações fármaco-laboratório** \n\nInterações com testes laboratoriais não foram estabelecidas."", ""sintomas de abstinência é maior após descontinuação súbita do tratamento, portanto a retirada brusca do medicamento deve ser evitada. O tratamento (mesmo de curta duração) deve ser interrompido pela redução gradativa da dose diária. \n\n## **Efeitos sobre a capacidade de dirigir e operar  máquinas** \n\nClonazepam pode lentificar as reações, efeito agravado com o uso de álcool. \n\n## **Durante o tratamento, o paciente não deve dirigir veículos ou operar máquinas, pois sua habilidade e atenção podem estar prejudicadas.** \n\nAté o momento, não há informações de que **Rivotril[® ]** cause _doping_ . Em caso de dúvidas, consulte o seu médico. \n\n## **Gravidez e amamentação** \n\n## **Este medicamento não deve ser utilizado por mulheres grávidas sem orientação médica ou do cirurgiãodentista.** \n\n**Rivotril[® ]** só deve ser administrado a gestantes se houver indicação absoluta e se os benefícios potenciais \n\nsuperarem os riscos para o feto. **Rivotril[® ]** pode prejudicar seu bebê. Informe seu médico se estiver grávida ou se está tentando engravidar. O uso de altas doses no último trimestre da gestação ou no trabalho de parto pode causar irregularidades no batimento cardíaco do feto e baixa temperatura corpórea, falta de tônus muscular, \n\n2 \n\n**==> picture [109 x 35] intentionally omitted <==**\n\ndepressão respiratória e dificuldade de sucção no bebê. Tanto a gestação quanto a suspensão de **Rivotril[® ]** podem exacerbar a epilepsia. \n\nInforme seu médico se estiver amamentando. Se você realmente precisar tomar **Rivotril[®]** , a amamentação deve ser descontinuada."", ""r, alguns analgésicos, antipsicóticos, ansiolíticos, anticonvulsivantes. \n\n– Medicamentos para o estômago. \n\n## **Interações fármaco-alimento** \n\nInterações com alimentos não foram estabelecidas. O suco de toranja pode aumentar o efeito de **Rivotril**[®] . \n\n## **Interações fármaco-laboratório** \n\nInterações com testes laboratoriais não foram estabelecidas. \n\n**Informe ao seu médico ou cirurgião-dentista se você está fazendo uso de algum outro medicamento. Não use medicamento sem o conhecimento do seu médico. Pode ser perigoso para a sua  saúde.** \n\n## **5. ONDE, COMO E POR QUANTO TEMPO POSSO GUARDAR ESTE   MEDICAMENTO?** \n\n**Rivotril[® ]** comprimidos sublinguais de 0,25 mg devem ser armazenados em temperatura ambiente (entre 15 e 30ºC). \n\n**Número de lote e datas de fabricação e validade: vide embalagem. Não use medicamento com o prazo de validade vencido. Guarde-o em sua embalagem original.** \n\n## **Aspecto físico** \n\nOs comprimidos sublinguais de 0,25 mg de **Rivotril[® ]** apresentam formato cilíndrico de cor branca. \n\n## **Características organolépticas** \n\n**Rivotril[® ]** comprimidos sublinguais não apresentam características marcantes que o diferenciem de outros comprimidos. \n\n**Antes de usar, observe o aspecto do medicamento. Caso ele esteja no prazo de validade e você observe alguma mudança no aspecto, consulte o farmacêutico para saber se poderá utilizá-lo.** \n\n## **Todo medicamento deve ser mantido fora do alcance das crianças.** \n\n## **6."", ""intomas de abstinência é maior após descontinuação súbita do tratamento, portanto a retirada brusca do medicamento deve ser evitada. O tratamento (mesmo de curta duração) deve ser interrompido pela redução gradativa da dose diária. \n\n## **Efeitos sobre a capacidade de dirigir e operar  máquinas** \n\nClonazepam pode lentificar as reações, efeito agravado com o uso de álcool. \n\n**Durante o tratamento, o paciente não deve dirigir veículos ou operar máquinas, pois sua habilidade e atenção podem estar prejudicadas.** \n\nAté o momento, não há informações de que **Rivotril[®  ]** cause _doping_ . Em caso de dúvidas, consulte o seu  médico. \n\n## **Gravidez e amamentação** \n\n2 \n\n**==> picture [109 x 35] intentionally omitted <==**\n\n## **Este medicamento não deve ser utilizado por mulheres grávidas sem orientação médica ou do cirurgiãodentista.** \n\n**Rivotril[® ]** só deve ser administrado a gestantes se houver indicação absoluta e se os benefícios  potenciais \n\nsuperarem os riscos para o feto. **Rivotril[® ]** pode prejudicar seu bebê. Informe seu médico se estiver grávida ou se está tentando engravidar. O uso de altas doses no último trimestre da gestação ou no trabalho de parto pode  causar irregularidades no batimento cardíaco do feto e baixa temperatura corpórea, falta de tônus muscular, depressão respiratória e dificuldade de sucção no bebê. Tanto a gestação quanto a suspensão de **Rivotril**[® ] podem exacerbar a epilepsia. \n\nInforme seu médico se estiver amamentando. Se você realmente precisar tomar **Rivotril[®]** , a amamentação deve ser descontinuada."", ""ísico sensações anormais formigamentos, alucinações. O risco dos sintomas de abstinência é maior após descontinuação súbita do tratamento, portanto a retirada brusca do medicamento deve ser evitada. O tratamento (mesmo de curta duração) deve ser interrompido pela redução gradativa da dose diária. \n\n## **Efeitos sobre a capacidade de dirigir e operar  máquinas** \n\nClonazepam pode lentificar as reações, efeito agravado com o uso de álcool. \n\n**Durante o tratamento, o paciente não deve dirigir veículos ou operar máquinas, pois sua habilidade e atenção podem estar prejudicadas.** \n\nAté o momento, não há informações de que **Rivotril[® ]** cause _doping_ . Em caso de dúvidas, consulte o seu médico. \n\n## **Gravidez e amamentação** \n\n## **Este medicamento não deve ser utilizado por mulheres grávidas sem orientação médica ou do cirurgiãodentista.** \n\n**Rivotril[® ]** só deve ser administrado a gestantes se houver indicação absoluta e os benefícios potenciais  superarem os riscos para o feto. **Rivotril[® ]** pode prejudicar seu bebê. Informe seu médico se estiver grávida ou se está tentando engravidar. O uso de altas doses no último trimestre da gestação ou no trabalho de parto pode causar irregularidades no batimento cardíaco do feto e baixa temperatura corpórea, falta de tônus muscular, depressão respiratória e \n\ndificuldade de sucção no bebê. Tanto a gestação quanto a suspensão de **Rivotril[® ]** podem exacerbar  a epilepsia. Informe seu médico se estiver amamentando. Se você realmente precisar tomar **Rivotril[®]** , a amamentação deve ser descontinuada. \n\n2"", ""ionally omitted <==**\n\ndepressão respiratória e dificuldade de sucção no bebê. Tanto a gestação quanto a suspensão de **Rivotril[® ]** podem exacerbar a epilepsia. \n\nInforme seu médico se estiver amamentando. Se você realmente precisar tomar **Rivotril[®]** , a amamentação deve ser descontinuada. \n\n## **Uso em crianças** \n\nAvaliar o risco / benefício do uso de **Rivotril[® ]** a longo prazo em pacientes pediátricos com distúrbios epilépticos. **Rivotril[® ]** pode aumentar a salivação e as secreções brônquicas em lactentes e crianças pequenas. Atenção:  manter as vias aéreas livres. \n\nNão há dados de eficácia / segurança de **Rivotril[® ]** em menores de 18 anos com distúrbio do pânico. \n\n**Uso em idosos** \n\nOs efeitos dos benzodiazepínicos parecem ser maiores em pacientes idosos do que em pacientes mais jovens, mesmo em concentrações plasmáticas similares, \n\n## **Principais interações medicamentosas** \n\nInforme seu médico, se estiver tomando outros medicamentos, incluindo as substâncias a seguir, pois elas podem interagir com **Rivotril[®]** . \n\n**-** Depressores do sistema nervoso central e álcool; \n\n**-** Medicamentos que agem no sistema nervoso: antidepressivos, medicamentos para dormir, alguns analgésicos, antipsicóticos, ansiolíticos, anticonvulsivantes; \n\n**-** Medicamentos para o estômago. \n\n## **Interações fármaco-alimento** \n\nInterações com alimentos não foram estabelecidas. O suco de toranja pode aumentar o efeito de **Rivotril[®]** . \n\n## **Interações fármaco-laboratório** \n\nInterações com testes laboratoriais não foram estabelecidas."", ""sivantes; \n\n– Medicamentos para o estômago. \n\n## **Interações fármaco-alimento** \n\nInterações com alimentos não foram estabelecidas. O suco de toranja pode aumentar o efeito de **Rivotril**[®] . \n\n## **Interações fármaco-laboratório** \n\nInterações com testes laboratoriais não foram estabelecidas. \n\n**Informe ao seu médico ou cirurgião-dentista se você está fazendo uso de algum outro medicamento. Não use medicamento sem o conhecimento do seu médico. Pode ser perigoso para a sua   saúde.** \n\n## **5. ONDE, COMO E POR QUANTO TEMPO POSSO GUARDAR ESTE   MEDICAMENTO?** \n\n**Rivotril[®  ]** comprimidos de 0,5 mg e 2,0 mg devem ser armazenados em temperatura ambiente (entre 15 e 30   ºC). \n\n## **Número de lote e datas de fabricação e validade: vide  embalagem.** \n\n**Não use medicamento com o prazo de validade vencido. Guarde-o em sua embalagem  original.** \n\n## **Aspecto físico** \n\nOs comprimidos de 0,5 mg de **Rivotril[® ]** apresentam formato cilíndrico biplano com presença de ranhura e cor laranja pálido. \n\nOs comprimidos de 2,0 mg de **Rivotril[® ]** apresentam formato cilíndrico biplano com presença de ranhura e cor branca a levemente amarelada. \n\n## **Características organolépticas** \n\n**Rivotril[® ]** comprimidos de 0,5 mg e 2,0 mg não apresenta características marcantes que o diferenciem de outros comprimidos. \n\n**Antes de usar, observe o aspecto do medicamento. Caso ele esteja no prazo de validade e você observe alguma mudança no aspecto, consulte o farmacêutico para saber se poderá  utilizá-lo.** \n\n3 \n\n**==> picture [109 x 35] intentionally omitted <==**"", ""ntes; \n\n**-** Medicamentos para o estômago. \n\n## **Interações fármaco-alimento** \n\nInterações com alimentos não foram estabelecidas. O suco de toranja pode aumentar o efeito de **Rivotril[®]** . \n\n## **Interações fármaco-laboratório** \n\nInterações com testes laboratoriais não foram estabelecidas. \n\n**Informe ao seu médico ou cirurgião-dentista se você está fazendo uso de algum outro medicamento. Não use medicamento sem o conhecimento do seu médico. Pode ser perigoso para a sua saúde.** \n\n## **5.""]",3.261,4.517
agentic_rag,ollama:phi4-mini,RIVOTRIL,Rivotril pode causar sonolência?,facil,Sim. Sonolência foi uma das reações que ocorreram em 5% ou mais dos pacientes em estudos clínicos.,QUAIS OS MALES QUE ESTE MEDICAMENTO PODE ME CAUSAR?,"De acordo com a bula do medicamento RIVOTRIL, consta a seguinte informação: Na bula do medicamento RIVOTRIL, não constam informações sobre essa pergunta.

---
*Esta resposta se baseia apenas nos trechos da bula recuperados e não substitui orientação médica ou farmacêutica.*","De acordo com a bula do medicamento RIVOTRIL, consta a seguinte informação: Na bula do medicamento RIVOTRIL, não constam informações sobre essa pergunta.",IDENTIFICAÇÃO DO MEDICAMENTO,,[],2.888,1.707
agentic_rag,ollama:phi4-mini,TYLENOL,Para que serve o TYLENOL?,facil,"TYLENOL é indicado para redução da febre e para o alívio temporário de dores leves a moderadas, como dores associadas a resfriados comuns, dor de cabeça, dor no corpo, dor de dente, dor nas costas, dores musculares, dores leves associadas a artrites e cólicas menstruais.",PARA QUE ESTE MEDICAMENTO É INDICADO?,"De acordo com a bula do medicamento TYLENOL, consta a seguinte informação: Não constam informações sobre essa pergunta.

---
*Esta resposta se baseia apenas nos trechos da bula recuperados e não substitui orientação médica ou farmacêutica.*","De acordo com a bula do medicamento TYLENOL, consta a seguinte informação: Não constam informações sobre essa pergunta.",IDENTIFICAÇÃO DO MEDICAMENTO,,[],1.33,1.183
agentic_rag,ollama:phi4-mini,TYLENOL,Em quanto tempo o TYLENOL começa a fazer efeito?,facil,O efeito de TYLENOL começa 15 a 30 minutos após a administração oral e permanece por 4 a 6 horas.,COMO ESTE MEDICAMENTO FUNCIONA?,"De acordo com a bula do medicamento TYLENOL, consta a seguinte informação: Na bula recuperada não constam informações sobre quando o TYLENOL começa a fazer efeito.

---
*Esta resposta se baseia apenas nos trechos da bula recuperados e não substitui orientação médica ou farmacêutica.*","De acordo com a bula do medicamento TYLENOL, consta a seguinte informação: Na bula recuperada não constam informações sobre quando o TYLENOL começa a fazer efeito.",IDENTIFICAÇÃO DO MEDICAMENTO,,[],1.393,1.488
agentic_rag,ollama:phi4-mini,TYLENOL,Como devo conservar TYLENOL?,facil,"TYLENOL deve ser conservado em temperatura ambiente, entre 15 °C e 30 °C, protegido da luz e da umidade. O medicamento deve ser guardado em sua embalagem original e mantido fora do alcance das crianças.","ONDE, COMO E POR QUANTO TEMPO POSSO GUARDAR ESTE MEDICAMENTO?","De acordo com a bula do medicamento TYLENOL, consta a seguinte informação: Na bula recuperada não constam informações específicas sobre como deve ser conservado o medicamento TYLENOL.

---
*Esta resposta se baseia apenas nos trechos da bula recuperados e não substitui orientação médica ou farmacêutica.*","De acordo com a bula do medicamento TYLENOL, consta a seguinte informação: Na bula recuperada não constam informações específicas sobre como deve ser conservado o medicamento TYLENOL.",COMO DEVO USAR ESTE MEDICAMENTO?,chunk_d4d5a2d20ab2,"[""COMO DEVO USAR ESTE MEDICAMENTO?** \n\nUso oral. Você deve tomar os comprimidos com líquido. O paracetamol pode ser administrado independentemente das refeições. \n\n## **Adultos e crianças acima de 12 anos:** \n\n**TYLENOL[® ] 500 mg:** 1 a 2 comprimidos, 3 a 4 vezes ao dia. \n\n**TYLENOL[® ] 750 mg:** 1 comprimido, 3 a 5 vezes ao dia. \n\nA dose diária máxima recomendada de paracetamol é de 4000 mg ( **8 comprimidos de TYLENOL[® ] 500 mg ou 5 comprimidos de TYLENOL® 750 mg** ) administrada em doses fracionadas, não excedendo 1000 mg/dose ( **2 comprimidos de TYLENOL[® ] 500 mg ou 1 comprimido de TYLENOL[® ] 750 mg** ), em intervalos de 4 a 6 horas, em um período de 24 horas. **Duração do tratamento:** depende do desaparecimento dos sintomas. \n\n**Este medicamento não pode ser partido, aberto ou mastigado.** \n\n**Siga corretamente o modo de usar. Em caso de dúvidas sobre este medicamento, procure orientação do farmacêutico. Não desaparecendo os sintomas, procure orientação médica ou de seu cirurgião-dentista.** \n\n## **7.""]",2.019,1.84
agentic_rag,ollama:phi4-mini,TYLENOL,Qual é a dose indicada de TYLENOL 500 mg para adultos e crianças acima de 12 anos?,facil,"Para adultos e crianças acima de 12 anos, a dose de TYLENOL 500 mg é de 1 a 2 comprimidos, 3 a 4 vezes ao dia.",COMO DEVO USAR ESTE MEDICAMENTO?,"De acordo com a bula do medicamento TYLENOL, consta a seguinte informação: A bula consultada não fornece informações sobre as doses específicas indicadas de TYLENOL.

---
*Esta resposta se baseia apenas nos trechos da bula recuperados e não substitui orientação médica ou farmacêutica.*","De acordo com a bula do medicamento TYLENOL, consta a seguinte informação: A bula consultada não fornece informações sobre as doses específicas indicadas de TYLENOL.","QUANDO NÃO DEVO USAR ESTE MEDICAMENTO?, O QUE DEVO SABER ANTES DE USAR ESTE MEDICAMENTO?","chunk_77f72cabf81a, chunk_97251e7ccd85, chunk_01578455e892","[""QUANDO NÃO DEVO USAR ESTE MEDICAMENTO?** \n\nVocê não deve usar **TYLENOL[® ]** se possuir alergia ao paracetamol ou a qualquer componente de sua fórmula. \n\n**Este medicamento é contraindicado para menores de 12 anos.** \n\n## **4."", ""O QUE DEVO SABER ANTES DE USAR ESTE MEDICAMENTO?** \n\nTYLENOL® - Paciente \n\n**==> picture [114 x 31] intentionally omitted <==**\n\nVocê não deve tomar mais do que a dose recomendada (superdose) para provocar maior alívio, pois pode causar sérios problemas de saúde. Você deve consultar seu médico se a dor ou febre continuarem ou piorarem, ou se surgirem novos sintomas, pois estes sintomas podem ser sinais de doenças graves. \n\n**Uso com álcool** : consumidores de doses abusivas de álcool devem consultar seu médico para saber se podem tomar **TYLENOL[® ]** ou qualquer outro analgésico. \n\n## **Gravidez e Amamentação** \n\n## Se você estiver grávida ou amamentando, consulte o seu médico antes de usar este medicamento. **Este medicamento não deve ser utilizado por mulheres grávidas sem orientação médica ou do cirurgião-dentista.** \n\n**Uso em pacientes com problemas no fígado** : Consulte seu médico antes de usar o medicamento. **Uso em idosos** : Até o momento não são conhecidas restrições específicas ao uso de **TYLENOL[® ]** por pacientes idosos. Não existe necessidade de ajuste de dose neste grupo etário. Muito raramente, foram relatadas reações cutâneas graves em pacientes que administraram paracetamol. Os sintomas podem incluir: vermelhidão na pele, bolhas e erupções cutâneas. Se ocorrerem reações cutâneas ou piora de problemas de pele já existentes, interrompa o uso do medicamento e procure ajuda médica imediatamente. \n\n## **Não use outro produto que contenha paracetamol.** \n\n## **O paracetamol nas doses terapêuticas não foi associado à irritação gástrica.**"", ""cutâneas. Se ocorrerem reações cutâneas ou piora de problemas de pele já existentes, interrompa o uso do medicamento e procure ajuda médica imediatamente. \n\n## **Não use outro produto que contenha paracetamol.** \n\n## **O paracetamol nas doses terapêuticas não foi associado à irritação gástrica.** \n\nSe você tem pressão alta, não use este produto por mais tempo do que o indicado no rótulo, a menos que indicado por um médico. \n\nA absorção de **TYLENOL[® ]** é mais rápida se você estiver em jejum. Os alimentos podem afetar a velocidade da absorção, mas não a quantidade absorvida do medicamento. A interferência do paracetamol na metabolização de outros medicamentos e a influência destes medicamentos na ação e na toxicidade do paracetamol, em geral, não são relevantes. \n\n**Consulte seu médico antes de utilizar este medicamento se você está tomando flucloxacilina (penicilina - um antibiótico), varfarina (anticoagulante) ou outros derivados cumarínicos.** \n\n**Informe ao seu médico ou cirurgião-dentista se você está fazendo uso de algum outro medicamento.** \n\n**5.""]",2.686,1.898
agentic_rag,ollama:phi4-mini,TYLENOL,Quais reações muito raras TYLENOL pode causar segundo a seção de reações adversas?,facil,"Segundo a seção de reações adversas, TYLENOL pode causar, muito raramente, urticária, coceira e vermelhidão no corpo, reações alérgicas ao medicamento, aumento das transaminases e erupção fixa medicamentosa.",QUAIS OS MALES QUE ESTE MEDICAMENTO PODE ME CAUSAR?,"De acordo com a bula do medicamento TYLENOL, consta a seguinte informação: Reação muito rara que TYLENOL pode causar é urticária (erupção), coceira e vermelhidão no corpo. Além disso, pode levar à reação alérgica ao medicamento, aumento das transaminases e erupção fixa medicamentosa.

---
*Esta resposta se baseia apenas nos trechos da bula recuperados e não substitui orientação médica ou farmacêutica.*","De acordo com a bula do medicamento TYLENOL, consta a seguinte informação: Reação muito rara que TYLENOL pode causar é urticária (erupção), coceira e vermelhidão no corpo. Além disso, pode levar à reação alérgica ao medicamento, aumento das transaminases e erupção fixa medicamentosa.",QUAIS OS MALES QUE ESTE MEDICAMENTO PODE ME CAUSAR?,chunk_bcded81d765f,"[""QUAIS OS MALES QUE ESTE MEDICAMENTO PODE ME CAUSAR?** \n\nEste medicamento pode causar algumas reações desagradáveis inesperadas. Caso você tenha uma reação alérgica, deve parar de tomar o medicamento. \n\nTYLENOL® - Paciente \n\n**==> picture [114 x 31] intentionally omitted <==**\n\nReação muito rara (ocorre em menos de 0,01% dos pacientes que utilizam este medicamento): urticária, coceira e vermelhidão no corpo, reações alérgicas a este medicamento, aumento das transaminases e erupção fixa medicamentosa. \n\n**Informe ao seu médico, cirurgião-dentista ou farmacêutico o aparecimento de reações indesejáveis pelo uso do medicamento. Informe também à empresa através do seu serviço de atendimento.** \n\n## **9.""]",1.704,2.706
